timestamp_utc,Open,High,Low,Close,Volume
2017-11-09T00:00:00.000000Z,0.020891999825835228,0.025361999869346619,0.019368000328540802,0.024219000712037086,1045940
2017-11-10T00:00:00.000000Z,0.023253999650478363,0.024067999795079231,0.017782999202609062,0.019762000069022179,473213
2017-11-11T00:00:00.000000Z,0.019663000479340553,0.02135000005364418,0.01891699992120266,0.019977999851107597,263952
2017-11-12T00:00:00.000000Z,0.019974000751972198,0.020346000790596008,0.017211999744176865,0.018245000392198563,407616
2017-11-13T00:00:00.000000Z,0.018541000783443451,0.025243999436497688,0.018035000190138817,0.023989999666810036,1201260
2017-11-14T00:00:00.000000Z,0.023833999410271645,0.030350999906659126,0.023833999410271645,0.028689000755548477,2961270
2017-11-15T00:00:00.000000Z,0.028331000357866287,0.029634000733494759,0.022401999682188034,0.024686999619007111,1787340
2017-11-16T00:00:00.000000Z,0.0249790009111166,0.0249790009111166,0.019871000200510025,0.021006999537348747,694196
2017-11-17T00:00:00.000000Z,0.021414000540971756,0.021686999127268791,0.019241999834775925,0.019294999539852142,401216
2017-11-18T00:00:00.000000Z,0.019355999305844307,0.021118000149726868,0.019355000928044319,0.020882999524474144,343427
2017-11-19T00:00:00.000000Z,0.020860999822616577,0.025588000193238258,0.020299000665545464,0.023577999323606491,906877
2017-11-20T00:00:00.000000Z,0.023655999451875687,0.02512500062584877,0.022608999162912369,0.022890999913215637,470417
2017-11-21T00:00:00.000000Z,0.022885000333189964,0.024280000478029251,0.021369999274611473,0.021693000569939613,284618
2017-11-22T00:00:00.000000Z,0.02169400081038475,0.022881999611854553,0.02062699943780899,0.022711999714374542,441265
2017-11-23T00:00:00.000000Z,0.022802000865340233,0.027316000312566757,0.02159000001847744,0.024114999920129776,1200440
2017-11-24T00:00:00.000000Z,0.024058999493718147,0.025243999436497688,0.021214999258518219,0.023288000375032425,763263
2017-11-25T00:00:00.000000Z,0.023771999403834343,0.023771999403834343,0.02105100080370903,0.022856999188661575,498302
2017-11-26T00:00:00.000000Z,0.022973999381065369,0.024932000786066055,0.022684000432491302,0.024314999580383301,432412
2017-11-27T00:00:00.000000Z,0.024317000061273575,0.027752000838518143,0.022986000403761864,0.027752000838518143,771542
2017-11-28T00:00:00.000000Z,0.028023000806570053,0.028023000806570053,0.02420400083065033,0.025646999478340149,772860
2017-11-29T00:00:00.000000Z,0.025637000799179077,0.027067000046372414,0.02034899964928627,0.021382000297307968,620479
2017-11-30T00:00:00.000000Z,0.021696999669075012,0.023778000846505165,0.019866999238729477,0.022967999801039696,402797
2017-12-01T00:00:00.000000Z,0.02289699949324131,0.025710999965667725,0.021291999146342278,0.0247809998691082,275663
2017-12-02T00:00:00.000000Z,0.024645999073982239,0.027545999735593796,0.024645999073982239,0.026993999257683754,350439
2017-12-03T00:00:00.000000Z,0.027013000100851059,0.027584999799728394,0.023953000083565712,0.025311000645160675,490435
2017-12-04T00:00:00.000000Z,0.025237999856472015,0.026266999542713165,0.024176999926567078,0.026218000799417496,367747
2017-12-05T00:00:00.000000Z,0.026365000754594803,0.02872299961745739,0.025791000574827194,0.027588000521063805,1460060
2017-12-06T00:00:00.000000Z,0.027799999341368675,0.036782000213861465,0.026925999671220779,0.035843998193740845,3943450
2017-12-07T00:00:00.000000Z,0.035764001309871674,0.060120999813079834,0.031876001507043839,0.052062001079320908,25382700
2017-12-08T00:00:00.000000Z,0.052962999790906906,0.052962999790906906,0.036272000521421432,0.04210599884390831,7278730
2017-12-09T00:00:00.000000Z,0.041891001164913177,0.042576998472213745,0.036354999989271164,0.040201000869274139,2383740
2017-12-10T00:00:00.000000Z,0.040242001414299011,0.047635998576879501,0.035861998796463013,0.043896999210119247,3137740
2017-12-11T00:00:00.000000Z,0.043685000389814377,0.049770001322031021,0.04211299866437912,0.047022998332977295,1927450
2017-12-12T00:00:00.000000Z,0.046356000006198883,0.050620000809431076,0.044303998351097107,0.047917000949382782,2374160
2017-12-13T00:00:00.000000Z,0.048174001276493073,0.049570001661777496,0.041806001216173172,0.048213999718427658,1561250
2017-12-14T00:00:00.000000Z,0.047595001757144928,0.0543380007147789,0.044530000537633896,0.053842999041080475,2892190
2017-12-15T00:00:00.000000Z,0.054260000586509705,0.059941999614238739,0.051006000488996506,0.059223998337984085,2613900
2017-12-16T00:00:00.000000Z,0.059014998376369476,0.10556799918413162,0.059014998376369476,0.086792998015880585,15642500
2017-12-17T00:00:00.000000Z,0.089069999754428864,0.15653899312019348,0.08627600222826004,0.10868000239133835,20332200
2017-12-18T00:00:00.000000Z,0.11063099652528763,0.13011999428272247,0.10739699751138687,0.11962399631738663,8339420
2017-12-19T00:00:00.000000Z,0.11949999630451202,0.13974499702453613,0.1100820004940033,0.12779100239276886,6421380
2017-12-20T00:00:00.000000Z,0.12766699492931366,0.12766699492931366,0.10096099972724915,0.10603799670934677,6236560
2017-12-21T00:00:00.000000Z,0.10694099962711334,0.12451799958944321,0.10002599656581879,0.10366199910640717,5738940
2017-12-22T00:00:00.000000Z,0.10451500117778778,0.10642799735069275,0.067148998379707336,0.093700997531414032,4648840
2017-12-23T00:00:00.000000Z,0.094884000718593597,0.18752999603748322,0.094884000718593597,0.16104400157928467,22088900
2017-12-24T00:00:00.000000Z,0.1580280065536499,0.17468699812889099,0.12695600092411041,0.14131799340248108,9071520
2017-12-25T00:00:00.000000Z,0.14286300539970398,0.17169700562953949,0.1399649977684021,0.14957599341869354,5069220
2017-12-26T00:00:00.000000Z,0.14909599721431732,0.1524910032749176,0.11917000263929367,0.14842499792575836,6647080
2017-12-27T00:00:00.000000Z,0.14869199693202972,0.18167300522327423,0.13594600558280945,0.1584170013666153,6916430
2017-12-28T00:00:00.000000Z,0.15737000107765198,0.17269599437713623,0.13919800519943237,0.14887399971485138,5498480
2017-12-29T00:00:00.000000Z,0.15039899945259094,0.17900100350379944,0.14968499541282654,0.16686999797821045,6058230
2017-12-30T00:00:00.000000Z,0.1668190062046051,0.1742590069770813,0.13955900073051453,0.15873199701309204,8452040
2017-12-31T00:00:00.000000Z,0.15848399698734283,0.19002099335193634,0.15058499574661255,0.1726980060338974,9140720
2018-01-01T00:00:00.000000Z,0.17069000005722046,0.20005300641059875,0.16755600273609161,0.17775799334049225,6048970
2018-01-02T00:00:00.000000Z,0.17784099280834198,0.20101100206375122,0.14193400740623474,0.19575299322605133,10417500
2018-01-03T00:00:00.000000Z,0.19502399861812592,0.23688299953937531,0.16833500564098358,0.22253699600696564,17264200
2018-01-04T00:00:00.000000Z,0.22481599450111389,0.38134199380874634,0.21638600528240204,0.34279501438140869,37660700
2018-01-05T00:00:00.000000Z,0.3342750072479248,0.46232599020004272,0.32846900820732117,0.36538299918174744,38933100
2018-01-06T00:00:00.000000Z,0.36660599708557129,0.44561699032783508,0.36660599708557129,0.44561699032783508,21625400
2018-01-07T00:00:00.000000Z,0.44830301403999329,0.49338400363922119,0.39419400691986084,0.42610600590705872,22822200
2018-01-08T00:00:00.000000Z,0.42628300189971924,0.47033500671386719,0.3431830108165741,0.38794198632240295,21015600
2018-01-09T00:00:00.000000Z,0.38588100671768188,0.42584198713302612,0.36151498556137085,0.37370100617408752,16265800
2018-01-10T00:00:00.000000Z,0.37286698818206787,0.37315601110458374,0.28430300951004028,0.35621699690818787,15779700
2018-01-11T00:00:00.000000Z,0.3565090000629425,0.40739700198173523,0.26934000849723816,0.33110401034355164,14207100
2018-01-12T00:00:00.000000Z,0.33140501379966736,0.48350998759269714,0.3117620050907135,0.40311101078987122,42412300
2018-01-13T00:00:00.000000Z,0.40397199988365173,0.44837701320648193,0.35557401180267334,0.37557199597358704,17660500
2018-01-14T00:00:00.000000Z,0.38234800100326538,0.4022580087184906,0.3141460120677948,0.32488998770713806,9611280
2018-01-15T00:00:00.000000Z,0.3229910135269165,0.338795006275177,0.28092899918556213,0.29387399554252625,8264470
2018-01-16T00:00:00.000000Z,0.29614201188087463,0.30004701018333435,0.14131000638008118,0.19607800245285034,9732500
2018-01-17T00:00:00.000000Z,0.19537800550460815,0.24992300570011139,0.14071099460124969,0.2326589971780777,9740970
2018-01-18T00:00:00.000000Z,0.23321099579334259,0.28593501448631287,0.22400499880313873,0.2441679984331131,10393900
2018-01-19T00:00:00.000000Z,0.24165099859237671,0.26735600829124451,0.22968700528144836,0.24616800248622894,5347810
2018-01-20T00:00:00.000000Z,0.2494640052318573,0.26898398995399475,0.23804399371147156,0.25472700595855713,7904480
2018-01-21T00:00:00.000000Z,0.25588500499725342,0.25588500499725342,0.20076300203800201,0.21341200172901154,3497680
2018-01-22T00:00:00.000000Z,0.21648700535297394,0.23261299729347229,0.18462899327278137,0.20042400062084198,4113260
2018-01-23T00:00:00.000000Z,0.20057399570941925,0.24044899642467499,0.19233100116252899,0.22094699740409851,7259050
2018-01-24T00:00:00.000000Z,0.22129599750041962,0.24753400683403015,0.21368700265884399,0.23047100007534027,11198600
2018-01-25T00:00:00.000000Z,0.2329850047826767,0.29576399922370911,0.23049299418926239,0.29504400491714478,13506500
2018-01-26T00:00:00.000000Z,0.29607799649238586,0.32091999053955078,0.24448999762535095,0.27691400051116943,22731500
2018-01-27T00:00:00.000000Z,0.2764190137386322,0.28723898530006409,0.2612839937210083,0.27605301141738892,6400220
2018-01-28T00:00:00.000000Z,0.27825099229812622,0.28051900863647461,0.25875899195671082,0.2638930082321167,5747820
2018-01-29T00:00:00.000000Z,0.26239499449729919,0.27487298846244812,0.25050699710845947,0.26483398675918579,6518260
2018-01-30T00:00:00.000000Z,0.2650420069694519,0.27198800444602966,0.21253299713134766,0.22248700261116028,4733010
2018-01-31T00:00:00.000000Z,0.22411200404167175,0.22658100724220276,0.20402100682258606,0.21086899936199188,3326010
2018-02-01T00:00:00.000000Z,0.21192799508571625,0.22524599730968475,0.16340500116348267,0.17561200261116028,4500680
2018-02-02T00:00:00.000000Z,0.17473599314689636,0.17849999666213989,0.12916399538516998,0.17004400491714478,4140310
2018-02-03T00:00:00.000000Z,0.17097300291061401,0.19261300563812256,0.15199600160121918,0.179734006524086,1725940
2018-02-04T00:00:00.000000Z,0.179640993475914,0.18107500672340393,0.13889199495315552,0.1487949937582016,2057380
2018-02-05T00:00:00.000000Z,0.14617800712585449,0.14878100156784058,0.092161998152732849,0.10296399891376495,2655390
2018-02-06T00:00:00.000000Z,0.10355199873447418,0.16463400423526764,0.091343998908996582,0.15671500563621521,6967710
2018-02-07T00:00:00.000000Z,0.15693099796772003,0.16363400220870972,0.1285720020532608,0.13242599368095398,2903760
2018-02-08T00:00:00.000000Z,0.13173900544643402,0.15693800151348114,0.13173900544643402,0.15081499516963959,3023410
2018-02-09T00:00:00.000000Z,0.15119999647140503,0.16295599937438965,0.14309799671173096,0.16295599937438965,135406
2018-02-10T00:00:00.000000Z,0.16410300135612488,0.16855399310588837,0.14405100047588348,0.14965300261974335,2245800
2018-02-11T00:00:00.000000Z,0.15061500668525696,0.15061500668525696,0.12952899932861328,0.13646399974822998,1396140
2018-02-12T00:00:00.000000Z,0.13700200617313385,0.15313500165939331,0.13700200617313385,0.14675299823284149,1040770
2018-02-13T00:00:00.000000Z,0.14699600636959076,0.16781100630760193,0.13260899484157562,0.15284700691699982,4988430
2018-02-14T00:00:00.000000Z,0.15399199724197388,0.16875599324703217,0.15041700005531311,0.16330400109291077,5004820
2018-02-15T00:00:00.000000Z,0.16334900259971619,0.18124699592590332,0.16097100079059601,0.17811800539493561,2163430
2018-02-16T00:00:00.000000Z,0.17870600521564484,0.18992699682712555,0.17663200199604034,0.18829500675201416,2913760
2018-02-17T00:00:00.000000Z,0.18884600698947906,0.22782699763774872,0.18709699809551239,0.21445299685001373,8525610
2018-02-18T00:00:00.000000Z,0.21516400575637817,0.23166699707508087,0.1875469982624054,0.19550800323486328,4906840
2018-02-19T00:00:00.000000Z,0.19454599916934967,0.2508389949798584,0.192439004778862,0.24198900163173676,11994000
2018-02-20T00:00:00.000000Z,0.24782100319862366,0.26933300495147705,0.20624500513076782,0.20751200616359711,14883600
2018-02-21T00:00:00.000000Z,0.20671099424362183,0.2215380072593689,0.17982999980449677,0.19122900068759918,4121760
2018-02-22T00:00:00.000000Z,0.19014500081539154,0.20732200145721436,0.17047999799251556,0.1774509996175766,2529390
2018-02-23T00:00:00.000000Z,0.17664399743080139,0.18915499746799469,0.16630199551582336,0.18166099488735199,2386960
2018-02-24T00:00:00.000000Z,0.18145300447940826,0.18974900245666504,0.16168199479579926,0.16986200213432312,1780260
2018-02-25T00:00:00.000000Z,0.1684889942407608,0.18694600462913513,0.1643960028886795,0.18636000156402588,2692190
2018-02-26T00:00:00.000000Z,0.1855819970369339,0.20209699869155884,0.18104499578475952,0.18777300417423248,9510100
2018-02-27T00:00:00.000000Z,0.18871499598026276,0.19697800278663635,0.18457299470901489,0.18874000012874603,3834630
2018-02-28T00:00:00.000000Z,0.18853400647640228,0.19310800731182098,0.17726799845695496,0.18214899301528931,3777780
2018-03-01T00:00:00.000000Z,0.18239299952983856,0.19170199334621429,0.17774100601673126,0.18219900131225586,3388700
2018-03-02T00:00:00.000000Z,0.18227800726890564,0.19274599850177765,0.17677199840545654,0.1874530017375946,3183310
2018-03-03T00:00:00.000000Z,0.18739399313926697,0.19237299263477325,0.17708300054073334,0.1869560033082962,3181190
2018-03-04T00:00:00.000000Z,0.18666000664234161,0.18777699768543243,0.16706100106239319,0.18110600113868713,3066850
2018-03-05T00:00:00.000000Z,0.18085500597953796,0.18402700126171112,0.17568400502204895,0.17687700688838959,2227440
2018-03-06T00:00:00.000000Z,0.1770779937505722,0.1770779937505722,0.16054299473762512,0.16327300667762756,2204090
2018-03-07T00:00:00.000000Z,0.16299000382423401,0.1739719957113266,0.13458099961280823,0.15070900321006775,5148420
2018-03-08T00:00:00.000000Z,0.15112000703811646,0.1579740047454834,0.13010400533676147,0.13140399754047394,2463830
2018-03-09T00:00:00.000000Z,0.1305679976940155,0.13816100358963013,0.11545900255441666,0.13684700429439545,3863150
2018-03-10T00:00:00.000000Z,0.13718600571155548,0.14451399445533752,0.12703700363636017,0.12796300649642944,2474220
2018-03-11T00:00:00.000000Z,0.12737399339675903,0.15173499286174774,0.12362799793481827,0.1481889933347702,3022580
2018-03-12T00:00:00.000000Z,0.14773799479007721,0.15400800108909607,0.1323309987783432,0.13600899279117584,3018830
2018-03-13T00:00:00.000000Z,0.13537800312042236,0.14374299347400665,0.13210800290107727,0.13354800641536713,2589990
2018-03-14T00:00:00.000000Z,0.13353000581264496,0.13576999306678772,0.11119700223207474,0.11419600248336792,2197250
2018-03-15T00:00:00.000000Z,0.11393900215625763,0.11503899842500687,0.092231996357440948,0.10700599849224091,5548700
2018-03-16T00:00:00.000000Z,0.10648199915885925,0.12778200209140778,0.099981002509593964,0.12164100259542465,8139970
2018-03-17T00:00:00.000000Z,0.12079200148582458,0.12154900282621384,0.1020049974322319,0.10435400158166885,7872300
2018-03-18T00:00:00.000000Z,0.1038459986448288,0.10785599797964096,0.084665998816490173,0.10505899786949158,7005110
2018-03-19T00:00:00.000000Z,0.10477600246667862,0.11205899715423584,0.10037899762392044,0.11101800203323364,7563950
2018-03-20T00:00:00.000000Z,0.1122329980134964,0.12038300186395645,0.10329800099134445,0.11840400099754333,7246980
2018-03-21T00:00:00.000000Z,0.11837500333786011,0.13513199985027313,0.11818599700927734,0.12348099797964096,10266500
2018-03-22T00:00:00.000000Z,0.12363900244235992,0.12761899828910828,0.10966300219297409,0.11530499905347824,7688720
2018-03-23T00:00:00.000000Z,0.11546000093221664,0.11637700349092484,0.10323599725961685,0.11450999975204468,7860420
2018-03-24T00:00:00.000000Z,0.11570099741220474,0.12890699505805969,0.11421699821949005,0.1235319972038269,8700480
2018-03-25T00:00:00.000000Z,0.12170399725437164,0.1387069970369339,0.11887899786233902,0.12975800037384033,19989200
2018-03-26T00:00:00.000000Z,0.12942400574684143,0.14688499271869659,0.11639399826526642,0.13256199657917023,19195700
2018-03-27T00:00:00.000000Z,0.13317599892616272,0.13522399961948395,0.11850299686193466,0.12546400725841522,12628100
2018-03-28T00:00:00.000000Z,0.12588700652122498,0.13215400278568268,0.12415999919176102,0.12695400416851044,9838400
2018-03-29T00:00:00.000000Z,0.12648099660873413,0.12800100445747375,0.1025800034403801,0.10448499768972397,7897740
2018-03-30T00:00:00.000000Z,0.10412000119686127,0.10914599895477295,0.094724997878074646,0.10331299901008606,7630710
2018-03-31T00:00:00.000000Z,0.10318300127983093,0.10728500038385391,0.098847001791000366,0.10070499777793884,7285940
2018-04-01T00:00:00.000000Z,0.10079299658536911,0.10169400274753571,0.088413000106811523,0.094541996717453003,6418430
2018-04-02T00:00:00.000000Z,0.094939000904560089,0.099151000380516052,0.093250997364521027,0.096796996891498566,6666360
2018-04-03T00:00:00.000000Z,0.097108997404575348,0.10524000227451324,0.095890000462532043,0.10510700196027756,7605680
2018-04-04T00:00:00.000000Z,0.10524299740791321,0.10524299740791321,0.08987099677324295,0.090637996792793274,6507920
2018-04-05T00:00:00.000000Z,0.09098699688911438,0.091642998158931732,0.086427003145217896,0.089762002229690552,6683020
2018-04-06T00:00:00.000000Z,0.089367002248764038,0.099086999893188477,0.088397003710269928,0.09510599821805954,13253500
2018-04-07T00:00:00.000000Z,0.095242001116275787,0.10526999831199646,0.093975000083446503,0.095238000154495239,9788970
2018-04-08T00:00:00.000000Z,0.095234997570514679,0.11131100356578827,0.095234997570514679,0.10966300219297409,8750230
2018-04-09T00:00:00.000000Z,0.10986100137233734,0.11241599917411804,0.092897996306419373,0.097381003201007843,12284800
2018-04-10T00:00:00.000000Z,0.097732998430728912,0.098471000790596008,0.09373299777507782,0.095694996416568756,10471600
2018-04-11T00:00:00.000000Z,0.095652997493743896,0.09945099800825119,0.095504999160766602,0.099385999143123627,9834500
2018-04-12T00:00:00.000000Z,0.099184997379779816,0.11147800087928772,0.096863999962806702,0.11040599644184113,11517300
2018-04-13T00:00:00.000000Z,0.11050999909639359,0.1170710027217865,0.1078680008649826,0.11085700243711472,11639700
2018-04-14T00:00:00.000000Z,0.11047899723052979,0.11534400284290314,0.10895399749279022,0.11160500347614288,7363080
2018-04-15T00:00:00.000000Z,0.1116190031170845,0.12076599895954132,0.1116190031170845,0.12047900259494781,10005900
2018-04-16T00:00:00.000000Z,0.12028399854898453,0.12116699665784836,0.11231300234794617,0.11392500251531601,11543600
2018-04-17T00:00:00.000000Z,0.11390499770641327,0.12268400192260742,0.11365199834108353,0.11700300127267838,10685900
2018-04-18T00:00:00.000000Z,0.11694499850273132,0.12858900427818298,0.11680199950933456,0.12741300463676453,12631400
2018-04-19T00:00:00.000000Z,0.12736800312995911,0.13131000101566315,0.12592500448226929,0.13113200664520264,11711500
2018-04-20T00:00:00.000000Z,0.13148799538612366,0.13922899961471558,0.13018999993801117,0.13756300508975983,13039000
2018-04-21T00:00:00.000000Z,0.13763199746608734,0.1378210037946701,0.12546700239181519,0.13296200335025787,10717700
2018-04-22T00:00:00.000000Z,0.13281099498271942,0.14064499735832214,0.13066299259662628,0.13824999332427979,11496700
2018-04-23T00:00:00.000000Z,0.13781000673770905,0.14537900686264038,0.13757699728012085,0.14506299793720245,12092700
2018-04-24T00:00:00.000000Z,0.1452769935131073,0.16262899339199066,0.14495399594306946,0.15887199342250824,14771600
2018-04-25T00:00:00.000000Z,0.15747399628162384,0.15866899490356445,0.13270799815654755,0.13589000701904297,11210000
2018-04-26T00:00:00.000000Z,0.13741500675678253,0.15043100714683533,0.1325410008430481,0.15004600584506989,11975300
2018-04-27T00:00:00.000000Z,0.14988300204277039,0.1519629955291748,0.14445100724697113,0.14569500088691711,13665200
2018-04-28T00:00:00.000000Z,0.14513400197029114,0.15868900716304779,0.14496099948883057,0.15448799729347229,11809400
2018-04-29T00:00:00.000000Z,0.15438300371170044,0.16113799810409546,0.14834800362586975,0.16113799810409546,13728600
2018-04-30T00:00:00.000000Z,0.16216699779033661,0.16852299869060516,0.16010600328445435,0.16101999580860138,17225100
2018-05-01T00:00:00.000000Z,0.16123099625110626,0.16130900382995605,0.15081900358200073,0.15660199522972107,13579200
2018-05-02T00:00:00.000000Z,0.1565449982881546,0.15997099876403809,0.15454399585723877,0.15865899622440338,13289800
2018-05-03T00:00:00.000000Z,0.15865899622440338,0.17568099498748779,0.15756900608539581,0.16943100094795227,18485700
2018-05-04T00:00:00.000000Z,0.16921499371528625,0.1780100017786026,0.16606800258159637,0.17227199673652649,15483700
2018-05-05T00:00:00.000000Z,0.17189399898052216,0.17873899638652802,0.16163399815559387,0.16476200520992279,15092500
2018-05-06T00:00:00.000000Z,0.16469299793243408,0.16562199592590332,0.15070800483226776,0.15536700189113617,15596600
2018-05-07T00:00:00.000000Z,0.15565800666809082,0.15950700640678406,0.14328800141811371,0.15655000507831573,13461700
2018-05-08T00:00:00.000000Z,0.1570889949798584,0.16117100417613983,0.1469770073890686,0.15181399881839752,12547400
2018-05-09T00:00:00.000000Z,0.15119099617004395,0.15483500063419342,0.14394700527191162,0.14963999390602112,9086260
2018-05-10T00:00:00.000000Z,0.1492840051651001,0.16197399795055389,0.1492840051651001,0.15478399395942688,9838960
2018-05-11T00:00:00.000000Z,0.15381699800491333,0.15515099465847015,0.13370999693870544,0.13677799701690674,6914320
2018-05-12T00:00:00.000000Z,0.13616199791431427,0.14071500301361084,0.12699399888515472,0.13850000500679016,3590950
2018-05-13T00:00:00.000000Z,0.13835899531841278,0.15202100574970245,0.13604399561882019,0.14613400399684906,3418910
2018-05-14T00:00:00.000000Z,0.14737799763679504,0.14892299473285675,0.1343580037355423,0.14310799539089203,6084330
2018-05-15T00:00:00.000000Z,0.14268800616264343,0.14799299836158752,0.1354140043258667,0.14010900259017944,3917410
2018-05-16T00:00:00.000000Z,0.14076100289821625,0.14120900630950928,0.13020700216293335,0.13895200192928314,3647980
2018-05-17T00:00:00.000000Z,0.13902600109577179,0.14067000150680542,0.1275549978017807,0.12825000286102295,3066230
2018-05-18T00:00:00.000000Z,0.12821300327777863,0.13457100093364716,0.12619000673294067,0.1345670074224472,2578400
2018-05-19T00:00:00.000000Z,0.13450099527835846,0.14108499884605408,0.13318300247192383,0.13753600418567657,4396340
2018-05-20T00:00:00.000000Z,0.13756999373435974,0.1430480033159256,0.13701300323009491,0.14214099943637848,2588050
2018-05-21T00:00:00.000000Z,0.14214000105857849,0.14452899992465973,0.13966700434684753,0.14101900160312653,3025910
2018-05-22T00:00:00.000000Z,0.14127099514007568,0.14160999655723572,0.13022799789905548,0.13138100504875183,2758830
2018-05-23T00:00:00.000000Z,0.13077299296855927,0.13199900090694427,0.11343300342559814,0.11536899954080582,3189360
2018-05-24T00:00:00.000000Z,0.11527600139379501,0.1229650005698204,0.11011099815368652,0.11925499886274338,2938620
2018-05-25T00:00:00.000000Z,0.11953099817037582,0.12114500254392624,0.11276999861001968,0.11431200057268143,1886490
2018-05-26T00:00:00.000000Z,0.11441099643707275,0.11820600181818008,0.11295399814844131,0.11365000158548355,2256880
2018-05-27T00:00:00.000000Z,0.11373700201511383,0.11449500173330307,0.11012600362300873,0.11146699637174606,1590370
2018-05-28T00:00:00.000000Z,0.1114329993724823,0.11170600354671478,0.098040997982025146,0.098094001412391663,1789600
2018-05-29T00:00:00.000000Z,0.097953997552394867,0.10612300038337708,0.095850996673107147,0.10448700189590454,2271550
2018-05-30T00:00:00.000000Z,0.10508099943399429,0.11063700169324875,0.10215099900960922,0.105103999376297,3904670
2018-05-31T00:00:00.000000Z,0.10490100085735321,0.10974899679422379,0.10394100099802017,0.10786300152540207,3939160
2018-06-01T00:00:00.000000Z,0.10803700238466263,0.10894100368022919,0.10149300098419189,0.10468900203704834,5937490
2018-06-02T00:00:00.000000Z,0.10447700321674347,0.10746999830007553,0.10219799727201462,0.10672000050544739,8117450
2018-06-03T00:00:00.000000Z,0.10668300092220306,0.108815997838974,0.10515300184488297,0.10653200000524521,7137110
2018-06-04T00:00:00.000000Z,0.10656099766492844,0.10680499672889709,0.096565000712871552,0.09790000319480896,7300810
2018-06-05T00:00:00.000000Z,0.0979280024766922,0.10064700245857239,0.095090001821517944,0.099491000175476074,9632710
2018-06-06T00:00:00.000000Z,0.099578998982906342,0.10049500316381454,0.093538001179695129,0.096631996333599091,3916170
2018-06-07T00:00:00.000000Z,0.096651002764701843,0.11716199666261673,0.096322998404502869,0.11314000189304352,14888700
2018-06-08T00:00:00.000000Z,0.11356599628925323,0.11855000257492065,0.10271900147199631,0.10566800087690353,5963260
2018-06-09T00:00:00.000000Z,0.10540799796581268,0.11223199963569641,0.10281100124120712,0.10281100124120712,3276400
2018-06-10T00:00:00.000000Z,0.10261400043964386,0.10261400043964386,0.085447996854782104,0.087587997317314148,2623400
2018-06-11T00:00:00.000000Z,0.087875001132488251,0.088449001312255859,0.083198003470897675,0.088449001312255859,1963140
2018-06-12T00:00:00.000000Z,0.088481001555919647,0.095568001270294189,0.083297997713088989,0.085404999554157257,2913550
2018-06-13T00:00:00.000000Z,0.084563001990318298,0.085270002484321594,0.073542997241020203,0.075488001108169556,1998920
2018-06-14T00:00:00.000000Z,0.075447000563144684,0.082754001021385193,0.074647001922130585,0.08151700347661972,2318610
2018-06-15T00:00:00.000000Z,0.081211000680923462,0.081458002328872681,0.075879998505115509,0.076278999447822571,1612670
2018-06-16T00:00:00.000000Z,0.076099000871181488,0.078957997262477875,0.075792998075485229,0.07793000340461731,1273170
2018-06-17T00:00:00.000000Z,0.078027002513408661,0.078281998634338379,0.075943000614643097,0.0761680006980896,1533950
2018-06-18T00:00:00.000000Z,0.075994998216629028,0.076232999563217163,0.066885001957416534,0.074744999408721924,2861050
2018-06-19T00:00:00.000000Z,0.074665002524852753,0.074823997914791107,0.070917002856731415,0.072663001716136932,1845960
2018-06-20T00:00:00.000000Z,0.072654999792575836,0.072654999792575836,0.069640003144741058,0.070666998624801636,1829090
2018-06-21T00:00:00.000000Z,0.070708997547626495,0.071028999984264374,0.067932002246379852,0.068816997110843658,1684240
2018-06-22T00:00:00.000000Z,0.068761996924877167,0.069138996303081512,0.055509999394416809,0.057840999215841293,2143320
2018-06-23T00:00:00.000000Z,0.057840999215841293,0.058839000761508942,0.054326999932527542,0.056108001619577408,1776380
2018-06-24T00:00:00.000000Z,0.056095000356435776,0.05697999894618988,0.049394998699426651,0.055872000753879547,1622900
2018-06-25T00:00:00.000000Z,0.055785998702049255,0.060433998703956604,0.055158998817205429,0.058231998234987259,2143240
2018-06-26T00:00:00.000000Z,0.058086000382900238,0.058370999991893768,0.054611999541521072,0.054694999009370804,1270020
2018-06-27T00:00:00.000000Z,0.054655998945236206,0.054655998945236206,0.05200599879026413,0.054552998393774033,1600580
2018-06-28T00:00:00.000000Z,0.054542001336812973,0.054806001484394073,0.05054200068116188,0.050723999738693237,1345730
2018-06-29T00:00:00.000000Z,0.050707001239061356,0.052023999392986298,0.04754599928855896,0.051490999758243561,1894650
2018-06-30T00:00:00.000000Z,0.051426999270915985,0.058929000049829483,0.051426999270915985,0.057036999613046646,3452130
2018-07-01T00:00:00.000000Z,0.057015001773834229,0.057401999831199646,0.054356999695301056,0.05736900120973587,1628370
2018-07-02T00:00:00.000000Z,0.057121999561786652,0.063303001224994659,0.056657001376152039,0.062999002635478973,1933800
2018-07-03T00:00:00.000000Z,0.062838003039360046,0.063280001282691956,0.059762001037597656,0.060364000499248505,2080140
2018-07-04T00:00:00.000000Z,0.060543999075889587,0.067226000130176544,0.06014300137758255,0.063830003142356873,1958840
2018-07-05T00:00:00.000000Z,0.063906997442245483,0.067143000662326813,0.061553999781608582,0.062657997012138367,1928180
2018-07-06T00:00:00.000000Z,0.062711000442504883,0.064056999981403351,0.059909000992774963,0.061517998576164246,1864990
2018-07-07T00:00:00.000000Z,0.061572998762130737,0.06628900021314621,0.061156999319791794,0.06628900021314621,3535220
2018-07-08T00:00:00.000000Z,0.065268002450466156,0.067685998976230621,0.064586997032165527,0.065022997558116913,2577410
2018-07-09T00:00:00.000000Z,0.065064996480941772,0.07039400190114975,0.064029999077320099,0.066308997571468353,2760260
2018-07-10T00:00:00.000000Z,0.066329002380371094,0.068897001445293427,0.061689000576734543,0.062634997069835663,3577110
2018-07-11T00:00:00.000000Z,0.06261800229549408,0.065806999802589417,0.061034999787807465,0.061723999679088593,2465330
2018-07-12T00:00:00.000000Z,0.062059000134468079,0.062817998230457306,0.057581998407840729,0.058669000864028931,4043930
2018-07-13T00:00:00.000000Z,0.058784998953342438,0.060910001397132874,0.057826999574899673,0.058750998228788376,3793970
2018-07-14T00:00:00.000000Z,0.058660998940467834,0.059312999248504639,0.057309001684188843,0.057633001357316971,3054540
2018-07-15T00:00:00.000000Z,0.057882998138666153,0.059314001351594925,0.056999001652002335,0.058830000460147858,2952920
2018-07-16T00:00:00.000000Z,0.058899998664855957,0.062238000333309174,0.05806799978017807,0.06217699870467186,3367640
2018-07-17T00:00:00.000000Z,0.061932001262903214,0.066835001111030579,0.060924001038074493,0.065957002341747284,2466920
2018-07-18T00:00:00.000000Z,0.066197998821735382,0.069472998380661011,0.063836999237537384,0.064420998096466064,3067610
2018-07-19T00:00:00.000000Z,0.064393997192382812,0.064993999898433685,0.06109200045466423,0.062348000705242157,2256390
2018-07-20T00:00:00.000000Z,0.06246500089764595,0.062757000327110291,0.058990001678466797,0.059689000248908997,1870850
2018-07-21T00:00:00.000000Z,0.059730999171733856,0.062199998646974564,0.058975998312234879,0.062114998698234558,1582850
2018-07-22T00:00:00.000000Z,0.062102001160383224,0.063079997897148132,0.05910399928689003,0.059473000466823578,2380940
2018-07-23T00:00:00.000000Z,0.059424001723527908,0.06110600009560585,0.057153001427650452,0.057259999215602875,1775330
2018-07-24T00:00:00.000000Z,0.057360000908374786,0.064684003591537476,0.056001000106334686,0.064119003713130951,12450400
2018-07-25T00:00:00.000000Z,0.06529100239276886,0.068626001477241516,0.060219001024961472,0.0618709996342659,5918960
2018-07-26T00:00:00.000000Z,0.061930000782012939,0.065752997994422913,0.060825999826192856,0.061315000057220459,1718470
2018-07-27T00:00:00.000000Z,0.061677001416683197,0.063533000648021698,0.059886999428272247,0.06281299889087677,1734270
2018-07-28T00:00:00.000000Z,0.06291700154542923,0.064497001469135284,0.062435001134872437,0.06351199746131897,2005420
2018-07-29T00:00:00.000000Z,0.063646003603935242,0.0646200031042099,0.061721000820398331,0.064101003110408783,2226720
2018-07-30T00:00:00.000000Z,0.064104996621608734,0.064351998269557953,0.059149999171495438,0.061030998826026917,1693400
2018-07-31T00:00:00.000000Z,0.061000000685453415,0.061948999762535095,0.057831000536680222,0.058253999799489975,2070930
2018-08-01T00:00:00.000000Z,0.058214001357555389,0.058906000107526779,0.053392998874187469,0.055415000766515732,1685890
2018-08-02T00:00:00.000000Z,0.055353999137878418,0.056111998856067657,0.052772000432014465,0.053029999136924744,1351940
2018-08-03T00:00:00.000000Z,0.053063999861478806,0.053063999861478806,0.049338001757860184,0.04988500103354454,2090190
2018-08-04T00:00:00.000000Z,0.049878999590873718,0.050978001207113266,0.048475001007318497,0.049639001488685608,1356560
2018-08-05T00:00:00.000000Z,0.049616999924182892,0.051274001598358154,0.048252001404762268,0.049803998321294785,973723
2018-08-06T00:00:00.000000Z,0.049887999892234802,0.051229000091552734,0.047876998782157898,0.048755999654531479,1089290
2018-08-07T00:00:00.000000Z,0.048842001706361771,0.053173001855611801,0.047871999442577362,0.04856099933385849,1739620
2018-08-08T00:00:00.000000Z,0.048588000237941742,0.048764999955892563,0.042952999472618103,0.044142000377178192,1201240
2018-08-09T00:00:00.000000Z,0.044169999659061432,0.046289999037981033,0.044169999659061432,0.045612998306751251,1721090
2018-08-10T00:00:00.000000Z,0.045513000339269638,0.045954998582601547,0.041012000292539597,0.041586000472307205,1118520
2018-08-11T00:00:00.000000Z,0.041558999568223953,0.043175999075174332,0.038828998804092407,0.04116399958729744,1176120
2018-08-12T00:00:00.000000Z,0.040979001671075821,0.041988998651504517,0.040486998856067657,0.040633000433444977,1405400
2018-08-13T00:00:00.000000Z,0.040794998407363892,0.042681999504566193,0.036669999361038208,0.037115000188350677,1253910
2018-08-14T00:00:00.000000Z,0.037142999470233917,0.037142999470233917,0.031047999858856201,0.036238998174667358,1500990
2018-08-15T00:00:00.000000Z,0.036270000040531158,0.046900998800992966,0.036270000040531158,0.038173001259565353,1449070
2018-08-16T00:00:00.000000Z,0.037765000015497208,0.042679000645875931,0.037448998540639877,0.038750998675823212,1004720
2018-08-17T00:00:00.000000Z,0.040277998894453049,0.043680999428033829,0.038724999874830246,0.042605001479387283,1330920
2018-08-18T00:00:00.000000Z,0.043136999011039734,0.043451998382806778,0.038189001381397247,0.039694000035524368,1675430
2018-08-19T00:00:00.000000Z,0.039785999804735184,0.040251001715660095,0.038943998515605927,0.039820000529289246,1239530
2018-08-20T00:00:00.000000Z,0.039932001382112503,0.040525000542402267,0.035810999572277069,0.036364000290632248,1431060
2018-08-21T00:00:00.000000Z,0.035902000963687897,0.038382001221179962,0.035647999495267868,0.037452999502420425,1299830
2018-08-22T00:00:00.000000Z,0.037509001791477203,0.039595998823642731,0.036334998905658722,0.036334998905658722,1499290
2018-08-23T00:00:00.000000Z,0.036224000155925751,0.037514999508857727,0.03591499850153923,0.037358000874519348,1126990
2018-08-24T00:00:00.000000Z,0.037514001131057739,0.039404001086950302,0.037172000855207443,0.03897399827837944,1565780
2018-08-25T00:00:00.000000Z,0.038812000304460526,0.040114998817443848,0.037732001394033432,0.038187999278306961,1615870
2018-08-26T00:00:00.000000Z,0.038118001073598862,0.038251999765634537,0.036619000136852264,0.038121998310089111,1374300
2018-08-27T00:00:00.000000Z,0.038272000849246979,0.040754999965429306,0.037634000182151794,0.040754999965429306,1377520
2018-08-28T00:00:00.000000Z,0.040660001337528229,0.044817999005317688,0.040212001651525497,0.044682998210191727,1578300
2018-08-29T00:00:00.000000Z,0.044741999357938766,0.045226998627185822,0.04137599840760231,0.042364999651908875,1058650
2018-08-30T00:00:00.000000Z,0.04244999960064888,0.044082000851631165,0.041659999638795853,0.044082000851631165,1156070
2018-08-31T00:00:00.000000Z,0.044261999428272247,0.04450400173664093,0.042578998953104019,0.044059999287128448,976367
2018-09-01T00:00:00.000000Z,0.044032000005245209,0.047492999583482742,0.043981999158859253,0.047182999551296234,1193870
2018-09-02T00:00:00.000000Z,0.04719800129532814,0.048268001526594162,0.045306999236345291,0.045641999691724777,958370
2018-09-03T00:00:00.000000Z,0.045579999685287476,0.046875,0.045228000730276108,0.046450000256299973,823468
2018-09-04T00:00:00.000000Z,0.046321999281644821,0.054967999458312988,0.04617299884557724,0.050266001373529434,2020430
2018-09-05T00:00:00.000000Z,0.050073999911546707,0.052893999963998795,0.04182099923491478,0.04182099923491478,1306880
2018-09-06T00:00:00.000000Z,0.041960000991821289,0.053406000137329102,0.039122000336647034,0.047938000410795212,4682150
2018-09-07T00:00:00.000000Z,0.047488000243902206,0.048567000776529312,0.044376000761985779,0.045713998377323151,2116920
2018-09-08T00:00:00.000000Z,0.045641001313924789,0.046911001205444336,0.039939001202583313,0.040442999452352524,1393160
2018-09-09T00:00:00.000000Z,0.040327999740839005,0.041453998535871506,0.037939000874757767,0.038284000009298325,1196930
2018-09-10T00:00:00.000000Z,0.038238000124692917,0.039480000734329224,0.037948001176118851,0.039386998862028122,846619
2018-09-11T00:00:00.000000Z,0.039473000913858414,0.041402999311685562,0.037243999540805817,0.038366001099348068,999567
2018-09-12T00:00:00.000000Z,0.038215998560190201,0.0383169986307621,0.034304000437259674,0.036625001579523087,820439
2018-09-13T00:00:00.000000Z,0.036591000854969025,0.041547998785972595,0.036591000854969025,0.04105599969625473,720233
2018-09-14T00:00:00.000000Z,0.041021000593900681,0.041584998369216919,0.038012001663446426,0.040086999535560608,723147
2018-09-15T00:00:00.000000Z,0.039992999285459518,0.043970998376607895,0.039845000952482224,0.042454000562429428,1130680
2018-09-16T00:00:00.000000Z,0.042525999248027802,0.042890999466180801,0.040555998682975769,0.042206000536680222,517845
2018-09-17T00:00:00.000000Z,0.042314998805522919,0.044470001012086868,0.03840000182390213,0.03972800076007843,1444050
2018-09-18T00:00:00.000000Z,0.039629999548196793,0.041308999061584473,0.038481999188661575,0.040589001029729843,1889840
2018-09-19T00:00:00.000000Z,0.040658000856637955,0.041122999042272568,0.038336001336574554,0.040251001715660095,1486520
2018-09-20T00:00:00.000000Z,0.040268000215291977,0.042070001363754272,0.040220998227596283,0.042024999856948853,1894580
2018-09-21T00:00:00.000000Z,0.041999999433755875,0.044348999857902527,0.041579000651836395,0.043347999453544617,1600690
2018-09-22T00:00:00.000000Z,0.04337799921631813,0.044658001512289047,0.040934998542070389,0.043979000300168991,1926480
2018-09-23T00:00:00.000000Z,0.044000998139381409,0.04521000012755394,0.043140001595020294,0.043903999030590057,1132620
2018-09-24T00:00:00.000000Z,0.043937001377344131,0.044117998331785202,0.041588000953197479,0.041588000953197479,1174680
2018-09-25T00:00:00.000000Z,0.041724998503923416,0.041937001049518585,0.039198998361825943,0.040619000792503357,1347770
2018-09-26T00:00:00.000000Z,0.040621999651193619,0.041815001517534256,0.039383001625537872,0.040924999862909317,1717400
2018-09-27T00:00:00.000000Z,0.040794998407363892,0.043926998972892761,0.040745001286268234,0.04352400079369545,1265110
2018-09-28T00:00:00.000000Z,0.043542999774217606,0.078022003173828125,0.043542999774217606,0.066901996731758118,48845400
2018-09-29T00:00:00.000000Z,0.066616997122764587,0.0774260014295578,0.060506001114845276,0.062035001814365387,12821400
2018-09-30T00:00:00.000000Z,0.061696998775005341,0.062522999942302704,0.057050000876188278,0.060130000114440918,3412180
2018-10-01T00:00:00.000000Z,0.060352999716997147,0.0605119988322258,0.056669000536203384,0.05773400142788887,2934500
2018-10-02T00:00:00.000000Z,0.057195000350475311,0.05837700143456459,0.056363999843597412,0.056363999843597412,2576260
2018-10-03T00:00:00.000000Z,0.056531000882387161,0.056570000946521759,0.053091999143362045,0.055652998387813568,2742220
2018-10-04T00:00:00.000000Z,0.055334001779556274,0.056113000959157944,0.054095998406410217,0.054629001766443253,2864780
2018-10-05T00:00:00.000000Z,0.054900001734495163,0.059080999344587326,0.054370000958442688,0.056028999388217926,3079680
2018-10-06T00:00:00.000000Z,0.056058000773191452,0.059503000229597092,0.050422001630067825,0.059468001127243042,1233530
2018-10-07T00:00:00.000000Z,0.059583000838756561,0.059615001082420349,0.053086001425981522,0.054230999201536179,848576
2018-10-08T00:00:00.000000Z,0.054288998246192932,0.054735001176595688,0.053134001791477203,0.054120998829603195,827982
2018-10-09T00:00:00.000000Z,0.053943000733852386,0.054237999022006989,0.052425000816583633,0.053286999464035034,931195
2018-10-10T00:00:00.000000Z,0.053217999637126923,0.054997999221086502,0.052515000104904175,0.05441100150346756,1511740
2018-10-11T00:00:00.000000Z,0.054166000336408615,0.054214999079704285,0.04516100138425827,0.045373998582363129,1296960
2018-10-12T00:00:00.000000Z,0.045313999056816101,0.048769000917673111,0.045035000890493393,0.047855999320745468,871951
2018-10-13T00:00:00.000000Z,0.048241999000310898,0.049166999757289886,0.047750998288393021,0.048315998166799545,921162
2018-10-14T00:00:00.000000Z,0.04819900169968605,0.05051799863576889,0.047568000853061676,0.049111999571323395,2449100
2018-10-15T00:00:00.000000Z,0.049074999988079071,0.050416998565196991,0.047065999358892441,0.048964999616146088,1258730
2018-10-16T00:00:00.000000Z,0.049008000642061234,0.049669001251459122,0.048730000853538513,0.049045000225305557,818763
2018-10-17T00:00:00.000000Z,0.049132000654935837,0.049779001623392105,0.047658998519182205,0.048020999878644943,1114570
2018-10-18T00:00:00.000000Z,0.048110000789165497,0.049114000052213669,0.046980999410152435,0.047653999179601669,1093400
2018-10-19T00:00:00.000000Z,0.047711998224258423,0.049127001315355301,0.047704998403787613,0.048376999795436859,672004
2018-10-20T00:00:00.000000Z,0.048344999551773071,0.05370200052857399,0.048053998500108719,0.053699001669883728,7442120
2018-10-21T00:00:00.000000Z,0.053587999194860458,0.054336998611688614,0.04923899844288826,0.04959699884057045,3946820
2018-10-22T00:00:00.000000Z,0.049733001738786697,0.05158500000834465,0.049150001257658005,0.051019001752138138,986663
2018-10-23T00:00:00.000000Z,0.050967000424861908,0.051592998206615448,0.049747001379728317,0.050857998430728912,830358
2018-10-24T00:00:00.000000Z,0.05068499967455864,0.053619001060724258,0.050415001809597015,0.053126998245716095,6065540
2018-10-25T00:00:00.000000Z,0.053158998489379883,0.053158998489379883,0.050448998808860779,0.050810001790523529,1754590
2018-10-26T00:00:00.000000Z,0.050645999610424042,0.0509909987449646,0.04932200163602829,0.049943998456001282,1420070
2018-10-27T00:00:00.000000Z,0.049906998872756958,0.050794001668691635,0.048466000705957413,0.048707000911235809,556683
2018-10-28T00:00:00.000000Z,0.04882499948143959,0.050064999610185623,0.048496000468730927,0.049584001302719116,615501
2018-10-29T00:00:00.000000Z,0.049472000449895859,0.050028998404741287,0.045915998518466949,0.046406999230384827,850589
2018-10-30T00:00:00.000000Z,0.046317998319864273,0.04819900169968605,0.046158000826835632,0.047844000160694122,834182
2018-10-31T00:00:00.000000Z,0.048050001263618469,0.049334999173879623,0.047235999256372452,0.049136001616716385,768130
2018-11-01T00:00:00.000000Z,0.049182001501321793,0.051823001354932785,0.049127001315355301,0.051626000553369522,1551750
2018-11-02T00:00:00.000000Z,0.051578998565673828,0.05159899964928627,0.049419999122619629,0.049557998776435852,1428140
2018-11-03T00:00:00.000000Z,0.049628999084234238,0.050202999264001846,0.048461999744176865,0.049044001847505569,781865
2018-11-04T00:00:00.000000Z,0.049261000007390976,0.049663998186588287,0.047811999917030334,0.049162998795509338,1003880
2018-11-05T00:00:00.000000Z,0.048990998417139053,0.049959000200033188,0.047745000571012497,0.047832001000642776,550691
2018-11-06T00:00:00.000000Z,0.048036001622676849,0.049015000462532043,0.047821000218391418,0.048663999885320663,342492
2018-11-07T00:00:00.000000Z,0.04857499897480011,0.049633000046014786,0.04854699969291687,0.049435000866651535,468805
2018-11-08T00:00:00.000000Z,0.049453001469373703,0.050347000360488892,0.048781998455524445,0.049235999584197998,1258180
2018-11-09T00:00:00.000000Z,0.049219999462366104,0.051474999636411667,0.048785999417304993,0.049550000578165054,2330400
2018-11-10T00:00:00.000000Z,0.049419999122619629,0.051738999783992767,0.049419999122619629,0.050953999161720276,2316270
2018-11-11T00:00:00.000000Z,0.050884999334812164,0.051189001649618149,0.048996001482009888,0.049513999372720718,504240
2018-11-12T00:00:00.000000Z,0.049731999635696411,0.053847998380661011,0.049561001360416412,0.050152000039815903,2354030
2018-11-13T00:00:00.000000Z,0.049998000264167786,0.050556998699903488,0.048829998821020126,0.048829998821020126,907756
2018-11-14T00:00:00.000000Z,0.048675000667572021,0.048675000667572021,0.036970000714063644,0.040313001722097397,1483510
2018-11-15T00:00:00.000000Z,0.040591999888420105,0.04114999994635582,0.037225000560283661,0.039987001568078995,1127710
2018-11-16T00:00:00.000000Z,0.039971001446247101,0.04074300080537796,0.038373000919818878,0.038855001330375671,1426000
2018-11-17T00:00:00.000000Z,0.038899000734090805,0.039581000804901123,0.037363000214099884,0.037447001785039902,1515200
2018-11-18T00:00:00.000000Z,0.037466999143362045,0.040589001029729843,0.037466999143362045,0.039512000977993011,506674
2018-11-19T00:00:00.000000Z,0.039473000913858414,0.039475001394748688,0.029303999617695808,0.029616000130772591,1016300
2018-11-20T00:00:00.000000Z,0.029448999091982841,0.031323999166488647,0.025933999568223953,0.028340000659227371,933701
2018-11-21T00:00:00.000000Z,0.028426000848412514,0.031209999695420265,0.027691999450325966,0.029780000448226929,1512970
2018-11-22T00:00:00.000000Z,0.029682999476790428,0.031518001109361649,0.027808999642729759,0.027829999104142189,725627
2018-11-23T00:00:00.000000Z,0.027668999508023262,0.027870999649167061,0.026135999709367752,0.026915000751614571,536812
2018-11-24T00:00:00.000000Z,0.026858000084757805,0.027648000046610832,0.023529000580310822,0.023761000484228134,1389490
2018-11-25T00:00:00.000000Z,0.025204999372363091,0.025400999933481216,0.021040000021457672,0.024034999310970306,592640
2018-11-26T00:00:00.000000Z,0.023946000263094902,0.024429000914096832,0.021268000826239586,0.022273000329732895,270338
2018-11-27T00:00:00.000000Z,0.022097999230027199,0.022975999861955643,0.021230999380350113,0.022776000201702118,201382
2018-11-28T00:00:00.000000Z,0.022855000570416451,0.030324000865221024,0.022832000628113747,0.027125999331474304,1549450
2018-11-29T00:00:00.000000Z,0.027276000007987022,0.028235999867320061,0.02588300034403801,0.027003999799489975,954953
2018-11-30T00:00:00.000000Z,0.027058999985456467,0.028227999806404114,0.025010000914335251,0.02568499930202961,3158522
2018-12-01T00:00:00.000000Z,0.025783000513911247,0.030992999672889709,0.02566399984061718,0.030206000432372093,1914741
2018-12-02T00:00:00.000000Z,0.030099999159574509,0.030675999820232391,0.028108000755310059,0.029191000387072563,1648798
2018-12-03T00:00:00.000000Z,0.029250999912619591,0.029538000002503395,0.025970999151468277,0.026934999972581863,1056217
2018-12-04T00:00:00.000000Z,0.026878999546170235,0.028929999098181725,0.026362000033259392,0.027657000347971916,1629292
2018-12-05T00:00:00.000000Z,0.02771499939262867,0.029489999637007713,0.026190999895334244,0.026190999895334244,1365023
2018-12-06T00:00:00.000000Z,0.026270000264048576,0.027388999238610268,0.02391899935901165,0.02391899935901165,1216094
2018-12-07T00:00:00.000000Z,0.023863000795245171,0.026149999350309372,0.0225249994546175,0.026055999100208282,1463734
2018-12-08T00:00:00.000000Z,0.026053000241518021,0.027822999283671379,0.025820000097155571,0.026938000693917274,1253539
2018-12-09T00:00:00.000000Z,0.026936000213027,0.028287999331951141,0.026406999677419662,0.027451999485492706,1235731
2018-12-10T00:00:00.000000Z,0.027351999655365944,0.032547000795602798,0.026497000828385353,0.032310999929904938,1804218
2018-12-11T00:00:00.000000Z,0.032699000090360641,0.032744999974966049,0.027891999110579491,0.02944600023329258,2616462
2018-12-12T00:00:00.000000Z,0.029357999563217163,0.030327999964356422,0.028880000114440918,0.028965000063180923,556068
2018-12-13T00:00:00.000000Z,0.028971999883651733,0.029415000230073929,0.027450999245047569,0.02822599932551384,857963
2018-12-14T00:00:00.000000Z,0.028239000588655472,0.028805999085307121,0.026739999651908875,0.027977999299764633,827947
2018-12-15T00:00:00.000000Z,0.028114000335335732,0.029589999467134476,0.026926999911665916,0.028974000364542007,504808
2018-12-16T00:00:00.000000Z,0.028994999825954437,0.036035999655723572,0.028863999992609024,0.032687000930309296,4380406
2018-12-17T00:00:00.000000Z,0.032728001475334167,0.034487001597881317,0.030872000381350517,0.03391600027680397,1449068
2018-12-18T00:00:00.000000Z,0.033969998359680176,0.037296000868082047,0.031955000013113022,0.036674998700618744,1582622
2018-12-19T00:00:00.000000Z,0.036952998489141464,0.037268001586198807,0.034790001809597015,0.035588998347520828,1204846
2018-12-20T00:00:00.000000Z,0.035503998398780823,0.0418349988758564,0.035480000078678131,0.0418349988758564,1144485
2018-12-21T00:00:00.000000Z,0.041641000658273697,0.049042001366615295,0.039840001612901688,0.043565001338720322,2601107
2018-12-22T00:00:00.000000Z,0.043005999177694321,0.044555999338626862,0.040442001074552536,0.042684998363256454,865048
2018-12-23T00:00:00.000000Z,0.042458001524209976,0.046066001057624817,0.042458001524209976,0.043494999408721924,710776
2018-12-24T00:00:00.000000Z,0.043237999081611633,0.04679499939084053,0.043237999081611633,0.044702000916004181,765096
2018-12-25T00:00:00.000000Z,0.04487600177526474,0.04487600177526474,0.038088001310825348,0.038867000490427017,455151
2018-12-26T00:00:00.000000Z,0.038885999470949173,0.042690999805927277,0.038642000406980515,0.039707001298666,543833
2018-12-27T00:00:00.000000Z,0.039654001593589783,0.047315001487731934,0.039579000324010849,0.0406389981508255,2244350
2018-12-28T00:00:00.000000Z,0.040814001113176346,0.043513000011444092,0.039239998906850815,0.042716998606920242,796544
2018-12-29T00:00:00.000000Z,0.042819999158382416,0.044339001178741455,0.042367000132799149,0.042385000735521317,479378
2018-12-30T00:00:00.000000Z,0.042339000850915909,0.042484000325202942,0.040256999433040619,0.040571000427007675,521142
2018-12-31T00:00:00.000000Z,0.040573000907897949,0.041267998516559601,0.037144001573324203,0.037556998431682587,693305
2019-01-01T00:00:00.000000Z,0.037558000534772873,0.040699001401662827,0.037400998175144196,0.040699001401662827,586474
2019-01-02T00:00:00.000000Z,0.040810998529195786,0.042539000511169434,0.039820998907089233,0.040856000036001205,577828
2019-01-03T00:00:00.000000Z,0.040876999497413635,0.041074998676776886,0.038727998733520508,0.038915999233722687,426449
2019-01-04T00:00:00.000000Z,0.038938000798225403,0.039445001631975174,0.037638001143932343,0.038648001849651337,277924
2019-01-05T00:00:00.000000Z,0.038524001836776733,0.039064999669790268,0.036970000714063644,0.037252001464366913,359635
2019-01-06T00:00:00.000000Z,0.037206999957561493,0.039475999772548676,0.036731000989675522,0.039221998304128647,394133
2019-01-07T00:00:00.000000Z,0.039225000888109207,0.039386000484228134,0.037259001284837723,0.038589000701904297,323157
2019-01-08T00:00:00.000000Z,0.038346000015735626,0.042142000049352646,0.038214001804590225,0.038821998983621597,946917
2019-01-09T00:00:00.000000Z,0.038819000124931335,0.03998899832367897,0.038743000477552414,0.039168000221252441,851990
2019-01-10T00:00:00.000000Z,0.039308000355958939,0.039753999561071396,0.032958000898361206,0.033282998949289322,541670
2019-01-11T00:00:00.000000Z,0.033153999596834183,0.034898001700639725,0.032636001706123352,0.034430000931024551,419789
2019-01-12T00:00:00.000000Z,0.034334998577833176,0.039942998439073563,0.033987000584602356,0.036274999380111694,1896688
2019-01-13T00:00:00.000000Z,0.036162000149488449,0.036162000149488449,0.03254999965429306,0.032765999436378479,816686
2019-01-14T00:00:00.000000Z,0.032749000936746597,0.034616000950336456,0.03262300044298172,0.034478999674320221,411812
2019-01-15T00:00:00.000000Z,0.034485999494791031,0.035222999751567841,0.033376000821590424,0.034864999353885651,758918
2019-01-16T00:00:00.000000Z,0.035016000270843506,0.035385001450777054,0.033922001719474792,0.034331001341342926,523318
2019-01-17T00:00:00.000000Z,0.03438900038599968,0.035679001361131668,0.033284001052379608,0.035611998289823532,804497
2019-01-18T00:00:00.000000Z,0.035599999129772186,0.035654999315738678,0.033534001559019089,0.03396100178360939,862177
2019-01-19T00:00:00.000000Z,0.034097000956535339,0.035277999937534332,0.033930998295545578,0.034350000321865082,390198
2019-01-20T00:00:00.000000Z,0.03434399887919426,0.034536000341176987,0.032423999160528183,0.03329399973154068,560162
2019-01-21T00:00:00.000000Z,0.03332899883389473,0.033872999250888824,0.03255699947476387,0.033587999641895294,972530
2019-01-22T00:00:00.000000Z,0.033596999943256378,0.034821998327970505,0.033181000500917435,0.034768998622894287,445427
2019-01-23T00:00:00.000000Z,0.034798998385667801,0.03628699854016304,0.033950001001358032,0.034572001546621323,715511
2019-01-24T00:00:00.000000Z,0.034538999199867249,0.035399001091718674,0.033730000257492065,0.034970000386238098,374338
2019-01-25T00:00:00.000000Z,0.035100001841783524,0.035581000149250031,0.034092999994754791,0.034855999052524567,262988
2019-01-26T00:00:00.000000Z,0.034910000860691071,0.035287998616695404,0.033835001289844513,0.034090999513864517,231475
2019-01-27T00:00:00.000000Z,0.034083001315593719,0.034214001148939133,0.030549999326467514,0.032329998910427094,987062
2019-01-28T00:00:00.000000Z,0.032368998974561691,0.032489001750946045,0.028373999521136284,0.02948400005698204,1695923
2019-01-29T00:00:00.000000Z,0.029496999457478523,0.032182998955249786,0.029048999771475792,0.032182998955249786,2495550
2019-01-30T00:00:00.000000Z,0.03219899907708168,0.03219899907708168,0.030835000798106194,0.031755000352859497,3969422
2019-01-31T00:00:00.000000Z,0.031881999224424362,0.032026998698711395,0.028433000668883324,0.028974000364542007,2692277
2019-02-01T00:00:00.000000Z,0.029007000848650932,0.03052699938416481,0.02835799939930439,0.028912000358104706,649674
2019-02-02T00:00:00.000000Z,0.02887599915266037,0.029089000076055527,0.02820499986410141,0.028697000816464424,254705
2019-02-03T00:00:00.000000Z,0.028692999854683876,0.02897300012409687,0.027922000735998154,0.02821199968457222,200061
2019-02-04T00:00:00.000000Z,0.02830200083553791,0.028690999373793602,0.027815999463200569,0.028145000338554382,241925
2019-02-05T00:00:00.000000Z,0.028054000809788704,0.028400000184774399,0.027574000880122185,0.027775999158620834,246596
2019-02-06T00:00:00.000000Z,0.027806000784039497,0.027806000784039497,0.025157999247312546,0.025157999247312546,712173
2019-02-07T00:00:00.000000Z,0.025251999497413635,0.026758000254631042,0.025251999497413635,0.026587000116705894,522029
2019-02-08T00:00:00.000000Z,0.026627000421285629,0.029326999559998512,0.026250999420881271,0.028898999094963074,545289
2019-02-09T00:00:00.000000Z,0.028769999742507935,0.028846999630331993,0.027992000803351402,0.028093999251723289,331338
2019-02-10T00:00:00.000000Z,0.028155000880360603,0.030866000801324844,0.027270000427961349,0.030292000621557236,830662
2019-02-11T00:00:00.000000Z,0.030350999906659126,0.034485001116991043,0.029526000842452049,0.031220000237226486,2892675
2019-02-12T00:00:00.000000Z,0.03125699982047081,0.031638000160455704,0.030363000929355621,0.030804000794887543,2026564
2019-02-13T00:00:00.000000Z,0.030744999647140503,0.030959999188780785,0.030386999249458313,0.030711999163031578,743646
2019-02-14T00:00:00.000000Z,0.030702000483870506,0.032283999025821686,0.030702000483870506,0.030999999493360519,948588
2019-02-15T00:00:00.000000Z,0.03101000003516674,0.031902998685836792,0.030787000432610512,0.031240999698638916,1053650
2019-02-16T00:00:00.000000Z,0.031245000660419464,0.031755000352859497,0.030632000416517258,0.030672000721096992,1398275
2019-02-17T00:00:00.000000Z,0.030737999826669693,0.033225998282432556,0.030485000461339951,0.033068001270294189,930801
2019-02-18T00:00:00.000000Z,0.033013001084327698,0.036591000854969025,0.03286299854516983,0.035303998738527298,2809213
2019-02-19T00:00:00.000000Z,0.035333998501300812,0.035813000053167343,0.034155000001192093,0.035252001136541367,984867
2019-02-20T00:00:00.000000Z,0.035241998732089996,0.040724001824855804,0.034405998885631561,0.037491001188755035,3004419
2019-02-21T00:00:00.000000Z,0.037562001496553421,0.038405999541282654,0.035941001027822495,0.037216998636722565,2119405
2019-02-22T00:00:00.000000Z,0.037142999470233917,0.040640998631715775,0.037053000181913376,0.039526998996734619,3575879
2019-02-23T00:00:00.000000Z,0.039494000375270844,0.0401730015873909,0.038410000503063202,0.039500001817941666,2516035
2019-02-24T00:00:00.000000Z,0.039521001279354095,0.040169999003410339,0.036049999296665192,0.036410000175237656,2234014
2019-02-25T00:00:00.000000Z,0.036249998956918716,0.096248000860214233,0.036249998956918716,0.078497998416423798,48774651
2019-02-26T00:00:00.000000Z,0.084518998861312866,0.10838200151920319,0.073541998863220215,0.084991998970508575,101237085
2019-02-27T00:00:00.000000Z,0.085891000926494598,0.089248999953269958,0.071928001940250397,0.075190000236034393,30582773
2019-02-28T00:00:00.000000Z,0.075285002589225769,0.090309001505374908,0.074946999549865723,0.082644000649452209,32157299
2019-03-01T00:00:00.000000Z,0.082760997116565704,0.082760997116565704,0.077600002288818359,0.077999003231525421,10063872
2019-03-02T00:00:00.000000Z,0.078120000660419464,0.088380001485347748,0.073413997888565063,0.084112003445625305,15303362
2019-03-03T00:00:00.000000Z,0.083935000002384186,0.08566100150346756,0.079504996538162231,0.081942997872829437,13467317
2019-03-04T00:00:00.000000Z,0.082116998732089996,0.083402000367641449,0.0747700035572052,0.078248001635074615,8557987
2019-03-05T00:00:00.000000Z,0.078473001718521118,0.10560499876737595,0.077867999672889709,0.10291499644517899,39076934
2019-03-06T00:00:00.000000Z,0.10555899888277054,0.10825099796056747,0.09572099894285202,0.099858000874519348,31594826
2019-03-07T00:00:00.000000Z,0.10014200210571289,0.10518500208854675,0.096427999436855316,0.1026189997792244,20278116
2019-03-08T00:00:00.000000Z,0.10225199908018112,0.22250199317932129,0.098733000457286835,0.21580600738525391,249820600
2019-03-09T00:00:00.000000Z,0.21747100353240967,0.24976900219917297,0.18922999501228333,0.20498700439929962,186945484
2019-03-10T00:00:00.000000Z,0.21140100061893463,0.23373700678348541,0.18407799303531647,0.19779300689697266,77630565
2019-03-11T00:00:00.000000Z,0.19838300347328186,0.20643599331378937,0.16152000427246094,0.1657869964838028,48401884
2019-03-12T00:00:00.000000Z,0.16472099721431732,0.19510999321937561,0.14662900567054749,0.18777100741863251,39481892
2019-03-13T00:00:00.000000Z,0.18917000293731689,0.19145800173282623,0.16620899736881256,0.17556099593639374,34540850
2019-03-14T00:00:00.000000Z,0.17430500686168671,0.17917899787425995,0.1650490015745163,0.16766899824142456,17536999
2019-03-15T00:00:00.000000Z,0.16708800196647644,0.17635099589824677,0.16598300635814667,0.17357400059700012,13746087
2019-03-16T00:00:00.000000Z,0.17300599813461304,0.17404800653457642,0.16371600329875946,0.16804799437522888,12217102
2019-03-17T00:00:00.000000Z,0.1682949960231781,0.17230899631977081,0.15868799388408661,0.16927400231361389,10404883
2019-03-18T00:00:00.000000Z,0.16935700178146362,0.22702600061893463,0.16395899653434753,0.2002439945936203,140168150
2019-03-19T00:00:00.000000Z,0.1999489963054657,0.20451700687408447,0.18003800511360168,0.18921199440956116,58551047
2019-03-20T00:00:00.000000Z,0.18794199824333191,0.19537700712680817,0.18070100247859955,0.18775099515914917,21223425
2019-03-21T00:00:00.000000Z,0.18774700164794922,0.19904400408267975,0.18026499450206757,0.19050499796867371,33261059
2019-03-22T00:00:00.000000Z,0.18909299373626709,0.1974869966506958,0.18630099296569824,0.19005599617958069,26217258
2019-03-23T00:00:00.000000Z,0.18894000351428986,0.18969699740409851,0.18041299283504486,0.18494300544261932,10983403
2019-03-24T00:00:00.000000Z,0.18488100171089172,0.18518899381160736,0.17700299620628357,0.18487900495529175,16003640
2019-03-25T00:00:00.000000Z,0.18576200306415558,0.18576200306415558,0.16555100679397583,0.16952499747276306,18182171
2019-03-26T00:00:00.000000Z,0.16943299770355225,0.17123100161552429,0.15875199437141418,0.16549000144004822,13765750
2019-03-27T00:00:00.000000Z,0.16500100493431091,0.1703139990568161,0.16215600073337555,0.16860100626945496,11147519
2019-03-28T00:00:00.000000Z,0.16841299831867218,0.16841299831867218,0.16373099386692047,0.16475999355316162,7539807
2019-03-29T00:00:00.000000Z,0.16475999355316162,0.16527099907398224,0.15702100098133087,0.15824200212955475,9676561
2019-03-30T00:00:00.000000Z,0.15802399814128876,0.15832999348640442,0.14377099275588989,0.14981499314308167,12830689
2019-03-31T00:00:00.000000Z,0.14981499314308167,0.1604979932308197,0.14650000631809235,0.15042300522327423,14581881
2019-04-01T00:00:00.000000Z,0.15034499764442444,0.15247100591659546,0.14588800072669983,0.15004399418830872,10121747
2019-04-02T00:00:00.000000Z,0.15007099509239197,0.15878400206565857,0.14533300697803497,0.15316000580787659,18780674
2019-04-03T00:00:00.000000Z,0.15293499827384949,0.15964800119400024,0.14555999636650085,0.1485459953546524,16932311
2019-04-04T00:00:00.000000Z,0.14858900010585785,0.17560200393199921,0.14776299893856049,0.16380999982357025,41395941
2019-04-05T00:00:00.000000Z,0.1636119931936264,0.16600699722766876,0.15542000532150269,0.15705899894237518,16981763
2019-04-06T00:00:00.000000Z,0.15704500675201416,0.15880100429058075,0.15050199627876282,0.15271399915218353,13633058
2019-04-07T00:00:00.000000Z,0.15268500149250031,0.1576090008020401,0.1511400043964386,0.15395699441432953,10533501
2019-04-08T00:00:00.000000Z,0.15406300127506256,0.15518899261951447,0.14421699941158295,0.14635799825191498,13257593
2019-04-09T00:00:00.000000Z,0.14635300636291504,0.15874999761581421,0.14534600079059601,0.15099099278450012,26162457
2019-04-10T00:00:00.000000Z,0.1509460061788559,0.15322400629520416,0.14696800708770752,0.14875100553035736,13279725
2019-04-11T00:00:00.000000Z,0.14881299436092377,0.1492370069026947,0.13202500343322754,0.13720999658107758,11301479
2019-04-12T00:00:00.000000Z,0.13709999620914459,0.14893899857997894,0.13164299726486206,0.14354200661182404,16640879
2019-04-13T00:00:00.000000Z,0.14363199472427368,0.18093299865722656,0.14331500232219696,0.16854399442672729,43589892
2019-04-14T00:00:00.000000Z,0.16854399442672729,0.18182499706745148,0.16162799298763275,0.16343200206756592,38566725
2019-04-15T00:00:00.000000Z,0.16343200206756592,0.16523000597953796,0.15028999745845795,0.15163600444793701,21389940
2019-04-16T00:00:00.000000Z,0.15164899826049805,0.15676799416542053,0.14873899519443512,0.15331900119781494,18437665
2019-04-17T00:00:00.000000Z,0.153329998254776,0.18016999959945679,0.15195900201797485,0.17241999506950378,41397889
2019-04-18T00:00:00.000000Z,0.1722709983587265,0.18402500450611115,0.16735099256038666,0.17790399491786957,34235825
2019-04-19T00:00:00.000000Z,0.17771799862384796,0.19844000041484833,0.17066699266433716,0.19021399319171906,54264953
2019-04-20T00:00:00.000000Z,0.19021399319171906,0.21193000674247742,0.18884700536727905,0.20317700505256653,45440359
2019-04-21T00:00:00.000000Z,0.20327000319957733,0.20336499810218811,0.18007799983024597,0.18940900266170502,32258727
2019-04-22T00:00:00.000000Z,0.18919500708580017,0.19401699304580688,0.18249300122261047,0.1889680027961731,15564546
2019-04-23T00:00:00.000000Z,0.18898800015449524,0.18984299898147583,0.17332300543785095,0.17517699301242828,23200695
2019-04-24T00:00:00.000000Z,0.17517699301242828,0.17517699301242828,0.15516400337219238,0.1603890061378479,20016218
2019-04-25T00:00:00.000000Z,0.16039299964904785,0.17204900085926056,0.15183000266551971,0.15365000069141388,20859445
2019-04-26T00:00:00.000000Z,0.1540600061416626,0.16092799603939056,0.14873200654983521,0.15515099465847015,17863978
2019-04-27T00:00:00.000000Z,0.15522100031375885,0.16047599911689758,0.15376800298690796,0.15695099532604218,15215568
2019-04-28T00:00:00.000000Z,0.15695999562740326,0.16116300225257874,0.15322299301624298,0.15544100105762482,12535881
2019-04-29T00:00:00.000000Z,0.15550500154495239,0.15663599967956543,0.14606699347496033,0.14794200658798218,8285615
2019-04-30T00:00:00.000000Z,0.14799100160598755,0.15239599347114563,0.14427599310874939,0.15224699676036835,4639230
2019-05-01T00:00:00.000000Z,0.15213499963283539,0.1541689932346344,0.14630900323390961,0.14916600286960602,5845105
2019-05-02T00:00:00.000000Z,0.14903999865055084,0.15349499881267548,0.14754499495029449,0.15087799727916718,6200918
2019-05-03T00:00:00.000000Z,0.15086899697780609,0.15339399874210358,0.14547799527645111,0.14926199615001678,9553947
2019-05-04T00:00:00.000000Z,0.14926199615001678,0.15034300088882446,0.14012299478054047,0.1428229957818985,7325211
2019-05-05T00:00:00.000000Z,0.1428380012512207,0.1475210040807724,0.14019900560379028,0.14558899402618408,5301333
2019-05-06T00:00:00.000000Z,0.14557799696922302,0.14573100209236145,0.13950200378894806,0.14384500682353973,8376675
2019-05-07T00:00:00.000000Z,0.14378799498081207,0.14635400474071503,0.13624200224876404,0.13666599988937378,9410191
2019-05-08T00:00:00.000000Z,0.13725000619888306,0.13727599382400513,0.13224899768829346,0.13373899459838867,7558462
2019-05-09T00:00:00.000000Z,0.13373899459838867,0.13382600247859955,0.11926999688148499,0.11959999799728394,7168365
2019-05-10T00:00:00.000000Z,0.11960099637508392,0.14496900141239166,0.11890199780464172,0.1379069983959198,15901468
2019-05-11T00:00:00.000000Z,0.1379069983959198,0.15809200704097748,0.13735699653625488,0.14487400650978088,25006992
2019-05-12T00:00:00.000000Z,0.14541700482368469,0.14865800738334656,0.13668699562549591,0.1386139988899231,10751509
2019-05-13T00:00:00.000000Z,0.1386139988899231,0.14410999417304993,0.13344100117683411,0.13630799949169159,10217961
2019-05-14T00:00:00.000000Z,0.13626499474048615,0.14548699557781219,0.13576400279998779,0.14312300086021423,14777822
2019-05-15T00:00:00.000000Z,0.14375500380992889,0.15774600207805634,0.14043399691581726,0.15613800287246704,15849039
2019-05-16T00:00:00.000000Z,0.1558690071105957,0.16871100664138794,0.1446319967508316,0.15185399353504181,17092157
2019-05-17T00:00:00.000000Z,0.15188799798488617,0.16114300489425659,0.13302299380302429,0.15968100726604462,25181207
2019-05-18T00:00:00.000000Z,0.15968100726604462,0.16262100636959076,0.14693599939346313,0.14796899259090424,22521051
2019-05-19T00:00:00.000000Z,0.14781999588012695,0.15621599555015564,0.14702999591827393,0.15396599471569061,21673840
2019-05-20T00:00:00.000000Z,0.15393500030040741,0.15588399767875671,0.14773400127887726,0.15512199699878693,17354783
2019-05-21T00:00:00.000000Z,0.15511800348758698,0.18009799718856812,0.15004900097846985,0.16865399479866028,115011497
2019-05-22T00:00:00.000000Z,0.16866900026798248,0.19013799726963043,0.15327000617980957,0.15579900145530701,39995387
2019-05-23T00:00:00.000000Z,0.15594199299812317,0.169746994972229,0.1544090062379837,0.16835799813270569,18186671
2019-05-24T00:00:00.000000Z,0.16810500621795654,0.17489099502563477,0.16216200590133667,0.16275399923324585,20344716
2019-05-25T00:00:00.000000Z,0.16275399923324585,0.17226000130176544,0.16267900168895721,0.16863599419593811,16116248
2019-05-26T00:00:00.000000Z,0.16863599419593811,0.17493699491024017,0.15706300735473633,0.16182899475097656,18116978
2019-05-27T00:00:00.000000Z,0.16183300316333771,0.16819100081920624,0.160971999168396,0.16392000019550323,14357820
2019-05-28T00:00:00.000000Z,0.16384899616241455,0.16806800663471222,0.16067799925804138,0.16725699603557587,15106090
2019-05-29T00:00:00.000000Z,0.16723400354385376,0.17295899987220764,0.16206300258636475,0.1671220064163208,18963047
2019-05-30T00:00:00.000000Z,0.16721099615097046,0.17164799571037292,0.14887699484825134,0.15304599702358246,16627567
2019-05-31T00:00:00.000000Z,0.15304599702358246,0.15781299769878387,0.14818699657917023,0.15765100717544556,12620082
2019-06-01T00:00:00.000000Z,0.15773500502109528,0.15855500102043152,0.15120700001716614,0.15280500054359436,13562347
2019-06-02T00:00:00.000000Z,0.15280500054359436,0.17433500289916992,0.15263600647449493,0.1693740040063858,21732362
2019-06-03T00:00:00.000000Z,0.16940100491046906,0.16955099999904633,0.15206499397754669,0.15299500524997711,14963753
2019-06-04T00:00:00.000000Z,0.15299800038337708,0.15313200652599335,0.13982400298118591,0.14316800236701965,13746434
2019-06-05T00:00:00.000000Z,0.14316800236701965,0.15054899454116821,0.14185899496078491,0.14627499878406525,11829293
2019-06-06T00:00:00.000000Z,0.14635799825191498,0.15312999486923218,0.1434209942817688,0.15089899301528931,12287600
2019-06-07T00:00:00.000000Z,0.15075899660587311,0.1584240049123764,0.15050399303436279,0.15549099445343018,14455760
2019-06-08T00:00:00.000000Z,0.15558700263500214,0.16031800210475922,0.15020300447940826,0.15473499894142151,10636249
2019-06-09T00:00:00.000000Z,0.15467700362205505,0.15947499871253967,0.14346399903297424,0.14623899757862091,10431515
2019-06-10T00:00:00.000000Z,0.14601500332355499,0.15575100481510162,0.14316500723361969,0.15296399593353271,6809947
2019-06-11T00:00:00.000000Z,0.1529420018196106,0.16374999284744263,0.15140900015830994,0.16076000034809113,13866050
2019-06-12T00:00:00.000000Z,0.16076500713825226,0.16109499335289001,0.15554699301719666,0.15746000409126282,8314974
2019-06-13T00:00:00.000000Z,0.15741300582885742,0.1581760048866272,0.14893299341201782,0.15052799880504608,8316018
2019-06-14T00:00:00.000000Z,0.1503870040178299,0.15620200335979462,0.14213399589061737,0.14660100638866425,11101060
2019-06-15T00:00:00.000000Z,0.14639000594615936,0.15005500614643097,0.14569200575351715,0.14831200242042542,7220602
2019-06-16T00:00:00.000000Z,0.14831200242042542,0.15051600337028503,0.14303700625896454,0.14775200188159943,7431046
2019-06-17T00:00:00.000000Z,0.14776299893856049,0.15111599862575531,0.14546200633049011,0.14630100131034851,5762795
2019-06-18T00:00:00.000000Z,0.14633999764919281,0.14669600129127502,0.13921700417995453,0.14097799360752106,5371247
2019-06-19T00:00:00.000000Z,0.14099699258804321,0.14423899352550507,0.1398719996213913,0.14342799782752991,3700290
2019-06-20T00:00:00.000000Z,0.14354099333286285,0.14367599785327911,0.13436900079250336,0.13601699471473694,6412834
2019-06-21T00:00:00.000000Z,0.1360899955034256,0.1383650004863739,0.13416099548339844,0.13703499734401703,4449015
2019-06-22T00:00:00.000000Z,0.13715299963951111,0.13853099942207336,0.13252000510692596,0.13673900067806244,8238722
2019-06-23T00:00:00.000000Z,0.13644999265670776,0.14165200293064117,0.13482600450515747,0.1355309933423996,5444229
2019-06-24T00:00:00.000000Z,0.1355309933423996,0.13934999704360962,0.13394099473953247,0.13680900633335114,6451368
2019-06-25T00:00:00.000000Z,0.13722799718379974,0.14117699861526489,0.1347070038318634,0.13617800176143646,8189173
2019-06-26T00:00:00.000000Z,0.13617800176143646,0.13638299703598022,0.12580700218677521,0.12787200510501862,11515698
2019-06-27T00:00:00.000000Z,0.12787200510501862,0.12934200465679169,0.11364100128412247,0.11726299673318863,9304568
2019-06-28T00:00:00.000000Z,0.11741799861192703,0.12403500080108643,0.11423200368881226,0.12241700291633606,6440997
2019-06-29T00:00:00.000000Z,0.12250500172376633,0.12499299645423889,0.11712100356817245,0.12480799853801727,6382243
2019-06-30T00:00:00.000000Z,0.12487799674272537,0.1285959929227829,0.1167759969830513,0.12192399799823761,8464605
2019-07-01T00:00:00.000000Z,0.12231399863958359,0.13425500690937042,0.1221420019865036,0.12799200415611267,15040923
2019-07-02T00:00:00.000000Z,0.12826299667358398,0.12854799628257751,0.11821000277996063,0.12289399653673172,10128646
2019-07-03T00:00:00.000000Z,0.12282799929380417,0.1240139976143837,0.12029299885034561,0.12252999842166901,6507623
2019-07-04T00:00:00.000000Z,0.12252800166606903,0.12370800226926804,0.11722800135612488,0.11761800199747086,4420782
2019-07-05T00:00:00.000000Z,0.11759400367736816,0.11964700371026993,0.11519899964332581,0.11686599999666214,4739656
2019-07-06T00:00:00.000000Z,0.1168539971113205,0.12457100301980972,0.11658100038766861,0.12215299904346466,5391875
2019-07-07T00:00:00.000000Z,0.12210399657487869,0.13030199706554413,0.12181799858808517,0.12584400177001953,5973508
2019-07-08T00:00:00.000000Z,0.12584100663661957,0.12729699909687042,0.11973299831151962,0.12059099972248077,5727175
2019-07-09T00:00:00.000000Z,0.12062299996614456,0.12304700165987015,0.11711999773979187,0.12291999906301498,4545577
2019-07-10T00:00:00.000000Z,0.12296999990940094,0.1230589970946312,0.11156100034713745,0.11220400035381317,7428199
2019-07-11T00:00:00.000000Z,0.11228100210428238,0.11316800117492676,0.097644999623298645,0.099354997277259827,4834319
2019-07-12T00:00:00.000000Z,0.099192999303340912,0.10571199655532837,0.096239000558853149,0.10495799779891968,4504373
2019-07-13T00:00:00.000000Z,0.10498999804258347,0.10508999973535538,0.09927300363779068,0.10198400169610977,1844237
2019-07-14T00:00:00.000000Z,0.10200700163841248,0.1159449964761734,0.1003199964761734,0.1052820011973381,12444124
2019-07-15T00:00:00.000000Z,0.10521099716424942,0.10892000049352646,0.096701003611087799,0.10215099900960922,6220898
2019-07-16T00:00:00.000000Z,0.10197799652814865,0.10326100140810013,0.081297002732753754,0.082610003650188446,5549195
2019-07-17T00:00:00.000000Z,0.082414999604225159,0.088776998221874237,0.078051000833511353,0.084623999893665314,5729038
2019-07-18T00:00:00.000000Z,0.084670998156070709,0.08959999680519104,0.08172299712896347,0.089479997754096985,5961275
2019-07-19T00:00:00.000000Z,0.089479997754096985,0.09113600105047226,0.084905996918678284,0.089175999164581299,3570576
2019-07-20T00:00:00.000000Z,0.089184999465942383,0.092790998518466949,0.087539002299308777,0.090594999492168427,3527015
2019-07-21T00:00:00.000000Z,0.09025699645280838,0.090802997350692749,0.085724003612995148,0.088188998401165009,2214561
2019-07-22T00:00:00.000000Z,0.08821599930524826,0.091746002435684204,0.086695000529289246,0.090373001992702484,3334702
2019-07-23T00:00:00.000000Z,0.090403996407985687,0.093368001282215118,0.084643997251987457,0.086048997938632965,3216366
2019-07-24T00:00:00.000000Z,0.086048997938632965,0.087585002183914185,0.083302997052669525,0.086112000048160553,2324586
2019-07-25T00:00:00.000000Z,0.086158998310565948,0.089330002665519714,0.085987001657485962,0.087617002427577972,2221313
2019-07-26T00:00:00.000000Z,0.087586000561714172,0.090924002230167389,0.085156999528408051,0.090860001742839813,3465079
2019-07-27T00:00:00.000000Z,0.090860001742839813,0.091776996850967407,0.083434000611305237,0.084086999297142029,2694574
2019-07-28T00:00:00.000000Z,0.084059000015258789,0.086035996675491333,0.082299001514911652,0.08494500070810318,1832238
2019-07-29T00:00:00.000000Z,0.084987998008728027,0.085165001451969147,0.08255399763584137,0.083434998989105225,1828119
2019-07-30T00:00:00.000000Z,0.083356998860836029,0.091660000383853912,0.082892999053001404,0.089285999536514282,5549379
2019-07-31T00:00:00.000000Z,0.089403003454208374,0.092427998781204224,0.08521299809217453,0.087016001343727112,4491102
2019-08-01T00:00:00.000000Z,0.087127998471260071,0.087127998471260071,0.082702003419399261,0.084431000053882599,2288104
2019-08-02T00:00:00.000000Z,0.084418997168540955,0.084958001971244812,0.082160003483295441,0.08330400288105011,2226204
2019-08-03T00:00:00.000000Z,0.083328001201152802,0.083953998982906342,0.082221001386642456,0.082919001579284668,1414143
2019-08-04T00:00:00.000000Z,0.082877002656459808,0.083075001835823059,0.079668000340461731,0.079906001687049866,2023715
2019-08-05T00:00:00.000000Z,0.079894997179508209,0.081095002591609955,0.077048003673553467,0.078152000904083252,2797240
2019-08-06T00:00:00.000000Z,0.078257001936435699,0.07837899774312973,0.071710996329784393,0.072414003312587738,3165428
2019-08-07T00:00:00.000000Z,0.072370000183582306,0.074671998620033264,0.069453001022338867,0.069499000906944275,2366992
2019-08-08T00:00:00.000000Z,0.069521002471446991,0.070212997496128082,0.067564003169536591,0.068356998264789581,2553722
2019-08-09T00:00:00.000000Z,0.068419001996517181,0.068419001996517181,0.060745999217033386,0.060968000441789627,2716154
2019-08-10T00:00:00.000000Z,0.060968000441789627,0.073531001806259155,0.060368001461029053,0.069862999022006989,5199360
2019-08-11T00:00:00.000000Z,0.069903001189231873,0.076458998024463654,0.067406997084617615,0.071222998201847076,8819175
2019-08-12T00:00:00.000000Z,0.071061998605728149,0.075739003717899323,0.070128001272678375,0.071466997265815735,4576840
2019-08-13T00:00:00.000000Z,0.071473002433776855,0.071509003639221191,0.066951997578144073,0.068052999675273895,2808404
2019-08-14T00:00:00.000000Z,0.068052999675273895,0.068279996514320374,0.059932999312877655,0.060185998678207397,2866997
2019-08-15T00:00:00.000000Z,0.060251001268625259,0.060531001538038254,0.056912001222372055,0.060120001435279846,1973975
2019-08-16T00:00:00.000000Z,0.059999998658895493,0.063354998826980591,0.05815500020980835,0.06176299974322319,3724065
2019-08-17T00:00:00.000000Z,0.061785001307725906,0.068599000573158264,0.059849001467227936,0.064383000135421753,5968680
2019-08-18T00:00:00.000000Z,0.063974998891353607,0.065436996519565582,0.061468999832868576,0.064273998141288757,4252181
2019-08-19T00:00:00.000000Z,0.064299002289772034,0.066451996564865112,0.061964999884366989,0.065700002014636993,3039114
2019-08-20T00:00:00.000000Z,0.065696999430656433,0.066749997437000275,0.063885003328323364,0.065730996429920197,2836747
2019-08-21T00:00:00.000000Z,0.065730996429920197,0.065730996429920197,0.061225999146699905,0.063840001821517944,4027620
2019-08-22T00:00:00.000000Z,0.063840001821517944,0.072301998734474182,0.062609001994132996,0.069929003715515137,6857624
2019-08-23T00:00:00.000000Z,0.069929003715515137,0.074831999838352203,0.068553999066352844,0.071892000734806061,8567233
2019-08-24T00:00:00.000000Z,0.071883998811244965,0.078140996396541595,0.071180999279022217,0.072401002049446106,8370829
2019-08-25T00:00:00.000000Z,0.072401002049446106,0.074176996946334839,0.067019000649452209,0.067500002682209015,4304856
2019-08-26T00:00:00.000000Z,0.067469999194145203,0.07005000114440918,0.066247999668121338,0.066996999084949493,2989166
2019-08-27T00:00:00.000000Z,0.067074999213218689,0.071446001529693604,0.066767998039722443,0.070689000189304352,3728167
2019-08-28T00:00:00.000000Z,0.070693999528884888,0.075423002243041992,0.064378999173641205,0.066583998501300812,5946641
2019-08-29T00:00:00.000000Z,0.066662997007369995,0.066697001457214355,0.060853000730276108,0.063423000276088715,3264018
2019-08-30T00:00:00.000000Z,0.063423000276088715,0.065428003668785095,0.06249300017952919,0.063960000872612,3323651
2019-08-31T00:00:00.000000Z,0.063988998532295227,0.06934799998998642,0.06363300234079361,0.066230997443199158,4336292
2019-09-01T00:00:00.000000Z,0.066242001950740814,0.07439800351858139,0.066242001950740814,0.070735998451709747,8768205
2019-09-02T00:00:00.000000Z,0.070701003074645996,0.083651997148990631,0.07001899927854538,0.079048998653888702,19750354
2019-09-03T00:00:00.000000Z,0.079000003635883331,0.079000003635883331,0.073854997754096985,0.075594998896121979,6297595
2019-09-04T00:00:00.000000Z,0.075650997459888458,0.085637003183364868,0.075438998639583588,0.081239998340606689,9567145
2019-09-05T00:00:00.000000Z,0.08124600350856781,0.089216001331806183,0.08124600350856781,0.082722999155521393,9350581
2019-09-06T00:00:00.000000Z,0.082722999155521393,0.085592001676559448,0.079696998000144958,0.080595999956130981,6469375
2019-09-07T00:00:00.000000Z,0.080692000687122345,0.082369998097419739,0.077852003276348114,0.08046799898147583,4341984
2019-09-08T00:00:00.000000Z,0.080361001193523407,0.083467997610569,0.080159001052379608,0.082719996571540833,4334475
2019-09-09T00:00:00.000000Z,0.082735002040863037,0.082927003502845764,0.076481997966766357,0.077978000044822693,4490158
2019-09-10T00:00:00.000000Z,0.077895998954772949,0.078584998846054077,0.074699997901916504,0.074986003339290619,3894529
2019-09-11T00:00:00.000000Z,0.074928998947143555,0.075662001967430115,0.071307003498077393,0.073200002312660217,4196877
2019-09-12T00:00:00.000000Z,0.073215000331401825,0.073611997067928314,0.069617003202438354,0.070569001138210297,3507899
2019-09-13T00:00:00.000000Z,0.070561997592449188,0.071135997772216797,0.068997003138065338,0.069169998168945312,2322537
2019-09-14T00:00:00.000000Z,0.069173000752925873,0.071021996438503265,0.069154001772403717,0.071001000702381134,2137203
2019-09-15T00:00:00.000000Z,0.071001000702381134,0.073213003575801849,0.070844002068042755,0.072570003569126129,2193139
2019-09-16T00:00:00.000000Z,0.072619996964931488,0.073145002126693726,0.067753002047538757,0.069628998637199402,2660773
2019-09-17T00:00:00.000000Z,0.069634996354579926,0.072350002825260162,0.069251000881195068,0.071437999606132507,2784308
2019-09-18T00:00:00.000000Z,0.071424998342990875,0.075562998652458191,0.070885002613067627,0.073721997439861298,4213671
2019-09-19T00:00:00.000000Z,0.073746003210544586,0.073925003409385681,0.068424999713897705,0.071075998246669769,3737535
2019-09-20T00:00:00.000000Z,0.071097999811172485,0.072636999189853668,0.070368997752666473,0.071837000548839569,2636319
2019-09-21T00:00:00.000000Z,0.07182600349187851,0.071924000978469849,0.069865003228187561,0.070398002862930298,2380681
2019-09-22T00:00:00.000000Z,0.070418998599052429,0.070418998599052429,0.067911997437477112,0.068237997591495514,3428986
2019-09-23T00:00:00.000000Z,0.06824599951505661,0.068547002971172333,0.066255003213882446,0.066767998039722443,3305110
2019-09-24T00:00:00.000000Z,0.066775999963283539,0.067129999399185181,0.054529000073671341,0.055465001612901688,4237756
2019-09-25T00:00:00.000000Z,0.055489998310804367,0.057372000068426132,0.052882999181747437,0.056412998586893082,3442165
2019-09-26T00:00:00.000000Z,0.056412998586893082,0.056976001709699631,0.049509000033140182,0.052595999091863632,3438601
2019-09-27T00:00:00.000000Z,0.052556999027729034,0.054570998996496201,0.051428001374006271,0.054503001272678375,6062903
2019-09-28T00:00:00.000000Z,0.054490000009536743,0.059138000011444092,0.054278001189231873,0.056896001100540161,12726788
2019-09-29T00:00:00.000000Z,0.056910000741481781,0.058348998427391052,0.054483000189065933,0.055709999054670334,3123356
2019-09-30T00:00:00.000000Z,0.05570400133728981,0.057704001665115356,0.053766001015901566,0.057167001068592072,3036696
2019-10-01T00:00:00.000000Z,0.057142000645399094,0.059629999101161957,0.057055998593568802,0.057932998985052109,2410167
2019-10-02T00:00:00.000000Z,0.057932998985052109,0.058083001524209976,0.056646000593900681,0.057964999228715897,19122198
2019-10-03T00:00:00.000000Z,0.057964000850915909,0.06145000085234642,0.057626999914646149,0.060240000486373901,5294779
2019-10-04T00:00:00.000000Z,0.060240000486373901,0.068007998168468475,0.060240000486373901,0.064341999590396881,11526288
2019-10-05T00:00:00.000000Z,0.064341999590396881,0.067691996693611145,0.063583001494407654,0.066272996366024017,4889387
2019-10-06T00:00:00.000000Z,0.066265001893043518,0.0672760009765625,0.060913998633623123,0.061236001551151276,9876469
2019-10-07T00:00:00.000000Z,0.061216998845338821,0.065622001886367798,0.059510998427867889,0.064774997532367706,4499518
2019-10-08T00:00:00.000000Z,0.064892999827861786,0.0665849968791008,0.062923997640609741,0.0665849968791008,4032141
2019-10-09T00:00:00.000000Z,0.066587001085281372,0.066669002175331116,0.063006997108459473,0.064707003533840179,3798968
2019-10-10T00:00:00.000000Z,0.064746998250484467,0.065451003611087799,0.063120998442173004,0.063686996698379517,2214820
2019-10-11T00:00:00.000000Z,0.063665002584457397,0.064099997282028198,0.060731999576091766,0.061941001564264297,1953896
2019-10-12T00:00:00.000000Z,0.061921000480651855,0.064627997577190399,0.061859000474214554,0.063470996916294098,1932143
2019-10-13T00:00:00.000000Z,0.06345599889755249,0.06487400084733963,0.062022998929023743,0.063294999301433563,43069733
2019-10-14T00:00:00.000000Z,0.063294999301433563,0.064237996935844421,0.062355000525712967,0.062853999435901642,13514279
2019-10-15T00:00:00.000000Z,0.062852002680301666,0.063625000417232513,0.060272999107837677,0.061236999928951263,2286352
2019-10-16T00:00:00.000000Z,0.061239998787641525,0.061604999005794525,0.056632999330759048,0.058263998478651047,1745515
2019-10-17T00:00:00.000000Z,0.058265000581741333,0.059415001422166824,0.056832998991012573,0.058315001428127289,1739339
2019-10-18T00:00:00.000000Z,0.058315001428127289,0.058315001428127289,0.054928999394178391,0.057493999600410461,35332536
2019-10-19T00:00:00.000000Z,0.057493999600410461,0.058425001800060272,0.056079000234603882,0.056791998445987701,1440173
2019-10-20T00:00:00.000000Z,0.056791000068187714,0.057601999491453171,0.055713001638650894,0.056781001389026642,1281563
2019-10-21T00:00:00.000000Z,0.056793998926877975,0.0584539994597435,0.055806998163461685,0.057902000844478607,1705237
2019-10-22T00:00:00.000000Z,0.057904999703168869,0.062047999352216721,0.057395000010728836,0.059964999556541443,2454849
2019-10-23T00:00:00.000000Z,0.059918999671936035,0.061847001314163208,0.055190000683069229,0.05869000032544136,3016090
2019-10-24T00:00:00.000000Z,0.05869000032544136,0.059682000428438187,0.056373998522758484,0.059597998857498169,1562958
2019-10-25T00:00:00.000000Z,0.059597998857498169,0.063101001083850861,0.057645998895168304,0.062362998723983765,2160338
2019-10-26T00:00:00.000000Z,0.062353000044822693,0.064655996859073639,0.061466999351978302,0.061781000345945358,2266950
2019-10-27T00:00:00.000000Z,0.061847001314163208,0.067570000886917114,0.060042001307010651,0.063950002193450928,2147301
2019-10-28T00:00:00.000000Z,0.06393200159072876,0.065793000161647797,0.063064999878406525,0.064401999115943909,30316720
2019-10-29T00:00:00.000000Z,0.064401999115943909,0.064819000661373138,0.062682002782821655,0.063367001712322235,956273
2019-10-30T00:00:00.000000Z,0.063372001051902771,0.064484000205993652,0.06181899830698967,0.063822999596595764,1151116
2019-10-31T00:00:00.000000Z,0.063790999352931976,0.066325001418590546,0.060699000954627991,0.06424500048160553,3885984
2019-11-01T00:00:00.000000Z,0.064240001142024994,0.067538999021053314,0.063630998134613037,0.066748999059200287,1803476
2019-11-02T00:00:00.000000Z,0.066749997437000275,0.067156001925468445,0.064746998250484467,0.06591399759054184,2058766
2019-11-03T00:00:00.000000Z,0.06591399759054184,0.067111000418663025,0.064912997186183929,0.066624000668525696,81219625
2019-11-04T00:00:00.000000Z,0.066624000668525696,0.069711998105049133,0.065333001315593719,0.066839002072811127,2161031
2019-11-05T00:00:00.000000Z,0.066839002072811127,0.068112999200820923,0.065598003566265106,0.066771000623703003,45749520
2019-11-06T00:00:00.000000Z,0.066771000623703003,0.067847996950149536,0.066081002354621887,0.067129001021385193,1452210
2019-11-07T00:00:00.000000Z,0.067061997950077057,0.068314000964164734,0.063804000616073608,0.065316997468471527,45583853
2019-11-08T00:00:00.000000Z,0.065315999090671539,0.06594499945640564,0.060726001858711243,0.062111999839544296,9243886
2019-11-09T00:00:00.000000Z,0.062006000429391861,0.063239999115467072,0.061597000807523727,0.062836997210979462,44612610
2019-11-10T00:00:00.000000Z,0.062838003039360046,0.064682997763156891,0.06257600337266922,0.063492998480796814,1487025
2019-11-11T00:00:00.000000Z,0.063460998237133026,0.064552001655101776,0.061012998223304749,0.061473999172449112,68362693
2019-11-12T00:00:00.000000Z,0.061473999172449112,0.062752999365329742,0.061248000711202621,0.061407998204231262,15511704
2019-11-13T00:00:00.000000Z,0.061404999345541,0.062495999038219452,0.060800999402999878,0.06208999827504158,3555580
2019-11-14T00:00:00.000000Z,0.062091000378131866,0.065443001687526703,0.061211999505758286,0.065139003098011017,3001863
2019-11-15T00:00:00.000000Z,0.065361998975276947,0.068035997450351715,0.063207998871803284,0.066200003027915955,35422764
2019-11-16T00:00:00.000000Z,0.066207997500896454,0.069072999060153961,0.064514003694057465,0.068926997482776642,2533232
2019-11-17T00:00:00.000000Z,0.068926997482776642,0.06894800066947937,0.066027000546455383,0.066428996622562408,45122364
2019-11-18T00:00:00.000000Z,0.066443003714084625,0.066444002091884613,0.063078001141548157,0.064429000020027161,28323293
2019-11-19T00:00:00.000000Z,0.064429000020027161,0.068545997142791748,0.060442999005317688,0.065952003002166748,2667071
2019-11-20T00:00:00.000000Z,0.066037997603416443,0.073477998375892639,0.06562100350856781,0.070975996553897858,5945543
2019-11-21T00:00:00.000000Z,0.070883996784687042,0.071084998548030853,0.06010499969124794,0.062488999217748642,16877203
2019-11-22T00:00:00.000000Z,0.062488999217748642,0.063593998551368713,0.05254799872636795,0.057204999029636383,2696640
2019-11-23T00:00:00.000000Z,0.057124998420476913,0.063588999211788177,0.055100001394748688,0.061032999306917191,2393897
2019-11-24T00:00:00.000000Z,0.061032999306917191,0.061631999909877777,0.052648000419139862,0.052648000419139862,43548032
2019-11-25T00:00:00.000000Z,0.053128998726606369,0.054451998323202133,0.04725399985909462,0.051764000207185745,8051165
2019-11-26T00:00:00.000000Z,0.051736999303102493,0.056078001856803894,0.051736999303102493,0.054974999278783798,2316910
2019-11-27T00:00:00.000000Z,0.054671000689268112,0.059034001082181931,0.051872000098228455,0.05850600078701973,20118235
2019-11-28T00:00:00.000000Z,0.058322001248598099,0.063996002078056335,0.056928999722003937,0.063221998512744904,2835328
2019-11-29T00:00:00.000000Z,0.063254997134208679,0.063584998250007629,0.059836998581886292,0.060851000249385834,26859032
2019-11-30T00:00:00.000000Z,0.060864999890327454,0.061250999569892883,0.057730000466108322,0.060006000101566315,43878134
2019-12-01T00:00:00.000000Z,0.060008998960256577,0.061484001576900482,0.056403998285531998,0.060819998383522034,45059638
2019-12-02T00:00:00.000000Z,0.060819998383522034,0.06220800057053566,0.057877998799085617,0.058524001389741898,44407938
2019-12-03T00:00:00.000000Z,0.058524001389741898,0.062447000294923782,0.057406000792980194,0.062178000807762146,44408167
2019-12-04T00:00:00.000000Z,0.062178000807762146,0.090565003454685211,0.058184001594781876,0.075831003487110138,20953042
2019-12-05T00:00:00.000000Z,0.075672000646591187,0.10447999835014343,0.072191998362541199,0.093524999916553497,43666663
2019-12-06T00:00:00.000000Z,0.093584001064300537,0.10610699653625488,0.089309997856616974,0.10264399647712708,30490506
2019-12-07T00:00:00.000000Z,0.10285700112581253,0.10338699817657471,0.086598999798297882,0.087269999086856842,14723760
2019-12-08T00:00:00.000000Z,0.087269999086856842,0.097314998507499695,0.083411000669002533,0.090805001556873322,16864990
2019-12-09T00:00:00.000000Z,0.090441003441810608,0.09203299880027771,0.082330003380775452,0.082512997090816498,11174014
2019-12-10T00:00:00.000000Z,0.082635000348091125,0.08275199681520462,0.069508999586105347,0.074093997478485107,15071248
2019-12-11T00:00:00.000000Z,0.074148997664451599,0.086810000240802765,0.073352999985218048,0.083088003098964691,27213226
2019-12-12T00:00:00.000000Z,0.083088003098964691,0.088871002197265625,0.077928997576236725,0.082919001579284668,18097043
2019-12-13T00:00:00.000000Z,0.082774996757507324,0.086664997041225433,0.081004999577999115,0.082739003002643585,11841160
2019-12-14T00:00:00.000000Z,0.082792997360229492,0.082872003316879272,0.074536003172397614,0.076282002031803131,10525407
2019-12-15T00:00:00.000000Z,0.076282002031803131,0.086427003145217896,0.073660999536514282,0.086340002715587616,12299314
2019-12-16T00:00:00.000000Z,0.086384996771812439,0.090916998684406281,0.080089002847671509,0.080234996974468231,18875921
2019-12-17T00:00:00.000000Z,0.080234996974468231,0.08797299861907959,0.074097000062465668,0.076287001371383667,13268272
2019-12-18T00:00:00.000000Z,0.076287001371383667,0.079277001321315765,0.071462996304035187,0.07767699658870697,9758192
2019-12-19T00:00:00.000000Z,0.07767699658870697,0.079540997743606567,0.073839001357555389,0.078619003295898438,8352207
2019-12-20T00:00:00.000000Z,0.078578002750873566,0.081364996731281281,0.076438002288341522,0.077624998986721039,7444829
2019-12-21T00:00:00.000000Z,0.077624998986721039,0.080845996737480164,0.076558001339435577,0.077439002692699432,5757209
2019-12-22T00:00:00.000000Z,0.077324002981185913,0.08548399806022644,0.07681100070476532,0.081566996872425079,8670853
2019-12-23T00:00:00.000000Z,0.08151400089263916,0.081637002527713776,0.076618999242782593,0.077547997236251831,7007509
2019-12-24T00:00:00.000000Z,0.077564999461174011,0.081041999161243439,0.075682997703552246,0.078562997281551361,6258214
2019-12-25T00:00:00.000000Z,0.078562997281551361,0.079975001513957977,0.075741000473499298,0.07612299919128418,4925197
2019-12-26T00:00:00.000000Z,0.07612299919128418,0.076728999614715576,0.07413800060749054,0.07569199800491333,4688924
2019-12-27T00:00:00.000000Z,0.075686998665332794,0.077173002064228058,0.074322998523712158,0.07506900280714035,4384186
2019-12-28T00:00:00.000000Z,0.075052998960018158,0.08285599946975708,0.074922002851963043,0.080591998994350433,7594261
2019-12-29T00:00:00.000000Z,0.080569997429847717,0.086234003305435181,0.077712997794151306,0.081946998834609985,10463115
2019-12-30T00:00:00.000000Z,0.082074999809265137,0.085036002099514008,0.080105997622013092,0.082391999661922455,7937897
2019-12-31T00:00:00.000000Z,0.082372002303600311,0.086053997278213501,0.07937999814748764,0.080252997577190399,6687132
2020-01-01T00:00:00.000000Z,0.080252997577190399,0.082161001861095428,0.078596003353595734,0.079857997596263885,4676992
2020-01-02T00:00:00.000000Z,0.080023996531963348,0.080107003450393677,0.073103003203868866,0.073981001973152161,4769882
2020-01-03T00:00:00.000000Z,0.074078001081943512,0.079414002597332001,0.072800002992153168,0.078155003488063812,4572091
2020-01-04T00:00:00.000000Z,0.078120000660419464,0.079962998628616333,0.077413000166416168,0.077679999172687531,3172752
2020-01-05T00:00:00.000000Z,0.07777799665927887,0.079355001449584961,0.076709002256393433,0.077100001275539398,3449538
2020-01-06T00:00:00.000000Z,0.077073000371456146,0.077882997691631317,0.073903001844882965,0.075367003679275513,4971344
2020-01-07T00:00:00.000000Z,0.075332000851631165,0.075654000043869019,0.071685001254081726,0.072692997753620148,5811912
2020-01-08T00:00:00.000000Z,0.072881996631622314,0.076052002608776093,0.071175001561641693,0.074867002665996552,4848533
2020-01-09T00:00:00.000000Z,0.074969999492168427,0.075177997350692749,0.071365997195243835,0.072190001606941223,3809624
2020-01-10T00:00:00.000000Z,0.072181001305580139,0.073400996625423431,0.07064799964427948,0.0726189985871315,3675860
2020-01-11T00:00:00.000000Z,0.072475001215934753,0.07517000287771225,0.071601003408432007,0.072085998952388763,4530464
2020-01-12T00:00:00.000000Z,0.071996003389358521,0.073178000748157501,0.071693003177642822,0.072495996952056885,3906075
2020-01-13T00:00:00.000000Z,0.072371996939182281,0.07305300235748291,0.071290001273155212,0.07163199782371521,3742127
2020-01-14T00:00:00.000000Z,0.071664996445178986,0.073040999472141266,0.069739997386932373,0.072263002395629883,6330302
2020-01-15T00:00:00.000000Z,0.071923002600669861,0.07745099812746048,0.071547001600265503,0.075240999460220337,6124505
2020-01-16T00:00:00.000000Z,0.075148999691009521,0.083359003067016602,0.073678001761436462,0.080190002918243408,7814876
2020-01-17T00:00:00.000000Z,0.08019699901342392,0.081827998161315918,0.075714997947216034,0.079970002174377441,8074717
2020-01-18T00:00:00.000000Z,0.080044001340866089,0.080271996557712555,0.075989000499248505,0.077156998217105865,5042974
2020-01-19T00:00:00.000000Z,0.077077001333236694,0.077187001705169678,0.07327599823474884,0.073650002479553223,4872981
2020-01-20T00:00:00.000000Z,0.073610998690128326,0.07685600221157074,0.073128998279571533,0.075718000531196594,4529249
2020-01-21T00:00:00.000000Z,0.075694002211093903,0.076982997357845306,0.075220003724098206,0.076476998627185822,3617942
2020-01-22T00:00:00.000000Z,0.076471999287605286,0.077890001237392426,0.075191996991634369,0.07748199999332428,3565749
2020-01-23T00:00:00.000000Z,0.077482998371124268,0.091420002281665802,0.077163003385066986,0.0862559974193573,24076054
2020-01-24T00:00:00.000000Z,0.086356997489929199,0.090637996792793274,0.082454003393650055,0.084807001054286957,13174636
2020-01-25T00:00:00.000000Z,0.084769003093242645,0.088026002049446106,0.08266100287437439,0.087883003056049347,5805033
2020-01-26T00:00:00.000000Z,0.087834998965263367,0.090579003095626831,0.08600500226020813,0.086566001176834106,7971704
2020-01-27T00:00:00.000000Z,0.086739003658294678,0.090085998177528381,0.08606400340795517,0.089635998010635376,6697726
2020-01-28T00:00:00.000000Z,0.089597001671791077,0.089907996356487274,0.085752002894878387,0.087907001376152039,6812064
2020-01-29T00:00:00.000000Z,0.088095001876354218,0.089808002114295959,0.087606996297836304,0.089483000338077545,5227654
2020-01-30T00:00:00.000000Z,0.089442998170852661,0.099505998194217682,0.088073998689651489,0.098814003169536591,11073460
2020-01-31T00:00:00.000000Z,0.098577000200748444,0.10136300325393677,0.09231799840927124,0.094488002359867096,8293436
2020-02-01T00:00:00.000000Z,0.094352997839450836,0.10545100271701813,0.09384000301361084,0.1034260019659996,10295891
2020-02-02T00:00:00.000000Z,0.10325700044631958,0.11429800093173981,0.097920998930931091,0.1123879998922348,15360586
2020-02-03T00:00:00.000000Z,0.1123879998922348,0.11602599918842316,0.10710500180721283,0.11446399986743927,16063690
2020-02-04T00:00:00.000000Z,0.1145159974694252,0.15308700501918793,0.11244200170040131,0.149385005235672,75767242
2020-02-05T00:00:00.000000Z,0.14957599341869354,0.16487500071525574,0.125791996717453,0.13618999719619751,52312985
2020-02-06T00:00:00.000000Z,0.13607999682426453,0.14225800335407257,0.13046799600124359,0.13783299922943115,24795454
2020-02-07T00:00:00.000000Z,0.13789099454879761,0.14159700274467468,0.12759600579738617,0.13160599768161774,14681487
2020-02-08T00:00:00.000000Z,0.13155199587345123,0.13501399755477905,0.12133800238370895,0.12808600068092346,12618822
2020-02-09T00:00:00.000000Z,0.12797300517559052,0.13856199383735657,0.12177599966526031,0.13329899311065674,18626808
2020-02-10T00:00:00.000000Z,0.13332700729370117,0.14111700654029846,0.12745800614356995,0.14015999436378479,16457682
2020-02-11T00:00:00.000000Z,0.14040200412273407,0.14048700034618378,0.13324299454689026,0.13828000426292419,11668784
2020-02-12T00:00:00.000000Z,0.13819900155067444,0.14720599353313446,0.13759799301624298,0.14226099848747253,17281104
2020-02-13T00:00:00.000000Z,0.14224199950695038,0.14564000070095062,0.13039399683475494,0.13793300092220306,19638758
2020-02-14T00:00:00.000000Z,0.13793599605560303,0.14281700551509857,0.13434499502182007,0.14213499426841736,14417229
2020-02-15T00:00:00.000000Z,0.14213499426841736,0.15187500417232513,0.13089700043201447,0.13189400732517242,16860893
2020-02-16T00:00:00.000000Z,0.1318960040807724,0.13566899299621582,0.11233200132846832,0.12358999997377396,15974624
2020-02-17T00:00:00.000000Z,0.12354700267314911,0.1560479998588562,0.10978599637746811,0.1381630003452301,30962581
2020-02-18T00:00:00.000000Z,0.1378449946641922,0.14470699429512024,0.13039900362491608,0.13829299807548523,39467450
2020-02-19T00:00:00.000000Z,0.13823799788951874,0.16477799415588379,0.1354060024023056,0.13547399640083313,45494431
2020-02-20T00:00:00.000000Z,0.13534000515937805,0.14080299437046051,0.12703399360179901,0.13145600259304047,19238497
2020-02-21T00:00:00.000000Z,0.13138499855995178,0.1357710063457489,0.12521600723266602,0.1277880072593689,12758423
2020-02-22T00:00:00.000000Z,0.12782399356365204,0.12782399356365204,0.12146399915218353,0.12375500053167343,7249284
2020-02-23T00:00:00.000000Z,0.12400300055742264,0.13284100592136383,0.12384500354528427,0.13093200325965881,10059323
2020-02-24T00:00:00.000000Z,0.13086800277233124,0.13228799402713776,0.11741100251674652,0.12147500365972519,8607932
2020-02-25T00:00:00.000000Z,0.12157999724149704,0.12487699836492538,0.10963500291109085,0.11004800349473953,9751741
2020-02-26T00:00:00.000000Z,0.10987400263547897,0.11031600087881088,0.092843003571033478,0.097098000347614288,9842546
2020-02-27T00:00:00.000000Z,0.097274996340274811,0.10585399717092514,0.089495003223419189,0.10071799904108047,10541340
2020-02-28T00:00:00.000000Z,0.1008789986371994,0.1083810031414032,0.095229998230934143,0.10035400092601776,9346840
2020-02-29T00:00:00.000000Z,0.10030599683523178,0.10301200300455093,0.097177997231483459,0.097321003675460815,5591233
2020-03-01T00:00:00.000000Z,0.097277998924255371,0.10666900128126144,0.096799999475479126,0.1016559973359108,10406412
2020-03-02T00:00:00.000000Z,0.10166300088167191,0.11167699843645096,0.1006539985537529,0.10835199803113937,9468312
2020-03-03T00:00:00.000000Z,0.10828299820423126,0.11255799978971481,0.1061289981007576,0.10783500224351883,7155859
2020-03-04T00:00:00.000000Z,0.10783500224351883,0.10887999832630157,0.1042570024728775,0.10580600053071976,6990054
2020-03-05T00:00:00.000000Z,0.10560300201177597,0.11416999995708466,0.10560300201177597,0.11076900362968445,8136051
2020-03-06T00:00:00.000000Z,0.11076900362968445,0.11335700005292892,0.10630299896001816,0.1124349981546402,8799145
2020-03-07T00:00:00.000000Z,0.11246900260448456,0.11370199918746948,0.10406599938869476,0.10564400255680084,6733969
2020-03-08T00:00:00.000000Z,0.10563000291585922,0.10575000196695328,0.08757299929857254,0.08757299929857254,6741646
2020-03-09T00:00:00.000000Z,0.087467998266220093,0.090515002608299255,0.081525996327400208,0.087172001600265503,7030843
2020-03-10T00:00:00.000000Z,0.087497003376483917,0.092343002557754517,0.085383996367454529,0.088478997349739075,6041565
2020-03-11T00:00:00.000000Z,0.088477998971939087,0.090929999947547913,0.078340001404285431,0.083160996437072754,6233584
2020-03-12T00:00:00.000000Z,0.083132997155189514,0.083449997007846832,0.044183000922203064,0.044546999037265778,6016139
2020-03-13T00:00:00.000000Z,0.044592998921871185,0.05737299844622612,0.036267001181840897,0.050664998590946198,7565425
2020-03-14T00:00:00.000000Z,0.050801001489162445,0.053141001611948013,0.047042999416589737,0.050783000886440277,6783121
2020-03-15T00:00:00.000000Z,0.050783000886440277,0.057519000023603439,0.050409998744726181,0.051757998764514923,4998092
2020-03-16T00:00:00.000000Z,0.051775000989437103,0.053477998822927475,0.043308001011610031,0.046395998448133469,8045078
2020-03-17T00:00:00.000000Z,0.046433001756668091,0.051885999739170074,0.04592600092291832,0.051314998418092728,5661491
2020-03-18T00:00:00.000000Z,0.051288999617099762,0.051523998379707336,0.047288000583648682,0.050902001559734344,3875133
2020-03-19T00:00:00.000000Z,0.050783999264240265,0.076765000820159912,0.050783999264240265,0.0741410031914711,42425270
2020-03-20T00:00:00.000000Z,0.07406800240278244,0.086891002953052521,0.068501003086566925,0.07469099760055542,17653324
2020-03-21T00:00:00.000000Z,0.074689999222755432,0.080504000186920166,0.070004001259803772,0.076281003654003143,7660090
2020-03-22T00:00:00.000000Z,0.076439999043941498,0.078709997236728668,0.070289000868797302,0.070550002157688141,5249209
2020-03-23T00:00:00.000000Z,0.070550002157688141,0.073867999017238617,0.064998000860214233,0.073752999305725098,7576569
2020-03-24T00:00:00.000000Z,0.073779001832008362,0.083824001252651215,0.072471998631954193,0.082742996513843536,7234709
2020-03-25T00:00:00.000000Z,0.082662001252174377,0.082662001252174377,0.076039999723434448,0.080447003245353699,6002228
2020-03-26T00:00:00.000000Z,0.080491997301578522,0.095137998461723328,0.079989999532699585,0.092372998595237732,17581384
2020-03-27T00:00:00.000000Z,0.092339001595973969,0.092687003314495087,0.084971003234386444,0.084986001253128052,8027265
2020-03-28T00:00:00.000000Z,0.085008002817630768,0.08861599862575531,0.077188000082969666,0.085798002779483795,8101671
2020-03-29T00:00:00.000000Z,0.085804000496864319,0.09031599760055542,0.081330999732017517,0.082138001918792725,7987058
2020-03-30T00:00:00.000000Z,0.082130998373031616,0.097263000905513763,0.081478998064994812,0.093304999172687531,14949799
2020-03-31T00:00:00.000000Z,0.092908002436161041,0.09645099937915802,0.091311000287532806,0.093685999512672424,8876182
2020-04-01T00:00:00.000000Z,0.093685999512672424,0.093685999512672424,0.086002998054027557,0.092773996293544769,6311594
2020-04-02T00:00:00.000000Z,0.09273800253868103,0.095048002898693085,0.089979000389575958,0.091669999063014984,6365565
2020-04-03T00:00:00.000000Z,0.091681003570556641,0.094267003238201141,0.088976003229618073,0.089918002486228943,4999882
2020-04-04T00:00:00.000000Z,0.089918002486228943,0.097369998693466187,0.089533001184463501,0.097157001495361328,6222643
2020-04-05T00:00:00.000000Z,0.097286000847816467,0.099509000778198242,0.092414997518062592,0.09355500340461731,5989729
2020-04-06T00:00:00.000000Z,0.093630000948905945,0.10004100203514099,0.093278996646404266,0.098204001784324646,6307896
2020-04-07T00:00:00.000000Z,0.098137997090816498,0.10061299800872803,0.094352997839450836,0.094858996570110321,5936556
2020-04-08T00:00:00.000000Z,0.09484100341796875,0.098292998969554901,0.093249000608921051,0.096900001168251038,5125813
2020-04-09T00:00:00.000000Z,0.096915997564792633,0.097350999712944031,0.093906998634338379,0.097190000116825104,5726685
2020-04-10T00:00:00.000000Z,0.097427003085613251,0.097436003386974335,0.083407998085021973,0.087780997157096863,6051416
2020-04-11T00:00:00.000000Z,0.08790300041437149,0.091641999781131744,0.085781998932361603,0.086989998817443848,4287584
2020-04-12T00:00:00.000000Z,0.086970999836921692,0.091698996722698212,0.085513003170490265,0.088413998484611511,4007605
2020-04-13T00:00:00.000000Z,0.088399000465869904,0.089841000735759735,0.083830997347831726,0.08963099867105484,5183142
2020-04-14T00:00:00.000000Z,0.089406996965408325,0.092550002038478851,0.088656000792980194,0.090686999261379242,4788093
2020-04-15T00:00:00.000000Z,0.090554997324943542,0.097365997731685638,0.089874997735023499,0.092488996684551239,9677233
2020-04-16T00:00:00.000000Z,0.092412002384662628,0.096537001430988312,0.088826000690460205,0.095900997519493103,8088428
2020-04-17T00:00:00.000000Z,0.096100002527236938,0.097742997109889984,0.094130001962184906,0.094619996845722198,4863581
2020-04-18T00:00:00.000000Z,0.094610996544361115,0.10498099774122238,0.094446003437042236,0.10402300208806992,7808769
2020-04-19T00:00:00.000000Z,0.10408599674701691,0.10735400021076202,0.099776998162269592,0.099903002381324768,9142337
2020-04-20T00:00:00.000000Z,0.10007499903440475,0.10838700085878372,0.09688200056552887,0.098252996802330017,15326067
2020-04-21T00:00:00.000000Z,0.098269000649452209,0.11365199834108353,0.097759000957012177,0.10730800032615662,26537257
2020-04-22T00:00:00.000000Z,0.10722699761390686,0.1171099990606308,0.10597299784421921,0.11255600303411484,15107802
2020-04-23T00:00:00.000000Z,0.11249399930238724,0.12259399890899658,0.11249399930238724,0.11976099759340286,14442415
2020-04-24T00:00:00.000000Z,0.11979299783706665,0.1320279985666275,0.11979299783706665,0.13118100166320801,13253586
2020-04-25T00:00:00.000000Z,0.13075000047683716,0.15523900091648102,0.12808999419212341,0.14879600703716278,35519253
2020-04-26T00:00:00.000000Z,0.14892800152301788,0.1582379937171936,0.1388700008392334,0.14077100157737732,29504204
2020-04-27T00:00:00.000000Z,0.14084400236606598,0.15132699906826019,0.13044199347496033,0.1377280056476593,27478412
2020-04-28T00:00:00.000000Z,0.13730999827384949,0.14451800286769867,0.13112899661064148,0.13918499648571014,16979180
2020-04-29T00:00:00.000000Z,0.13932999968528748,0.14570599794387817,0.13932999968528748,0.14322100579738617,19103844
2020-04-30T00:00:00.000000Z,0.14315299689769745,0.14441500604152679,0.13126400113105774,0.13613100349903107,19505520
2020-05-01T00:00:00.000000Z,0.13613100349903107,0.14408600330352783,0.13613100349903107,0.14153499901294708,15365651
2020-05-02T00:00:00.000000Z,0.14154399931430817,0.14689700305461884,0.13965199887752533,0.14389599859714508,12781151
2020-05-03T00:00:00.000000Z,0.14393599331378937,0.1445080041885376,0.13361699879169464,0.13558200001716614,8725663
2020-05-04T00:00:00.000000Z,0.13570399582386017,0.13932900130748749,0.12577199935913086,0.1367889940738678,10166773
2020-05-05T00:00:00.000000Z,0.13664799928665161,0.14706400036811829,0.13578000664710999,0.14531099796295166,13812455
2020-05-06T00:00:00.000000Z,0.14519000053405762,0.15619400143623352,0.14231500029563904,0.14231500029563904,22613810
2020-05-07T00:00:00.000000Z,0.14243200421333313,0.14823099970817566,0.13873200118541718,0.1417820006608963,15241058
2020-05-08T00:00:00.000000Z,0.1417279988527298,0.14864300191402435,0.13905000686645508,0.14456699788570404,12576683
2020-05-09T00:00:00.000000Z,0.14442700147628784,0.14993999898433685,0.14300200343132019,0.14577299356460571,9031117
2020-05-10T00:00:00.000000Z,0.14578500390052795,0.14589899778366089,0.12882600724697113,0.14261099696159363,14411091
2020-05-11T00:00:00.000000Z,0.14245499670505524,0.15250000357627869,0.13443499803543091,0.14870999753475189,21734290
2020-05-12T00:00:00.000000Z,0.14869199693202972,0.16509699821472168,0.14511500298976898,0.16251799464225769,25349090
2020-05-13T00:00:00.000000Z,0.16263400018215179,0.17371200025081635,0.15984000265598297,0.16112299263477325,23593785
2020-05-14T00:00:00.000000Z,0.16092599928379059,0.16456499695777893,0.15661600232124329,0.16149699687957764,15818649
2020-05-15T00:00:00.000000Z,0.16151799261569977,0.16896699368953705,0.15498800575733185,0.16393999755382538,18455059
2020-05-16T00:00:00.000000Z,0.16341200470924377,0.17109200358390808,0.16131100058555603,0.16153700649738312,14095002
2020-05-17T00:00:00.000000Z,0.16153700649738312,0.16577999293804169,0.1582999974489212,0.1622299998998642,15771557
2020-05-18T00:00:00.000000Z,0.1622689962387085,0.16344800591468811,0.15592700242996216,0.158160001039505,13289277
2020-05-19T00:00:00.000000Z,0.15820500254631042,0.16687799990177155,0.15631699562072754,0.16467300057411194,17246236
2020-05-20T00:00:00.000000Z,0.16462600231170654,0.17211200296878815,0.15701699256896973,0.16931100189685822,21465691
2020-05-21T00:00:00.000000Z,0.16930000483989716,0.18512000143527985,0.16729399561882019,0.1775519996881485,42964979
2020-05-22T00:00:00.000000Z,0.17754200100898743,0.17822399735450745,0.16675099730491638,0.1720770001411438,17703711
2020-05-23T00:00:00.000000Z,0.17217899858951569,0.17797000706195831,0.17057999968528748,0.17728400230407715,11423084
2020-05-24T00:00:00.000000Z,0.17731200158596039,0.17731200158596039,0.16500300168991089,0.16651999950408936,12003309
2020-05-25T00:00:00.000000Z,0.16631999611854553,0.19330500066280365,0.16507099568843842,0.18663099408149719,24047824
2020-05-26T00:00:00.000000Z,0.18657000362873077,0.20826199650764465,0.18202300369739532,0.18634200096130371,27847671
2020-05-27T00:00:00.000000Z,0.18634200096130371,0.23299899697303772,0.17858999967575073,0.21392999589443207,63771723
2020-05-28T00:00:00.000000Z,0.2136709988117218,0.23160499334335327,0.20269900560379028,0.20378699898719788,41007305
2020-05-29T00:00:00.000000Z,0.20377400517463684,0.21425899863243103,0.19717900454998016,0.20271599292755127,21690770
2020-05-30T00:00:00.000000Z,0.20243099331855774,0.21047799289226532,0.19854399561882019,0.20237599313259125,16635541
2020-05-31T00:00:00.000000Z,0.20237599313259125,0.21478000283241272,0.19935899972915649,0.20574800670146942,20154103
2020-06-01T00:00:00.000000Z,0.20602999627590179,0.21882399916648865,0.20139099657535553,0.20752400159835815,20255164
2020-06-02T00:00:00.000000Z,0.20734000205993652,0.21068400144577026,0.19444699585437775,0.19789600372314453,18958777
2020-06-03T00:00:00.000000Z,0.1980070024728775,0.19882300496101379,0.19070799648761749,0.19861200451850891,8937903
2020-06-04T00:00:00.000000Z,0.1986519992351532,0.20523099601268768,0.19493900239467621,0.19885000586509705,16819920
2020-06-05T00:00:00.000000Z,0.1990170031785965,0.20553900301456451,0.19403499364852905,0.20255599915981293,14572613
2020-06-06T00:00:00.000000Z,0.20255599915981293,0.20686200261116028,0.19818200170993805,0.20085300505161285,10969101
2020-06-07T00:00:00.000000Z,0.20085300505161285,0.2010589987039566,0.19196200370788574,0.19715699553489685,8850461
2020-06-08T00:00:00.000000Z,0.19721999764442444,0.20677399635314941,0.1940000057220459,0.20446400344371796,12165139
2020-06-09T00:00:00.000000Z,0.20569300651550293,0.21094299852848053,0.20160000026226044,0.20216700434684753,14829117
2020-06-10T00:00:00.000000Z,0.20249199867248535,0.21041500568389893,0.19751900434494019,0.20827999711036682,19466266
2020-06-11T00:00:00.000000Z,0.20827999711036682,0.2127390056848526,0.18555299937725067,0.18565499782562256,16215765
2020-06-12T00:00:00.000000Z,0.18589699268341064,0.20337900519371033,0.17856200039386749,0.19208100438117981,17935571
2020-06-13T00:00:00.000000Z,0.19264000654220581,0.19725100696086884,0.18969300389289856,0.19091799855232239,10150641
2020-06-14T00:00:00.000000Z,0.19093100726604462,0.19122999906539917,0.1804019957780838,0.18155400454998016,7318455
2020-06-15T00:00:00.000000Z,0.18155400454998016,0.18169699609279633,0.16055299341678619,0.17851600050926208,15121989
2020-06-16T00:00:00.000000Z,0.17847800254821777,0.18588200211524963,0.17152899503707886,0.17944300174713135,13125229
2020-06-17T00:00:00.000000Z,0.17958499491214752,0.17981000244617462,0.16910099983215332,0.17339800298213959,9619476
2020-06-18T00:00:00.000000Z,0.17339800298213959,0.18367700278759003,0.1717430055141449,0.17770899832248688,15139422
2020-06-19T00:00:00.000000Z,0.17827799916267395,0.17983999848365784,0.17107599973678589,0.17156800627708435,10311826
2020-06-20T00:00:00.000000Z,0.17156800627708435,0.17366999387741089,0.16786399483680725,0.17015700042247772,8457349
2020-06-21T00:00:00.000000Z,0.17033900320529938,0.17547699809074402,0.16898100078105927,0.17062899470329285,7784015
2020-06-22T00:00:00.000000Z,0.17054300010204315,0.17676100134849548,0.17014500498771667,0.17654800415039062,8232637
2020-06-23T00:00:00.000000Z,0.176487997174263,0.18978899717330933,0.17434899508953094,0.18198299407958984,10465616
2020-06-24T00:00:00.000000Z,0.18198099732398987,0.18761000037193298,0.17101900279521942,0.17529299855232239,8349668
2020-06-25T00:00:00.000000Z,0.17512699961662292,0.17537799477577209,0.16676999628543854,0.16950500011444092,8323597
2020-06-26T00:00:00.000000Z,0.16953000426292419,0.17315100133419037,0.1591469943523407,0.15989199280738831,16658818
2020-06-27T00:00:00.000000Z,0.16000699996948242,0.16107399761676788,0.14860500395298004,0.15375599265098572,7746625
2020-06-28T00:00:00.000000Z,0.15375599265098572,0.1607079952955246,0.14973700046539307,0.15677499771118164,5351634
2020-06-29T00:00:00.000000Z,0.15676799416542053,0.17470000684261322,0.15395000576972961,0.17157700657844543,11863680
2020-06-30T00:00:00.000000Z,0.17154599726200104,0.17902399599552155,0.16809900104999542,0.16816900670528412,11377214
2020-07-01T00:00:00.000000Z,0.16791300475597382,0.1729619950056076,0.16321299970149994,0.17237399518489838,7202818
2020-07-02T00:00:00.000000Z,0.17239400744438171,0.17490200698375702,0.16249699890613556,0.1685899943113327,7373301
2020-07-03T00:00:00.000000Z,0.16833700239658356,0.17481899261474609,0.1667650043964386,0.17151300609111786,7387919
2020-07-04T00:00:00.000000Z,0.17151400446891785,0.18499499559402466,0.1710750013589859,0.18131199479103088,12826280
2020-07-05T00:00:00.000000Z,0.18130899965763092,0.18849900364875793,0.1696929931640625,0.17279799282550812,10528880
2020-07-06T00:00:00.000000Z,0.17279799282550812,0.17996899783611298,0.17172800004482269,0.17867699265480042,6783773
2020-07-07T00:00:00.000000Z,0.1783750057220459,0.17856599390506744,0.17318299412727356,0.1761000007390976,5114156
2020-07-08T00:00:00.000000Z,0.17600899934768677,0.18473799526691437,0.17600899934768677,0.18440799415111542,9529016
2020-07-09T00:00:00.000000Z,0.18443700671195984,0.19366100430488586,0.17773400247097015,0.18489000201225281,13627681
2020-07-10T00:00:00.000000Z,0.18486499786376953,0.18497100472450256,0.17121399939060211,0.17658600211143494,8892870
2020-07-11T00:00:00.000000Z,0.17668400704860687,0.18223400413990021,0.17548699676990509,0.18161100149154663,8259321
2020-07-12T00:00:00.000000Z,0.18146699666976929,0.18165199458599091,0.17474499344825745,0.17689900100231171,7538064
2020-07-13T00:00:00.000000Z,0.17689900100231171,0.19126899540424347,0.17427699267864227,0.17959299683570862,16103871
2020-07-14T00:00:00.000000Z,0.17956100404262543,0.19890600442886353,0.17716099321842194,0.18567200005054474,26712472
2020-07-15T00:00:00.000000Z,0.18565799295902252,0.19212900102138519,0.18383200466632843,0.18443100154399872,9833192
2020-07-16T00:00:00.000000Z,0.18443900346755981,0.19846700131893158,0.17135900259017944,0.19144000113010406,23301847
2020-07-17T00:00:00.000000Z,0.19123199582099915,0.21519899368286133,0.19123199582099915,0.20250900089740753,36346254
2020-07-18T00:00:00.000000Z,0.20121900737285614,0.21701599657535553,0.196383997797966,0.20735399425029755,19427264
2020-07-19T00:00:00.000000Z,0.20748999714851379,0.21074800193309784,0.19665099680423737,0.20697300136089325,11883249
2020-07-20T00:00:00.000000Z,0.20695899426937103,0.20695899426937103,0.19307999312877655,0.19380700588226318,9564121
2020-07-21T00:00:00.000000Z,0.19378800690174103,0.19673100113868713,0.18670600652694702,0.19337500631809235,10861379
2020-07-22T00:00:00.000000Z,0.19332599639892578,0.19786100089550018,0.19042700529098511,0.1906999945640564,8227573
2020-07-23T00:00:00.000000Z,0.19069799780845642,0.19205200672149658,0.18407399952411652,0.18540599942207336,10211019
2020-07-24T00:00:00.000000Z,0.18532399833202362,0.18815000355243683,0.18378299474716187,0.18583600223064423,5636335
2020-07-25T00:00:00.000000Z,0.18591299653053284,0.19287200272083282,0.18529500067234039,0.18713399767875671,7688472
2020-07-26T00:00:00.000000Z,0.1870809942483902,0.1890140026807785,0.17709599435329437,0.1783829927444458,10056276
2020-07-27T00:00:00.000000Z,0.17828799784183502,0.17918799817562103,0.16087299585342407,0.16893200576305389,18290438
2020-07-28T00:00:00.000000Z,0.16882799565792084,0.1759909987449646,0.16489000618457794,0.17425400018692017,8335132
2020-07-29T00:00:00.000000Z,0.17433999478816986,0.18413199484348297,0.17419299483299255,0.17654800415039062,7816198
2020-07-30T00:00:00.000000Z,0.17644700407981873,0.17943599820137024,0.17392799258232117,0.17817699909210205,4820653
2020-07-31T00:00:00.000000Z,0.17786799371242523,0.18240900337696075,0.17238800227642059,0.17441800236701965,8064752
2020-08-01T00:00:00.000000Z,0.17441800236701965,0.1793150007724762,0.17263899743556976,0.17607399821281433,8741554
2020-08-02T00:00:00.000000Z,0.17602699995040894,0.17977499961853027,0.16819499433040619,0.17466500401496887,12162394
2020-08-03T00:00:00.000000Z,0.17465299367904663,0.18039399385452271,0.17465299367904663,0.17823100090026855,7987040
2020-08-04T00:00:00.000000Z,0.1782200038433075,0.190093994140625,0.1782200038433075,0.18763700127601624,12943273
2020-08-05T00:00:00.000000Z,0.18760700523853302,0.1983570009469986,0.18680499494075775,0.18985800445079803,13713532
2020-08-06T00:00:00.000000Z,0.18984299898147583,0.19514100253582001,0.18610100448131561,0.19300299882888794,9922044
2020-08-07T00:00:00.000000Z,0.19299300014972687,0.2107049971818924,0.19296999275684357,0.20857299864292145,29082086
2020-08-08T00:00:00.000000Z,0.20880399644374847,0.22011899948120117,0.20686300098896027,0.21170100569725037,24492168
2020-08-09T00:00:00.000000Z,0.21171200275421143,0.23874999582767487,0.20660899579524994,0.22260899841785431,43548992
2020-08-10T00:00:00.000000Z,0.22131000459194183,0.22611899673938751,0.20804199576377869,0.22476400434970856,29510897
2020-08-11T00:00:00.000000Z,0.2250639945268631,0.22507999837398529,0.19665800034999847,0.20368699729442596,20542311
2020-08-12T00:00:00.000000Z,0.20381399989128113,0.21149300038814545,0.19577400386333466,0.21003900468349457,14056160
2020-08-13T00:00:00.000000Z,0.20965500175952911,0.22373299300670624,0.20032699406147003,0.21265499293804169,25975526
2020-08-14T00:00:00.000000Z,0.21285000443458557,0.21845300495624542,0.2080560028553009,0.20888499915599823,16023559
2020-08-15T00:00:00.000000Z,0.20870199799537659,0.2097260057926178,0.20416699349880219,0.2061610072851181,11727242
2020-08-16T00:00:00.000000Z,0.20629400014877319,0.21431200206279755,0.20319800078868866,0.21431200206279755,10631479
2020-08-17T00:00:00.000000Z,0.21431200206279755,0.21445499360561371,0.20130300521850586,0.20550400018692017,15929848
2020-08-18T00:00:00.000000Z,0.20552100241184235,0.21333099901676178,0.19989700615406036,0.20845699310302734,14437948
2020-08-19T00:00:00.000000Z,0.20845699310302734,0.21097500622272491,0.19374200701713562,0.1969980001449585,11260662
2020-08-20T00:00:00.000000Z,0.19707700610160828,0.20972900092601776,0.19554899632930756,0.20855699479579926,12085391
2020-08-21T00:00:00.000000Z,0.20862500369548798,0.23460699617862701,0.20722100138664246,0.21083399653434753,36632641
2020-08-22T00:00:00.000000Z,0.21073099970817566,0.22769199311733246,0.19769799709320068,0.22503699362277985,21353726
2020-08-23T00:00:00.000000Z,0.22481100261211395,0.22560900449752808,0.21389399468898773,0.22085900604724884,10587174
2020-08-24T00:00:00.000000Z,0.22085900604724884,0.25758698582649231,0.21642599999904633,0.24477100372314453,35810612
2020-08-25T00:00:00.000000Z,0.24500499665737152,0.24500499665737152,0.21563500165939331,0.22733299434185028,24659836
2020-08-26T00:00:00.000000Z,0.2271060049533844,0.23624999821186066,0.22111900150775909,0.22738300263881683,14963984
2020-08-27T00:00:00.000000Z,0.22741499543190002,0.22753700613975525,0.20238199830055237,0.21078799664974213,16722585
2020-08-28T00:00:00.000000Z,0.21099700033664703,0.22412200272083282,0.2078540027141571,0.22250300645828247,9198139
2020-08-29T00:00:00.000000Z,0.22239199280738831,0.22239199280738831,0.211434006690979,0.21364699304103851,8801283
2020-08-30T00:00:00.000000Z,0.21343299746513367,0.22637100517749786,0.21230599284172058,0.21846899390220642,10500323
2020-08-31T00:00:00.000000Z,0.21843400597572327,0.22286200523376465,0.21412700414657593,0.21462500095367432,8081155
2020-09-01T00:00:00.000000Z,0.21457299590110779,0.21464399993419647,0.20794500410556793,0.21041099727153778,11738491
2020-09-02T00:00:00.000000Z,0.21031899750232697,0.21031899750232697,0.20047800242900848,0.20235100388526917,14723189
2020-09-03T00:00:00.000000Z,0.20211300253868103,0.20648999512195587,0.16424199938774109,0.17235100269317627,18318127
2020-09-04T00:00:00.000000Z,0.17271800339221954,0.17971700429916382,0.16112899780273438,0.17107799649238586,10228840
2020-09-05T00:00:00.000000Z,0.1714480072259903,0.17664200067520142,0.1443759948015213,0.15374200046062469,8686926
2020-09-06T00:00:00.000000Z,0.15374200046062469,0.16213500499725342,0.14491100609302521,0.15996499359607697,6835893
2020-09-07T00:00:00.000000Z,0.1599700003862381,0.16162699460983276,0.14039699733257294,0.15056400001049042,8686586
2020-09-08T00:00:00.000000Z,0.15060900151729584,0.15683600306510925,0.14282399415969849,0.15415099263191223,7075799
2020-09-09T00:00:00.000000Z,0.15408100187778473,0.17199300229549408,0.15132300555706024,0.16493399441242218,13698753
2020-09-10T00:00:00.000000Z,0.1650020033121109,0.17910599708557129,0.16424399614334106,0.17646999657154083,7955749
2020-09-11T00:00:00.000000Z,0.17646999657154083,0.17741699516773224,0.16765199601650238,0.17191100120544434,5038478
2020-09-12T00:00:00.000000Z,0.17191499471664429,0.17272600531578064,0.16851399838924408,0.17265300452709198,4038163
2020-09-13T00:00:00.000000Z,0.17265300452709198,0.17270299792289734,0.15805999934673309,0.1621910035610199,4746215
2020-09-14T00:00:00.000000Z,0.16176499426364899,0.16828800737857819,0.15962499380111694,0.1675879955291748,3813417
2020-09-15T00:00:00.000000Z,0.16762199997901917,0.17377500236034393,0.15922300517559052,0.15974000096321106,4537705
2020-09-16T00:00:00.000000Z,0.15978200733661652,0.15980400145053864,0.15355299413204193,0.15703000128269196,4424974
2020-09-17T00:00:00.000000Z,0.15692900121212006,0.16388100385665894,0.15615500509738922,0.16209499537944794,3434619
2020-09-18T00:00:00.000000Z,0.16209499537944794,0.1701200008392334,0.15928100049495697,0.16623300313949585,6964418
2020-09-19T00:00:00.000000Z,0.16615000367164612,0.17285500466823578,0.16358199715614319,0.16965700685977936,4047321
2020-09-20T00:00:00.000000Z,0.16971500217914581,0.16993500292301178,0.15760800242424011,0.16146799921989441,3474886
2020-09-21T00:00:00.000000Z,0.16136600077152252,0.1667650043964386,0.1423410028219223,0.14486299455165863,6268445
2020-09-22T00:00:00.000000Z,0.14474399387836456,0.15609000623226166,0.14161600172519684,0.15528999269008636,4979993
2020-09-23T00:00:00.000000Z,0.15507900714874268,0.16325899958610535,0.1432420015335083,0.14378699660301208,7157300
2020-09-24T00:00:00.000000Z,0.14376400411128998,0.15643300116062164,0.14222800731658936,0.15573500096797943,4579423
2020-09-25T00:00:00.000000Z,0.15562699735164642,0.15921500325202942,0.14714699983596802,0.15434600412845612,6310295
2020-09-26T00:00:00.000000Z,0.15437799692153931,0.16381999850273132,0.15437799692153931,0.16313500702381134,5320088
2020-09-27T00:00:00.000000Z,0.16301600635051727,0.17801900207996368,0.15687599778175354,0.16945099830627441,26739254
2020-09-28T00:00:00.000000Z,0.16953299939632416,0.17730799317359924,0.16469399631023407,0.16912999749183655,12841565
2020-09-29T00:00:00.000000Z,0.1684270054101944,0.18180699646472931,0.15703600645065308,0.16071499884128571,29703998
2020-09-30T00:00:00.000000Z,0.16027100384235382,0.16381900012493134,0.15708500146865845,0.16080699861049652,11114553
2020-10-01T00:00:00.000000Z,0.16077700257301331,0.16572999954223633,0.15056900680065155,0.15458099544048309,9571810
2020-10-02T00:00:00.000000Z,0.15433299541473389,0.15477299690246582,0.14438900351524353,0.15078100562095642,9124147
2020-10-03T00:00:00.000000Z,0.1509069949388504,0.15416799485683441,0.14906999468803406,0.15008899569511414,3112484
2020-10-04T00:00:00.000000Z,0.15030699968338013,0.15472899377346039,0.14698599278926849,0.1523980051279068,5901746
2020-10-05T00:00:00.000000Z,0.15245899558067322,0.15590199828147888,0.14836399257183075,0.15522199869155884,6708187
2020-10-06T00:00:00.000000Z,0.15504099428653717,0.15540300309658051,0.14301800727844238,0.14348900318145752,6597408
2020-10-07T00:00:00.000000Z,0.14378100633621216,0.14857199788093567,0.13991600275039673,0.14857099950313568,6254719
2020-10-08T00:00:00.000000Z,0.14903700351715088,0.1519089937210083,0.14221599698066711,0.15011699497699738,8193380
2020-10-09T00:00:00.000000Z,0.15068900585174561,0.15656299889087677,0.14771400392055511,0.15447300672531128,8384697
2020-10-10T00:00:00.000000Z,0.15449899435043335,0.16385799646377563,0.15445500612258911,0.15994499623775482,8654502
2020-10-11T00:00:00.000000Z,0.15985800325870514,0.16596099734306335,0.15670900046825409,0.15908800065517426,7731171
2020-10-12T00:00:00.000000Z,0.15892599523067474,0.17170000076293945,0.15805099904537201,0.16713200509548187,18729999
2020-10-13T00:00:00.000000Z,0.16621500253677368,0.16691200435161591,0.15732799470424652,0.16152100265026093,8206422
2020-10-14T00:00:00.000000Z,0.16160200536251068,0.16263699531555176,0.15052400529384613,0.15417100489139557,7784638
2020-10-15T00:00:00.000000Z,0.15413999557495117,0.15582099556922913,0.15001000463962555,0.15280300378799438,5399069
2020-10-16T00:00:00.000000Z,0.1528950035572052,0.15332800149917603,0.14476500451564789,0.14574800431728363,6142036
2020-10-17T00:00:00.000000Z,0.14595499634742737,0.15082600712776184,0.14501799643039703,0.14869299530982971,3724772
2020-10-18T00:00:00.000000Z,0.14888699352741241,0.15101200342178345,0.14760999381542206,0.15082100033760071,2766776
2020-10-19T00:00:00.000000Z,0.15083999931812286,0.15126900374889374,0.14724700152873993,0.14953500032424927,4823926
2020-10-20T00:00:00.000000Z,0.14948800206184387,0.14948800206184387,0.13786299526691437,0.14081500470638275,7085680
2020-10-21T00:00:00.000000Z,0.14084699749946594,0.14898799359798431,0.14069899916648865,0.14389599859714508,6317262
2020-10-22T00:00:00.000000Z,0.14396700263023376,0.15377800166606903,0.14396700263023376,0.15099799633026123,5533153
2020-10-23T00:00:00.000000Z,0.15112400054931641,0.15309000015258789,0.14553000032901764,0.14767800271511078,6803928
2020-10-24T00:00:00.000000Z,0.14767800271511078,0.15017600357532501,0.14560599625110626,0.146588996052742,4845102
2020-10-25T00:00:00.000000Z,0.146588996052742,0.14840400218963623,0.14273500442504883,0.14408600330352783,4509510
2020-10-26T00:00:00.000000Z,0.14408600330352783,0.14546599984169006,0.13309599459171295,0.138496994972229,8983438
2020-10-27T00:00:00.000000Z,0.138496994972229,0.14140699803829193,0.13590599596500397,0.1386139988899231,6380447
2020-10-28T00:00:00.000000Z,0.13861599564552307,0.14062200486660004,0.13137699663639069,0.13503199815750122,3957047
2020-10-29T00:00:00.000000Z,0.13503299653530121,0.13738900423049927,0.13064000010490417,0.13259199261665344,3278837
2020-10-30T00:00:00.000000Z,0.13259400427341461,0.13335500657558441,0.12522199749946594,0.12654000520706177,3857720
2020-10-31T00:00:00.000000Z,0.12654000520706177,0.13053999841213226,0.12619699537754059,0.1273529976606369,3012240
2020-11-01T00:00:00.000000Z,0.1273529976606369,0.12839899957180023,0.12442799657583237,0.12704500555992126,3254627
2020-11-02T00:00:00.000000Z,0.12704199552536011,0.12929099798202515,0.12141700088977814,0.12160699814558029,3171906
2020-11-03T00:00:00.000000Z,0.1216059997677803,0.1216059997677803,0.11526600271463394,0.11885900050401688,4487813
2020-11-04T00:00:00.000000Z,0.11885999888181686,0.11975099891424179,0.11152300238609314,0.1184689998626709,3405677
2020-11-05T00:00:00.000000Z,0.1184689998626709,0.12572400271892548,0.1182510033249855,0.12405499815940857,5340180
2020-11-06T00:00:00.000000Z,0.12405499815940857,0.13810600340366364,0.12307000160217285,0.13766500353813171,7840343
2020-11-07T00:00:00.000000Z,0.1376660019159317,0.14371700584888458,0.12361600250005722,0.12819799780845642,8281531
2020-11-08T00:00:00.000000Z,0.1281999945640564,0.13906300067901611,0.1263359934091568,0.13656799495220184,5961189
2020-11-09T00:00:00.000000Z,0.13657300174236298,0.13791799545288086,0.12879300117492676,0.13326600193977356,4994906
2020-11-10T00:00:00.000000Z,0.13328799605369568,0.14199799299240112,0.13274799287319183,0.13972100615501404,7175117
2020-11-11T00:00:00.000000Z,0.13972100615501404,0.14471800625324249,0.13766999542713165,0.1386599987745285,7889162
2020-11-12T00:00:00.000000Z,0.13865800201892853,0.14167900383472443,0.13181999325752258,0.134319007396698,5170787
2020-11-13T00:00:00.000000Z,0.13432100415229797,0.14413599669933319,0.13342399895191193,0.14371000230312347,5865946
2020-11-14T00:00:00.000000Z,0.14371000230312347,0.14375500380992889,0.13586199283599854,0.14175400137901306,3823739
2020-11-15T00:00:00.000000Z,0.14175400137901306,0.15004999935626984,0.13873699307441711,0.14439499378204346,8163660
2020-11-16T00:00:00.000000Z,0.14439499378204346,0.14965499937534332,0.14124499261379242,0.14449200034141541,6355757
2020-11-17T00:00:00.000000Z,0.14471200108528137,0.14684000611305237,0.14321500062942505,0.14550299942493439,5792678
2020-11-18T00:00:00.000000Z,0.14550299942493439,0.14628399908542633,0.133651003241539,0.13883300125598907,8278276
2020-11-19T00:00:00.000000Z,0.13883000612258911,0.14005500078201294,0.13388000428676605,0.13638000190258026,4207343
2020-11-20T00:00:00.000000Z,0.13638000190258026,0.14073599874973297,0.13506400585174561,0.13993899524211884,5504265
2020-11-21T00:00:00.000000Z,0.13993899524211884,0.15011799335479736,0.13740000128746033,0.14949899911880493,8106537
2020-11-22T00:00:00.000000Z,0.14949899911880493,0.15254299342632294,0.13746200501918793,0.14447900652885437,9152679
2020-11-23T00:00:00.000000Z,0.14447900652885437,0.15628300607204437,0.14107300341129303,0.15454499423503876,10002837
2020-11-24T00:00:00.000000Z,0.15455099940299988,0.16313500702381134,0.1478549987077713,0.15863600373268127,19499851
2020-11-25T00:00:00.000000Z,0.15872099995613098,0.17771799862384796,0.15534800291061401,0.16235199570655823,23637892
2020-11-26T00:00:00.000000Z,0.16237500309944153,0.16854900121688843,0.13496699929237366,0.1419139951467514,22456665
2020-11-27T00:00:00.000000Z,0.14201200008392334,0.14472399652004242,0.13437199592590332,0.14183999598026276,8670892
2020-11-28T00:00:00.000000Z,0.14191100001335144,0.15069900453090668,0.14107500016689301,0.14471800625324249,8336021
2020-11-29T00:00:00.000000Z,0.14482200145721436,0.14535099267959595,0.14150199294090271,0.14391599595546722,6480191
2020-11-30T00:00:00.000000Z,0.14384999871253967,0.14834700524806976,0.13969099521636963,0.14796000719070435,11118519
2020-12-01T00:00:00.000000Z,0.14803799986839294,0.15313799679279327,0.13796800374984741,0.14694799482822418,14751313
2020-12-02T00:00:00.000000Z,0.14686299860477448,0.16113099455833435,0.14531399309635162,0.16101300716400146,11683201
2020-12-03T00:00:00.000000Z,0.1612280011177063,0.16355699300765991,0.1539749950170517,0.15756799280643463,10692207
2020-12-04T00:00:00.000000Z,0.15740099549293518,0.16197000443935394,0.14485499262809753,0.14727500081062317,18362904
2020-12-05T00:00:00.000000Z,0.14707300066947937,0.15590800344944,0.14410799741744995,0.15305300056934357,10287482
2020-12-06T00:00:00.000000Z,0.15302799642086029,0.15355299413204193,0.14838500320911407,0.1528560072183609,7881995
2020-12-07T00:00:00.000000Z,0.15278999507427216,0.15641500055789948,0.15006299316883087,0.15198099613189697,7050713
2020-12-08T00:00:00.000000Z,0.15198400616645813,0.15750400722026825,0.14035800099372864,0.14048400521278381,14493479
2020-12-09T00:00:00.000000Z,0.14049600064754486,0.14138199388980865,0.1315000057220459,0.14085899293422699,9500703
2020-12-10T00:00:00.000000Z,0.14087000489234924,0.14394800364971161,0.13728700578212738,0.14251500368118286,7660754
2020-12-11T00:00:00.000000Z,0.14252400398254395,0.14323699474334717,0.13476599752902985,0.1404619961977005,6434380
2020-12-12T00:00:00.000000Z,0.14035500586032867,0.14493399858474731,0.14022499322891235,0.14461499452590942,4413356
2020-12-13T00:00:00.000000Z,0.14466400444507599,0.14587999880313873,0.14147099852561951,0.14355599880218506,7649760
2020-12-14T00:00:00.000000Z,0.14357699453830719,0.15254500508308411,0.14191600680351257,0.15058399736881256,13148926
2020-12-15T00:00:00.000000Z,0.1505810022354126,0.15872399508953094,0.14740900695323944,0.15527899563312531,13342325
2020-12-16T00:00:00.000000Z,0.15531499683856964,0.15688300132751465,0.1514119952917099,0.15430000424385071,11348257
2020-12-17T00:00:00.000000Z,0.15421000123023987,0.1611270010471344,0.1513729989528656,0.15258899331092834,15530338
2020-12-18T00:00:00.000000Z,0.15256600081920624,0.16363899409770966,0.15007500350475311,0.16012699902057648,10752296
2020-12-19T00:00:00.000000Z,0.16009899973869324,0.16658799350261688,0.15883199870586395,0.15936799347400665,9696800
2020-12-20T00:00:00.000000Z,0.1592009961605072,0.1593639999628067,0.15104000270366669,0.1527940034866333,8516939
2020-12-21T00:00:00.000000Z,0.15292899310588837,0.15619200468063354,0.14214000105857849,0.14644800126552582,12883970
2020-12-22T00:00:00.000000Z,0.1464260071516037,0.14713600277900696,0.13961899280548096,0.14527499675750732,11203913
2020-12-23T00:00:00.000000Z,0.14526599645614624,0.14576800167560577,0.11811099946498871,0.12252199649810791,12459255
2020-12-24T00:00:00.000000Z,0.12253300100564957,0.14402799308300018,0.12072599679231644,0.14402799308300018,13049307
2020-12-25T00:00:00.000000Z,0.14405499398708344,0.14553600549697876,0.13959799706935883,0.14098900556564331,10310628
2020-12-26T00:00:00.000000Z,0.14099900424480438,0.14142799377441406,0.13474500179290771,0.14080500602722168,10382767
2020-12-27T00:00:00.000000Z,0.14084599912166595,0.14669600129127502,0.13427700102329254,0.13703200221061707,15258377
2020-12-28T00:00:00.000000Z,0.13700799643993378,0.14447000622749329,0.13610599935054779,0.13902999460697174,11887204
2020-12-29T00:00:00.000000Z,0.13905000686645508,0.14050100743770599,0.13033600151538849,0.13373500108718872,11070178
2020-12-30T00:00:00.000000Z,0.13350300490856171,0.13706199824810028,0.1295740008354187,0.13023799657821655,9601933
2020-12-31T00:00:00.000000Z,0.13013100624084473,0.13089300692081451,0.12547099590301514,0.13066500425338745,9829378
2021-01-01T00:00:00.000000Z,0.13061699271202087,0.13898700475692749,0.12949700653553009,0.13601000607013702,11594101
2021-01-02T00:00:00.000000Z,0.13601699471473694,0.13616800308227539,0.12853500247001648,0.13203099370002747,11785685
2021-01-03T00:00:00.000000Z,0.13205599784851074,0.13714900612831116,0.12904900312423706,0.13537900149822235,12845689
2021-01-04T00:00:00.000000Z,0.13486200571060181,0.14793099462985992,0.12997600436210632,0.1412380039691925,18245669
2021-01-05T00:00:00.000000Z,0.14118200540542603,0.14825600385665894,0.13478399813175201,0.1466829925775528,14535887
2021-01-06T00:00:00.000000Z,0.14667299389839172,0.16262100636959076,0.14291399717330933,0.1608549952507019,23049461
2021-01-07T00:00:00.000000Z,0.1608159989118576,0.18772999942302704,0.15824200212955475,0.16414499282836914,29523211
2021-01-08T00:00:00.000000Z,0.16418500244617462,0.27489900588989258,0.16418500244617462,0.22266300022602081,362853159
2021-01-09T00:00:00.000000Z,0.22116799652576447,0.22116799652576447,0.1932930052280426,0.20731799304485321,66173532
2021-01-10T00:00:00.000000Z,0.20715899765491486,0.21502900123596191,0.17147399485111237,0.18747499585151672,35120309
2021-01-11T00:00:00.000000Z,0.18726499378681183,0.18726499378681183,0.1417119950056076,0.16402900218963623,30000750
2021-01-12T00:00:00.000000Z,0.16386599838733673,0.18078500032424927,0.15785199403762817,0.16797000169754028,27389149
2021-01-13T00:00:00.000000Z,0.16801699995994568,0.18103800714015961,0.1590999960899353,0.17981000244617462,15473541
2021-01-14T00:00:00.000000Z,0.17977499961853027,0.18922600150108337,0.17284500598907471,0.18233899772167206,18052194
2021-01-15T00:00:00.000000Z,0.18268400430679321,0.19726699590682983,0.17080199718475342,0.18922799825668335,28971721
2021-01-16T00:00:00.000000Z,0.18920899927616119,0.20694799721240997,0.18740299344062805,0.19751100242137909,30749749
2021-01-17T00:00:00.000000Z,0.19669200479984283,0.3004780113697052,0.19669200479984283,0.23066599667072296,226716206
2021-01-18T00:00:00.000000Z,0.23089100420475006,0.27024498581886292,0.22819200158119202,0.24466200172901154,116764984
2021-01-19T00:00:00.000000Z,0.24532100558280945,0.42550799250602722,0.2363400012254715,0.35894998908042908,724835470
2021-01-20T00:00:00.000000Z,0.36246499419212341,0.46219098567962646,0.35534599423408508,0.42575401067733765,735680799
2021-01-21T00:00:00.000000Z,0.42526799440383911,0.43801099061965942,0.33006998896598816,0.33068001270294189,196642098
2021-01-22T00:00:00.000000Z,0.33074000477790833,0.41183099150657654,0.29385000467300415,0.38186600804328918,246445806
2021-01-23T00:00:00.000000Z,0.3814530074596405,0.44746801257133484,0.37592101097106934,0.42893201112747192,246086458
2021-01-24T00:00:00.000000Z,0.42938500642776489,0.42938500642776489,0.39787000417709351,0.41981500387191772,95647953
2021-01-25T00:00:00.000000Z,0.42037099599838257,0.49067699909210205,0.40410301089286804,0.47496300935745239,203775455
2021-01-26T00:00:00.000000Z,0.47541600465774536,0.48953598737716675,0.39059799909591675,0.43762600421905518,320667371
2021-01-27T00:00:00.000000Z,0.43901500105857849,0.43905898928642273,0.36014899611473083,0.36717900633811951,101999890
2021-01-28T00:00:00.000000Z,0.3669469952583313,0.39057698845863342,0.34661099314689636,0.372406005859375,102477224
2021-01-29T00:00:00.000000Z,0.36620798707008362,0.37251999974250793,0.34506800770759583,0.35803499817848206,78959020
2021-01-30T00:00:00.000000Z,0.35753300786018372,0.35880699753761292,0.3278459906578064,0.33211499452590942,44547595
2021-01-31T00:00:00.000000Z,0.33161801099777222,0.36116001009941101,0.32798600196838379,0.34054398536682129,74751566
2021-02-01T00:00:00.000000Z,0.34096100926399231,0.34766000509262085,0.31302401423454285,0.34074801206588745,76549763
2021-02-02T00:00:00.000000Z,0.34068098664283752,0.38136300444602966,0.33464300632476807,0.35902699828147888,107780868
2021-02-03T00:00:00.000000Z,0.35873100161552429,0.36825200915336609,0.35182198882102966,0.36378699541091919,56739110
2021-02-04T00:00:00.000000Z,0.36434999108314514,0.37542998790740967,0.33112499117851257,0.36154499650001526,77081803
2021-02-05T00:00:00.000000Z,0.36142998933792114,0.40882000327110291,0.35735699534416199,0.407135009765625,110169756
2021-02-06T00:00:00.000000Z,0.40689799189567566,0.40926098823547363,0.35819000005722046,0.38745498657226562,83823935
2021-02-07T00:00:00.000000Z,0.38743698596954346,0.40469899773597717,0.35778498649597168,0.37889298796653748,65297841
2021-02-08T00:00:00.000000Z,0.37886101007461548,0.39969900250434875,0.37179899215698242,0.39327999949455261,70915944
2021-02-09T00:00:00.000000Z,0.39304500818252563,0.42838099598884583,0.38698399066925049,0.41559299826622009,92574349
2021-02-10T00:00:00.000000Z,0.4154059886932373,0.4497230052947998,0.38569000363349915,0.42375999689102173,113805806
2021-02-11T00:00:00.000000Z,0.42403599619865417,0.6532289981842041,0.41895100474357605,0.59328699111938477,693739866
2021-02-12T00:00:00.000000Z,0.59310102462768555,0.64232999086380005,0.55998998880386353,0.60519099235534668,262197094
2021-02-13T00:00:00.000000Z,0.60414999723434448,0.62242597341537476,0.53989201784133911,0.5866590142250061,135014681
2021-02-14T00:00:00.000000Z,0.58709502220153809,0.6137009859085083,0.52623701095581055,0.54931497573852539,96953971
2021-02-15T00:00:00.000000Z,0.54937797784805298,0.56263500452041626,0.45065000653266907,0.52269101142883301,82438413
2021-02-16T00:00:00.000000Z,0.52295899391174316,0.58350998163223267,0.51581001281738281,0.54497897624969482,82961220
2021-02-17T00:00:00.000000Z,0.54519802331924438,0.56841599941253662,0.50495302677154541,0.54901301860809326,67318773
2021-02-18T00:00:00.000000Z,0.54876798391342163,0.59188598394393921,0.54420697689056396,0.59168499708175659,93829753
2021-02-19T00:00:00.000000Z,0.59175097942352295,0.61860400438308716,0.5542299747467041,0.60475301742553711,98619678
2021-02-20T00:00:00.000000Z,0.60506099462509155,0.60796499252319336,0.53277599811553955,0.55987197160720825,98618274
2021-02-21T00:00:00.000000Z,0.55849099159240723,0.58956402540206909,0.5488470196723938,0.57800799608230591,65070344
2021-02-22T00:00:00.000000Z,0.57847398519515991,0.66090601682662964,0.46295401453971863,0.54758197069168091,257659837
2021-02-23T00:00:00.000000Z,0.5476449728012085,0.54838800430297852,0.35861301422119141,0.44866698980331421,136824633
2021-02-24T00:00:00.000000Z,0.45037299394607544,0.51047897338867188,0.4247480034828186,0.49260398745536804,74401446
2021-02-25T00:00:00.000000Z,0.49266499280929565,0.6634029746055603,0.49266499280929565,0.54097402095794678,398926740
2021-02-26T00:00:00.000000Z,0.54027301073074341,0.61611497402191162,0.52904897928237915,0.57628697156906128,187353987
2021-02-27T00:00:00.000000Z,0.57705599069595337,0.6480720043182373,0.55476701259613037,0.56864702701568604,107548214
2021-02-28T00:00:00.000000Z,0.56915801763534546,0.59015500545501709,0.48132199048995972,0.56731599569320679,105271425
2021-03-01T00:00:00.000000Z,0.57052898406982422,0.72908902168273926,0.56754499673843384,0.70341497659683228,355224926
2021-03-02T00:00:00.000000Z,0.70009201765060425,0.88094502687454224,0.65980798006057739,0.79786497354507446,770233443
2021-03-03T00:00:00.000000Z,0.79749399423599243,1.3237110376358032,0.78554302453994751,1.190883994102478,2032504575
2021-03-04T00:00:00.000000Z,1.1882369518280029,1.5067390203475952,1.0943000316619873,1.3075439929962158,1987705013
2021-03-05T00:00:00.000000Z,1.301969051361084,1.3690429925918579,1.1508220434188843,1.2098710536956787,801876210
2021-03-06T00:00:00.000000Z,1.2037030458450317,1.2572200298309326,1.0940940380096436,1.1623779535293579,427519080
2021-03-07T00:00:00.000000Z,1.1608970165252686,1.4363390207290649,1.1316839456558228,1.4112869501113892,809572035
2021-03-08T00:00:00.000000Z,1.4069089889526367,1.8538429737091064,1.4013919830322266,1.7423690557479858,1905063872
2021-03-09T00:00:00.000000Z,1.7383699417114258,1.9436409473419189,1.660478949546814,1.7197999954223633,1105636360
2021-03-10T00:00:00.000000Z,1.715034008026123,1.7433619499206543,1.5346369743347168,1.6583089828491211,579368586
2021-03-11T00:00:00.000000Z,1.6552989482879639,1.9357409477233887,1.6223479509353638,1.7957769632339478,846851647
2021-03-12T00:00:00.000000Z,1.7977180480957031,2.2076339721679688,1.7977180480957031,2.0778870582580566,1357244996
2021-03-13T00:00:00.000000Z,2.0813190937042236,2.1987740993499756,1.9261690378189087,2.0454010963439941,788273264
2021-03-14T00:00:00.000000Z,2.0452589988708496,2.6132628917694092,1.9471369981765747,2.3576490879058838,1288000169
2021-03-15T00:00:00.000000Z,2.3501529693603516,3.0470650196075439,2.3501529693603516,2.6986010074615479,2179189384
2021-03-16T00:00:00.000000Z,2.6923439502716064,2.9205670356750488,2.3677699565887451,2.5631330013275146,1212053029
2021-03-17T00:00:00.000000Z,2.5643339157104492,2.6830039024353027,2.2780869007110596,2.4732539653778076,820035740
2021-03-18T00:00:00.000000Z,2.4732840061187744,2.796983003616333,2.4557271003723145,2.6674959659576416,828041220
2021-03-19T00:00:00.000000Z,2.6694979667663574,2.6694979667663574,2.4893679618835449,2.5036079883575439,423655458
2021-03-20T00:00:00.000000Z,2.5040569305419922,2.5217270851135254,2.2161929607391357,2.2161929607391357,422857036
2021-03-21T00:00:00.000000Z,2.2160611152648926,2.5048830509185791,2.1695029735565186,2.4505870342254639,518473435
2021-03-22T00:00:00.000000Z,2.4471340179443359,2.4471340179443359,2.0900709629058838,2.1846609115600586,361821931
2021-03-23T00:00:00.000000Z,2.1824519634246826,2.2258830070495605,1.9904190301895142,2.0701169967651367,359406110
2021-03-24T00:00:00.000000Z,2.0689120292663574,2.5813350677490234,2.0260319709777832,2.2323660850524902,1006781516
2021-03-25T00:00:00.000000Z,2.219973087310791,2.2613120079040527,2.0565929412841797,2.1344320774078369,408116713
2021-03-26T00:00:00.000000Z,2.1326699256896973,2.3466629981994629,2.1326699256896973,2.3466629981994629,379442690
2021-03-27T00:00:00.000000Z,2.3524239063262939,2.3848040103912354,2.2372369766235352,2.3250179290771484,271575841
2021-03-28T00:00:00.000000Z,2.3246328830718994,2.6547079086303711,2.2926568984985352,2.5423951148986816,533289329
2021-03-29T00:00:00.000000Z,2.5419039726257324,2.5834360122680664,2.4127340316772461,2.5127339363098145,325306780
2021-03-30T00:00:00.000000Z,2.5120670795440674,2.5273900032043457,2.4412000179290771,2.5273900032043457,259565297
2021-03-31T00:00:00.000000Z,2.5272579193115234,2.682481050491333,2.3783419132232666,2.5903420448303223,546064803
2021-04-01T00:00:00.000000Z,2.5913269519805908,2.6604390144348145,2.4929089546203613,2.5423820018768311,344888618
2021-04-02T00:00:00.000000Z,2.5401608943939209,2.6411769390106201,2.4691920280456543,2.6411769390106201,293325813
2021-04-03T00:00:00.000000Z,2.6413710117340088,2.647770881652832,2.3519051074981689,2.3900101184844971,264326275
2021-04-04T00:00:00.000000Z,2.3959488868713379,2.5215029716491699,2.3647189140319824,2.4919979572296143,227800851
2021-04-05T00:00:00.000000Z,2.4910030364990234,2.7778511047363281,2.378899097442627,2.4742350578308105,568112227
2021-04-06T00:00:00.000000Z,2.4735560417175293,2.4765760898590088,2.3112080097198486,2.3294229507446289,355705887
2021-04-07T00:00:00.000000Z,2.3283379077911377,2.8741440773010254,2.0339360237121582,2.7999999523162842,1146931768
2021-04-08T00:00:00.000000Z,2.8432660102844238,3.4325850009918213,2.5871961116790771,3.2684109210968018,2126002539
2021-04-09T00:00:00.000000Z,3.2678918838500977,3.9964148998260498,3.1325790882110596,3.4542250633239746,2196204889
2021-04-10T00:00:00.000000Z,3.4310410022735596,3.558650016784668,3.1465320587158203,3.2282099723815918,1081694618
2021-04-11T00:00:00.000000Z,3.2222940921783447,3.2994630336761475,3.001784086227417,3.1307690143585205,653087627
2021-04-12T00:00:00.000000Z,3.1290791034698486,3.1583399772644043,2.9177238941192627,3.0009241104125977,426956999
2021-04-13T00:00:00.000000Z,3.0020461082458496,3.2230110168457031,2.9599320888519287,3.0728569030761719,454576974
2021-04-14T00:00:00.000000Z,3.0746359825134277,3.0906291007995605,2.7941861152648926,2.9172909259796143,389869268
2021-04-15T00:00:00.000000Z,2.911329984664917,3.2760710716247559,2.8741989135742188,3.1765029430389404,516101366
2021-04-16T00:00:00.000000Z,3.171928882598877,3.193864107131958,2.8455119132995605,3.0276520252227783,461173209
2021-04-17T00:00:00.000000Z,3.0174980163574219,3.1576340198516846,2.9647200107574463,2.9998478889465332,359632170
2021-04-18T00:00:00.000000Z,2.9997799396514893,3.0248448848724365,2.2279930114746094,2.6948189735412598,482274123
2021-04-19T00:00:00.000000Z,2.6996910572052002,2.7716970443725586,2.3830270767211914,2.4127719402313232,290795357
2021-04-20T00:00:00.000000Z,2.4042010307312012,2.6193380355834961,2.1737940311431885,2.5657129287719727,406512119
2021-04-21T00:00:00.000000Z,2.5669651031494141,2.7952969074249268,2.4650640487670898,2.4831070899963379,446555377
2021-04-22T00:00:00.000000Z,2.4801559448242188,2.5709929466247559,2.187061071395874,2.2145390510559082,404638567
2021-04-23T00:00:00.000000Z,2.2139348983764648,2.2584099769592285,1.7465970516204834,2.2399311065673828,633615418
2021-04-24T00:00:00.000000Z,2.2462069988250732,2.2538290023803711,1.9993159770965576,2.017874002456665,271223003
2021-04-25T00:00:00.000000Z,2.0240910053253174,2.237138032913208,1.934798002243042,2.0290429592132568,221649745
2021-04-26T00:00:00.000000Z,2.0365879535675049,2.5515859127044678,2.0141620635986328,2.5391759872436523,447495618
2021-04-27T00:00:00.000000Z,2.5407650470733643,2.6504909992218018,2.4689550399780273,2.5997059345245361,307358941
2021-04-28T00:00:00.000000Z,2.6011409759521484,2.7748880386352539,2.3615150451660156,2.7208700180053711,491355026
2021-04-29T00:00:00.000000Z,2.7270839214324951,2.8445580005645752,2.5195350646972656,2.6407599449157715,402064394
2021-04-30T00:00:00.000000Z,2.6414840221405029,2.8004209995269775,2.5671238899230957,2.7662520408630371,302271095
2021-05-01T00:00:00.000000Z,2.7666220664978027,2.8256669044494629,2.6668920516967773,2.7202470302581787,222698336
2021-05-02T00:00:00.000000Z,2.7205278873443604,2.7283139228820801,2.5935969352722168,2.6286768913269043,186225574
2021-05-03T00:00:00.000000Z,2.6289350986480713,2.7403759956359863,2.5905859470367432,2.6192710399627686,245049872
2021-05-04T00:00:00.000000Z,2.6213788986206055,2.6266930103302002,2.2922279834747314,2.3282079696655273,303263416
2021-05-05T00:00:00.000000Z,2.3234210014343262,2.6274070739746094,2.3033139705657959,2.5890030860900879,292452463
2021-05-06T00:00:00.000000Z,2.5867550373077393,2.5912458896636963,2.4045560359954834,2.4762139320373535,250400062
2021-05-07T00:00:00.000000Z,2.4764680862426758,2.7161180973052979,2.4032421112060547,2.4942679405212402,350483157
2021-05-08T00:00:00.000000Z,2.4903090000152588,2.5912768840789795,2.4289109706878662,2.4691181182861328,211690138
2021-05-09T00:00:00.000000Z,2.4667990207672119,2.482050895690918,2.3324170112609863,2.4361429214477539,175832817
2021-05-10T00:00:00.000000Z,2.4371099472045898,2.5033690929412842,2.0409789085388184,2.2031779289245605,231957279
2021-05-11T00:00:00.000000Z,2.2004120349884033,2.3464560508728027,2.1472640037536621,2.3362739086151123,215071894
2021-05-12T00:00:00.000000Z,2.3283030986785889,2.6019620895385742,2.0028729438781738,2.0028729438781738,356640944
2021-05-13T00:00:00.000000Z,2.0262711048126221,2.1778969764709473,1.8787809610366821,2.0547869205474854,276856194
2021-05-14T00:00:00.000000Z,2.0568609237670898,2.1814310550689697,2.0429279804229736,2.1300299167633057,205331439
2021-05-15T00:00:00.000000Z,2.1252439022064209,2.1451570987701416,1.9384340047836304,1.9531049728393555,271099828
2021-05-16T00:00:00.000000Z,1.9494030475616455,2.1562979221343994,1.8196990489959717,1.9709739685058594,278614219
2021-05-17T00:00:00.000000Z,1.9717600345611572,2.0043361186981201,1.723296046257019,1.801766037940979,236395229
2021-05-18T00:00:00.000000Z,1.7982889413833618,2.0209019184112549,1.7772279977798462,1.8936020135879517,186261143
2021-05-19T00:00:00.000000Z,1.8946269750595093,1.938025951385498,0.8739590048789978,1.2164299488067627,342476982
2021-05-20T00:00:00.000000Z,1.1987370252609253,1.5677059888839722,1.0414259433746338,1.5009100437164307,308419098
2021-05-21T00:00:00.000000Z,1.4858360290527344,1.5900750160217285,1.0635819435119629,1.282120943069458,244196130
2021-05-22T00:00:00.000000Z,1.2843379974365234,1.2987289428710938,1.1209160089492798,1.1881760358810425,159209209
2021-05-23T00:00:00.000000Z,1.1900550127029419,1.2252260446548462,0.74362200498580933,0.95338499546051025,238494043
2021-05-24T00:00:00.000000Z,0.94783002138137817,1.3301500082015991,0.91820502281188965,1.2638750076293945,311560739
2021-05-25T00:00:00.000000Z,1.2629159688949585,1.3126440048217773,1.0924680233001709,1.2392870187759399,166261915
2021-05-26T00:00:00.000000Z,1.241569995880127,2.052422046661377,1.2064290046691895,1.9288719892501831,803022224
2021-05-27T00:00:00.000000Z,1.9369809627532959,2.0102090835571289,1.6598329544067383,1.7121319770812988,543741890
2021-05-28T00:00:00.000000Z,1.7207349538803101,1.7454589605331421,1.3317159414291382,1.424968957901001,332732406
2021-05-29T00:00:00.000000Z,1.4305449724197388,1.4782350063323975,1.2314820289611816,1.3492039442062378,205368780
2021-05-30T00:00:00.000000Z,1.3534359931945801,1.7478339672088623,1.2483259439468384,1.527318000793457,486392994
2021-05-31T00:00:00.000000Z,1.5256530046463013,1.6564650535583496,1.4356470108032227,1.629755973815918,312484077
2021-06-01T00:00:00.000000Z,1.6287939548492432,1.7134259939193726,1.5472790002822876,1.5706360340118408,179230356
2021-06-02T00:00:00.000000Z,1.569828987121582,1.6444859504699707,1.5325460433959961,1.5765049457550049,135741126
2021-06-03T00:00:00.000000Z,1.580826997756958,1.6927210092544556,1.5402640104293823,1.6485320329666138,159129300
2021-06-04T00:00:00.000000Z,1.6496380567550659,1.7056870460510254,1.4189020395278931,1.4973080158233643,179515883
2021-06-05T00:00:00.000000Z,1.5001709461212158,1.5971440076828003,1.406370997428894,1.4560610055923462,119735900
2021-06-06T00:00:00.000000Z,1.4548310041427612,1.5164910554885864,1.4422940015792847,1.481421947479248,71847356
2021-06-07T00:00:00.000000Z,1.4800009727478027,1.5227839946746826,1.3272509574890137,1.3345639705657959,92334030
2021-06-08T00:00:00.000000Z,1.337501049041748,1.3697830438613892,1.1533349752426147,1.3338509798049927,129908877
2021-06-09T00:00:00.000000Z,1.3324509859085083,1.3727149963378906,1.2376320362091064,1.3727149963378906,113914299
2021-06-10T00:00:00.000000Z,1.3724780082702637,1.3807469606399536,1.253574013710022,1.291483998298645,85774944
2021-06-11T00:00:00.000000Z,1.2932740449905396,1.5701160430908203,1.2496199607849121,1.2965459823608398,270965801
2021-06-12T00:00:00.000000Z,1.3013969659805298,1.3347009420394897,1.156715989112854,1.2345969676971436,145401099
2021-06-13T00:00:00.000000Z,1.2374800443649292,1.3242809772491455,1.2000750303268433,1.3082989454269409,96334517
2021-06-14T00:00:00.000000Z,1.3057169914245605,1.4852490425109863,1.2717640399932861,1.3214349746704102,97587751
2021-06-15T00:00:00.000000Z,1.4042390584945679,1.4839969873428345,1.3718409538269043,1.4147119522094727,209024024
2021-06-16T00:00:00.000000Z,1.4049199819564819,1.5339729785919189,1.3547070026397705,1.3960659503936768,213667543
2021-06-17T00:00:00.000000Z,1.3975780010223389,1.4933639764785767,1.3760310411453247,1.3987629413604736,113902741
2021-06-18T00:00:00.000000Z,1.399683952331543,1.4011590480804443,1.2290869951248169,1.277169942855835,95715410
2021-06-19T00:00:00.000000Z,1.2813349962234497,1.3006960153579712,1.2387219667434692,1.2435250282287598,59842452
2021-06-20T00:00:00.000000Z,1.2404320240020752,1.2707020044326782,1.1403969526290894,1.2540630102157593,90233399
2021-06-21T00:00:00.000000Z,1.2507339715957642,1.2629410028457642,0.93225997686386108,0.93659102916717529,144552514
2021-06-22T00:00:00.000000Z,0.93813097476959229,1.0081839561462402,0.76973098516464233,0.91358399391174316,179928803
2021-06-23T00:00:00.000000Z,0.91549599170684814,1.0838220119476318,0.87989300489425659,1.0182869434356689,145790935
2021-06-24T00:00:00.000000Z,1.0506540536880493,1.0781830549240112,0.97598999738693237,1.0705089569091797,86756501
2021-06-25T00:00:00.000000Z,1.0736420154571533,1.1106400489807129,0.93443799018859863,0.9457629919052124,93837939
2021-06-26T00:00:00.000000Z,0.94482100009918213,0.98535901308059692,0.89183902740478516,0.94940000772476196,77617136
2021-06-27T00:00:00.000000Z,0.95294302701950073,1.0023280382156372,0.93031299114227295,1.0007050037384033,70651628
2021-06-28T00:00:00.000000Z,1.0043439865112305,1.0382100343704224,0.97839200496673584,1.0257840156555176,81118919
2021-06-29T00:00:00.000000Z,1.0278329849243164,1.133342981338501,1.0254340171813965,1.0879830121994019,108463439
2021-06-30T00:00:00.000000Z,1.0926699638366699,1.163701057434082,1.0380339622497559,1.163701057434082,147194342
2021-07-01T00:00:00.000000Z,1.1634229421615601,1.241163969039917,1.084225058555603,1.1461930274963379,186337612
2021-07-02T00:00:00.000000Z,1.1420220136642456,1.1582859754562378,1.0588760375976562,1.1219439506530762,73735396
2021-07-03T00:00:00.000000Z,1.1234610080718994,1.1843949556350708,1.0860140323638916,1.1481590270996094,72468133
2021-07-04T00:00:00.000000Z,1.1499860286712646,1.2130470275878906,1.1194729804992676,1.1705000400543213,81452889
2021-07-05T00:00:00.000000Z,1.1698579788208008,1.1709309816360474,1.0761539936065674,1.1053600311279297,74548276
2021-07-06T00:00:00.000000Z,1.1048979759216309,1.2186110019683838,1.1048979759216309,1.1793099641799927,133927440
2021-07-07T00:00:00.000000Z,1.1763060092926025,1.4245549440383911,1.1542539596557617,1.3898030519485474,408779101
2021-07-08T00:00:00.000000Z,1.4060250520706177,1.5003889799118042,1.1768070459365845,1.2141129970550537,394416671
2021-07-09T00:00:00.000000Z,1.2115499973297119,1.3083130121231079,1.1241689920425415,1.2867039442062378,200093312
2021-07-10T00:00:00.000000Z,1.2893919944763184,1.3752280473709106,1.2496399879455566,1.2875549793243408,258775128
2021-07-11T00:00:00.000000Z,1.2870680093765259,1.4081799983978271,1.2747819423675537,1.3736979961395264,201626044
2021-07-12T00:00:00.000000Z,1.3781470060348511,1.383234977722168,1.2633370161056519,1.3105779886245728,126762982
2021-07-13T00:00:00.000000Z,1.3076289892196655,1.3266299962997437,1.1852730512619019,1.2192540168762207,119876372
2021-07-14T00:00:00.000000Z,1.2185579538345337,1.3464570045471191,1.1218949556350708,1.3210619688034058,214479491
2021-07-15T00:00:00.000000Z,1.3216710090637207,1.4646730422973633,1.1973949670791626,1.2480859756469727,371707010
2021-07-16T00:00:00.000000Z,1.2514669895172119,1.3107520341873169,1.177420973777771,1.1796410083770752,214256134
2021-07-17T00:00:00.000000Z,1.1799780130386353,1.2203810214996338,1.1638649702072144,1.1925100088119507,128907759
2021-07-18T00:00:00.000000Z,1.1914390325546265,1.2484179735183716,1.1572999954223633,1.1876339912414551,100823301
2021-07-19T00:00:00.000000Z,1.1860860586166382,1.1877579689025879,1.0584739446640015,1.0732289552688599,113859236
2021-07-20T00:00:00.000000Z,1.075706958770752,1.0894370079040527,0.92711901664733887,0.99670201539993286,146654005
2021-07-21T00:00:00.000000Z,0.99501198530197144,1.1306780576705933,0.96110498905181885,1.0942490100860596,172140324
2021-07-22T00:00:00.000000Z,1.0967220067977905,1.1445879936218262,1.0676209926605225,1.12602698802948,149300171
2021-07-23T00:00:00.000000Z,1.1245729923248291,1.2433110475540161,1.1070339679718018,1.2433110475540161,217304464
2021-07-24T00:00:00.000000Z,1.241940975189209,1.3686490058898926,1.2225320339202881,1.3016769886016846,368769028
2021-07-25T00:00:00.000000Z,1.3005249500274658,1.3751499652862549,1.2302160263061523,1.3732800483703613,274086733
2021-07-26T00:00:00.000000Z,1.3673269748687744,1.4448440074920654,1.2703969478607178,1.2903529405593872,299805746
2021-07-27T00:00:00.000000Z,1.2907160520553589,1.3907400369644165,1.2255699634552002,1.3496880531311035,253023323
2021-07-28T00:00:00.000000Z,1.3550080060958862,1.3789559602737427,1.2955080270767212,1.3263250589370728,158448134
2021-07-29T00:00:00.000000Z,1.3314729928970337,1.4932229518890381,1.3086260557174683,1.3945349454879761,362575425
2021-07-30T00:00:00.000000Z,1.3974289894104004,1.4431229829788208,1.3351329565048218,1.4425029754638672,186846665
2021-07-31T00:00:00.000000Z,1.442020058631897,1.4557950496673584,1.4019830226898193,1.4446519613265991,143630048
2021-08-01T00:00:00.000000Z,1.4395289421081543,1.483098030090332,1.3589680194854736,1.3767310380935669,152624208
2021-08-02T00:00:00.000000Z,1.3758100271224976,1.4211230278015137,1.3434449434280396,1.3880460262298584,120687415
2021-08-03T00:00:00.000000Z,1.3880519866943359,1.4165979623794556,1.3258160352706909,1.3517390489578247,117579537
2021-08-04T00:00:00.000000Z,1.3558679819107056,1.4099030494689941,1.3358759880065918,1.4050929546356201,143082756
2021-08-05T00:00:00.000000Z,1.4059580564498901,1.4135960340499878,1.3417509794235229,1.4058079719543457,124168831
2021-08-06T00:00:00.000000Z,1.4070149660110474,1.4613629579544067,1.3842740058898926,1.4425230026245117,150483616
2021-08-07T00:00:00.000000Z,1.443560004234314,1.5429999828338623,1.4252510070800781,1.4947060346603394,210626880
2021-08-08T00:00:00.000000Z,1.4967399835586548,1.5354360342025757,1.3878370523452759,1.4115749597549438,151751241
2021-08-09T00:00:00.000000Z,1.4107860326766968,1.6086230278015137,1.3605790138244629,1.5347919464111328,272350800
2021-08-10T00:00:00.000000Z,1.5331439971923828,1.6372799873352051,1.5103670358657837,1.618554949760437,266314402
2021-08-11T00:00:00.000000Z,1.6219689846038818,1.6985080242156982,1.5919649600982666,1.6231579780578613,207268026
2021-08-12T00:00:00.000000Z,1.62220299243927,1.668220043182373,1.4855639934539795,1.5627930164337158,170454591
2021-08-13T00:00:00.000000Z,1.5658090114593506,1.6799030303955078,1.5501919984817505,1.6749900579452515,137126710
2021-08-14T00:00:00.000000Z,1.6736190319061279,1.7259279489517212,1.6185899972915649,1.6838619709014893,168255147
2021-08-15T00:00:00.000000Z,1.6838350296020508,1.6875720024108887,1.5910439491271973,1.6679589748382568,121907739
2021-08-16T00:00:00.000000Z,1.6676130294799805,1.7535320520401001,1.6056920289993286,1.6310499906539917,199480073
2021-08-17T00:00:00.000000Z,1.6210919618606567,1.7062499523162842,1.5235719680786133,1.5361980199813843,173979065
2021-08-18T00:00:00.000000Z,1.5361620187759399,1.5696560144424438,1.4557700157165527,1.5277429819107056,139328752
2021-08-19T00:00:00.000000Z,1.5212709903717041,1.5821720361709595,1.4656800031661987,1.5821720361709595,119854159
2021-08-20T00:00:00.000000Z,1.5822999477386475,1.6699910163879395,1.5658940076828003,1.6677399873733521,134404479
2021-08-21T00:00:00.000000Z,1.6709860563278198,1.9564800262451172,1.6599149703979492,1.8349289894104004,450966341
2021-08-22T00:00:00.000000Z,1.8388520479202271,1.946526050567627,1.7356209754943848,1.847445011138916,340788333
2021-08-23T00:00:00.000000Z,1.8445349931716919,2.194242000579834,1.8134859800338745,2.1658229827880859,587530712
2021-08-24T00:00:00.000000Z,2.188978910446167,2.188978910446167,1.8647199869155884,1.8912509679794312,425967118
2021-08-25T00:00:00.000000Z,1.8938900232315063,2.0774190425872803,1.7867840528488159,2.0570220947265625,402862015
2021-08-26T00:00:00.000000Z,2.0708000659942627,2.0776898860931396,1.8322360515594482,1.856158971786499,277201731
2021-08-27T00:00:00.000000Z,1.8522789478302002,2.0375990867614746,1.8031740188598633,2.0028679370880127,264332518
2021-08-28T00:00:00.000000Z,2.0037429332733154,2.0756640434265137,1.9512510299682617,2.0573630332946777,229173007
2021-08-29T00:00:00.000000Z,2.0545840263366699,2.2174880504608154,1.9496070146560669,2.187917947769165,393333952
2021-08-30T00:00:00.000000Z,2.1861119270324707,2.3141090869903564,2.0714950561523438,2.0806701183319092,516781806
2021-08-31T00:00:00.000000Z,2.0845880508422852,2.14615797996521,1.9841870069503784,2.0196559429168701,290064732
2021-09-01T00:00:00.000000Z,2.0208430290222168,2.0897409915924072,1.9551869630813599,2.0826699733734131,210701850
2021-09-02T00:00:00.000000Z,2.0806369781494141,2.1199278831481934,2.0374929904937744,2.0498600006103516,187574192
2021-09-03T00:00:00.000000Z,2.0490870475769043,2.0993199348449707,1.9996650218963623,2.0704700946807861,179463629
2021-09-04T00:00:00.000000Z,2.0685570240020752,2.1339080333709717,2.0397250652313232,2.0948219299316406,183789684
2021-09-05T00:00:00.000000Z,2.0960140228271484,2.1979529857635498,2.0646169185638428,2.1962730884552002,201507475
2021-09-06T00:00:00.000000Z,2.1914129257202148,2.2603669166564941,2.1047940254211426,2.1775870323181152,239781200
2021-09-07T00:00:00.000000Z,2.1786189079284668,2.1858079433441162,1.487712025642395,1.7521970272064209,406138973
2021-09-08T00:00:00.000000Z,1.7518219947814941,1.7977019548416138,1.5349969863891602,1.7261910438537598,263058470
2021-09-09T00:00:00.000000Z,1.696943998336792,1.8420219421386719,1.6892130374908447,1.7869149446487427,177545306
2021-09-10T00:00:00.000000Z,1.7891099452972412,1.862733006477356,1.6115289926528931,1.646886944770813,147219033
2021-09-11T00:00:00.000000Z,1.6478910446166992,1.739933967590332,1.6340290307998657,1.6794290542602539,92450818
2021-09-12T00:00:00.000000Z,1.6802409887313843,1.7577550411224365,1.6389060020446777,1.7111220359802246,89758131
2021-09-13T00:00:00.000000Z,1.7121020555496216,1.7194329500198364,1.521198034286499,1.6274199485778809,113487817
2021-09-14T00:00:00.000000Z,1.6299639940261841,1.6853419542312622,1.6036239862442017,1.6806679964065552,85188497
2021-09-15T00:00:00.000000Z,1.681439995765686,1.7728970050811768,1.664294958114624,1.7668139934539795,103026951
2021-09-16T00:00:00.000000Z,1.76801598072052,1.7715970277786255,1.6426700353622437,1.6839239597320557,97452655
2021-09-17T00:00:00.000000Z,1.6821939945220947,1.6978219747543335,1.6053630113601685,1.6346629858016968,89425786
2021-09-18T00:00:00.000000Z,1.6338529586791992,1.6914769411087036,1.6138279438018799,1.64764404296875,75147596
2021-09-19T00:00:00.000000Z,1.6458430290222168,1.648561954498291,1.555420994758606,1.5705269575119019,67610220
2021-09-20T00:00:00.000000Z,1.5724879503250122,1.5742340087890625,1.3069380521774292,1.3330880403518677,140113327
2021-09-21T00:00:00.000000Z,1.3395739793777466,1.3995109796524048,1.1949330568313599,1.2255610227584839,129037883
2021-09-22T00:00:00.000000Z,1.2247129678726196,1.4212180376052856,1.1987509727478027,1.4168200492858887,98348903
2021-09-23T00:00:00.000000Z,1.4141329526901245,1.4864510297775269,1.3781859874725342,1.48027503490448,86034461
2021-09-24T00:00:00.000000Z,1.4793790578842163,1.4881809949874878,1.2583539485931396,1.3443139791488647,96976656
2021-09-25T00:00:00.000000Z,1.345304012298584,1.3753559589385986,1.2884570360183716,1.3339810371398926,82088047
2021-09-26T00:00:00.000000Z,1.3358930349349976,1.3993649482727051,1.2587529420852661,1.326835036277771,123355711
2021-09-27T00:00:00.000000Z,1.3306859731674194,1.3752870559692383,1.2609219551086426,1.266105055809021,77959764
2021-09-28T00:00:00.000000Z,1.2643699645996094,1.2857749462127686,1.1980730295181274,1.2029720544815063,63598770
2021-09-29T00:00:00.000000Z,1.2038660049438477,1.2727919816970825,1.1951299905776978,1.2245910167694092,58260326
2021-09-30T00:00:00.000000Z,1.2237609624862671,1.3342410326004028,1.2191469669342041,1.3068039417266846,79158034
2021-10-01T00:00:00.000000Z,1.3095539808273315,1.5372480154037476,1.2931200265884399,1.5223989486694336,126748892
2021-10-02T00:00:00.000000Z,1.5243799686431885,1.5725029706954956,1.4921040534973145,1.5100270509719849,116748758
2021-10-03T00:00:00.000000Z,1.5060700178146362,1.5547000169754028,1.4709479808807373,1.5484319925308228,97793316
2021-10-04T00:00:00.000000Z,1.5503170490264893,1.6977629661560059,1.5252890586853027,1.5675230026245117,250409998
2021-10-05T00:00:00.000000Z,1.5667209625244141,1.7232509851455688,1.5501790046691895,1.6889259815216064,168913414
2021-10-06T00:00:00.000000Z,1.6927280426025391,1.7490659952163696,1.5497430562973022,1.6499819755554199,171448679
2021-10-07T00:00:00.000000Z,1.6459649801254272,1.6770329475402832,1.5948679447174072,1.6608890295028687,114870756
2021-10-08T00:00:00.000000Z,1.6778689622879028,1.7276710271835327,1.6359649896621704,1.6973890066146851,139903396
2021-10-09T00:00:00.000000Z,1.6957149505615234,1.7183140516281128,1.6551059484481812,1.7175589799880981,94102463
2021-10-10T00:00:00.000000Z,1.7193160057067871,1.7193160057067871,1.5767940282821655,1.5844370126724243,90012546
2021-10-11T00:00:00.000000Z,1.5845810174942017,1.6530979871749878,1.5160360336303711,1.5620059967041016,90547646
2021-10-12T00:00:00.000000Z,1.5637819766998291,1.5637819766998291,1.4507830142974854,1.5371099710464478,99284974
2021-10-13T00:00:00.000000Z,1.5354850292205811,1.5891660451889038,1.4938299655914307,1.5833460092544556,89553866
2021-10-14T00:00:00.000000Z,1.585258960723877,1.6472350358963013,1.5651530027389526,1.6162769794464111,87422964
2021-10-15T00:00:00.000000Z,1.6199970245361328,1.6281369924545288,1.5265229940414429,1.6090450286865234,124819411
2021-10-16T00:00:00.000000Z,1.609997034072876,1.7621530294418335,1.6043250560760498,1.711089015007019,196703425
2021-10-17T00:00:00.000000Z,1.7195539474487305,1.7195539474487305,1.5573040246963501,1.6398619413375854,106543395
2021-10-18T00:00:00.000000Z,1.6352510452270508,1.6498069763183594,1.5740799903869629,1.6286569833755493,75687752
2021-10-19T00:00:00.000000Z,1.6359820365905762,1.6470340490341187,1.5816400051116943,1.6065189838409424,76010611
2021-10-20T00:00:00.000000Z,1.6046570539474487,1.980597972869873,1.5782550573348999,1.8495700359344482,402084035
2021-10-21T00:00:00.000000Z,1.8468769788742065,1.8619740009307861,1.7420070171356201,1.7965470552444458,227550513
2021-10-22T00:00:00.000000Z,1.8013099431991577,1.9031870365142822,1.7788150310516357,1.8314059972763062,155523045
2021-10-23T00:00:00.000000Z,1.835068941116333,1.8724880218505859,1.7814899682998657,1.8417079448699951,83051816
2021-10-24T00:00:00.000000Z,1.8408290147781372,1.8824349641799927,1.7325659990310669,1.7771070003509521,107781924
2021-10-25T00:00:00.000000Z,1.7731759548187256,1.9232540130615234,1.7633800506591797,1.900676965713501,137196857
2021-10-26T00:00:00.000000Z,1.9053269624710083,2.151494026184082,1.892704963684082,2.0127899646759033,388398845
2021-10-27T00:00:00.000000Z,2.0116920471191406,2.2955920696258545,1.799543023109436,2.0897660255432129,914074056
2021-10-28T00:00:00.000000Z,2.0884840488433838,2.3947849273681641,2.0752298831939697,2.3200221061706543,714095798
2021-10-29T00:00:00.000000Z,2.3247380256652832,2.5941250324249268,2.3173329830169678,2.4519450664520264,675717388
2021-10-30T00:00:00.000000Z,2.4588229656219482,3.2800829410552979,2.2888801097869873,3.0582709312438965,1876528996
2021-10-31T00:00:00.000000Z,3.049562931060791,3.4958579540252686,2.4269030094146729,2.5650160312652588,1416661129
2021-11-01T00:00:00.000000Z,2.579258918762207,2.7742769718170166,2.3985450267791748,2.6284348964691162,720368864
2021-11-02T00:00:00.000000Z,2.6100089550018311,3.2634849548339844,2.5805320739746094,3.1159529685974121,1524586509
2021-11-03T00:00:00.000000Z,3.1208100318908691,3.2018160820007324,2.7347939014434814,2.8623969554901123,683062273
2021-11-04T00:00:00.000000Z,2.8623409271240234,3.3741829395294189,2.7368299961090088,2.9729280471801758,1229438747
2021-11-05T00:00:00.000000Z,2.9929220676422119,3.2622749805450439,2.8650040626525879,2.972830057144165,708711423
2021-11-06T00:00:00.000000Z,2.9641199111938477,3.543694019317627,2.9459729194641113,3.5005578994750977,1634161186
2021-11-07T00:00:00.000000Z,3.5228409767150879,3.6214830875396729,3.2806808948516846,3.3312849998474121,812939620
2021-11-08T00:00:00.000000Z,3.319753885269165,3.319753885269165,3.1310501098632812,3.1711359024047852,461398570
2021-11-09T00:00:00.000000Z,3.1710920333862305,3.2746059894561768,2.958683967590332,2.9733719825744629,434525575
2021-11-10T00:00:00.000000Z,2.9782700538635254,3.1857130527496338,2.6093850135803223,2.8344929218292236,518363690
2021-11-11T00:00:00.000000Z,2.8325839042663574,3.0667080879211426,2.7922689914703369,2.9762139320373535,347569887
2021-11-12T00:00:00.000000Z,2.9726710319519043,3.1425859928131104,2.9170670509338379,3.0692369937896729,491586209
2021-11-13T00:00:00.000000Z,3.0824429988861084,3.2690079212188721,3.023144006729126,3.0530500411987305,458000443
2021-11-14T00:00:00.000000Z,3.0463058948516846,3.0892879962921143,2.9453229904174805,3.0803780555725098,232714790
2021-11-15T00:00:00.000000Z,3.0857229232788086,3.2369699478149414,3.0043420791625977,3.0281410217285156,346234614
2021-11-16T00:00:00.000000Z,3.0391199588775635,3.0391199588775635,2.567328929901123,2.8541040420532227,523572337
2021-11-17T00:00:00.000000Z,2.8516910076141357,3.0843329429626465,2.8128790855407715,2.992901086807251,498859481
2021-11-18T00:00:00.000000Z,3.0179190635681152,3.2513329982757568,2.7628970146179199,3.0295910835266113,937124946
2021-11-19T00:00:00.000000Z,3.0400660037994385,3.7610800266265869,2.9914350509643555,3.6225268840789795,1551902219
2021-11-20T00:00:00.000000Z,3.617440938949585,3.9062540531158447,3.4524750709533691,3.6385989189147949,1234591696
2021-11-21T00:00:00.000000Z,3.64394211769104,3.64394211769104,3.2961580753326416,3.3068571090698242,560744567
2021-11-22T00:00:00.000000Z,3.3013370037078857,3.6118409633636475,3.155440092086792,3.5796980857849121,726405240
2021-11-23T00:00:00.000000Z,3.6013150215148926,4.1393032073974609,3.4844980239868164,3.8476889133453369,1301987688
2021-11-24T00:00:00.000000Z,3.8493399620056152,4.6869649887084961,3.7589058876037598,4.057830810546875,1426589871
2021-11-25T00:00:00.000000Z,4.4905829429626465,4.8469619750976562,4.0417900085449219,4.685819149017334,2091435664
2021-11-26T00:00:00.000000Z,4.2241358757019043,4.4285597801208496,3.5968689918518066,3.8340508937835693,1014251664
2021-11-27T00:00:00.000000Z,3.8553330898284912,3.9718499183654785,3.6048309803009033,3.7018558979034424,514116437
2021-11-28T00:00:00.000000Z,3.7169759273529053,3.8469541072845459,3.2945010662078857,3.8293509483337402,808088785
2021-11-29T00:00:00.000000Z,3.8486618995666504,3.9226140975952148,3.6404259204864502,3.6488609313964844,583123087
2021-11-30T00:00:00.000000Z,3.6517438888549805,3.7300360202789307,3.4884440898895264,3.4967570304870605,422112066
2021-12-01T00:00:00.000000Z,3.4966409206390381,3.6888699531555176,3.4746029376983643,3.5359749794006348,384319181
2021-12-02T00:00:00.000000Z,3.5303769111633301,3.5303769111633301,3.289391040802002,3.401684045791626,330845002
2021-12-03T00:00:00.000000Z,3.4033620357513428,3.4378340244293213,2.9407210350036621,3.0973119735717773,401889193
2021-12-04T00:00:00.000000Z,3.1166119575500488,3.1166119575500488,2.0999279022216797,3.0220489501953125,741184476
2021-12-05T00:00:00.000000Z,3.0180680751800537,3.1373140811920166,2.6351289749145508,2.7270500659942627,452039200
2021-12-06T00:00:00.000000Z,2.730989933013916,2.9201829433441162,2.375277042388916,2.9002010822296143,420946025
2021-12-07T00:00:00.000000Z,2.9005069732666016,3.000499963760376,2.749535083770752,2.8118889331817627,377753737
2021-12-08T00:00:00.000000Z,2.8044939041137695,2.9159669876098633,2.6414580345153809,2.8995349407196045,298645240
2021-12-09T00:00:00.000000Z,2.898298978805542,2.9176399707794189,2.5528929233551025,2.5744791030883789,327202580
2021-12-10T00:00:00.000000Z,2.5717229843139648,2.670335054397583,2.4192979335784912,2.4267470836639404,260871484
2021-12-11T00:00:00.000000Z,2.4338130950927734,2.5675110816955566,2.3759799003601074,2.5505719184875488,190608459
2021-12-12T00:00:00.000000Z,2.5491569042205811,2.7381210327148438,2.5346429347991943,2.6966159343719482,211815089
2021-12-13T00:00:00.000000Z,2.6961879730224609,2.7529520988464355,2.2717750072479248,2.3251419067382812,230544270
2021-12-14T00:00:00.000000Z,2.324286937713623,2.3660969734191895,2.2460548877716064,2.2560679912567139,227539902
2021-12-15T00:00:00.000000Z,2.3536379337310791,2.5183889865875244,2.1987929344177246,2.4835491180419922,256558318
2021-12-16T00:00:00.000000Z,2.4854419231414795,2.5665779113769531,2.3656620979309082,2.3777639865875244,209943069
2021-12-17T00:00:00.000000Z,2.3755929470062256,2.4157710075378418,2.2234740257263184,2.3028490543365479,213888568
2021-12-18T00:00:00.000000Z,2.3049190044403076,2.4470539093017578,2.2605860233306885,2.4133439064025879,196507242
2021-12-19T00:00:00.000000Z,2.4120800495147705,2.4851479530334473,2.3356239795684814,2.3374619483947754,167656331
2021-12-20T00:00:00.000000Z,2.3368399143218994,2.3698229789733887,2.1663839817047119,2.3083369731903076,196329196
2021-12-21T00:00:00.000000Z,2.3072099685668945,2.4681980609893799,2.2677040100097656,2.4352099895477295,206609097
2021-12-22T00:00:00.000000Z,2.438352108001709,2.7196879386901855,2.4368500709533691,2.5883350372314453,291724889
2021-12-23T00:00:00.000000Z,2.5900800228118896,2.9766929149627686,2.547684907913208,2.9710609912872314,331993787
2021-12-24T00:00:00.000000Z,2.9754900932312012,2.9770350456237793,2.7543869018554688,2.7980060577392578,260750473
2021-12-25T00:00:00.000000Z,2.8008289337158203,3.2780849933624268,2.7811160087585449,3.1356320381164551,494806786
2021-12-26T00:00:00.000000Z,3.1303339004516602,3.3389830589294434,3.0125620365142822,3.1866729259490967,430147074
2021-12-27T00:00:00.000000Z,3.1885759830474854,3.2487521171569824,3.0673229694366455,3.0712599754333496,305140908
2021-12-28T00:00:00.000000Z,3.0784759521484375,3.0784759521484375,2.7263278961181641,2.7573280334472656,360351711
2021-12-29T00:00:00.000000Z,2.7587580680847168,2.8620209693908691,2.612185001373291,2.643265962600708,279250358
2021-12-30T00:00:00.000000Z,2.6495010852813721,2.7458899021148682,2.556602954864502,2.6499819755554199,221260335
2021-12-31T00:00:00.000000Z,2.6491711139678955,2.7288970947265625,2.5314610004425049,2.5831799507141113,261216632
2022-01-01T00:00:00.000000Z,2.5838069915771484,2.6897280216217041,2.571990966796875,2.6886649131774902,150101220
2022-01-02T00:00:00.000000Z,2.687791109085083,2.9190340042114258,2.6706619262695312,2.8593618869781494,314990089
2022-01-03T00:00:00.000000Z,2.8596789836883545,2.9434850215911865,2.7267239093780518,2.7923970222473145,301732867
2022-01-04T00:00:00.000000Z,2.7917718887329102,2.8505680561065674,2.6870510578155518,2.694317102432251,262482269
2022-01-05T00:00:00.000000Z,2.6941061019897461,2.7815020084381104,2.2989089488983154,2.4517409801483154,326229769
2022-01-06T00:00:00.000000Z,2.4515080451965332,2.6154708862304688,2.3302710056304932,2.5734701156616211,407339652
2022-01-07T00:00:00.000000Z,2.5720291137695312,2.5748920440673828,2.325045108795166,2.3484580516815186,299734416
2022-01-08T00:00:00.000000Z,2.3486630916595459,2.4248878955841064,2.1928699016571045,2.2623889446258545,214679869
2022-01-09T00:00:00.000000Z,2.262531042098999,2.3587899208068848,2.2455070018768311,2.2989668846130371,172209485
2022-01-10T00:00:00.000000Z,2.2988190650939941,2.3406369686126709,2.0956881046295166,2.1710610389709473,252379596
2022-01-11T00:00:00.000000Z,2.1711690425872803,2.3212370872497559,2.1519420146942139,2.315932035446167,200388447
2022-01-12T00:00:00.000000Z,2.3156759738922119,2.5902230739593506,2.3145020008087158,2.5230538845062256,243640530
2022-01-13T00:00:00.000000Z,2.5227880477905273,2.5900099277496338,2.3723471164703369,2.3723471164703369,260090064
2022-01-14T00:00:00.000000Z,2.3729860782623291,2.4542999267578125,2.3248810768127441,2.4113790988922119,192615750
2022-01-15T00:00:00.000000Z,2.4116430282592773,2.5351409912109375,2.3704390525817871,2.4596700668334961,169239989
2022-01-16T00:00:00.000000Z,2.4596738815307617,2.5346710681915283,2.4450209140777588,2.5068690776824951,162373293
2022-01-17T00:00:00.000000Z,2.5071010589599609,2.5333390235900879,2.293065071105957,2.3255441188812256,168043737
2022-01-18T00:00:00.000000Z,2.3254489898681641,2.3473129272460938,2.2088770866394043,2.2789020538330078,151696432
2022-01-19T00:00:00.000000Z,2.2789199352264404,2.3462278842926025,2.2161939144134521,2.2244210243225098,185262076
2022-01-20T00:00:00.000000Z,2.2244980335235596,2.3512520790100098,2.1093790531158447,2.1100540161132812,122237427
2022-01-21T00:00:00.000000Z,2.1110100746154785,2.1179840564727783,1.699368953704834,1.7301709651947021,324541576
2022-01-22T00:00:00.000000Z,1.7301360368728638,1.7556500434875488,1.3778680562973022,1.4990849494934082,323219329
2022-01-23T00:00:00.000000Z,1.5017470121383667,1.6791019439697266,1.4987360239028931,1.6070319414138794,230693987
2022-01-24T00:00:00.000000Z,1.6071569919586182,1.6093790531158447,1.333171010017395,1.500648021697998,275427698
2022-01-25T00:00:00.000000Z,1.5007799863815308,1.5413039922714233,1.4342110157012939,1.5329090356826782,151978795
2022-01-26T00:00:00.000000Z,1.5326319932937622,1.7249499559402466,1.5062730312347412,1.5544099807739258,285727510
2022-01-27T00:00:00.000000Z,1.5540009737014771,1.6498939990997314,1.4651060104370117,1.5803769826889038,254851754
2022-01-28T00:00:00.000000Z,1.5801219940185547,1.6812410354614258,1.5693579912185669,1.6400439739227295,197645343
2022-01-29T00:00:00.000000Z,1.6400439739227295,1.7531750202178955,1.6369789838790894,1.7531750202178955,203063693
2022-01-30T00:00:00.000000Z,1.7542350292205811,1.8747509717941284,1.7381730079650879,1.7887059450149536,265647246
2022-01-31T00:00:00.000000Z,1.7885700464248657,1.9101910591125488,1.6917370557785034,1.8861789703369141,286872449
2022-02-01T00:00:00.000000Z,1.8855819702148438,1.8986690044403076,1.8259279727935791,1.8414249420166016,195105935
2022-02-02T00:00:00.000000Z,1.8415260314941406,1.8576209545135498,1.6847540140151978,1.695984959602356,154029045
2022-02-03T00:00:00.000000Z,1.6956779956817627,1.7085490226745605,1.6249209642410278,1.6902769804000854,153674499
2022-02-04T00:00:00.000000Z,1.6907229423522949,1.8234709501266479,1.6653800010681152,1.8185520172119141,189808597
2022-02-05T00:00:00.000000Z,1.8191679716110229,1.9877669811248779,1.8127989768981934,1.9182909727096558,309272996
2022-02-06T00:00:00.000000Z,1.9181699752807617,2.0694999694824219,1.9180910587310791,2.0628049373626709,348629389
2022-02-07T00:00:00.000000Z,2.0628340244293213,2.1620759963989258,2.0327560901641846,2.1040570735931396,267524951
2022-02-08T00:00:00.000000Z,2.1010921001434326,2.1620309352874756,1.921887993812561,2.1166470050811768,277694993
2022-02-09T00:00:00.000000Z,2.1152760982513428,2.1868560314178467,2.0172629356384277,2.1568880081176758,233857265
2022-02-10T00:00:00.000000Z,2.1566770076751709,2.1580049991607666,1.986799955368042,1.9904340505599976,288172902
2022-02-11T00:00:00.000000Z,1.9904409646987915,2.0510358810424805,1.8002539873123169,1.8306479454040527,245018093
2022-02-12T00:00:00.000000Z,1.8306950330734253,1.8696540594100952,1.7626329660415649,1.8104009628295898,184412608
2022-02-13T00:00:00.000000Z,1.8099570274353027,1.8369230031967163,1.715595006942749,1.7442929744720459,124429845
2022-02-14T00:00:00.000000Z,1.7429850101470947,1.7688390016555786,1.6811720132827759,1.7527300119400024,138625871
2022-02-15T00:00:00.000000Z,1.7526060342788696,1.9693820476531982,1.7443219423294067,1.9676100015640259,196140787
2022-02-16T00:00:00.000000Z,1.9681669473648071,2.0069420337677002,1.890902042388916,1.9504059553146362,206268484
2022-02-17T00:00:00.000000Z,1.9495029449462891,1.9922260046005249,1.7179219722747803,1.7359379529953003,234292879
2022-02-18T00:00:00.000000Z,1.7375600337982178,1.796550989151001,1.661139965057373,1.6754169464111328,169514817
2022-02-19T00:00:00.000000Z,1.675462007522583,1.7083050012588501,1.6085950136184692,1.6620889902114868,116590825
2022-02-20T00:00:00.000000Z,1.6618200540542603,1.6618200540542603,1.4935040473937988,1.5364450216293335,162180846
2022-02-21T00:00:00.000000Z,1.5361260175704956,1.6339579820632935,1.3848140239715576,1.3879979848861694,244829735
2022-02-22T00:00:00.000000Z,1.3880339860916138,1.4702210426330566,1.3444620370864868,1.4648829698562622,236843804
2022-02-23T00:00:00.000000Z,1.4650599956512451,1.5299979448318481,1.3855359554290771,1.3901009559631348,203561182
2022-02-24T00:00:00.000000Z,1.3895000219345093,1.4120010137557983,1.1696690320968628,1.3559620380401611,436244626
2022-02-25T00:00:00.000000Z,1.3562560081481934,1.4592679738998413,1.3268100023269653,1.4490389823913574,220214529
2022-02-26T00:00:00.000000Z,1.4491640329360962,1.5064840316772461,1.4304510354995728,1.440464973449707,146470821
2022-02-27T00:00:00.000000Z,1.4403369426727295,1.4890129566192627,1.3591669797897339,1.3758180141448975,171417955
2022-02-28T00:00:00.000000Z,1.3756150007247925,1.582190990447998,1.3423030376434326,1.5654020309448242,190732913
2022-03-01T00:00:00.000000Z,1.565263032913208,1.6382780075073242,1.5185459852218628,1.5982429981231689,225248726
2022-03-02T00:00:00.000000Z,1.5983569622039795,1.612185001373291,1.5247639417648315,1.546923041343689,173340821
2022-03-03T00:00:00.000000Z,1.5468120574951172,1.5600130558013916,1.4556770324707031,1.4810119867324829,122365045
2022-03-04T00:00:00.000000Z,1.4809930324554443,1.48163902759552,1.3446500301361084,1.3586670160293579,138737876
2022-03-05T00:00:00.000000Z,1.3590790033340454,1.4382480382919312,1.3332870006561279,1.4187480211257935,109506487
2022-03-06T00:00:00.000000Z,1.4188460111618042,1.4702850580215454,1.3413569927215576,1.3423149585723877,126311426
2022-03-07T00:00:00.000000Z,1.3423930406570435,1.3942339420318604,1.2857400178909302,1.3126159906387329,138569280
2022-03-08T00:00:00.000000Z,1.312574028968811,1.3736549615859985,1.3048230409622192,1.3359479904174805,125674721
2022-03-09T00:00:00.000000Z,1.3367370367050171,1.4347130060195923,1.3367370367050171,1.3943500518798828,173817430
2022-03-10T00:00:00.000000Z,1.394273042678833,1.398563027381897,1.3078670501708984,1.3328640460968018,135377251
2022-03-11T00:00:00.000000Z,1.3329050540924072,1.3543980121612549,1.2919009923934937,1.3094569444656372,108294879
2022-03-12T00:00:00.000000Z,1.3093169927597046,1.3482789993286133,1.308480978012085,1.3205779790878296,73023398
2022-03-13T00:00:00.000000Z,1.3202290534973145,1.3822940587997437,1.2871860265731812,1.2992919683456421,129900230
2022-03-14T00:00:00.000000Z,1.2991900444030762,1.3342430591583252,1.285612940788269,1.328914999961853,152241648
2022-03-15T00:00:00.000000Z,1.328963041305542,1.3411500453948975,1.2805999517440796,1.3242299556732178,127995803
2022-03-16T00:00:00.000000Z,1.3241699934005737,1.4233410358428955,1.3043719530105591,1.4233410358428955,193040147
2022-03-17T00:00:00.000000Z,1.4232840538024902,1.4356479644775391,1.3911230564117432,1.40522301197052,133549588
2022-03-18T00:00:00.000000Z,1.4050250053405762,1.4589270353317261,1.3690299987792969,1.4498779773712158,112357043
2022-03-19T00:00:00.000000Z,1.4499709606170654,1.5460939407348633,1.4428509473800659,1.5099350214004517,148461494
2022-03-20T00:00:00.000000Z,1.5100970268249512,1.5134459733963013,1.4224770069122314,1.4406189918518066,124286466
2022-03-21T00:00:00.000000Z,1.4406189918518066,1.4784250259399414,1.4087569713592529,1.4378080368041992,129312904
2022-03-22T00:00:00.000000Z,1.4376660585403442,1.4943970441818237,1.428773045539856,1.4575270414352417,162415797
2022-03-23T00:00:00.000000Z,1.4575819969177246,1.559095025062561,1.4437350034713745,1.5375909805297852,176933752
2022-03-24T00:00:00.000000Z,1.5374250411987305,1.6950210332870483,1.5322760343551636,1.6837170124053955,417616755
2022-03-25T00:00:00.000000Z,1.6837940216064453,1.686121940612793,1.5790879726409912,1.6161119937896729,169787871
2022-03-26T00:00:00.000000Z,1.6162359714508057,1.6591000556945801,1.5943599939346313,1.6549890041351318,85346455
2022-03-27T00:00:00.000000Z,1.655519962310791,1.7977689504623413,1.6487710475921631,1.7946779727935791,221935973
2022-03-28T00:00:00.000000Z,1.7946900129318237,1.845020055770874,1.6993470191955566,1.7099039554595947,208345829
2022-03-29T00:00:00.000000Z,1.708611011505127,1.8152539730072021,1.708611011505127,1.7503780126571655,220740603
2022-03-30T00:00:00.000000Z,1.750277042388916,1.8329639434814453,1.6823480129241943,1.7928169965744019,211928521
2022-03-31T00:00:00.000000Z,1.7927160263061523,1.9643709659576416,1.7505470514297485,1.7913980484008789,451894411
2022-04-01T00:00:00.000000Z,1.7928019762039185,1.901993989944458,1.7463309764862061,1.8598450422286987,279949613
2022-04-02T00:00:00.000000Z,1.860090970993042,1.9254330396652222,1.8261690139770508,1.8545190095901489,192444196
2022-04-03T00:00:00.000000Z,1.8542740345001221,1.9096289873123169,1.8064769506454468,1.8790370225906372,155662630
2022-04-04T00:00:00.000000Z,1.878715991973877,1.878715991973877,1.7009240388870239,1.7755969762802124,173839179
2022-04-05T00:00:00.000000Z,1.7757710218429565,1.8105429410934448,1.6986099481582642,1.6991300582885742,124378256
2022-04-06T00:00:00.000000Z,1.6993060111999512,1.6998059749603271,1.5248639583587646,1.5252599716186523,188771271
2022-04-07T00:00:00.000000Z,1.5253969430923462,1.7259180545806885,1.4910420179367065,1.6693370342254639,352207133
2022-04-08T00:00:00.000000Z,1.6699910163879395,1.7693599462509155,1.6428450345993042,1.6486589908599854,270412903
2022-04-09T00:00:00.000000Z,1.6486819982528687,1.8255540132522583,1.6486819982528687,1.8046139478683472,344729865
2022-04-10T00:00:00.000000Z,1.8046669960021973,1.8071290254592896,1.6726369857788086,1.6726369857788086,164969818
2022-04-11T00:00:00.000000Z,1.6716619729995728,1.6716619729995728,1.4704910516738892,1.4977899789810181,184008554
2022-04-12T00:00:00.000000Z,1.4986319541931152,1.6154320240020752,1.4986319541931152,1.5571420192718506,189252828
2022-04-13T00:00:00.000000Z,1.5567179918289185,1.6075279712677002,1.5327789783477783,1.5898900032043457,121915332
2022-04-14T00:00:00.000000Z,1.5898929834365845,1.6120350360870361,1.494426965713501,1.5231540203094482,165695523
2022-04-15T00:00:00.000000Z,1.52326500415802,1.5362399816513062,1.4849580526351929,1.5258259773254395,124673452
2022-04-16T00:00:00.000000Z,1.5259870290756226,1.5363060235977173,1.4776740074157715,1.5068190097808838,88045707
2022-04-17T00:00:00.000000Z,1.5066690444946289,1.5185099840164185,1.4213659763336182,1.4285629987716675,94904517
2022-04-18T00:00:00.000000Z,1.4284780025482178,1.4511929750442505,1.3593440055847168,1.4503879547119141,138092166
2022-04-19T00:00:00.000000Z,1.4504040479660034,1.5215719938278198,1.4343680143356323,1.5174770355224609,146730564
2022-04-20T00:00:00.000000Z,1.517475962638855,1.5797139406204224,1.4829740524291992,1.5156970024108887,214051718
2022-04-21T00:00:00.000000Z,1.5155080556869507,1.5539779663085938,1.4258240461349487,1.4414429664611816,156706089
2022-04-22T00:00:00.000000Z,1.4412070512771606,1.4905279874801636,1.4234730005264282,1.4413750171661377,126474716
2022-04-23T00:00:00.000000Z,1.4414080381393433,1.4465780258178711,1.3989280462265015,1.4083319902420044,98702263
2022-04-24T00:00:00.000000Z,1.4081690311431885,1.4194730520248413,1.3713710308074951,1.3909879922866821,101815446
2022-04-25T00:00:00.000000Z,1.3912500143051147,1.3912500143051147,1.286687970161438,1.3792680501937866,157860440
2022-04-26T00:00:00.000000Z,1.3788650035858154,1.4195879697799683,1.2665820121765137,1.2760180234909058,154447651
2022-04-27T00:00:00.000000Z,1.2761859893798828,1.3231810331344604,1.2644920349121094,1.3053170442581177,122228469
2022-04-28T00:00:00.000000Z,1.3054850101470947,1.3243969678878784,1.2725609540939331,1.2973569631576538,115034498
2022-04-29T00:00:00.000000Z,1.2970919609069824,1.3006110191345215,1.1865129470825195,1.2081229686737061,123014185
2022-04-30T00:00:00.000000Z,1.2081060409545898,1.2222830057144165,1.029229998588562,1.0588819980621338,143653192
2022-05-01T00:00:00.000000Z,1.058838963508606,1.1229000091552734,1.032418966293335,1.0987839698791504,155379035
2022-05-02T00:00:00.000000Z,1.098391056060791,1.1142430305480957,1.0224629640579224,1.0708550214767456,141200947
2022-05-03T00:00:00.000000Z,1.0704519748687744,1.1233689785003662,1.0460460186004639,1.0649490356445312,121888066
2022-05-04T00:00:00.000000Z,1.0650759935379028,1.1878659725189209,1.0640490055084229,1.1796900033950806,144320885
2022-05-05T00:00:00.000000Z,1.1797209978103638,1.202394962310791,1.0441620349884033,1.0692640542984009,158034859
2022-05-06T00:00:00.000000Z,1.0691360235214233,1.0747090578079224,1.0195759534835815,1.0491340160369873,136334399
2022-05-07T00:00:00.000000Z,1.0492229461669922,1.0518200397491455,0.97661501169204712,0.99799001216888428,106175756
2022-05-08T00:00:00.000000Z,0.99809497594833374,0.99910801649093628,0.94569200277328491,0.95486098527908325,130800581
2022-05-09T00:00:00.000000Z,0.95566898584365845,0.9789699912071228,0.77721202373504639,0.77721202373504639,219482337
2022-05-10T00:00:00.000000Z,0.77681899070739746,0.89911597967147827,0.74547499418258667,0.81492900848388672,291191876
2022-05-11T00:00:00.000000Z,0.8147280216217041,0.84667199850082397,0.57575201988220215,0.62006998062133789,359613821
2022-05-12T00:00:00.000000Z,0.62022602558135986,0.664683997631073,0.49139699339866638,0.57927399873733521,264477657
2022-05-13T00:00:00.000000Z,0.57914900779724121,0.76295500993728638,0.57780700922012329,0.67331200838088989,227806385
2022-05-14T00:00:00.000000Z,0.67318302392959595,0.77237099409103394,0.65112501382827759,0.74284297227859497,197763365
2022-05-15T00:00:00.000000Z,0.74295699596405029,0.77005702257156372,0.70363497734069824,0.77005702257156372,114611981
2022-05-16T00:00:00.000000Z,0.77032297849655151,0.77231597900390625,0.6852719783782959,0.70297902822494507,97511848
2022-05-17T00:00:00.000000Z,0.70303899049758911,0.75190597772598267,0.70002198219299316,0.73986202478408813,90651729
2022-05-18T00:00:00.000000Z,0.73993599414825439,0.74957597255706787,0.64745402336120605,0.64745402336120605,93384313
2022-05-19T00:00:00.000000Z,0.6470639705657959,0.71015197038650513,0.62848597764968872,0.69892597198486328,102292950
2022-05-20T00:00:00.000000Z,0.69884198904037476,0.71036702394485474,0.64996802806854248,0.66689300537109375,79080652
2022-05-21T00:00:00.000000Z,0.66647601127624512,0.69447797536849976,0.65717500448226929,0.68839800357818604,74340793
2022-05-22T00:00:00.000000Z,0.68849998712539673,0.73007899522781372,0.68303298950195312,0.72058099508285522,86508960
2022-05-23T00:00:00.000000Z,0.71970999240875244,0.74410301446914673,0.67159801721572876,0.67573899030685425,99376080
2022-05-24T00:00:00.000000Z,0.67580497264862061,0.69259399175643921,0.64550501108169556,0.6840749979019165,74906976
2022-05-25T00:00:00.000000Z,0.68403202295303345,0.69280499219894409,0.6599460244178772,0.68067598342895508,78109098
2022-05-26T00:00:00.000000Z,0.68104398250579834,0.70974099636077881,0.60657000541687012,0.62878501415252686,122251478
2022-05-27T00:00:00.000000Z,0.62847298383712769,0.63615000247955322,0.58154302835464478,0.58992499113082886,108554393
2022-05-28T00:00:00.000000Z,0.60133999586105347,0.60822099447250366,0.58357900381088257,0.6000170111656189,66344583
2022-05-29T00:00:00.000000Z,0.59995698928833008,0.61320400238037109,0.58312398195266724,0.61205601692199707,59247509
2022-05-30T00:00:00.000000Z,0.61207497119903564,0.67584097385406494,0.60795897245407104,0.67118197679519653,83107670
2022-05-31T00:00:00.000000Z,0.67114400863647461,0.71565097570419312,0.67114400863647461,0.69798499345779419,143723742
2022-06-01T00:00:00.000000Z,0.69808197021484375,0.7066810131072998,0.62835097312927246,0.63591200113296509,98388721
2022-06-02T00:00:00.000000Z,0.63569200038909912,0.65196597576141357,0.62277698516845703,0.65023797750473022,83984038
2022-06-03T00:00:00.000000Z,0.65022498369216919,0.65030002593994141,0.60367202758789062,0.61230802536010742,72132731
2022-06-04T00:00:00.000000Z,0.61231201887130737,0.62492400407791138,0.59979498386383057,0.62165898084640503,56715948
2022-06-05T00:00:00.000000Z,0.62174797058105469,0.63965702056884766,0.6111379861831665,0.63109302520751953,58524954
2022-06-06T00:00:00.000000Z,0.63120198249816895,0.66789799928665161,0.63022899627685547,0.65274602174758911,82795855
2022-06-07T00:00:00.000000Z,0.65278798341751099,0.65278798341751099,0.60852199792861938,0.62608897686004639,76105140
2022-06-08T00:00:00.000000Z,0.62607502937316895,0.63672900199890137,0.61386597156524658,0.61940497159957886,62993902
2022-06-09T00:00:00.000000Z,0.61933702230453491,0.64490401744842529,0.61010098457336426,0.62189602851867676,74807233
2022-06-10T00:00:00.000000Z,0.6217309832572937,0.62904000282287598,0.57547599077224731,0.58106398582458496,63487606
2022-06-11T00:00:00.000000Z,0.58111000061035156,0.59774601459503174,0.52729302644729614,0.53688400983810425,64653301
2022-06-12T00:00:00.000000Z,0.53722697496414185,0.54198002815246582,0.49108999967575073,0.49202200770378113,80411011
2022-06-13T00:00:00.000000Z,0.4912559986114502,0.49228700995445251,0.41188499331474304,0.44640600681304932,128737300
2022-06-14T00:00:00.000000Z,0.44653800129890442,0.48829901218414307,0.41141501069068909,0.45406898856163025,150574945
2022-06-15T00:00:00.000000Z,0.45398199558258057,0.48297399282455444,0.40558400750160217,0.48295599222183228,102283193
2022-06-16T00:00:00.000000Z,0.48318800330162048,0.4888949990272522,0.41904601454734802,0.42624300718307495,71098381
2022-06-17T00:00:00.000000Z,0.426239013671875,0.45175200700759888,0.42409899830818176,0.4407849907875061,54514044
2022-06-18T00:00:00.000000Z,0.44066700339317322,0.44582998752593994,0.38242799043655396,0.41363498568534851,59883064
2022-06-19T00:00:00.000000Z,0.4135420024394989,0.44726100564002991,0.39597201347351074,0.44118601083755493,63818488
2022-06-20T00:00:00.000000Z,0.44117799401283264,0.46485099196434021,0.42732301354408264,0.46010801196098328,68775863
2022-06-21T00:00:00.000000Z,0.46000200510025024,0.49797099828720093,0.45031300187110901,0.46785598993301392,71197279
2022-06-22T00:00:00.000000Z,0.4680899977684021,0.48338600993156433,0.44857499003410339,0.46424600481987,67108467
2022-06-23T00:00:00.000000Z,0.46423399448394775,0.53339999914169312,0.46423399448394775,0.52223402261734009,132517534
2022-06-24T00:00:00.000000Z,0.5221409797668457,0.5533289909362793,0.51548701524734497,0.54579800367355347,78149738
2022-06-25T00:00:00.000000Z,0.54571002721786499,0.61890298128128052,0.53479397296905518,0.58609098196029663,134311893
2022-06-26T00:00:00.000000Z,0.58589500188827515,0.59996002912521362,0.54903101921081543,0.54931902885437012,101856882
2022-06-27T00:00:00.000000Z,0.5492820143699646,0.61119502782821655,0.5492820143699646,0.57192701101303101,147967559
2022-06-28T00:00:00.000000Z,0.57180702686309814,0.59341597557067871,0.52756398916244507,0.53055101633071899,86051520
2022-06-29T00:00:00.000000Z,0.53061997890472412,0.54027199745178223,0.51318401098251343,0.52077102661132812,67791911
2022-06-30T00:00:00.000000Z,0.52088701725006104,0.52460998296737671,0.46623700857162476,0.50685000419616699,75535776
2022-07-01T00:00:00.000000Z,0.507423996925354,0.51796001195907593,0.47492900490760803,0.47706699371337891,69731475
2022-07-02T00:00:00.000000Z,0.47740200161933899,0.48634698987007141,0.4599280059337616,0.47669398784637451,56512841
2022-07-03T00:00:00.000000Z,0.47663798928260803,0.48400598764419556,0.46254199743270874,0.47875198721885681,49509949
2022-07-04T00:00:00.000000Z,0.47871199250221252,0.52037298679351807,0.46917200088500977,0.51875597238540649,74907995
2022-07-05T00:00:00.000000Z,0.51878899335861206,0.56635898351669312,0.51878899335861206,0.53761202096939087,165456389
2022-07-06T00:00:00.000000Z,0.53785097599029541,0.54499202966690063,0.52371698617935181,0.54007798433303833,71589163
2022-07-07T00:00:00.000000Z,0.54011797904968262,0.56313097476959229,0.53857302665710449,0.55519199371337891,71276173
2022-07-08T00:00:00.000000Z,0.55520397424697876,0.56129598617553711,0.52814298868179321,0.53597402572631836,72068180
2022-07-09T00:00:00.000000Z,0.53588002920150757,0.56470400094985962,0.53515398502349854,0.55722397565841675,65894690
2022-07-10T00:00:00.000000Z,0.55717402696609497,0.55717402696609497,0.52235400676727295,0.52635598182678223,55613465
2022-07-11T00:00:00.000000Z,0.52634501457214355,0.52926599979400635,0.47549501061439514,0.47913700342178345,74146425
2022-07-12T00:00:00.000000Z,0.47927498817443848,0.48959198594093323,0.46599000692367554,0.46599000692367554,59901429
2022-07-13T00:00:00.000000Z,0.4659000039100647,0.48466399312019348,0.44704100489616394,0.48377999663352966,71722776
2022-07-14T00:00:00.000000Z,0.48376399278640747,0.50193899869918823,0.46682000160217285,0.50032502412796021,63808391
2022-07-15T00:00:00.000000Z,0.50044101476669312,0.51377201080322266,0.49698400497436523,0.50262600183486938,62720083
2022-07-16T00:00:00.000000Z,0.50262701511383057,0.51580798625946045,0.48899999260902405,0.51363497972488403,65164777
2022-07-17T00:00:00.000000Z,0.51375502347946167,0.52357000112533569,0.49849399924278259,0.49851599335670471,59431828
2022-07-18T00:00:00.000000Z,0.49855101108551025,0.57322901487350464,0.498524010181427,0.57322901487350464,129071623
2022-07-19T00:00:00.000000Z,0.57313501834869385,0.63180899620056152,0.55196899175643921,0.62352800369262695,149850672
2022-07-20T00:00:00.000000Z,0.62360197305679321,0.67595201730728149,0.58706802129745483,0.59576302766799927,164258957
2022-07-21T00:00:00.000000Z,0.59576600790023804,0.62238401174545288,0.57465702295303345,0.6154400110244751,128459911
2022-07-22T00:00:00.000000Z,0.61531698703765869,0.63499897718429565,0.58645397424697876,0.59339499473571777,107165938
2022-07-23T00:00:00.000000Z,0.59285598993301392,0.6132889986038208,0.57521802186965942,0.59367001056671143,85360940
2022-07-24T00:00:00.000000Z,0.59355300664901733,0.60442501306533813,0.58596998453140259,0.58640098571777344,68884980
2022-07-25T00:00:00.000000Z,0.58635801076889038,0.58702200651168823,0.53285497426986694,0.5330510139465332,72278897
2022-07-26T00:00:00.000000Z,0.5330430269241333,0.55273300409317017,0.52386897802352905,0.55273300409317017,69819202
2022-07-27T00:00:00.000000Z,0.55269300937652588,0.59555697441101074,0.53462898731231689,0.59555697441101074,91434637
2022-07-28T00:00:00.000000Z,0.59551197290420532,0.62797600030899048,0.57937401533126831,0.61171501874923706,102665889
2022-07-29T00:00:00.000000Z,0.6117129921913147,0.63168799877166748,0.59320402145385742,0.60492199659347534,106201555
2022-07-30T00:00:00.000000Z,0.60473001003265381,0.7035210132598877,0.60428398847579956,0.62844198942184448,186574429
2022-07-31T00:00:00.000000Z,0.62843197584152222,0.65166300535202026,0.60953301191329956,0.61371999979019165,129307229
2022-08-01T00:00:00.000000Z,0.61368298530578613,0.71422499418258667,0.61189001798629761,0.64503097534179688,187708444
2022-08-02T00:00:00.000000Z,0.64503300189971924,0.6491510272026062,0.60061299800872803,0.60960900783538818,90484471
2022-08-03T00:00:00.000000Z,0.60966801643371582,0.65643197298049927,0.59612399339675903,0.63065201044082642,95445059
2022-08-04T00:00:00.000000Z,0.63063699007034302,0.72065198421478271,0.63022702932357788,0.68430501222610474,297433916
2022-08-05T00:00:00.000000Z,0.68421697616577148,0.70737200975418091,0.67249798774719238,0.70737200975418091,106992461
2022-08-06T00:00:00.000000Z,0.70731997489929199,0.70731997489929199,0.6772729754447937,0.6772729754447937,63277707
2022-08-07T00:00:00.000000Z,0.67730998992919922,0.69160199165344238,0.66800600290298462,0.68246102333068848,56127847
2022-08-08T00:00:00.000000Z,0.6825069785118103,0.73139601945877075,0.67810100317001343,0.69825702905654907,143618070
2022-08-09T00:00:00.000000Z,0.6983720064163208,0.70755499601364136,0.65863800048828125,0.6705930233001709,69509660
2022-08-10T00:00:00.000000Z,0.67058700323104858,0.69956201314926147,0.65563899278640747,0.69949597120285034,68445428
2022-08-11T00:00:00.000000Z,0.69949197769165039,0.70925301313400269,0.68898999691009521,0.69247198104858398,67324282
2022-08-12T00:00:00.000000Z,0.69239300489425659,0.70389097929000854,0.68015998601913452,0.70269697904586792,48875111
2022-08-13T00:00:00.000000Z,0.7027440071105957,0.71614497900009155,0.69802397489547729,0.70130401849746704,50535623
2022-08-14T00:00:00.000000Z,0.70144498348236084,0.74822902679443359,0.68847799301147461,0.69943797588348389,120802773
2022-08-15T00:00:00.000000Z,0.69946497678756714,0.72174698114395142,0.6739799976348877,0.68135297298431396,66482834
2022-08-16T00:00:00.000000Z,0.68106502294540405,0.68827700614929199,0.66757899522781372,0.67308801412582397,54689699
2022-08-17T00:00:00.000000Z,0.67295700311660767,0.69048798084259033,0.63893097639083862,0.64165699481964111,59764546
2022-08-18T00:00:00.000000Z,0.64194798469543457,0.65529400110244751,0.6177629828453064,0.61823499202728271,44953807
2022-08-19T00:00:00.000000Z,0.61816799640655518,0.61816799640655518,0.55434799194335938,0.56252402067184448,75750173
2022-08-20T00:00:00.000000Z,0.5624459981918335,0.57591402530670166,0.54507797956466675,0.55806297063827515,42562789
2022-08-21T00:00:00.000000Z,0.55797898769378662,0.57863402366638184,0.55375099182128906,0.57094699144363403,34370917
2022-08-22T00:00:00.000000Z,0.57092297077178955,0.57092297077178955,0.53204697370529175,0.55232900381088257,44523238
2022-08-23T00:00:00.000000Z,0.55236297845840454,0.57121700048446655,0.53790098428726196,0.56787300109863281,44504407
2022-08-24T00:00:00.000000Z,0.56778299808502197,0.57745599746704102,0.55414402484893799,0.56174802780151367,43690768
2022-08-25T00:00:00.000000Z,0.56175202131271362,0.58067202568054199,0.56163698434829712,0.57035702466964722,42123001
2022-08-26T00:00:00.000000Z,0.57028102874755859,0.57516801357269287,0.50547599792480469,0.50865298509597778,66912652
2022-08-27T00:00:00.000000Z,0.50870597362518311,0.51563799381256104,0.50029098987579346,0.50921499729156494,41268291
2022-08-28T00:00:00.000000Z,0.50908899307250977,0.51911401748657227,0.49000900983810425,0.49005898833274841,33669166
2022-08-29T00:00:00.000000Z,0.49000900983810425,0.52786898612976074,0.48707801103591919,0.52716302871704102,40582081
2022-08-30T00:00:00.000000Z,0.527243971824646,0.5354040265083313,0.50296199321746826,0.51450300216674805,33166307
2022-08-31T00:00:00.000000Z,0.51434499025344849,0.53184497356414795,0.51434499025344849,0.51659297943115234,30202878
2022-09-01T00:00:00.000000Z,0.51662802696228027,0.52099001407623291,0.49597001075744629,0.51664799451828003,28958377
2022-09-02T00:00:00.000000Z,0.51661002635955811,0.53110700845718384,0.50345700979232788,0.50837498903274536,27225708
2022-09-03T00:00:00.000000Z,0.50829499959945679,0.5212709903717041,0.50381302833557129,0.52010500431060791,21539913
2022-09-04T00:00:00.000000Z,0.5201910138130188,0.53644698858261108,0.52007699012756348,0.53468799591064453,39474164
2022-09-05T00:00:00.000000Z,0.53463202714920044,0.54149800539016724,0.5195850133895874,0.53179699182510376,26639277
2022-09-06T00:00:00.000000Z,0.53190797567367554,0.54814201593399048,0.48385998606681824,0.4840179979801178,47631363
2022-09-07T00:00:00.000000Z,0.48385500907897949,0.52447599172592163,0.47784700989723206,0.52193397283554077,39850598
2022-09-08T00:00:00.000000Z,0.52188199758529663,0.52659600973129272,0.50649100542068481,0.5243459939956665,49695160
2022-09-09T00:00:00.000000Z,0.52429401874542236,0.55323898792266846,0.52419698238372803,0.54755401611328125,61809154
2022-09-10T00:00:00.000000Z,0.54747200012207031,0.55350500345230103,0.5370979905128479,0.54748302698135376,59251851
2022-09-11T00:00:00.000000Z,0.54737997055053711,0.55762302875518799,0.53382599353790283,0.54295599460601807,52293067
2022-09-12T00:00:00.000000Z,0.54299497604370117,0.56456601619720459,0.53503602743148804,0.54178202152252197,82938655
2022-09-13T00:00:00.000000Z,0.54182898998260498,0.54663699865341187,0.48984798789024353,0.49951300024986267,75528435
2022-09-14T00:00:00.000000Z,0.49327901005744934,0.51046502590179443,0.49097099900245667,0.50735998153686523,44294373
2022-09-15T00:00:00.000000Z,0.50729602575302124,0.50762099027633667,0.48728001117706299,0.48973700404167175,56685107
2022-09-16T00:00:00.000000Z,0.48981499671936035,0.49978500604629517,0.48567700386047363,0.49719700217247009,48518835
2022-09-17T00:00:00.000000Z,0.49727800488471985,0.51499098539352417,0.49724200367927551,0.5149809718132019,32026631
2022-09-18T00:00:00.000000Z,0.5150189995765686,0.51853799819946289,0.46693599224090576,0.46908101439476013,54286343
2022-09-19T00:00:00.000000Z,0.46915900707244873,0.48618200421333313,0.46042799949645996,0.48514500260353088,65172626
2022-09-20T00:00:00.000000Z,0.48507300019264221,0.48898801207542419,0.47360599040985107,0.47625601291656494,54932051
2022-09-21T00:00:00.000000Z,0.47626501321792603,0.49271500110626221,0.45181700587272644,0.45677798986434937,73676496
2022-09-22T00:00:00.000000Z,0.45653098821640015,0.48274201154708862,0.45435601472854614,0.48145699501037598,43183345
2022-09-23T00:00:00.000000Z,0.48144501447677612,0.49337700009346008,0.46286201477050781,0.48226898908615112,60678772
2022-09-24T00:00:00.000000Z,0.48222801089286804,0.48591598868370056,0.46881899237632751,0.46949899196624756,38588949
2022-09-25T00:00:00.000000Z,0.46943598985671997,0.47568300366401672,0.45600101351737976,0.45958700776100159,34655722
2022-09-26T00:00:00.000000Z,0.45959201455116272,0.46727201342582703,0.4492659866809845,0.46555200219154358,44671941
2022-09-27T00:00:00.000000Z,0.46557900309562683,0.48366200923919678,0.45636600255966187,0.4614349901676178,54872942
2022-09-28T00:00:00.000000Z,0.46129700541496277,0.46575498580932617,0.44366100430488586,0.4612019956111908,37026148
2022-09-29T00:00:00.000000Z,0.46124300360679626,0.4639970064163208,0.45177799463272095,0.46247100830078125,28941957
2022-09-30T00:00:00.000000Z,0.46243700385093689,0.46653899550437927,0.44951799511909485,0.45243200659751892,35796899
2022-10-01T00:00:00.000000Z,0.45245000720024109,0.45589199662208557,0.44889500737190247,0.45049500465393066,17428389
2022-10-02T00:00:00.000000Z,0.45053398609161377,0.45352599024772644,0.43636998534202576,0.43705800175666809,22069685
2022-10-03T00:00:00.000000Z,0.43699601292610168,0.45223098993301392,0.4333760142326355,0.451774001121521,25377088
2022-10-04T00:00:00.000000Z,0.4517270028591156,0.46096798777580261,0.4496999979019165,0.45851698517799377,24631990
2022-10-05T00:00:00.000000Z,0.45848500728607178,0.45905300974845886,0.44439798593521118,0.45385199785232544,23269129
2022-10-06T00:00:00.000000Z,0.4539090096950531,0.46061998605728149,0.44528201222419739,0.44653999805450439,25405301
2022-10-07T00:00:00.000000Z,0.44656398892402649,0.45240598917007446,0.4427649974822998,0.44846901297569275,17770589
2022-10-08T00:00:00.000000Z,0.4484269917011261,0.45836099982261658,0.44324201345443726,0.44674301147460938,19822066
2022-10-09T00:00:00.000000Z,0.44679999351501465,0.45537599921226501,0.44640898704528809,0.45239898562431335,14217511
2022-10-10T00:00:00.000000Z,0.45236098766326904,0.45603001117706299,0.43579098582267761,0.43590900301933289,23536782
2022-10-11T00:00:00.000000Z,0.43567898869514465,0.43567898869514465,0.42352700233459473,0.42683398723602295,22712271
2022-10-12T00:00:00.000000Z,0.4269460141658783,0.43274000287055969,0.4262470006942749,0.42841199040412903,13587322
2022-10-13T00:00:00.000000Z,0.42851299047470093,0.42879301309585571,0.39049899578094482,0.42562499642372131,36608360
2022-10-14T00:00:00.000000Z,0.42561200261116028,0.4387190043926239,0.41554200649261475,0.41994500160217285,21481731
2022-10-15T00:00:00.000000Z,0.41990199685096741,0.42647901177406311,0.41815400123596191,0.42536398768424988,16467599
2022-10-16T00:00:00.000000Z,0.42539900541305542,0.433694988489151,0.4230160117149353,0.42846599221229553,14560094
2022-10-17T00:00:00.000000Z,0.42848199605941772,0.4373680055141449,0.42538300156593323,0.43607500195503235,15352560
2022-10-18T00:00:00.000000Z,0.43603798747062683,0.44207200407981873,0.42652100324630737,0.43456399440765381,23002752
2022-10-19T00:00:00.000000Z,0.43463599681854248,0.43781799077987671,0.41928699612617493,0.41974401473999023,27741799
2022-10-20T00:00:00.000000Z,0.4197399914264679,0.42826899886131287,0.41309499740600586,0.41468098759651184,18305890
2022-10-21T00:00:00.000000Z,0.41467401385307312,0.41505798697471619,0.39766299724578857,0.41459700465202332,20136189
2022-10-22T00:00:00.000000Z,0.41461300849914551,0.41604501008987427,0.41039499640464783,0.41480699181556702,15594560
2022-10-23T00:00:00.000000Z,0.41481301188468933,0.42400199174880981,0.40796801447868347,0.42275598645210266,16513172
2022-10-24T00:00:00.000000Z,0.42275598645210266,0.42359799146652222,0.4094730019569397,0.41539099812507629,17062927
2022-10-25T00:00:00.000000Z,0.41538599133491516,0.44331300258636475,0.41538599133491516,0.43550100922584534,42650279
2022-10-26T00:00:00.000000Z,0.43535101413726807,0.44766199588775635,0.43430298566818237,0.44336798787117004,28837282
2022-10-27T00:00:00.000000Z,0.44336798787117004,0.46128100156784058,0.43593999743461609,0.4375540018081665,41947034
2022-10-28T00:00:00.000000Z,0.43751698732376099,0.45155200362205505,0.42979800701141357,0.45001399517059326,30548649
2022-10-29T00:00:00.000000Z,0.45002898573875427,0.46338000893592834,0.44836899638175964,0.45530501008033752,40328686
2022-10-30T00:00:00.000000Z,0.45532101392745972,0.48284199833869934,0.45082199573516846,0.45959201455116272,59328770
2022-10-31T00:00:00.000000Z,0.4594460129737854,0.46325001120567322,0.44865301251411438,0.45421698689460754,34636497
2022-11-01T00:00:00.000000Z,0.45417499542236328,0.46056100726127625,0.44415798783302307,0.44424000382423401,26011462
2022-11-02T00:00:00.000000Z,0.44422799348831177,0.44512701034545898,0.41944900155067444,0.42544400691986084,33914429
2022-11-03T00:00:00.000000Z,0.42540198564529419,0.44719800353050232,0.42495501041412354,0.43389999866485596,33817457
2022-11-04T00:00:00.000000Z,0.43399599194526672,0.47558501362800598,0.43220999836921692,0.47552099823951721,41779877
2022-11-05T00:00:00.000000Z,0.47554600238800049,0.49846699833869934,0.47315600514411926,0.47939300537109375,57899050
2022-11-06T00:00:00.000000Z,0.47948300838470459,0.48208001255989075,0.44807401299476624,0.44811099767684937,32064443
2022-11-07T00:00:00.000000Z,0.44804701209068298,0.47027501463890076,0.43961599469184875,0.46487000584602356,35444062
2022-11-08T00:00:00.000000Z,0.46470698714256287,0.47268998622894287,0.36600500345230103,0.40454700589179993,88981463
2022-11-09T00:00:00.000000Z,0.4047049880027771,0.40529799461364746,0.31662499904632568,0.32316499948501587,78759793
2022-11-10T00:00:00.000000Z,0.32317298650741577,0.38016900420188904,0.32004401087760925,0.37330099940299988,68324916
2022-11-11T00:00:00.000000Z,0.37310299277305603,0.37505900859832764,0.33674699068069458,0.34881800413131714,51966223
2022-11-12T00:00:00.000000Z,0.34894600510597229,0.34977200627326965,0.32367399334907532,0.32458999752998352,26281838
2022-11-13T00:00:00.000000Z,0.32460498809814453,0.33049899339675903,0.3078249990940094,0.3110480010509491,52006091
2022-11-14T00:00:00.000000Z,0.3110319972038269,0.31810501217842102,0.29417300224304199,0.31233799457550049,27295553
2022-11-15T00:00:00.000000Z,0.31227099895477295,0.32891198992729187,0.30941501259803772,0.32072800397872925,20525139
2022-11-16T00:00:00.000000Z,0.32068899273872375,0.32735800743103027,0.30817300081253052,0.3111329972743988,17193995
2022-11-17T00:00:00.000000Z,0.31103399395942688,0.31244000792503357,0.3027380108833313,0.30536600947380066,13496402
2022-11-18T00:00:00.000000Z,0.30535399913787842,0.31199398636817932,0.30287998914718628,0.30872499942779541,14037407
2022-11-19T00:00:00.000000Z,0.30871200561523438,0.31610500812530518,0.30375900864601135,0.31492099165916443,14791897
2022-11-20T00:00:00.000000Z,0.31491300463676453,0.3186970055103302,0.29153299331665039,0.29227200150489807,17349463
2022-11-21T00:00:00.000000Z,0.29231798648834229,0.29655700922012329,0.27859300374984741,0.2830359935760498,25425597
2022-11-22T00:00:00.000000Z,0.28290298581123352,0.29478099942207336,0.27664801478385925,0.29447901248931885,23599750
2022-11-23T00:00:00.000000Z,0.29451999068260193,0.30363300442695618,0.29371500015258789,0.30285599827766418,16128308
2022-11-24T00:00:00.000000Z,0.30290299654006958,0.31204000115394592,0.29914000630378723,0.30535799264907837,19621437
2022-11-25T00:00:00.000000Z,0.30537199974060059,0.30541899800300598,0.29593199491500854,0.30333501100540161,11754424
2022-11-26T00:00:00.000000Z,0.30330801010131836,0.31013199687004089,0.30124598741531372,0.30339300632476807,21385974
2022-11-27T00:00:00.000000Z,0.30339500308036804,0.31327098608016968,0.30265200138092041,0.30506399273872375,13427662
2022-11-28T00:00:00.000000Z,0.3050520122051239,0.30654099583625793,0.29038399457931519,0.29608199000358582,14522993
2022-11-29T00:00:00.000000Z,0.29608699679374695,0.30351701378822327,0.29351601004600525,0.29907199740409851,16355881
2022-11-30T00:00:00.000000Z,0.29907301068305969,0.31334599852561951,0.29907301068305969,0.31259599328041077,17490729
2022-12-01T00:00:00.000000Z,0.312593013048172,0.31288999319076538,0.30436599254608154,0.30500298738479614,12967843
2022-12-02T00:00:00.000000Z,0.30497899651527405,0.31441599130630493,0.30189600586891174,0.31357699632644653,17989346
2022-12-03T00:00:00.000000Z,0.31358000636100769,0.31489399075508118,0.30320501327514648,0.30330699682235718,31135073
2022-12-04T00:00:00.000000Z,0.30331999063491821,0.31331801414489746,0.30331999063491821,0.31258499622344971,21484512
2022-12-05T00:00:00.000000Z,0.31253200769424438,0.32381799817085266,0.31150001287460327,0.31834200024604797,25446251
2022-12-06T00:00:00.000000Z,0.31839200854301453,0.3187279999256134,0.31114301085472107,0.31326198577880859,21924794
2022-12-07T00:00:00.000000Z,0.31322500109672546,0.31690299510955811,0.2953529953956604,0.29794099926948547,41672037
2022-12-08T00:00:00.000000Z,0.29800900816917419,0.30689498782157898,0.29548001289367676,0.30550900101661682,24843920
2022-12-09T00:00:00.000000Z,0.3056119978427887,0.30779498815536499,0.30254900455474854,0.30494698882102966,23824364
2022-12-10T00:00:00.000000Z,0.304982990026474,0.30958598852157593,0.30438598990440369,0.30768600106239319,14994757
2022-12-11T00:00:00.000000Z,0.30770298838615417,0.31343001127243042,0.30324700474739075,0.30385699868202209,11626926
2022-12-12T00:00:00.000000Z,0.30384400486946106,0.30388599634170532,0.29384300112724304,0.30008998513221741,11675531
2022-12-13T00:00:00.000000Z,0.30011999607086182,0.30468699336051941,0.28667899966239929,0.3037090003490448,23884655
2022-12-14T00:00:00.000000Z,0.3037010133266449,0.30902099609375,0.30021500587463379,0.30026400089263916,15609240
2022-12-15T00:00:00.000000Z,0.30030399560928345,0.30089300870895386,0.29123198986053467,0.29172000288963318,10469581
2022-12-16T00:00:00.000000Z,0.29165700078010559,0.29353201389312744,0.25720399618148804,0.26026400923728943,16293934
2022-12-17T00:00:00.000000Z,0.26026898622512817,0.26403701305389404,0.2538909912109375,0.26288101077079773,11389883
2022-12-18T00:00:00.000000Z,0.26287698745727539,0.26336199045181274,0.25836101174354553,0.26167801022529602,6474879
2022-12-19T00:00:00.000000Z,0.26168501377105713,0.2672789990901947,0.24642999470233917,0.24861699342727661,10852304
2022-12-20T00:00:00.000000Z,0.24866600334644318,0.26489600539207458,0.24852299690246582,0.26467400789260864,9199968
2022-12-21T00:00:00.000000Z,0.26461300253868103,0.26463401317596436,0.25829300284385681,0.25940299034118652,7810939
2022-12-22T00:00:00.000000Z,0.25945499539375305,0.26311400532722473,0.25309601426124573,0.26190599799156189,11987425
2022-12-23T00:00:00.000000Z,0.26192900538444519,0.26720800995826721,0.26192900538444519,0.26682299375534058,8639485
2022-12-24T00:00:00.000000Z,0.26680898666381836,0.26726499199867249,0.26323100924491882,0.26428699493408203,6005809
2022-12-25T00:00:00.000000Z,0.26429399847984314,0.26492199301719666,0.25834301114082336,0.26139000058174133,6469111
2022-12-26T00:00:00.000000Z,0.26140600442886353,0.26450800895690918,0.26018500328063965,0.26447099447250366,6013122
2022-12-27T00:00:00.000000Z,0.26447299122810364,0.26600000262260437,0.25533300638198853,0.25701999664306641,9573444
2022-12-28T00:00:00.000000Z,0.25706800818443298,0.25768399238586426,0.24259799718856812,0.24322399497032166,10428161
2022-12-29T00:00:00.000000Z,0.24321800470352173,0.24532200396060944,0.23595300316810608,0.2400750070810318,9377530
2022-12-30T00:00:00.000000Z,0.2400750070810318,0.2404329925775528,0.2315869927406311,0.23697599768638611,9931863
2022-12-31T00:00:00.000000Z,0.237062007188797,0.24351300299167633,0.237062007188797,0.24106200039386749,6960375
2023-01-01T00:00:00.000000Z,0.24100999534130096,0.24398800730705261,0.2396170049905777,0.24343100190162659,5939568
2023-01-02T00:00:00.000000Z,0.24344600737094879,0.25100699067115784,0.23841199278831482,0.24863499402999878,9863646
2023-01-03T00:00:00.000000Z,0.24889600276947021,0.25000599026679993,0.24056699872016907,0.24447399377822876,11430426
2023-01-04T00:00:00.000000Z,0.24450500309467316,0.25235399603843689,0.2434999942779541,0.25018700957298279,12574602
2023-01-05T00:00:00.000000Z,0.25016298890113831,0.25573998689651489,0.24869400262832642,0.2506369948387146,13259289
2023-01-06T00:00:00.000000Z,0.25064399838447571,0.25707399845123291,0.24708299338817596,0.25602298974990845,12392040
2023-01-07T00:00:00.000000Z,0.25601500272750854,0.26851999759674072,0.25575798749923706,0.26166999340057373,19506359
2023-01-08T00:00:00.000000Z,0.26168400049209595,0.27729400992393494,0.25767698884010315,0.27729400992393494,17920562
2023-01-09T00:00:00.000000Z,0.27722001075744629,0.304625004529953,0.27642899751663208,0.29142099618911743,40906831
2023-01-10T00:00:00.000000Z,0.29137301445007324,0.29731699824333191,0.28577899932861328,0.29128700494766235,19515290
2023-01-11T00:00:00.000000Z,0.29128101468086243,0.3011380136013031,0.28266200423240662,0.3008129894733429,18314693
2023-01-12T00:00:00.000000Z,0.30503299832344055,0.30568799376487732,0.29256901144981384,0.30409601330757141,24579176
2023-01-13T00:00:00.000000Z,0.30411100387573242,0.34013700485229492,0.30143499374389648,0.33397799730300903,45592125
2023-01-14T00:00:00.000000Z,0.33413299918174744,0.36189201474189758,0.33254700899124146,0.35075798630714417,65825662
2023-01-15T00:00:00.000000Z,0.35076498985290527,0.36379799246788025,0.33380600810050964,0.3611760139465332,47380366
2023-01-16T00:00:00.000000Z,0.36111000180244446,0.37961900234222412,0.35228198766708374,0.36058598756790161,51308463
2023-01-17T00:00:00.000000Z,0.36058101058006287,0.37218499183654785,0.35209399461746216,0.36061599850654602,33323276
2023-01-18T00:00:00.000000Z,0.36063799262046814,0.42658901214599609,0.36053499579429626,0.36570599675178528,176591528
2023-01-19T00:00:00.000000Z,0.36560800671577454,0.45238998532295227,0.35672199726104736,0.41226398944854736,308529331
2023-01-20T00:00:00.000000Z,0.41233399510383606,0.44301098585128784,0.4097059965133667,0.43717798590660095,124929328
2023-01-21T00:00:00.000000Z,0.43716299533843994,0.45062500238418579,0.42418301105499268,0.43743601441383362,87490432
2023-01-22T00:00:00.000000Z,0.43744701147079468,0.44775199890136719,0.42013800144195557,0.43091198801994324,66824991
2023-01-23T00:00:00.000000Z,0.43116301298141479,0.44521099328994751,0.42778900265693665,0.4320639967918396,47524773
2023-01-24T00:00:00.000000Z,0.4320409893989563,0.44449099898338318,0.40028399229049683,0.40348300337791443,56933153
2023-01-25T00:00:00.000000Z,0.40353599190711975,0.43078100681304932,0.39628699421882629,0.42638400197029114,43046693
2023-01-26T00:00:00.000000Z,0.42620798945426941,0.43072500824928284,0.41335201263427734,0.41720899939537048,31746520
2023-01-27T00:00:00.000000Z,0.41710498929023743,0.42522698640823364,0.40386301279067993,0.42426100373268127,30251967
2023-01-28T00:00:00.000000Z,0.42431199550628662,0.49569699168205261,0.42431199550628662,0.46162900328636169,207894126
2023-01-29T00:00:00.000000Z,0.46155700087547302,0.47740501165390015,0.44941100478172302,0.47258099913597107,55900581
2023-01-30T00:00:00.000000Z,0.47249299287796021,0.47349101305007935,0.42936798930168152,0.43657198548316956,45678172
2023-01-31T00:00:00.000000Z,0.43664500117301941,0.45513799786567688,0.42960900068283081,0.45513799786567688,32725822
2023-02-01T00:00:00.000000Z,0.45543599128723145,0.47409901022911072,0.43022599816322327,0.47204899787902832,54079075
2023-02-02T00:00:00.000000Z,0.47200301289558411,0.48602199554443359,0.45752701163291931,0.45924299955368042,43086474
2023-02-03T00:00:00.000000Z,0.45921599864959717,0.47222200036048889,0.45448198914527893,0.47112500667572021,30376168
2023-02-04T00:00:00.000000Z,0.47107499837875366,0.48799899220466614,0.46416699886322021,0.47666600346565247,35225733
2023-02-05T00:00:00.000000Z,0.47671800851821899,0.48934400081634521,0.44703799486160278,0.45547199249267578,63351105
2023-02-06T00:00:00.000000Z,0.45548799633979797,0.4836679995059967,0.45271000266075134,0.46107101440429688,50988507
2023-02-07T00:00:00.000000Z,0.46111199259757996,0.52295798063278198,0.45506298542022705,0.51436501741409302,79379763
2023-02-08T00:00:00.000000Z,0.51402199268341064,0.52654898166656494,0.48223099112510681,0.50148999691009521,60709994
2023-02-09T00:00:00.000000Z,0.50157397985458374,0.51613897085189819,0.43931201100349426,0.44372901320457458,61205044
2023-02-10T00:00:00.000000Z,0.44372400641441345,0.44792699813842773,0.43545600771903992,0.44036799669265747,36467723
2023-02-11T00:00:00.000000Z,0.44038400053977966,0.46058198809623718,0.43669500946998596,0.46058198809623718,26713593
2023-02-12T00:00:00.000000Z,0.46056300401687622,0.465131014585495,0.44538199901580811,0.44635000824928284,29512577
2023-02-13T00:00:00.000000Z,0.44628700613975525,0.45085000991821289,0.41456699371337891,0.42841699719429016,30405630
2023-02-14T00:00:00.000000Z,0.42840498685836792,0.44326698780059814,0.41868799924850464,0.44266900420188904,30225673
2023-02-15T00:00:00.000000Z,0.44262498617172241,0.4833109974861145,0.43967598676681519,0.4833109974861145,35159079
2023-02-16T00:00:00.000000Z,0.48326298594474792,0.49425101280212402,0.45381700992584229,0.4544680118560791,44652993
2023-02-17T00:00:00.000000Z,0.45451700687408447,0.49077299237251282,0.45451700687408447,0.48690399527549744,40187258
2023-02-18T00:00:00.000000Z,0.4868679940700531,0.49576199054718018,0.4800570011138916,0.49040898680686951,27433443
2023-02-19T00:00:00.000000Z,0.49039900302886963,0.50537997484207153,0.47566598653793335,0.4837619960308075,36159497
2023-02-20T00:00:00.000000Z,0.48390299081802368,0.53577101230621338,0.48020198941230774,0.52133601903915405,85007794
2023-02-21T00:00:00.000000Z,0.52137398719787598,0.52485197782516479,0.49064099788665771,0.50138700008392334,46865396
2023-02-22T00:00:00.000000Z,0.50140297412872314,0.50487601757049561,0.4713900089263916,0.48633301258087158,35273742
2023-02-23T00:00:00.000000Z,0.48635700345039368,0.56521701812744141,0.48635700345039368,0.54522699117660522,248234793
2023-02-24T00:00:00.000000Z,0.54517900943756104,0.54963201284408569,0.49494299292564392,0.49861600995063782,66302076
2023-02-25T00:00:00.000000Z,0.49866598844528198,0.4997279942035675,0.46042099595069885,0.47095701098442078,38650414
2023-02-26T00:00:00.000000Z,0.47099900245666504,0.49478098750114441,0.46519899368286133,0.49010598659515381,31572555
2023-02-27T00:00:00.000000Z,0.49013099074363708,0.49129199981689453,0.47072800993919373,0.48260000348091125,28424714
2023-02-28T00:00:00.000000Z,0.48257699608802795,0.4833109974861145,0.45641100406646729,0.4615359902381897,25351031
2023-03-01T00:00:00.000000Z,0.46153199672698975,0.48558700084686279,0.45880299806594849,0.47924599051475525,25261657
2023-03-02T00:00:00.000000Z,0.47920900583267212,0.47938099503517151,0.45636400580406189,0.4638180136680603,20302906
2023-03-03T00:00:00.000000Z,0.463919997215271,0.46435299515724182,0.42100098729133606,0.43517699837684631,32982261
2023-03-04T00:00:00.000000Z,0.43520501255989075,0.43920800089836121,0.41674900054931641,0.42292699217796326,18924752
2023-03-05T00:00:00.000000Z,0.42294299602508545,0.43608701229095459,0.41685199737548828,0.41738200187683105,19209133
2023-03-06T00:00:00.000000Z,0.41740798950195312,0.42709401249885559,0.40838798880577087,0.42548498511314392,24830790
2023-03-07T00:00:00.000000Z,0.42553699016571045,0.44596400856971741,0.42112699151039124,0.42937099933624268,52082929
2023-03-08T00:00:00.000000Z,0.42930600047111511,0.42930600047111511,0.38838100433349609,0.39107999205589294,33534839
2023-03-09T00:00:00.000000Z,0.39117699861526489,0.39614599943161011,0.35482299327850342,0.35871198773384094,35786457
2023-03-10T00:00:00.000000Z,0.35877498984336853,0.35899698734283447,0.33364701271057129,0.35707899928092957,32686446
2023-03-11T00:00:00.000000Z,0.35706698894500732,0.36428999900817871,0.33688199520111084,0.35376501083374023,24811719
2023-03-12T00:00:00.000000Z,0.35370099544525146,0.38569501042366028,0.35003501176834106,0.38565900921821594,24367642
2023-03-13T00:00:00.000000Z,0.38560700416564941,0.41156300902366638,0.37640699744224548,0.4073449969291687,41478563
2023-03-14T00:00:00.000000Z,0.40738898515701294,0.44148200750350952,0.40050399303436279,0.42997199296951294,49414687
2023-03-15T00:00:00.000000Z,0.43002000451087952,0.44034698605537415,0.38321399688720703,0.38614499568939209,51124024
2023-03-16T00:00:00.000000Z,0.38626500964164734,0.39509999752044678,0.38083499670028687,0.39138799905776978,32837779
2023-03-17T00:00:00.000000Z,0.3914400041103363,0.42475301027297974,0.38705700635910034,0.42274001240730286,42542435
2023-03-18T00:00:00.000000Z,0.42268100380897522,0.43924599885940552,0.40882200002670288,0.40945801138877869,49749858
2023-03-19T00:00:00.000000Z,0.40952599048614502,0.43460199236869812,0.40952599048614502,0.42385399341583252,39066328
2023-03-20T00:00:00.000000Z,0.4240109920501709,0.43647700548171997,0.39810100197792053,0.40065199136734009,43616749
2023-03-21T00:00:00.000000Z,0.40085801482200623,0.41294500231742859,0.38584598898887634,0.41022300720214844,29812425
2023-03-22T00:00:00.000000Z,0.41018098592758179,0.41018098592758179,0.37640100717544556,0.38522100448608398,31519709
2023-03-23T00:00:00.000000Z,0.38521298766136169,0.40520700812339783,0.37935599684715271,0.40190699696540833,23358982
2023-03-24T00:00:00.000000Z,0.40187099575996399,0.40222001075744629,0.38169598579406738,0.38653600215911865,21569239
2023-03-25T00:00:00.000000Z,0.38659399747848511,0.39200401306152344,0.37634599208831787,0.381756991147995,15939259
2023-03-26T00:00:00.000000Z,0.38183298707008362,0.39252099394798279,0.37907299399375916,0.39022600650787354,14130800
2023-03-27T00:00:00.000000Z,0.39030700922012329,0.39170500636100769,0.36344000697135925,0.36811301112174988,19603983
2023-03-28T00:00:00.000000Z,0.36809200048446655,0.3771899938583374,0.36159899830818176,0.37615498900413513,15910633
2023-03-29T00:00:00.000000Z,0.37610200047492981,0.39998799562454224,0.37610200047492981,0.39970299601554871,23719330
2023-03-30T00:00:00.000000Z,0.3996959924697876,0.40663599967956543,0.38413399457931519,0.39122700691223145,25877232
2023-03-31T00:00:00.000000Z,0.39125499129295349,0.41176199913024902,0.38243898749351501,0.40712600946426392,27222440
2023-04-01T00:00:00.000000Z,0.40711900591850281,0.41662800312042236,0.40357398986816406,0.41350701451301575,24134227
2023-04-02T00:00:00.000000Z,0.41428399085998535,0.41656500101089478,0.38887101411819458,0.3943839967250824,22423916
2023-04-03T00:00:00.000000Z,0.39443299174308777,0.406715989112854,0.38485899567604065,0.39956200122833252,26625982
2023-04-04T00:00:00.000000Z,0.39960199594497681,0.41061899065971375,0.39362999796867371,0.40827101469039917,21226417
2023-04-05T00:00:00.000000Z,0.40825599431991577,0.43138599395751953,0.40677401423454285,0.42757499217987061,39513537
2023-04-06T00:00:00.000000Z,0.42758899927139282,0.42887800931930542,0.41181099414825439,0.41879799962043762,28844846
2023-04-07T00:00:00.000000Z,0.41874700784683228,0.49582099914550781,0.41874700784683228,0.47261399030685425,448205086
2023-04-08T00:00:00.000000Z,0.47242501378059387,0.47393399477005005,0.44075000286102295,0.44075000286102295,108929066
2023-04-09T00:00:00.000000Z,0.44080999493598938,0.44613400101661682,0.42821899056434631,0.44299799203872681,45188954
2023-04-10T00:00:00.000000Z,0.44297900795936584,0.44479900598526001,0.42155599594116211,0.43671500682830811,38718092
2023-04-11T00:00:00.000000Z,0.43679100275039673,0.43698298931121826,0.42976599931716919,0.43162700533866882,30900193
2023-04-12T00:00:00.000000Z,0.4316520094871521,0.43224599957466125,0.41136500239372253,0.41955700516700745,26472131
2023-04-13T00:00:00.000000Z,0.42102599143981934,0.4329180121421814,0.41645199060440063,0.43284198641777039,24820736
2023-04-14T00:00:00.000000Z,0.43310800194740295,0.45036599040031433,0.42778998613357544,0.44893598556518555,38405042
2023-04-15T00:00:00.000000Z,0.4489310085773468,0.45148500800132751,0.43798699975013733,0.44533199071884155,25780632
2023-04-16T00:00:00.000000Z,0.44533100724220276,0.4544450044631958,0.4385640025138855,0.45080000162124634,24076550
2023-04-17T00:00:00.000000Z,0.45081600546836853,0.4538550078868866,0.43659400939941406,0.45221000909805298,31007886
2023-04-18T00:00:00.000000Z,0.45236700773239136,0.45933398604393005,0.44527998566627502,0.45555099844932556,30103635
2023-04-19T00:00:00.000000Z,0.455485999584198,0.45568901300430298,0.40546101331710815,0.40944600105285645,40117303
2023-04-20T00:00:00.000000Z,0.40940898656845093,0.41894900798797607,0.39651799201965332,0.40008500218391418,27635115
2023-04-21T00:00:00.000000Z,0.40002799034118652,0.40544900298118591,0.37907299399375916,0.38327300548553467,29282839
2023-04-22T00:00:00.000000Z,0.38332998752593994,0.39765501022338867,0.38046899437904358,0.39741000533103943,16017498
2023-04-23T00:00:00.000000Z,0.39740699529647827,0.39756399393081665,0.381305992603302,0.39094498753547668,15490330
2023-04-24T00:00:00.000000Z,0.39094299077987671,0.39556699991226196,0.38449901342391968,0.39127001166343689,17187213
2023-04-25T00:00:00.000000Z,0.39125099778175354,0.39960101246833801,0.37969198822975159,0.3977929949760437,16045245
2023-04-26T00:00:00.000000Z,0.39777600765228271,0.41167101263999939,0.3739359974861145,0.39021798968315125,23243845
2023-04-27T00:00:00.000000Z,0.39032799005508423,0.40278199315071106,0.38923099637031555,0.39886599779129028,17016188
2023-04-28T00:00:00.000000Z,0.39889299869537354,0.40171900391578674,0.38977500796318054,0.3940730094909668,17027030
2023-04-29T00:00:00.000000Z,0.39404299855232239,0.39990600943565369,0.39318400621414185,0.39735299348831177,10858552
2023-04-30T00:00:00.000000Z,0.39734500646591187,0.39744299650192261,0.38448700308799744,0.38724499940872192,12003026
2023-05-01T00:00:00.000000Z,0.38708800077438354,0.38795599341392517,0.37029200792312622,0.37531399726867676,11786150
2023-05-02T00:00:00.000000Z,0.37533500790596008,0.37876701354980469,0.37135899066925049,0.37764999270439148,9943248
2023-05-03T00:00:00.000000Z,0.37765601277351379,0.38640600442886353,0.36851298809051514,0.38585600256919861,11414813
2023-05-04T00:00:00.000000Z,0.38595500588417053,0.38727599382400513,0.37850001454353333,0.38011699914932251,8958755
2023-05-05T00:00:00.000000Z,0.38017699122428894,0.38700199127197266,0.37756198644638062,0.38578099012374878,10341253
2023-05-06T00:00:00.000000Z,0.38577398657798767,0.38734599947929382,0.36582601070404053,0.37024199962615967,12180816
2023-05-07T00:00:00.000000Z,0.37022998929023743,0.37101799249649048,0.36578899621963501,0.36611399054527283,8279774
2023-05-08T00:00:00.000000Z,0.36600598692893982,0.36678400635719299,0.33614099025726318,0.34346100687980652,19269897
2023-05-09T00:00:00.000000Z,0.34342300891876221,0.34708499908447266,0.34164699912071228,0.3436489999294281,10069852
2023-05-10T00:00:00.000000Z,0.34361499547958374,0.3552129864692688,0.33625298738479614,0.35192000865936279,16370065
2023-05-11T00:00:00.000000Z,0.35195699334144592,0.35195699334144592,0.32732599973678589,0.33333700895309448,13235277
2023-05-12T00:00:00.000000Z,0.33328399062156677,0.33674401044845581,0.32171499729156494,0.33671700954437256,12749954
2023-05-13T00:00:00.000000Z,0.33676698803901672,0.33703300356864929,0.32955899834632874,0.33326900005340576,8951602
2023-05-14T00:00:00.000000Z,0.33324998617172241,0.33798199892044067,0.32908898591995239,0.3364270031452179,7514780
2023-05-15T00:00:00.000000Z,0.33638700842857361,0.34440198540687561,0.3326990008354187,0.33880499005317688,11360831
2023-05-16T00:00:00.000000Z,0.33876299858093262,0.34667098522186279,0.33343499898910522,0.34635499119758606,10685763
2023-05-17T00:00:00.000000Z,0.34639999270439148,0.3625200092792511,0.34612101316452026,0.35534900426864624,22135405
2023-05-18T00:00:00.000000Z,0.35532200336456299,0.35607999563217163,0.33829700946807861,0.34611201286315918,11367781
2023-05-19T00:00:00.000000Z,0.3460409939289093,0.35025098919868469,0.34284600615501404,0.34582099318504333,8894018
2023-05-20T00:00:00.000000Z,0.34585800766944885,0.34793800115585327,0.3415600061416626,0.34589400887489319,7942887
2023-05-21T00:00:00.000000Z,0.3459550142288208,0.34619000554084778,0.33717301487922668,0.34059599041938782,8704646
2023-05-22T00:00:00.000000Z,0.34061899781227112,0.34147799015045166,0.334430992603302,0.33812698721885681,8850667
2023-05-23T00:00:00.000000Z,0.33810898661613464,0.34542998671531677,0.33629500865936279,0.33989399671554565,8533168
2023-05-24T00:00:00.000000Z,0.33986398577690125,0.33994600176811218,0.32255598902702332,0.32552799582481384,10364073
2023-05-25T00:00:00.000000Z,0.32545599341392517,0.33572199940681458,0.31705000996589661,0.33333700895309448,13030216
2023-05-26T00:00:00.000000Z,0.33332398533821106,0.33468899130821228,0.32719400525093079,0.33070498704910278,10464736
2023-05-27T00:00:00.000000Z,0.33068600296974182,0.33701300621032715,0.32886099815368652,0.33661800622940063,7570619
2023-05-28T00:00:00.000000Z,0.33663299679756165,0.34602600336074829,0.33506900072097778,0.34318000078201294,10462718
2023-05-29T00:00:00.000000Z,0.34319499135017395,0.34425601363182068,0.33335599303245544,0.33456200361251831,9480657
2023-05-30T00:00:00.000000Z,0.33449700474739075,0.3381899893283844,0.33117198944091797,0.33662998676300049,9030116
2023-05-31T00:00:00.000000Z,0.33662399649620056,0.33885800838470459,0.32144299149513245,0.32428398728370667,9667187
2023-06-01T00:00:00.000000Z,0.32426899671554565,0.33156999945640564,0.32000100612640381,0.3296700119972229,8817508
2023-06-02T00:00:00.000000Z,0.32962900400161743,0.33382400870323181,0.32743000984191895,0.33302098512649536,8144979
2023-06-03T00:00:00.000000Z,0.33303400874137878,0.33308500051498413,0.32714998722076416,0.32950100302696228,7823257
2023-06-04T00:00:00.000000Z,0.32950699329376221,0.33976900577545166,0.3283970057964325,0.3354170024394989,9236986
2023-06-05T00:00:00.000000Z,0.33538100123405457,0.34656599164009094,0.30404400825500488,0.30934199690818787,24067481
2023-06-06T00:00:00.000000Z,0.30934301018714905,0.32614898681640625,0.307451993227005,0.32351800799369812,13836301
2023-06-07T00:00:00.000000Z,0.32351601123809814,0.32351601123809814,0.29810100793838501,0.29978498816490173,11881260
2023-06-08T00:00:00.000000Z,0.29980900883674622,0.30689701437950134,0.29403901100158691,0.30012801289558411,12398500
2023-06-09T00:00:00.000000Z,0.30011799931526184,0.30015400052070618,0.28813400864601135,0.29100099205970764,10808272
2023-06-10T00:00:00.000000Z,0.29100099205970764,0.29112899303436279,0.2374889999628067,0.251801997423172,25179788
2023-06-11T00:00:00.000000Z,0.25180900096893311,0.25477999448776245,0.2477789968252182,0.25133898854255676,9039254
2023-06-12T00:00:00.000000Z,0.2513430118560791,0.25414100289344788,0.24467700719833374,0.25398701429367065,8971849
2023-06-13T00:00:00.000000Z,0.25397399067878723,0.26233100891113281,0.25288000702857971,0.25674000382423401,9355459
2023-06-14T00:00:00.000000Z,0.25674000382423401,0.26215800642967224,0.24340799450874329,0.24765199422836304,10648686
2023-06-15T00:00:00.000000Z,0.24773900210857391,0.25568300485610962,0.24289600551128387,0.25367999076843262,8763458
2023-06-16T00:00:00.000000Z,0.25370600819587708,0.26082798838615417,0.24876399338245392,0.25880399346351624,8327621
2023-06-17T00:00:00.000000Z,0.25878700613975525,0.26590698957443237,0.25783300399780273,0.26036098599433899,7423346
2023-06-18T00:00:00.000000Z,0.26034599542617798,0.26280000805854797,0.25479400157928467,0.25575000047683716,6954663
2023-06-19T00:00:00.000000Z,0.25575700402259827,0.26062199473381042,0.25405299663543701,0.25796300172805786,8618674
2023-06-20T00:00:00.000000Z,0.25794300436973572,0.26797699928283691,0.25367298722267151,0.2675740122795105,8986232
2023-06-21T00:00:00.000000Z,0.26757800579071045,0.28383401036262512,0.26696300506591797,0.28143998980522156,14135951
2023-06-22T00:00:00.000000Z,0.28139001131057739,0.29030400514602661,0.27808499336242676,0.27869400382041931,13461208
2023-06-23T00:00:00.000000Z,0.27870398759841919,0.29424500465393066,0.27865698933601379,0.29102998971939087,13075306
2023-06-24T00:00:00.000000Z,0.29104200005531311,0.29893100261688232,0.29047000408172607,0.29655298590660095,16455628
2023-06-25T00:00:00.000000Z,0.29658100008964539,0.32694700360298157,0.29644599556922913,0.30431699752807617,38894883
2023-06-26T00:00:00.000000Z,0.3043150007724762,0.30444198846817017,0.29147300124168396,0.2923009991645813,12106898
2023-06-27T00:00:00.000000Z,0.29229199886322021,0.29613798856735229,0.28843998908996582,0.29598298668861389,10027301
2023-06-28T00:00:00.000000Z,0.2960129976272583,0.29629498720169067,0.27085399627685547,0.27702900767326355,13217290
2023-06-29T00:00:00.000000Z,0.27701899409294128,0.29501000046730042,0.27655598521232605,0.28295901417732239,18189954
2023-06-30T00:00:00.000000Z,0.28293600678443909,0.29957100749015808,0.27854898571968079,0.29719901084899902,18303882
2023-07-01T00:00:00.000000Z,0.29718801379203796,0.31501701474189758,0.29448598623275757,0.31501701474189758,19901969
2023-07-02T00:00:00.000000Z,0.31501498818397522,0.31609401106834412,0.30338999629020691,0.31164300441741943,12876392
2023-07-03T00:00:00.000000Z,0.31163498759269714,0.31979700922966003,0.30993399024009705,0.31754401326179504,11480204
2023-07-04T00:00:00.000000Z,0.31751900911331177,0.32554501295089722,0.31049999594688416,0.3140990138053894,16958726
2023-07-05T00:00:00.000000Z,0.3140920102596283,0.34302398562431335,0.30787000060081482,0.30979999899864197,42989815
2023-07-06T00:00:00.000000Z,0.30977898836135864,0.31577900052070618,0.29388999938964844,0.29388999938964844,13420983
2023-07-07T00:00:00.000000Z,0.29386699199676514,0.29604798555374146,0.29073500633239746,0.29373601078987122,8887197
2023-07-08T00:00:00.000000Z,0.29374900460243225,0.29683899879455566,0.29149198532104492,0.29511699080467224,7226495
2023-07-09T00:00:00.000000Z,0.29511800408363342,0.29782399535179138,0.29031699895858765,0.2906239926815033,7052650
2023-07-10T00:00:00.000000Z,0.29062101244926453,0.29550299048423767,0.28124400973320007,0.2903519868850708,11134009
2023-07-11T00:00:00.000000Z,0.29036599397659302,0.29917299747467041,0.28900399804115295,0.29906299710273743,10774024
2023-07-12T00:00:00.000000Z,0.29906299710273743,0.30625501275062561,0.29541799426078796,0.29738700389862061,12223185
2023-07-13T00:00:00.000000Z,0.29743599891662598,0.32324698567390442,0.29160898923873901,0.32324698567390442,18129570
2023-07-14T00:00:00.000000Z,0.32319098711013794,0.32608100771903992,0.30107799172401428,0.31104698777198792,18405721
2023-07-15T00:00:00.000000Z,0.31103000044822693,0.31853100657463074,0.30790001153945923,0.31715300679206848,10956340
2023-07-16T00:00:00.000000Z,0.31714001297950745,0.31827700138092041,0.30798101425170898,0.30861499905586243,9255354
2023-07-17T00:00:00.000000Z,0.30852898955345154,0.32906898856163025,0.30764099955558777,0.32034501433372498,32047650
2023-07-18T00:00:00.000000Z,0.32032200694084167,0.32274800539016724,0.30655699968338013,0.30898201465606689,15256236
2023-07-19T00:00:00.000000Z,0.30905398726463318,0.31488299369812012,0.3078010082244873,0.30869400501251221,11631823
2023-07-20T00:00:00.000000Z,0.30872198939323425,0.3138439953327179,0.30176699161529541,0.30463099479675293,14858459
2023-07-21T00:00:00.000000Z,0.30463400483131409,0.31095001101493835,0.30391499400138855,0.30874300003051758,10500052
2023-07-22T00:00:00.000000Z,0.30875501036643982,0.31242600083351135,0.30432701110839844,0.3061789870262146,11354420
2023-07-23T00:00:00.000000Z,0.30621200799942017,0.32140898704528809,0.30533900856971741,0.32102501392364502,22916028
2023-07-24T00:00:00.000000Z,0.32097700238227844,0.32391500473022461,0.29974400997161865,0.30254700779914856,20164190
2023-07-25T00:00:00.000000Z,0.302590012550354,0.30957800149917603,0.30213698744773865,0.30469301342964172,15227720
2023-07-26T00:00:00.000000Z,0.30470499396324158,0.3059380054473877,0.29638200998306274,0.30198898911476135,17275812
2023-07-27T00:00:00.000000Z,0.30199599266052246,0.3056659996509552,0.29681798815727234,0.29882100224494934,11442151
2023-07-28T00:00:00.000000Z,0.29881200194358826,0.30325299501419067,0.29649600386619568,0.30161800980567932,10114483
2023-07-29T00:00:00.000000Z,0.30160701274871826,0.3063180148601532,0.30136001110076904,0.3063180148601532,9176727
2023-07-30T00:00:00.000000Z,0.30632901191711426,0.30899998545646667,0.29503801465034485,0.30272701382637024,14813071
2023-07-31T00:00:00.000000Z,0.30274000763893127,0.30458700656890869,0.2942030131816864,0.29741901159286499,11940914
2023-08-01T00:00:00.000000Z,0.29741701483726501,0.30022299289703369,0.2902890145778656,0.29865598678588867,13879413
2023-08-02T00:00:00.000000Z,0.29869100451469421,0.29913198947906494,0.28946799039840698,0.29085800051689148,11588314
2023-08-03T00:00:00.000000Z,0.29086801409721375,0.29220101237297058,0.28823700547218323,0.2890549898147583,10579483
2023-08-04T00:00:00.000000Z,0.28904500603675842,0.29132300615310669,0.2848069965839386,0.28764298558235168,11651579
2023-08-05T00:00:00.000000Z,0.2876800000667572,0.2891710102558136,0.28295201063156128,0.28809401392936707,10909200
2023-08-06T00:00:00.000000Z,0.28810998797416687,0.29163900017738342,0.28598299622535706,0.28731200098991394,14073195
2023-08-07T00:00:00.000000Z,0.28729599714279175,0.29235601425170898,0.28010201454162598,0.28674501180648804,14476183
2023-08-08T00:00:00.000000Z,0.28674399852752686,0.29205900430679321,0.28500699996948242,0.2910810112953186,12614361
2023-08-09T00:00:00.000000Z,0.29109400510787964,0.29170501232147217,0.28635001182556152,0.28821399807929993,13241607
2023-08-10T00:00:00.000000Z,0.28817600011825562,0.29209700226783752,0.28776898980140686,0.28975799679756165,10985307
2023-08-11T00:00:00.000000Z,0.28976601362228394,0.29117599129676819,0.28538700938224792,0.28779301047325134,15025812
2023-08-12T00:00:00.000000Z,0.28779199719429016,0.29177799820899963,0.28709301352500916,0.29028400778770447,12768595
2023-08-13T00:00:00.000000Z,0.29029899835586548,0.29645898938179016,0.28931200504302979,0.29172500967979431,13420305
2023-08-14T00:00:00.000000Z,0.29172500967979431,0.29516899585723877,0.28722599148750305,0.29013499617576599,13568144
2023-08-15T00:00:00.000000Z,0.29009699821472168,0.2907010018825531,0.2718299925327301,0.27572798728942871,19711456
2023-08-16T00:00:00.000000Z,0.27573698759078979,0.27829399704933167,0.25776299834251404,0.26205000281333923,21355557
2023-08-17T00:00:00.000000Z,0.26210999488830566,0.26452401280403137,0.22311599552631378,0.23751300573348999,24843437
2023-08-18T00:00:00.000000Z,0.23753899335861206,0.24492399394512177,0.23721000552177429,0.24221499264240265,20362165
2023-08-19T00:00:00.000000Z,0.24222099781036377,0.2465679943561554,0.24105699360370636,0.24467200040817261,9608722
2023-08-20T00:00:00.000000Z,0.24468299746513367,0.24699099361896515,0.24321599304676056,0.24441100656986237,8796892
2023-08-21T00:00:00.000000Z,0.24440799653530121,0.2452390044927597,0.23634399473667145,0.24004100263118744,11952405
2023-08-22T00:00:00.000000Z,0.2400519996881485,0.24333399534225464,0.23093999922275543,0.24081200361251831,13270639
2023-08-23T00:00:00.000000Z,0.24081400036811829,0.24716000258922577,0.23891399800777435,0.24474400281906128,10273042
2023-08-24T00:00:00.000000Z,0.24475400149822235,0.246629998087883,0.23907500505447388,0.24168500304222107,10989685
2023-08-25T00:00:00.000000Z,0.24173900485038757,0.2419389933347702,0.23715299367904663,0.23987999558448792,9047904
2023-08-26T00:00:00.000000Z,0.23988500237464905,0.24529600143432617,0.23969900608062744,0.2419549971818924,7185290
2023-08-27T00:00:00.000000Z,0.24198099970817566,0.24267999827861786,0.24039700627326965,0.24187499284744263,5869573
2023-08-28T00:00:00.000000Z,0.24190700054168701,0.24463899433612823,0.23777499794960022,0.24120600521564484,9824993
2023-08-29T00:00:00.000000Z,0.24122099578380585,0.25389200448989868,0.23566000163555145,0.25182801485061646,13643127
2023-08-30T00:00:00.000000Z,0.25192001461982727,0.25242701172828674,0.24497699737548828,0.24506300687789917,8545588
2023-08-31T00:00:00.000000Z,0.24504099786281586,0.24686099588871002,0.23386299610137939,0.23439100384712219,9751826
2023-09-01T00:00:00.000000Z,0.23438400030136108,0.23484399914741516,0.22662200033664703,0.22811800241470337,8943620
2023-09-02T00:00:00.000000Z,0.2281000018119812,0.23181000351905823,0.22635400295257568,0.23130199313163757,6406295
2023-09-03T00:00:00.000000Z,0.23131699860095978,0.23359400033950806,0.22882500290870667,0.23155699670314789,6423123
2023-09-04T00:00:00.000000Z,0.23159199953079224,0.23695200681686401,0.22835899889469147,0.23094500601291656,8949307
2023-09-05T00:00:00.000000Z,0.2309969961643219,0.23427100479602814,0.22833700478076935,0.23336499929428101,6764090
2023-09-06T00:00:00.000000Z,0.23336699604988098,0.27511599659919739,0.23278899490833282,0.2685219943523407,157668723
2023-09-07T00:00:00.000000Z,0.26854300498962402,0.28032898902893066,0.25641000270843506,0.25883400440216064,52180783
2023-09-08T00:00:00.000000Z,0.25884398818016052,0.26336199045181274,0.24747900664806366,0.25353500247001648,26340890
2023-09-09T00:00:00.000000Z,0.25356599688529968,0.25472098588943481,0.24844600260257721,0.24999499320983887,13912468
2023-09-10T00:00:00.000000Z,0.25004300475120544,0.25007998943328857,0.23419800400733948,0.2370849996805191,13557647
2023-09-11T00:00:00.000000Z,0.23708400130271912,0.25897198915481567,0.23470699787139893,0.24024300277233124,60965958
2023-09-12T00:00:00.000000Z,0.24026399850845337,0.24370299279689789,0.22636200487613678,0.22645899653434753,39021642
2023-09-13T00:00:00.000000Z,0.22645500302314758,0.22650299966335297,0.21715399622917175,0.22367900609970093,31180279
2023-09-14T00:00:00.000000Z,0.22369199991226196,0.22648200392723083,0.22032199800014496,0.22424399852752686,15467643
2023-09-15T00:00:00.000000Z,0.22425200045108795,0.23217499256134033,0.22238500416278839,0.23186199367046356,15413044
2023-09-16T00:00:00.000000Z,0.23185999691486359,0.23624999821186066,0.22943699359893799,0.23302899301052094,11497400
2023-09-17T00:00:00.000000Z,0.23303399980068207,0.23303399980068207,0.22085100412368774,0.22161699831485748,8798943
2023-09-18T00:00:00.000000Z,0.22160699963569641,0.23616799712181091,0.21957099437713623,0.23137000203132629,26222022
2023-09-19T00:00:00.000000Z,0.2313620001077652,0.23632900416851044,0.23039999604225159,0.23375999927520752,17851625
2023-09-20T00:00:00.000000Z,0.23377199470996857,0.23471400141716003,0.22672800719738007,0.22863000631332397,9815048
2023-09-21T00:00:00.000000Z,0.22862200438976288,0.22967100143432617,0.22283099591732025,0.22721800208091736,13207753
2023-09-22T00:00:00.000000Z,0.22722600400447845,0.22961600124835968,0.22627200186252594,0.22885599732398987,6705480
2023-09-23T00:00:00.000000Z,0.2288530021905899,0.23013600707054138,0.22686399519443512,0.22851499915122986,6211747
2023-09-24T00:00:00.000000Z,0.22853699326515198,0.23049099743366241,0.22432099282741547,0.22455400228500366,68908578
2023-09-25T00:00:00.000000Z,0.22454500198364258,0.23741400241851807,0.22450700402259827,0.22774599492549896,58430413
2023-09-26T00:00:00.000000Z,0.22774499654769897,0.22774499654769897,0.21667300164699554,0.22071699798107147,52930769
2023-09-27T00:00:00.000000Z,0.22073200345039368,0.22383399307727814,0.21968500316143036,0.22101999819278717,14439039
2023-09-28T00:00:00.000000Z,0.22101099789142609,0.22419700026512146,0.21961599588394165,0.22234700620174408,10702050
2023-09-29T00:00:00.000000Z,0.22237700223922729,0.22429099678993225,0.22169199585914612,0.22313499450683594,9181453
2023-09-30T00:00:00.000000Z,0.22310300171375275,0.22570599615573883,0.22186900675296783,0.22457100450992584,8129827
2023-10-01T00:00:00.000000Z,0.22456799447536469,0.23360000550746918,0.22423100471496582,0.2323949933052063,11146230
2023-10-02T00:00:00.000000Z,0.23238800466060638,0.2332179993391037,0.22177299857139587,0.22322900593280792,13318202
2023-10-03T00:00:00.000000Z,0.22316500544548035,0.226624995470047,0.22038699686527252,0.22143900394439697,14744870
2023-10-04T00:00:00.000000Z,0.22136099636554718,0.2275020033121109,0.21863099932670593,0.22612400352954865,29432358
2023-10-05T00:00:00.000000Z,0.22614599764347076,0.22638599574565887,0.2214599996805191,0.22232599556446075,12635408
2023-10-06T00:00:00.000000Z,0.22232399880886078,0.22674299776554108,0.22096399962902069,0.22596299648284912,11648440
2023-10-07T00:00:00.000000Z,0.22595599293708801,0.2262980043888092,0.22181800007820129,0.22271899878978729,7490126
2023-10-08T00:00:00.000000Z,0.22271199524402618,0.22862499952316284,0.2209240049123764,0.2268729954957962,15775082
2023-10-09T00:00:00.000000Z,0.22691099345684052,0.2389180064201355,0.2181439995765686,0.21855199337005615,55298502
2023-10-10T00:00:00.000000Z,0.21858300268650055,0.22345499694347382,0.21465100347995758,0.21540999412536621,20033106
2023-10-11T00:00:00.000000Z,0.21535900235176086,0.22015200555324554,0.21359799802303314,0.21592700481414795,13850109
2023-10-12T00:00:00.000000Z,0.21595999598503113,0.21595999598503113,0.20841999351978302,0.21085000038146973,10990580
2023-10-13T00:00:00.000000Z,0.21086099743843079,0.21231099963188171,0.20958299934864044,0.2101300060749054,7730460
2023-10-14T00:00:00.000000Z,0.21010300517082214,0.21208800375461578,0.20988200604915619,0.21081499755382538,6021121
2023-10-15T00:00:00.000000Z,0.21082200109958649,0.21399499475955963,0.21017999947071075,0.2128790020942688,7375568
2023-10-16T00:00:00.000000Z,0.21288099884986877,0.22015999257564545,0.21249300241470337,0.21736399829387665,11214620
2023-10-17T00:00:00.000000Z,0.21738499402999878,0.21961499750614166,0.21466000378131866,0.21574699878692627,10434540
2023-10-18T00:00:00.000000Z,0.21568700671195984,0.21630500257015228,0.20906099677085876,0.21045100688934326,9567556
2023-10-19T00:00:00.000000Z,0.21043899655342102,0.21061700582504272,0.20456300675868988,0.20619100332260132,11236796
2023-10-20T00:00:00.000000Z,0.20617100596427917,0.21154099702835083,0.2058819979429245,0.20836000144481659,10649852
2023-10-21T00:00:00.000000Z,0.20836000144481659,0.21578599512577057,0.20784500241279602,0.21464300155639648,9308934
2023-10-22T00:00:00.000000Z,0.21464699506759644,0.21961900591850281,0.21159100532531738,0.21957500278949738,10282467
2023-10-23T00:00:00.000000Z,0.22132000327110291,0.2297929972410202,0.21864600479602814,0.22962599992752075,15970911
2023-10-24T00:00:00.000000Z,0.22957499325275421,0.24213099479675293,0.22882600128650665,0.23741799592971802,22224281
2023-10-25T00:00:00.000000Z,0.23742100596427917,0.2568340003490448,0.23453499376773834,0.2528739869594574,23097463
2023-10-26T00:00:00.000000Z,0.25283899903297424,0.27773201465606689,0.24973499774932861,0.2635670006275177,37945304
2023-10-27T00:00:00.000000Z,0.26357299089431763,0.26478898525238037,0.25025999546051025,0.25364100933074951,18627798
2023-10-28T00:00:00.000000Z,0.25363799929618835,0.27588701248168945,0.25234898924827576,0.27160200476646423,17954183
2023-10-29T00:00:00.000000Z,0.27160000801086426,0.28024399280548096,0.26660001277923584,0.2748970091342926,14350573
2023-10-30T00:00:00.000000Z,0.27486500144004822,0.28807500004768372,0.26486799120903015,0.26839101314544678,50322677
2023-10-31T00:00:00.000000Z,0.26846298575401306,0.27265599370002747,0.24858599901199341,0.25347900390625,30845524
2023-11-01T00:00:00.000000Z,0.25332799553871155,0.26798000931739807,0.24747200310230255,0.2658190131187439,26463152
2023-11-02T00:00:00.000000Z,0.26584398746490479,0.27974399924278259,0.26584398746490479,0.27490100264549255,31811072
2023-11-03T00:00:00.000000Z,0.27483499050140381,0.28565001487731934,0.2654469907283783,0.28252300620079041,22922834
2023-11-04T00:00:00.000000Z,0.28248000144958496,0.29012700915336609,0.27808800339698792,0.28981199860572815,16462155
2023-11-05T00:00:00.000000Z,0.28988000750541687,0.30081799626350403,0.28919398784637451,0.29677298665046692,22484704
2023-11-06T00:00:00.000000Z,0.29677298665046692,0.31144300103187561,0.29102900624275208,0.30954700708389282,21539804
2023-11-07T00:00:00.000000Z,0.30955401062965393,0.32995900511741638,0.30511900782585144,0.32128700613975525,37142418
2023-11-08T00:00:00.000000Z,0.32131499052047729,0.32264599204063416,0.29905301332473755,0.30726900696754456,47386605
2023-11-09T00:00:00.000000Z,0.30727699398994446,0.3158549964427948,0.28077098727226257,0.29224699735641479,44323637
2023-11-10T00:00:00.000000Z,0.29230499267578125,0.29964599013328552,0.28433600068092346,0.29823100566864014,28181231
2023-11-11T00:00:00.000000Z,0.29824000597000122,0.31233298778533936,0.28755399584770203,0.30608600378036499,26954028
2023-11-12T00:00:00.000000Z,0.30607500672340393,0.31496301293373108,0.2963469922542572,0.30712598562240601,35091942
2023-11-13T00:00:00.000000Z,0.30714398622512817,0.31780499219894409,0.28549298644065857,0.28633299469947815,29782778
2023-11-14T00:00:00.000000Z,0.28578799962997437,0.28578799962997437,0.26715999841690063,0.27572798728942871,27000326
2023-11-15T00:00:00.000000Z,0.27560299634933472,0.28986498713493347,0.27522999048233032,0.28982400894165039,31679655
2023-11-16T00:00:00.000000Z,0.28980600833892822,0.29867199063301086,0.28005000948905945,0.28430300951004028,26743709
2023-11-17T00:00:00.000000Z,0.28425401449203491,0.29044899344444275,0.27039998769760132,0.27772599458694458,23184903
2023-11-18T00:00:00.000000Z,0.27792099118232727,0.27810999751091003,0.26354199647903442,0.27769199013710022,14207749
2023-11-19T00:00:00.000000Z,0.2776930034160614,0.28297600150108337,0.27404099702835083,0.28286400437355042,13850025
2023-11-20T00:00:00.000000Z,0.28286200761795044,0.28859001398086548,0.28106901049613953,0.283486008644104,16224147
2023-11-21T00:00:00.000000Z,0.28346601128578186,0.28637000918388367,0.25694099068641663,0.2571600079536438,18454533
2023-11-22T00:00:00.000000Z,0.25712999701499939,0.27575001120567322,0.25639501214027405,0.27429500222206116,12868853
2023-11-23T00:00:00.000000Z,0.27432599663734436,0.27723100781440735,0.27144399285316467,0.27582600712776184,11255077
2023-11-24T00:00:00.000000Z,0.27584999799728394,0.2827480137348175,0.27405500411987305,0.28031399846076965,14311921
2023-11-25T00:00:00.000000Z,0.28034201264381409,0.29427900910377502,0.27982598543167114,0.29411199688911438,20175918
2023-11-26T00:00:00.000000Z,0.2941029965877533,0.31774398684501648,0.29139399528503418,0.31183099746704102,54938798
2023-11-27T00:00:00.000000Z,0.31185600161552429,0.31502899527549744,0.28998500108718872,0.29884499311447144,24844074
2023-11-28T00:00:00.000000Z,0.29855000972747803,0.2997710108757019,0.28585299849510193,0.29926800727844238,22052086
2023-11-29T00:00:00.000000Z,0.29926899075508118,0.30099698901176453,0.28768599033355713,0.28970798850059509,19529296
2023-11-30T00:00:00.000000Z,0.28860598802566528,0.29095199704170227,0.28476798534393311,0.28596898913383484,17160697
2023-12-01T00:00:00.000000Z,0.2859950065612793,0.29913699626922607,0.28409600257873535,0.29837998747825623,18002206
2023-12-02T00:00:00.000000Z,0.29838299751281738,0.30489298701286316,0.29715800285339355,0.30217599868774414,18574011
2023-12-03T00:00:00.000000Z,0.30216500163078308,0.30539700388908386,0.29406499862670898,0.29739901423454285,20796572
2023-12-04T00:00:00.000000Z,0.29770100116729736,0.31589800119400024,0.29770100116729736,0.31119498610496521,28358672
2023-12-05T00:00:00.000000Z,0.31113699078559875,0.33328500390052795,0.30972400307655334,0.33002200722694397,42196949
2023-12-06T00:00:00.000000Z,0.33009201288223267,0.34453600645065308,0.32188999652862549,0.33411699533462524,47500684
2023-12-07T00:00:00.000000Z,0.33418899774551392,0.34828099608421326,0.3298490047454834,0.3457610011100769,37279682
2023-12-08T00:00:00.000000Z,0.34613499045372009,0.35841599106788635,0.33977100253105164,0.35170900821685791,30543720
2023-12-09T00:00:00.000000Z,0.35176900029182434,0.37385499477386475,0.35166999697685242,0.36105498671531677,30583981
2023-12-10T00:00:00.000000Z,0.36105701327323914,0.37612199783325195,0.35555699467658997,0.35939401388168335,28236711
2023-12-11T00:00:00.000000Z,0.35943800210952759,0.36058899760246277,0.32111400365829468,0.3285520076751709,38715092
2023-12-12T00:00:00.000000Z,0.32851698994636536,0.34120699763298035,0.32749199867248535,0.33519500494003296,27735739
2023-12-13T00:00:00.000000Z,0.33520901203155518,0.34662601351737976,0.31719100475311279,0.34372898936271667,38696505
2023-12-14T00:00:00.000000Z,0.3436959981918335,0.35866698622703552,0.3436959981918335,0.35787901282310486,25299930
2023-12-15T00:00:00.000000Z,0.35791400074958801,0.35797399282455444,0.34108000993728638,0.34108000993728638,21273165
2023-12-16T00:00:00.000000Z,0.3411020040512085,0.35296499729156494,0.33930999040603638,0.34707599878311157,18937828
2023-12-17T00:00:00.000000Z,0.34712201356887817,0.34847500920295715,0.33582499623298645,0.33798301219940186,20000997
2023-12-18T00:00:00.000000Z,0.33795800805091858,0.33904299139976501,0.3123210072517395,0.33395901322364807,27329542
2023-12-19T00:00:00.000000Z,0.33425998687744141,0.3418009877204895,0.32574400305747986,0.32954099774360657,19979720
2023-12-20T00:00:00.000000Z,0.32952100038528442,0.35168498754501343,0.32662200927734375,0.34848499298095703,22595328
2023-12-21T00:00:00.000000Z,0.34854200482368469,0.36454099416732788,0.3455510139465332,0.3619140088558197,23906694
2023-12-22T00:00:00.000000Z,0.36186501383781433,0.36988300085067749,0.35519099235534668,0.36917099356651306,24209057
2023-12-23T00:00:00.000000Z,0.36917701363563538,0.38460201025009155,0.359048992395401,0.38099101185798645,22680145
2023-12-24T00:00:00.000000Z,0.38074898719787598,0.39372199773788452,0.37229099869728088,0.38265499472618103,27400324
2023-12-25T00:00:00.000000Z,0.3826650083065033,0.40462100505828857,0.3797839879989624,0.39552098512649536,29690859
2023-12-26T00:00:00.000000Z,0.39552998542785645,0.42367899417877197,0.39016100764274597,0.40769699215888977,38624982
2023-12-27T00:00:00.000000Z,0.40768900513648987,0.42856401205062866,0.38275200128555298,0.41025400161743164,29242770
2023-12-28T00:00:00.000000Z,0.41024801135063171,0.41637700796127319,0.3867659866809845,0.38900399208068848,23335189
2023-12-29T00:00:00.000000Z,0.38857999444007874,0.39813899993896484,0.37179499864578247,0.37470901012420654,19736248
2023-12-30T00:00:00.000000Z,0.37469500303268433,0.37672600150108337,0.36460500955581665,0.37074398994445801,13102694
2023-12-31T00:00:00.000000Z,0.37112298607826233,0.39097899198532104,0.36819300055503845,0.38070198893547058,18138951
2024-01-01T00:00:00.000000Z,0.38018199801445007,0.39019700884819031,0.3723909854888916,0.38934001326560974,16002157
2024-01-02T00:00:00.000000Z,0.38949200510978699,0.39704099297523499,0.37908801436424255,0.38426300883293152,19412311
2024-01-03T00:00:00.000000Z,0.38427799940109253,0.39668300747871399,0.33299198746681213,0.34058201313018799,32122095
2024-01-04T00:00:00.000000Z,0.34057500958442688,0.3505379855632782,0.33837500214576721,0.34644800424575806,17322366
2024-01-05T00:00:00.000000Z,0.3464139997959137,0.34737798571586609,0.32027199864387512,0.32831799983978271,18473337
2024-01-06T00:00:00.000000Z,0.32848501205444336,0.32854700088500977,0.30884701013565063,0.31302100419998169,13630813
2024-01-07T00:00:00.000000Z,0.31302300095558167,0.32435598969459534,0.30351299047470093,0.30481201410293579,19447940
2024-01-08T00:00:00.000000Z,0.30479300022125244,0.32519400119781494,0.28723001480102539,0.32262200117111206,27467552
2024-01-09T00:00:00.000000Z,0.32270300388336182,0.32306799292564392,0.28459298610687256,0.29489800333976746,22245498
2024-01-10T00:00:00.000000Z,0.29491400718688965,0.32356300950050354,0.29133701324462891,0.31643301248550415,22853280
2024-01-11T00:00:00.000000Z,0.31650400161743164,0.33687898516654968,0.31581899523735046,0.33141499757766724,28604459
2024-01-12T00:00:00.000000Z,0.3314020037651062,0.33642199635505676,0.30499300360679626,0.3141779899597168,24192809
2024-01-13T00:00:00.000000Z,0.31413599848747253,0.32230299711227417,0.30489298701286316,0.31841000914573669,16752267
2024-01-14T00:00:00.000000Z,0.31841000914573669,0.31890600919723511,0.30167600512504578,0.30173400044441223,15135266
2024-01-15T00:00:00.000000Z,0.30167299509048462,0.31192898750305176,0.30151998996734619,0.30437898635864258,15439661
2024-01-16T00:00:00.000000Z,0.30431899428367615,0.31505000591278076,0.30305001139640808,0.31163400411605835,16709235
2024-01-17T00:00:00.000000Z,0.31163600087165833,0.3131130039691925,0.30349698662757874,0.30703499913215637,15576658
2024-01-18T00:00:00.000000Z,0.30703899264335632,0.31001099944114685,0.28701400756835938,0.29031699895858765,16648487
2024-01-19T00:00:00.000000Z,0.29031699895858765,0.29252699017524719,0.27218401432037354,0.28983399271965027,16797480
2024-01-20T00:00:00.000000Z,0.28983399271965027,0.3001599907875061,0.28743100166320801,0.29992800951004028,13603259
2024-01-21T00:00:00.000000Z,0.29992800951004028,0.30365100502967834,0.29060199856758118,0.29060199856758118,13543574
2024-01-22T00:00:00.000000Z,0.29069599509239197,0.29251500964164734,0.27175399661064148,0.27199399471282959,15068541
2024-01-23T00:00:00.000000Z,0.27199700474739075,0.27722099423408508,0.25453999638557434,0.26717999577522278,16670499
2024-01-24T00:00:00.000000Z,0.26717999577522278,0.27625399827957153,0.264708012342453,0.27319198846817017,17171147
2024-01-25T00:00:00.000000Z,0.27319198846817017,0.27433100342750549,0.26788699626922607,0.27199798822402954,14200211
2024-01-26T00:00:00.000000Z,0.27201700210571289,0.28622299432754517,0.27027499675750732,0.28622299432754517,13506280
2024-01-27T00:00:00.000000Z,0.28622400760650635,0.29531401395797729,0.28448000550270081,0.29294800758361816,11836687
2024-01-28T00:00:00.000000Z,0.29296401143074036,0.29618799686431885,0.28353101015090942,0.28602001070976257,10807593
2024-01-29T00:00:00.000000Z,0.2860260009765625,0.29567098617553711,0.28489699959754944,0.29448100924491882,13070613
2024-01-30T00:00:00.000000Z,0.29448100924491882,0.29867801070213318,0.28586399555206299,0.28694799542427063,12201209
2024-01-31T00:00:00.000000Z,0.286965012550354,0.29169198870658875,0.27703699469566345,0.27887800335884094,14136545
2024-02-01T00:00:00.000000Z,0.27887499332427979,0.28541898727416992,0.27358600497245789,0.28415700793266296,10999504
2024-02-02T00:00:00.000000Z,0.28414899110794067,0.28837800025939941,0.28140300512313843,0.28633600473403931,10186022
2024-02-03T00:00:00.000000Z,0.28633400797843933,0.28767699003219604,0.281809002161026,0.28248998522758484,8546851
2024-02-04T00:00:00.000000Z,0.28250101208686829,0.28261598944664001,0.27549400925636292,0.27572301030158997,8554681
2024-02-05T00:00:00.000000Z,0.27569600939750671,0.2808229923248291,0.27193999290466309,0.27690699696540833,9067045
2024-02-06T00:00:00.000000Z,0.27690199017524719,0.28100699186325073,0.27389198541641235,0.27963000535964966,8560202
2024-02-07T00:00:00.000000Z,0.27962499856948853,0.2867330014705658,0.27871200442314148,0.28567099571228027,10266799
2024-02-08T00:00:00.000000Z,0.28562799096107483,0.29122799634933472,0.28486299514770508,0.28763601183891296,11779442
2024-02-09T00:00:00.000000Z,0.28762298822402954,0.29733499884605408,0.28750801086425781,0.29601699113845825,13079894
2024-02-10T00:00:00.000000Z,0.29607099294662476,0.29993098974227905,0.29229998588562012,0.2982729971408844,9497623
2024-02-11T00:00:00.000000Z,0.29826301336288452,0.30501198768615723,0.29527398943901062,0.29633098840713501,10240670
2024-02-12T00:00:00.000000Z,0.29635098576545715,0.31738299131393433,0.29447901248931885,0.31351599097251892,17547229
2024-02-13T00:00:00.000000Z,0.31346601247787476,0.31507599353790283,0.30188700556755066,0.31010401248931885,16465165
2024-02-14T00:00:00.000000Z,0.31010699272155762,0.3305869996547699,0.30869001150131226,0.32752099633216858,19225838
2024-02-15T00:00:00.000000Z,0.32752200961112976,0.33078300952911377,0.32355800271034241,0.32799398899078369,18771456
2024-02-16T00:00:00.000000Z,0.3279229998588562,0.33784499764442444,0.32246699929237366,0.33166599273681641,19386621
2024-02-17T00:00:00.000000Z,0.33168500661849976,0.33294901251792908,0.31358298659324646,0.32516899704933167,13687387
2024-02-18T00:00:00.000000Z,0.32516801357269287,0.33335700631141663,0.32198700308799744,0.32990700006484985,15067061
2024-02-19T00:00:00.000000Z,0.33000299334526062,0.36417299509048462,0.32964199781417847,0.35984599590301514,35906425
2024-02-20T00:00:00.000000Z,0.35984599590301514,0.36110800504684448,0.33240199089050293,0.34360399842262268,30764861
2024-02-21T00:00:00.000000Z,0.34360200166702271,0.34429898858070374,0.31534400582313538,0.32867500185966492,23103246
2024-02-22T00:00:00.000000Z,0.32868799567222595,0.33651301264762878,0.31880900263786316,0.3287929892539978,18650194
2024-02-23T00:00:00.000000Z,0.32881200313568115,0.33950600028038025,0.32516101002693176,0.33797100186347961,19754499
2024-02-24T00:00:00.000000Z,0.33799898624420166,0.36300399899482727,0.33258101344108582,0.34999901056289673,23569853
2024-02-25T00:00:00.000000Z,0.34999901056289673,0.35875698924064636,0.34481000900268555,0.35721999406814575,16100429
2024-02-26T00:00:00.000000Z,0.35725000500679016,0.3750700056552887,0.35370698571205139,0.3662630021572113,29407715
2024-02-27T00:00:00.000000Z,0.36623799800872803,0.42940399050712585,0.36329200863838196,0.42181199789047241,82857820
2024-02-28T00:00:00.000000Z,0.42186999320983887,0.43194699287414551,0.38526299595832825,0.41131600737571716,66517795
2024-02-29T00:00:00.000000Z,0.411080002784729,0.46519100666046143,0.40623399615287781,0.42548701167106628,62727938
2024-03-01T00:00:00.000000Z,0.42544999718666077,0.47434499859809875,0.42534199357032776,0.46464601159095764,55140921
2024-03-02T00:00:00.000000Z,0.46463099122047424,0.52908700704574585,0.4556100070476532,0.52523499727249146,66243435
2024-03-03T00:00:00.000000Z,0.52521002292633057,0.55336499214172363,0.47693699598312378,0.5171779990196228,81637092
2024-03-04T00:00:00.000000Z,0.51701200008392334,0.59795600175857544,0.50809097290039062,0.5703510046005249,109324002
2024-03-05T00:00:00.000000Z,0.57036101818084717,0.5733799934387207,0.44854700565338135,0.50581800937652588,99519877
2024-03-06T00:00:00.000000Z,0.50575602054595947,0.54875099658966064,0.47856500744819641,0.53816699981689453,63792872
2024-03-07T00:00:00.000000Z,0.53816699981689453,0.59527301788330078,0.51592797040939331,0.56708502769470215,68633234
2024-03-08T00:00:00.000000Z,0.56708002090454102,0.6157039999961853,0.53088098764419556,0.58951699733734131,83387939
2024-03-09T00:00:00.000000Z,0.58951699733734131,0.64611601829528809,0.58378702402114868,0.63100701570510864,80058608
2024-03-10T00:00:00.000000Z,0.63100802898406982,0.6866689920425415,0.62347298860549927,0.64528900384902954,93495869
2024-03-11T00:00:00.000000Z,0.64529001712799072,0.67878401279449463,0.61039799451828003,0.66137200593948364,73026051
2024-03-12T00:00:00.000000Z,0.66137200593948364,0.66766798496246338,0.61372601985931396,0.64949101209640503,64835009
2024-03-13T00:00:00.000000Z,0.64949101209640503,0.68115001916885376,0.62884300947189331,0.63771599531173706,47278738
2024-03-14T00:00:00.000000Z,0.63771599531173706,0.64563798904418945,0.57927197217941284,0.60999399423599243,62135556
2024-03-15T00:00:00.000000Z,0.60999298095703125,0.61708199977874756,0.528003990650177,0.56783699989318848,73265935
2024-03-16T00:00:00.000000Z,0.56783699989318848,0.58322000503540039,0.50406301021575928,0.515034019947052,47419955
2024-03-17T00:00:00.000000Z,0.515034019947052,0.54782599210739136,0.49708101153373718,0.54063397645950317,36511266
2024-03-18T00:00:00.000000Z,0.54063397645950317,0.54488599300384521,0.48660901188850403,0.50213199853897095,37918448
2024-03-19T00:00:00.000000Z,0.50213199853897095,0.50759100914001465,0.43992999196052551,0.45823401212692261,49541192
2024-03-20T00:00:00.000000Z,0.45823401212692261,0.51974999904632568,0.43865400552749634,0.51559597253799438,54262188
2024-03-21T00:00:00.000000Z,0.51559597253799438,0.51908302307128906,0.49041000008583069,0.50527697801589966,33437033
2024-03-22T00:00:00.000000Z,0.50527799129486084,0.52682602405548096,0.46912300586700439,0.48356398940086365,33683874
2024-03-23T00:00:00.000000Z,0.48356398940086365,0.50602400302886963,0.48090600967407227,0.48492100834846497,23618889
2024-03-24T00:00:00.000000Z,0.48492100834846497,0.50460898876190186,0.47894099354743958,0.50283801555633545,22154600
2024-03-25T00:00:00.000000Z,0.50283801555633545,0.52385997772216797,0.49656501412391663,0.51795202493667603,30318690
2024-03-26T00:00:00.000000Z,0.51795202493667603,0.54187297821044922,0.51133900880813599,0.52255797386169434,36131639
2024-03-27T00:00:00.000000Z,0.52255797386169434,0.53080999851226807,0.48562800884246826,0.49444401264190674,32331766
2024-03-28T00:00:00.000000Z,0.49444401264190674,0.51198500394821167,0.48773199319839478,0.49975800514221191,25895945
2024-03-29T00:00:00.000000Z,0.49975800514221191,0.50413298606872559,0.48605901002883911,0.4950529932975769,23245431
2024-03-30T00:00:00.000000Z,0.49505200982093811,0.50370001792907715,0.48885801434516907,0.49226099252700806,20658852
2024-03-31T00:00:00.000000Z,0.49226099252700806,0.50570100545883179,0.48909598588943481,0.50476497411727905,16158139
2024-04-01T00:00:00.000000Z,0.50476402044296265,0.50593101978302002,0.45523899793624878,0.47178500890731812,29076940
2024-04-02T00:00:00.000000Z,0.47178500890731812,0.47181099653244019,0.42450299859046936,0.43312299251556396,29767335
2024-04-03T00:00:00.000000Z,0.43312299251556396,0.45182400941848755,0.41918998956680298,0.43657198548316956,23999344
2024-04-04T00:00:00.000000Z,0.43657198548316956,0.45127901434898376,0.4248490035533905,0.44043999910354614,23598383
2024-04-05T00:00:00.000000Z,0.44043400883674622,0.44121000170707703,0.41241699457168579,0.43006199598312378,20097675
2024-04-06T00:00:00.000000Z,0.43006199598312378,0.44619399309158325,0.42861399054527283,0.44326600432395935,12981162
2024-04-07T00:00:00.000000Z,0.44326600432395935,0.45099800825119019,0.4414840042591095,0.44724500179290771,16234265
2024-04-08T00:00:00.000000Z,0.44724500179290771,0.478208988904953,0.43776598572731018,0.47604799270629883,23122757
2024-04-09T00:00:00.000000Z,0.47604799270629883,0.47837498784065247,0.45059201121330261,0.45312300324440002,28848232
2024-04-10T00:00:00.000000Z,0.45312300324440002,0.45845401287078857,0.42588099837303162,0.44436100125312805,23990675
2024-04-11T00:00:00.000000Z,0.44436100125312805,0.46463799476623535,0.44053798913955688,0.44551900029182434,19688927
2024-04-12T00:00:00.000000Z,0.44551900029182434,0.45332100987434387,0.33254799246788025,0.36175701022148132,48268205
2024-04-13T00:00:00.000000Z,0.36172500252723694,0.36172500252723694,0.26824399828910828,0.30964300036430359,57735918
2024-04-14T00:00:00.000000Z,0.30964300036430359,0.34100601077079773,0.29529601335525513,0.33640700578689575,36896891
2024-04-15T00:00:00.000000Z,0.33640700578689575,0.35146099328994751,0.30743700265884399,0.31705200672149658,28531001
2024-04-16T00:00:00.000000Z,0.31705400347709656,0.32635000348091125,0.3051379919052124,0.3224639892578125,22294978
2024-04-17T00:00:00.000000Z,0.3224639892578125,0.32616499066352844,0.3017599880695343,0.31700500845909119,21042261
2024-04-18T00:00:00.000000Z,0.31700500845909119,0.32915699481964111,0.31047201156616211,0.32703399658203125,18118304
2024-04-19T00:00:00.000000Z,0.32703399658203125,0.33858600258827209,0.29996100068092346,0.33233499526977539,22392816
2024-04-20T00:00:00.000000Z,0.33233499526977539,0.35478800535202026,0.32871600985527039,0.35367399454116821,17877659
2024-04-21T00:00:00.000000Z,0.35367399454116821,0.35485801100730896,0.33331701159477234,0.34110298752784729,17105271
2024-04-22T00:00:00.000000Z,0.34110298752784729,0.35704299807548523,0.33957499265670776,0.34936800599098206,18668439
2024-04-23T00:00:00.000000Z,0.34936800599098206,0.35419300198554993,0.3414359986782074,0.34773299098014832,17296195
2024-04-24T00:00:00.000000Z,0.34773299098014832,0.35954201221466064,0.32787701487541199,0.33140701055526733,22729745
2024-04-25T00:00:00.000000Z,0.33139398694038391,0.34266799688339233,0.3234420120716095,0.33791199326515198,17594429
2024-04-26T00:00:00.000000Z,0.33791199326515198,0.33978000283241272,0.32499000430107117,0.32951700687408447,16266260
2024-04-27T00:00:00.000000Z,0.32951700687408447,0.33067700266838074,0.31600600481033325,0.31705200672149658,17717051
2024-04-28T00:00:00.000000Z,0.31705200672149658,0.32568201422691345,0.30122101306915283,0.3028700053691864,21857690
2024-04-29T00:00:00.000000Z,0.30286899209022522,0.30889999866485596,0.2940639853477478,0.30154499411582947,19438642
2024-04-30T00:00:00.000000Z,0.30154600739479065,0.3045400083065033,0.27515798807144165,0.28408899903297424,20688875
2024-05-01T00:00:00.000000Z,0.28408899903297424,0.29627999663352966,0.27055498957633972,0.29379400610923767,22180002
2024-05-02T00:00:00.000000Z,0.29379400610923767,0.30571600794792175,0.28672400116920471,0.30260699987411499,15665818
2024-05-03T00:00:00.000000Z,0.30260699987411499,0.31217598915100098,0.29520401358604431,0.30906000733375549,15737633
2024-05-04T00:00:00.000000Z,0.30906000733375549,0.31229600310325623,0.30598899722099304,0.30719301104545593,13241732
2024-05-05T00:00:00.000000Z,0.30719301104545593,0.31126499176025391,0.29940199851989746,0.30827400088310242,14043906
2024-05-06T00:00:00.000000Z,0.30827298760414124,0.31781798601150513,0.29977300763130188,0.30016499757766724,19317572
2024-05-07T00:00:00.000000Z,0.30016499757766724,0.30667498707771301,0.29017999768257141,0.29032999277114868,15876801
2024-05-08T00:00:00.000000Z,0.29033100605010986,0.29051199555397034,0.28003600239753723,0.28207901120185852,18247206
2024-05-09T00:00:00.000000Z,0.28207901120185852,0.29828700423240662,0.27527099847793579,0.29615101218223572,17557869
2024-05-10T00:00:00.000000Z,0.29615199565887451,0.300493985414505,0.28027999401092529,0.28351700305938721,15818505
2024-05-11T00:00:00.000000Z,0.28351700305938721,0.28847500681877136,0.28114199638366699,0.28282400965690613,11097616
2024-05-12T00:00:00.000000Z,0.28282299637794495,0.28713399171829224,0.27961799502372742,0.2806600034236908,10078542
2024-05-13T00:00:00.000000Z,0.2806600034236908,0.28696399927139282,0.26766899228096008,0.27936199307441711,20420924
2024-05-14T00:00:00.000000Z,0.27936199307441711,0.28648900985717773,0.26986798644065857,0.28268098831176758,31867696
2024-05-15T00:00:00.000000Z,0.28268098831176758,0.3005090057849884,0.27953800559043884,0.2996630072593689,27695735
2024-05-16T00:00:00.000000Z,0.29966700077056885,0.30268999934196472,0.28852799534797668,0.29921498894691467,16990140
2024-05-17T00:00:00.000000Z,0.29921498894691467,0.32657501101493835,0.29752901196479797,0.31919801235198975,21673576
2024-05-18T00:00:00.000000Z,0.31919801235198975,0.32412898540496826,0.31571200489997864,0.32271501421928406,14040967
2024-05-19T00:00:00.000000Z,0.32271501421928406,0.32945701479911804,0.30644100904464722,0.30842998623847961,14679076
2024-05-20T00:00:00.000000Z,0.30842998623847961,0.333840012550354,0.3040669858455658,0.33341500163078308,21882720
2024-05-21T00:00:00.000000Z,0.33341300487518311,0.36309599876403809,0.33095699548721313,0.35649600625038147,36973415
2024-05-22T00:00:00.000000Z,0.35649600625038147,0.37409800291061401,0.35230401158332825,0.35763999819755554,36600868
2024-05-23T00:00:00.000000Z,0.35763999819755554,0.36608400940895081,0.32602599263191223,0.3482930064201355,32037985
2024-05-24T00:00:00.000000Z,0.3482930064201355,0.36440300941467285,0.34158200025558472,0.3496679961681366,20307807
2024-05-25T00:00:00.000000Z,0.34966900944709778,0.35593199729919434,0.34529298543930054,0.35194098949432373,13557976
2024-05-26T00:00:00.000000Z,0.35194098949432373,0.35445800423622131,0.33894801139831543,0.34064498543739319,15106373
2024-05-27T00:00:00.000000Z,0.34064498543739319,0.38752499222755432,0.33859500288963318,0.38480499386787415,40119962
2024-05-28T00:00:00.000000Z,0.38480499386787415,0.39630699157714844,0.3593049943447113,0.36501801013946533,34873870
2024-05-29T00:00:00.000000Z,0.36501801013946533,0.37142398953437805,0.35569998621940613,0.35677298903465271,19381991
2024-05-30T00:00:00.000000Z,0.35677298903465271,0.37022700905799866,0.35147300362586975,0.35422998666763306,18596082
2024-05-31T00:00:00.000000Z,0.35422998666763306,0.35546699166297913,0.31009799242019653,0.31757399439811707,54618969
2024-06-01T00:00:00.000000Z,0.31757399439811707,0.31913301348686218,0.30937200784683228,0.31231999397277832,38500798
2024-06-02T00:00:00.000000Z,0.31231999397277832,0.31534600257873535,0.29280298948287964,0.29855599999427795,29398833
2024-06-03T00:00:00.000000Z,0.29855599999427795,0.31202200055122375,0.29645198583602905,0.29840898513793945,29698810
2024-06-04T00:00:00.000000Z,0.29840898513793945,0.30355098843574524,0.29264900088310242,0.29471099376678467,29515903
2024-06-05T00:00:00.000000Z,0.29471099376678467,0.30602699518203735,0.29471099376678467,0.30358898639678955,30108521
2024-06-06T00:00:00.000000Z,0.30358898639678955,0.30531099438667297,0.29385000467300415,0.29894900321960449,23144522
2024-06-07T00:00:00.000000Z,0.29894900321960449,0.30038899183273315,0.24173000454902649,0.26625001430511475,35544617
2024-06-08T00:00:00.000000Z,0.26622200012207031,0.27025601267814636,0.25000500679016113,0.25204899907112122,20725333
2024-06-09T00:00:00.000000Z,0.25204798579216003,0.26020300388336182,0.25060099363327026,0.25811800360679626,15017334
2024-06-10T00:00:00.000000Z,0.25811201333999634,0.25811201333999634,0.24687899649143219,0.25018200278282166,17935511
2024-06-11T00:00:00.000000Z,0.25016400218009949,0.25253000855445862,0.22957399487495422,0.23483900725841522,24454068
2024-06-12T00:00:00.000000Z,0.23484599590301514,0.24579800665378571,0.23054100573062897,0.24017199873924255,25112930
2024-06-13T00:00:00.000000Z,0.24019399285316467,0.24019399285316467,0.22377899289131165,0.22537900507450104,17176279
2024-06-14T00:00:00.000000Z,0.22538499534130096,0.22948899865150452,0.20636899769306183,0.21322000026702881,20803391
2024-06-15T00:00:00.000000Z,0.21322299540042877,0.22016799449920654,0.21226899325847626,0.21462100744247437,13076099
2024-06-16T00:00:00.000000Z,0.21461699903011322,0.22106799483299255,0.21201099455356598,0.21966800093650818,11500669
2024-06-17T00:00:00.000000Z,0.21965500712394714,0.22052100300788879,0.19887900352478027,0.20439399778842926,20785339
2024-06-18T00:00:00.000000Z,0.20440499484539032,0.2050199955701828,0.17838400602340698,0.18822500109672546,27841262
2024-06-19T00:00:00.000000Z,0.18816600739955902,0.19616100192070007,0.18612700700759888,0.19033199548721313,14081387
2024-06-20T00:00:00.000000Z,0.19033199548721313,0.20117099583148956,0.18970699608325958,0.1918179988861084,14168063
2024-06-21T00:00:00.000000Z,0.19182200729846954,0.19997699558734894,0.18989700078964233,0.19284500181674957,21076725
2024-06-22T00:00:00.000000Z,0.1928659975528717,0.19465799629688263,0.19017599523067474,0.19137300550937653,12422865
2024-06-23T00:00:00.000000Z,0.19135700166225433,0.19593800604343414,0.18443199992179871,0.18843899667263031,14968154
2024-06-24T00:00:00.000000Z,0.18844999372959137,0.20068199932575226,0.18364399671554565,0.20010900497436523,28428607
2024-06-25T00:00:00.000000Z,0.20011399686336517,0.20695400238037109,0.1992029994726181,0.20404300093650818,16029393
2024-06-26T00:00:00.000000Z,0.20403799414634705,0.20724800229072571,0.1989469975233078,0.19950300455093384,12951626
2024-06-27T00:00:00.000000Z,0.19952000677585602,0.20370499789714813,0.19458900392055511,0.19592200219631195,15944589
2024-06-28T00:00:00.000000Z,0.19591799378395081,0.19797299802303314,0.19016900658607483,0.19058099389076233,16493965
2024-06-29T00:00:00.000000Z,0.19059300422668457,0.19547100365161896,0.18619200587272644,0.18667900562286377,10253437
2024-06-30T00:00:00.000000Z,0.18669399619102478,0.19418500363826752,0.18601700663566589,0.19417700171470642,11524626
2024-07-01T00:00:00.000000Z,0.19416600465774536,0.19799500703811646,0.19321200251579285,0.1944890022277832,11933155
2024-07-02T00:00:00.000000Z,0.19447599351406097,0.19892199337482452,0.19116899371147156,0.19148899614810944,11416361
2024-07-03T00:00:00.000000Z,0.19151900708675385,0.19259800016880035,0.18284100294113159,0.18563799560070038,14175398
2024-07-04T00:00:00.000000Z,0.18560400605201721,0.18583400547504425,0.15887400507926941,0.15921700000762939,17756768
2024-07-05T00:00:00.000000Z,0.15916100144386292,0.16523000597953796,0.1384270042181015,0.16440699994564056,29215024
2024-07-06T00:00:00.000000Z,0.1644120067358017,0.17261900007724762,0.15976199507713318,0.17154000699520111,15609035
2024-07-07T00:00:00.000000Z,0.17152999341487885,0.17152999341487885,0.15867899358272552,0.15937599539756775,12195660
2024-07-08T00:00:00.000000Z,0.15937900543212891,0.1685979962348938,0.15218199789524078,0.1630609929561615,15198395
2024-07-09T00:00:00.000000Z,0.16306200623512268,0.16909299790859222,0.16179800033569336,0.16627700626850128,12911493
2024-07-10T00:00:00.000000Z,0.16629399359226227,0.17035600543022156,0.16415800154209137,0.16591699421405792,9677532
2024-07-11T00:00:00.000000Z,0.165911003947258,0.17190900444984436,0.16181500256061554,0.16271199285984039,13156138
2024-07-12T00:00:00.000000Z,0.16270299255847931,0.16545499861240387,0.15858599543571472,0.16460800170898438,12995910
2024-07-13T00:00:00.000000Z,0.16461899876594543,0.16988900303840637,0.16278399527072906,0.16808100044727325,10892244
2024-07-14T00:00:00.000000Z,0.16807900369167328,0.17854699492454529,0.1679760068655014,0.17644700407981873,14222084
2024-07-15T00:00:00.000000Z,0.17651799321174622,0.18703499436378479,0.17651799321174622,0.18691900372505188,16376279
2024-07-16T00:00:00.000000Z,0.18689900636672974,0.19235199689865112,0.18025200068950653,0.19037100672721863,19375462
2024-07-17T00:00:00.000000Z,0.1903659999370575,0.203125,0.1903659999370575,0.19830800592899323,21197643
2024-07-18T00:00:00.000000Z,0.19831900298595428,0.20283499360084534,0.18828399479389191,0.19303299486637115,17060909
2024-07-19T00:00:00.000000Z,0.19305300712585449,0.20504699647426605,0.18932799994945526,0.20381100475788116,19065818
2024-07-20T00:00:00.000000Z,0.20380799472332001,0.20575800538063049,0.20083799958229065,0.20215600728988647,15443928
2024-07-21T00:00:00.000000Z,0.20215600728988647,0.20483900606632233,0.19138899445533752,0.20483900606632233,17646717
2024-07-22T00:00:00.000000Z,0.20483399927616119,0.20524300634860992,0.19358499348163605,0.19394600391387939,28312150
2024-07-23T00:00:00.000000Z,0.19394600391387939,0.19874100387096405,0.18142099678516388,0.18220299482345581,20403070
2024-07-24T00:00:00.000000Z,0.18220700323581696,0.19270999729633331,0.18090899288654327,0.18188700079917908,17199073
2024-07-25T00:00:00.000000Z,0.18191300332546234,0.18224500119686127,0.17192000150680542,0.18060100078582764,17974500
2024-07-26T00:00:00.000000Z,0.18059100210666656,0.19019700586795807,0.17988799512386322,0.18936100602149963,13323420
2024-07-27T00:00:00.000000Z,0.18935799598693848,0.19208599627017975,0.1841060072183609,0.18824400007724762,14601913
2024-07-28T00:00:00.000000Z,0.1882459968328476,0.18899199366569519,0.1828400045633316,0.18470500409603119,11942526
2024-07-29T00:00:00.000000Z,0.18470500409603119,0.19455899298191071,0.18453599512577057,0.18476299941539764,18338865
2024-07-30T00:00:00.000000Z,0.18476299941539764,0.18909299373626709,0.17900800704956055,0.18131600320339203,17324562
2024-07-31T00:00:00.000000Z,0.18130500614643097,0.18378299474716187,0.1736299991607666,0.17445600032806396,16993319
2024-08-01T00:00:00.000000Z,0.17445899546146393,0.17600199580192566,0.16277700662612915,0.17322799563407898,18309702
2024-08-02T00:00:00.000000Z,0.17322799563407898,0.17410799860954285,0.15959799289703369,0.16118299961090088,18001039
2024-08-03T00:00:00.000000Z,0.16118299961090088,0.16496600210666656,0.15145699679851532,0.15255099534988403,15597827
2024-08-04T00:00:00.000000Z,0.15255099534988403,0.15577399730682373,0.13942000269889832,0.14490500092506409,17539639
2024-08-05T00:00:00.000000Z,0.14490500092506409,0.14637200534343719,0.11949100345373154,0.13613599538803101,35368412
2024-08-06T00:00:00.000000Z,0.13613599538803101,0.14285500347614288,0.13353900611400604,0.13500100374221802,29534149
2024-08-07T00:00:00.000000Z,0.13500699400901794,0.13898199796676636,0.12313000112771988,0.12537999451160431,27426766
2024-08-08T00:00:00.000000Z,0.12537600100040436,0.14246900379657745,0.12453299760818481,0.14220499992370605,19185862
2024-08-09T00:00:00.000000Z,0.14220499992370605,0.14235800504684448,0.13666099309921265,0.13984499871730804,18934231
2024-08-10T00:00:00.000000Z,0.13984499871730804,0.14214600622653961,0.13789400458335876,0.14117300510406494,11946150
2024-08-11T00:00:00.000000Z,0.14117300510406494,0.14268100261688232,0.13095000386238098,0.13225400447845459,13150555
2024-08-12T00:00:00.000000Z,0.13225400447845459,0.14041300117969513,0.13081499934196472,0.13856099545955658,14940717
2024-08-13T00:00:00.000000Z,0.13856099545955658,0.14319400489330292,0.13615000247955322,0.14130300283432007,13042934
2024-08-14T00:00:00.000000Z,0.14130300283432007,0.14405399560928345,0.13543300330638885,0.13596299290657043,11956646
2024-08-15T00:00:00.000000Z,0.13596299290657043,0.13798500597476959,0.12934799492359161,0.13108700513839722,13043006
2024-08-16T00:00:00.000000Z,0.13108700513839722,0.13432399928569794,0.12840600311756134,0.13243499398231506,11764035
2024-08-17T00:00:00.000000Z,0.13243499398231506,0.13394400477409363,0.12936699390411377,0.13394400477409363,9799038
2024-08-18T00:00:00.000000Z,0.13394400477409363,0.14313299953937531,0.13229599595069885,0.13821700215339661,13785400
2024-08-19T00:00:00.000000Z,0.13821700215339661,0.14091099798679352,0.13575899600982666,0.13885399699211121,12919597
2024-08-20T00:00:00.000000Z,0.13885399699211121,0.14502799510955811,0.13866400718688965,0.14154799282550812,13572739
2024-08-21T00:00:00.000000Z,0.14154799282550812,0.14757999777793884,0.13744999468326569,0.14599500596523285,14618459
2024-08-22T00:00:00.000000Z,0.14599500596523285,0.15182000398635864,0.14475899934768677,0.14891800284385681,12776332
2024-08-23T00:00:00.000000Z,0.14891800284385681,0.16232700645923615,0.14891700446605682,0.16074900329113007,16331742
2024-08-24T00:00:00.000000Z,0.16075000166893005,0.16846300661563873,0.15866400301456451,0.16482700407505035,13284175
2024-08-25T00:00:00.000000Z,0.16482700407505035,0.16494600474834442,0.1577250063419342,0.16116100549697876,12502657
2024-08-26T00:00:00.000000Z,0.16116100549697876,0.16316600143909454,0.15251600742340088,0.15315799415111542,13177809
2024-08-27T00:00:00.000000Z,0.15315799415111542,0.1567080020904541,0.14017400145530701,0.14278200268745422,14080531
2024-08-28T00:00:00.000000Z,0.14278200268745422,0.14845199882984161,0.1378210037946701,0.14145499467849731,14121392
2024-08-29T00:00:00.000000Z,0.14145499467849731,0.14885200560092926,0.14046800136566162,0.14413699507713318,11787723
2024-08-30T00:00:00.000000Z,0.14413699507713318,0.14575900137424469,0.13600699603557587,0.14403000473976135,12484246
2024-08-31T00:00:00.000000Z,0.14403000473976135,0.1449120044708252,0.13788099586963654,0.13858599960803986,8125362
2024-09-01T00:00:00.000000Z,0.13858599960803986,0.13950400054454803,0.1311500072479248,0.13210299611091614,10700354
2024-09-02T00:00:00.000000Z,0.13210299611091614,0.13844500482082367,0.13192099332809448,0.13790400326251984,10647983
2024-09-03T00:00:00.000000Z,0.13790400326251984,0.14243400096893311,0.13360899686813354,0.13360899686813354,16111017
2024-09-04T00:00:00.000000Z,0.13360899686813354,0.14045600593090057,0.12963700294494629,0.13911600410938263,14434520
2024-09-05T00:00:00.000000Z,0.13911600410938263,0.13967800140380859,0.13279299437999725,0.13417799770832062,10760648
2024-09-06T00:00:00.000000Z,0.13417799770832062,0.13889500498771667,0.12787699699401855,0.13182500004768372,16199205
2024-09-07T00:00:00.000000Z,0.13182500004768372,0.13407599925994873,0.13013499975204468,0.13276700675487518,10116255
2024-09-08T00:00:00.000000Z,0.13276700675487518,0.13926100730895996,0.13233999907970428,0.13768599927425385,9663596
2024-09-09T00:00:00.000000Z,0.13768599927425385,0.14874200522899628,0.13711600005626678,0.14810299873352051,16589111
2024-09-10T00:00:00.000000Z,0.14810299873352051,0.14951400458812714,0.14491599798202515,0.14781300723552704,11378986
2024-09-11T00:00:00.000000Z,0.14780999720096588,0.14780999720096588,0.13710199296474457,0.14226500689983368,12419752
2024-09-12T00:00:00.000000Z,0.14226500689983368,0.14567999541759491,0.14135999977588654,0.14450100064277649,10031895
2024-09-13T00:00:00.000000Z,0.14450100064277649,0.15161100029945374,0.14193899929523468,0.14970800280570984,12189529
2024-09-14T00:00:00.000000Z,0.14970800280570984,0.15052600204944611,0.14581799507141113,0.14701899886131287,7362012
2024-09-15T00:00:00.000000Z,0.14701899886131287,0.14866900444030762,0.13675299286842346,0.13733899593353271,8846432
2024-09-16T00:00:00.000000Z,0.13733899593353271,0.13914200663566589,0.13310599327087402,0.13464100658893585,11033258
2024-09-17T00:00:00.000000Z,0.13464100658893585,0.14098399877548218,0.13317699730396271,0.13905900716781616,9643340
2024-09-18T00:00:00.000000Z,0.13905900716781616,0.14512600004673004,0.1335110068321228,0.14510999619960785,12402027
2024-09-19T00:00:00.000000Z,0.14510999619960785,0.15139000117778778,0.14510999619960785,0.14854300022125244,13253957
2024-09-20T00:00:00.000000Z,0.14854300022125244,0.15645299851894379,0.14733399450778961,0.15188899636268616,12448825
2024-09-21T00:00:00.000000Z,0.15188899636268616,0.15630599856376648,0.14850500226020813,0.15575799345970154,9465437
2024-09-22T00:00:00.000000Z,0.15575799345970154,0.15618599951267242,0.1458590030670166,0.15069499611854553,10713672
2024-09-23T00:00:00.000000Z,0.15069499611854553,0.1558929979801178,0.14790399372577667,0.15491099655628204,11734406
2024-09-24T00:00:00.000000Z,0.15491099655628204,0.16097800433635712,0.15167300403118134,0.16079999506473541,12335771
2024-09-25T00:00:00.000000Z,0.16079999506473541,0.16447700560092926,0.15716899931430817,0.15808500349521637,13094036
2024-09-26T00:00:00.000000Z,0.15808500349521637,0.16602699458599091,0.1551630049943924,0.1653050035238266,15495014
2024-09-27T00:00:00.000000Z,0.1653050035238266,0.1756339967250824,0.1653050035238266,0.17522799968719482,18623520
2024-09-28T00:00:00.000000Z,0.17522799968719482,0.17786699533462524,0.16700200736522675,0.16989299654960632,13469874
2024-09-29T00:00:00.000000Z,0.16989299654960632,0.18146100640296936,0.16569100320339203,0.1785610020160675,14974320
2024-09-30T00:00:00.000000Z,0.1785610020160675,0.18275399506092072,0.16501800715923309,0.1661670058965683,20813887
2024-10-01T00:00:00.000000Z,0.1661670058965683,0.17435799539089203,0.14616900682449341,0.14762799441814423,20464287
2024-10-02T00:00:00.000000Z,0.14762799441814423,0.15522299706935883,0.13970600068569183,0.14302599430084229,15768288
2024-10-03T00:00:00.000000Z,0.14302599430084229,0.14598099887371063,0.13595600426197052,0.14099699258804321,15614801
2024-10-04T00:00:00.000000Z,0.14099699258804321,0.15068000555038452,0.14056700468063354,0.14867499470710754,12779103
2024-10-05T00:00:00.000000Z,0.14867499470710754,0.15058000385761261,0.14600500464439392,0.14824600517749786,10095993
2024-10-06T00:00:00.000000Z,0.14824600517749786,0.15056300163269043,0.14568899571895599,0.14942799508571625,9977439
2024-10-07T00:00:00.000000Z,0.14942799508571625,0.15404100716114044,0.14779399335384369,0.15062199532985687,13431619
2024-10-08T00:00:00.000000Z,0.15062199532985687,0.15323400497436523,0.14650599658489227,0.14847199618816376,11568760
2024-10-09T00:00:00.000000Z,0.14847199618816376,0.15032400190830231,0.14049699902534485,0.14219799637794495,11522457
2024-10-10T00:00:00.000000Z,0.14219799637794495,0.14530299603939056,0.13788199424743652,0.14406399428844452,11457145
2024-10-11T00:00:00.000000Z,0.14406399428844452,0.15187400579452515,0.14402300119400024,0.15113799273967743,10290842
2024-10-12T00:00:00.000000Z,0.15113799273967743,0.15422500669956207,0.15112499892711639,0.1514739990234375,8352634
2024-10-13T00:00:00.000000Z,0.1514739990234375,0.15306100249290466,0.14654900133609772,0.15095500648021698,9777213
2024-10-14T00:00:00.000000Z,0.15095500648021698,0.15991799533367157,0.14895999431610107,0.15907199680805206,12971415
2024-10-15T00:00:00.000000Z,0.15907199680805206,0.15991899371147156,0.15115700662136078,0.15656100213527679,14485029
2024-10-16T00:00:00.000000Z,0.15656100213527679,0.15669199824333191,0.1497579962015152,0.15185600519180298,12958436
2024-10-17T00:00:00.000000Z,0.15185600519180298,0.15300500392913818,0.144678995013237,0.14786699414253235,12626729
2024-10-18T00:00:00.000000Z,0.14786699414253235,0.1542229950428009,0.14612400531768799,0.15396900475025177,13395120
2024-10-19T00:00:00.000000Z,0.15396900475025177,0.16025899350643158,0.15259300172328949,0.15678699314594269,14456556
2024-10-20T00:00:00.000000Z,0.15678699314594269,0.16822700202465057,0.15501299500465393,0.16822700202465057,19368022
2024-10-21T00:00:00.000000Z,0.16822899878025055,0.17128700017929077,0.16063599288463593,0.16158199310302734,16154077
2024-10-22T00:00:00.000000Z,0.16158199310302734,0.16650499403476715,0.15784299373626709,0.16286200284957886,13518060
2024-10-23T00:00:00.000000Z,0.16286200284957886,0.16332300007343292,0.14904099702835083,0.15308700501918793,13518394
2024-10-24T00:00:00.000000Z,0.15368400514125824,0.16181300580501556,0.15137599408626556,0.1588979959487915,14731218
2024-10-25T00:00:00.000000Z,0.1588979959487915,0.16008999943733215,0.13858500123023987,0.1420229971408844,15708160
2024-10-26T00:00:00.000000Z,0.1420229971408844,0.14757099747657776,0.13924099504947662,0.14410400390625,14533980
2024-10-27T00:00:00.000000Z,0.14410400390625,0.14787699282169342,0.14120699465274811,0.14636200666427612,10630200
2024-10-28T00:00:00.000000Z,0.14636200666427612,0.14847800135612488,0.14052699506282806,0.14729399979114532,14180195
2024-10-29T00:00:00.000000Z,0.14729399979114532,0.15189599990844727,0.14701899886131287,0.15079100430011749,14239541
2024-10-30T00:00:00.000000Z,0.15079100430011749,0.15116299688816071,0.14600999653339386,0.14840599894523621,15698609
2024-10-31T00:00:00.000000Z,0.14840500056743622,0.14876200258731842,0.13786600530147552,0.14041000604629517,16396058
2024-11-01T00:00:00.000000Z,0.14041000604629517,0.14371700584888458,0.13650600612163544,0.1384579986333847,16788408
2024-11-02T00:00:00.000000Z,0.1384579986333847,0.14056099951267242,0.13478100299835205,0.13553899526596069,11303619
2024-11-03T00:00:00.000000Z,0.13553899526596069,0.13624399900436401,0.12523500621318817,0.13010899722576141,15453801
2024-11-04T00:00:00.000000Z,0.13010899722576141,0.13185499608516693,0.12434600293636322,0.12612299621105194,14166506
2024-11-05T00:00:00.000000Z,0.12612299621105194,0.13490800559520721,0.12605999410152435,0.13325700163841248,14807566
2024-11-06T00:00:00.000000Z,0.13325700163841248,0.1489810049533844,0.13325700163841248,0.1481499969959259,21706580
2024-11-07T00:00:00.000000Z,0.1481499969959259,0.15184800326824188,0.14557600021362305,0.1494310051202774,16725938
2024-11-08T00:00:00.000000Z,0.1494310051202774,0.15332099795341492,0.14658999443054199,0.15174299478530884,18610210
2024-11-09T00:00:00.000000Z,0.15174299478530884,0.15756900608539581,0.14932599663734436,0.1575080007314682,16519515
2024-11-10T00:00:00.000000Z,0.1575080007314682,0.17226800322532654,0.15562200546264648,0.16546499729156494,29179279
2024-11-11T00:00:00.000000Z,0.16546499729156494,0.17495200037956238,0.16169199347496033,0.17457599937915802,31561585
2024-11-12T00:00:00.000000Z,0.17457599937915802,0.18139900267124176,0.15702900290489197,0.16848999261856079,39776356
2024-11-13T00:00:00.000000Z,0.16840200126171112,0.17014099657535553,0.1508760005235672,0.15865999460220337,35747667
2024-11-14T00:00:00.000000Z,0.15865999460220337,0.16563299298286438,0.1515440046787262,0.15337499976158142,24045653
2024-11-15T00:00:00.000000Z,0.15337499976158142,0.16124600172042847,0.14833800494670868,0.16078600287437439,22921230
2024-11-16T00:00:00.000000Z,0.16175200045108795,0.18926900625228882,0.16070599853992462,0.18569199740886688,45646076
2024-11-17T00:00:00.000000Z,0.18569199740886688,0.18569600582122803,0.16995200514793396,0.17344799637794495,27166637
2024-11-18T00:00:00.000000Z,0.17344799637794495,0.2203499972820282,0.17263500392436981,0.20974600315093994,140160163
2024-11-19T00:00:00.000000Z,0.20974600315093994,0.21643799543380737,0.19404900074005127,0.19961999356746674,44605607
2024-11-20T00:00:00.000000Z,0.19961999356746674,0.20172999799251556,0.18562999367713928,0.19057199358940125,28662026
2024-11-21T00:00:00.000000Z,0.19057199358940125,0.20335899293422699,0.18460999429225922,0.20078499615192413,32425216
2024-11-22T00:00:00.000000Z,0.20078499615192413,0.21012899279594421,0.19364200532436371,0.21012799441814423,32412388
2024-11-23T00:00:00.000000Z,0.21012799441814423,0.24145700037479401,0.20743399858474731,0.23943200707435608,62424011
2024-11-24T00:00:00.000000Z,0.23943200707435608,0.30890300869941711,0.23805700242519379,0.29969000816345215,239647920
2024-11-25T00:00:00.000000Z,0.29969000816345215,0.30308398604393005,0.26869899034500122,0.27486100792884827,101441671
2024-11-26T00:00:00.000000Z,0.27485600113868713,0.2893339991569519,0.25619900226593018,0.26894599199295044,65337191
2024-11-27T00:00:00.000000Z,0.26894599199295044,0.29053899645805359,0.26126301288604736,0.28603300452232361,49413288
2024-11-28T00:00:00.000000Z,0.28603300452232361,0.30349299311637878,0.27455300092697144,0.29543000459671021,52879030
2024-11-29T00:00:00.000000Z,0.29543000459671021,0.30521601438522339,0.28036698698997498,0.3035610020160675,45758728
2024-11-30T00:00:00.000000Z,0.3035610020160675,0.35505399107933044,0.29583999514579773,0.32975998520851135,87144981
2024-12-01T00:00:00.000000Z,0.32975998520851135,0.33446499705314636,0.31060400605201721,0.32599800825119019,61031966
2024-12-02T00:00:00.000000Z,0.32599800825119019,0.33494898676872253,0.30143800377845764,0.33416900038719177,78638282
2024-12-03T00:00:00.000000Z,0.33417400717735291,0.35284000635147095,0.31699499487876892,0.35253098607063293,92045503
2024-12-04T00:00:00.000000Z,0.35253098607063293,0.38735100626945496,0.34488898515701294,0.37656199932098389,114747057
2024-12-05T00:00:00.000000Z,0.37656199932098389,0.39400899410247803,0.3574410080909729,0.38205298781394958,105363507
2024-12-06T00:00:00.000000Z,0.37617701292037964,0.38545900583267212,0.35585999488830566,0.37888398766517639,68196141
2024-12-07T00:00:00.000000Z,0.37888398766517639,0.38082000613212585,0.3614409863948822,0.36515399813652039,40488267
2024-12-08T00:00:00.000000Z,0.36820000410079956,0.36852699518203735,0.3559660017490387,0.36579999327659607,43470090
2024-12-09T00:00:00.000000Z,0.36582300066947937,0.36582300066947937,0.25985300540924072,0.2885650098323822,89999327
2024-12-10T00:00:00.000000Z,0.2885650098323822,0.29305499792098999,0.24785399436950684,0.27590298652648926,74007095
2024-12-11T00:00:00.000000Z,0.27590298652648926,0.30846598744392395,0.26399898529052734,0.30211600661277771,43478958
2024-12-12T00:00:00.000000Z,0.30211600661277771,0.35049200057983398,0.29886400699615479,0.32746401429176331,80441245
2024-12-13T00:00:00.000000Z,0.32746401429176331,0.3328930139541626,0.31138899922370911,0.32487198710441589,49362334
2024-12-14T00:00:00.000000Z,0.32487198710441589,0.32699000835418701,0.29334300756454468,0.30143898725509644,38308056
2024-12-15T00:00:00.000000Z,0.30143898725509644,0.30812200903892517,0.28771400451660156,0.30416399240493774,38269471
2024-12-16T00:00:00.000000Z,0.30416399240493774,0.31051799654960632,0.28319400548934937,0.29286101460456848,37610101
2024-12-17T00:00:00.000000Z,0.29286101460456848,0.29416701197624207,0.27086499333381653,0.27480000257492065,34622545
2024-12-18T00:00:00.000000Z,0.27480301260948181,0.27733701467514038,0.24634400010108948,0.2464199960231781,40328894
2024-12-19T00:00:00.000000Z,0.2464199960231781,0.25011000037193298,0.2135079950094223,0.2213750034570694,47118920
2024-12-20T00:00:00.000000Z,0.2213750034570694,0.2311519980430603,0.18674999475479126,0.22983600199222565,47367574
2024-12-21T00:00:00.000000Z,0.22983600199222565,0.24627900123596191,0.21507799625396729,0.21866500377655029,31758710
2024-12-22T00:00:00.000000Z,0.21866500377655029,0.22435599565505981,0.20859299600124359,0.21425899863243103,24251132
2024-12-23T00:00:00.000000Z,0.21425899863243103,0.2421720027923584,0.20917800068855286,0.2367279976606369,32241088
2024-12-24T00:00:00.000000Z,0.2367279976606369,0.24956700205802917,0.22782899439334869,0.24640700221061707,25076114
2024-12-25T00:00:00.000000Z,0.24641500413417816,0.2473829984664917,0.23530599474906921,0.23781499266624451,19989104
2024-12-26T00:00:00.000000Z,0.23781499266624451,0.24035100638866425,0.2158609926700592,0.21919099986553192,21494237
2024-12-27T00:00:00.000000Z,0.21771200001239777,0.23342500627040863,0.21615199744701385,0.21996800601482391,22210505
2024-12-28T00:00:00.000000Z,0.21996800601482391,0.23189899325370789,0.21870000660419464,0.23066900670528412,17281364
2024-12-29T00:00:00.000000Z,0.23066900670528412,0.23347499966621399,0.21663099527359009,0.21876400709152222,16971251
2024-12-30T00:00:00.000000Z,0.21876400709152222,0.22654399275779724,0.20837199687957764,0.21678100526332855,22754361
2024-12-31T00:00:00.000000Z,0.21678100526332855,0.21964900195598602,0.20822200179100037,0.20877699553966522,18384306
2025-01-01T00:00:00.000000Z,0.20877699553966522,0.21862299740314484,0.20443400740623474,0.21792200207710266,16730002
2025-01-02T00:00:00.000000Z,0.21792200207710266,0.22874900698661804,0.21762700378894806,0.22584199905395508,26275361
2025-01-03T00:00:00.000000Z,0.22584199905395508,0.24624000489711761,0.22248600423336029,0.24444499611854553,30105939
2025-01-04T00:00:00.000000Z,0.24444499611854553,0.24947899580001831,0.24032799899578094,0.24301500618457794,25926708
2025-01-05T00:00:00.000000Z,0.24301500618457794,0.24775800108909607,0.23664499819278717,0.24535299837589264,22850821
2025-01-06T00:00:00.000000Z,0.24535299837589264,0.2547529935836792,0.23962600529193878,0.24883699417114258,30820935
2025-01-07T00:00:00.000000Z,0.24974499642848969,0.25075298547744751,0.2201399952173233,0.22031199932098389,30508534
2025-01-08T00:00:00.000000Z,0.22031199932098389,0.22304199635982513,0.19783399999141693,0.20977699756622314,28908153
2025-01-09T00:00:00.000000Z,0.20977699756622314,0.21283699572086334,0.19587799906730652,0.20051200687885284,25324792
2025-01-10T00:00:00.000000Z,0.20051099359989166,0.20877499878406525,0.19704499840736389,0.20343999564647675,24964001
2025-01-11T00:00:00.000000Z,0.20343999564647675,0.20932699739933014,0.1988070011138916,0.2042279988527298,15516331
2025-01-12T00:00:00.000000Z,0.2042279988527298,0.20505599677562714,0.19699700176715851,0.19936199486255646,15717037
2025-01-13T00:00:00.000000Z,0.19936199486255646,0.20520299673080444,0.17732700705528259,0.19059799611568451,28557521
2025-01-14T00:00:00.000000Z,0.19059799611568451,0.20245100557804108,0.1896120011806488,0.19985400140285492,19749254
2025-01-15T00:00:00.000000Z,0.19985400140285492,0.21380999684333801,0.19379200041294098,0.2136089950799942,25921950
2025-01-16T00:00:00.000000Z,0.21361300349235535,0.21369799971580505,0.20202599465847015,0.20341700315475464,25983121
2025-01-17T00:00:00.000000Z,0.20341700315475464,0.21881900727748871,0.20333400368690491,0.21716199815273285,32210575
2025-01-18T00:00:00.000000Z,0.21716199815273285,0.21922799944877625,0.19202099740505219,0.19617600739002228,27686224
2025-01-19T00:00:00.000000Z,0.19617600739002228,0.2012069970369339,0.1695840060710907,0.1715950071811676,35421607
2025-01-20T00:00:00.000000Z,0.1715950071811676,0.18515099585056305,0.16296699643135071,0.16826799511909485,42324224
2025-01-21T00:00:00.000000Z,0.16826799511909485,0.17601999640464783,0.16048400104045868,0.17256799340248108,26388138
2025-01-22T00:00:00.000000Z,0.17256799340248108,0.17601600289344788,0.16748699545860291,0.16752199828624725,24135053
2025-01-23T00:00:00.000000Z,0.16751700639724731,0.17124700546264648,0.16202700138092041,0.16862000524997711,33657062
2025-01-24T00:00:00.000000Z,0.16861599683761597,0.17100299894809723,0.16186399757862091,0.16248300671577454,24176875
2025-01-25T00:00:00.000000Z,0.16248400509357452,0.16574899852275848,0.15982399880886078,0.16320900619029999,15097179
2025-01-26T00:00:00.000000Z,0.16319699585437775,0.16760300099849701,0.15770000219345093,0.15778400003910065,25064750
2025-01-27T00:00:00.000000Z,0.15778200328350067,0.15779800713062286,0.1417669951915741,0.15350599586963654,31687463
2025-01-28T00:00:00.000000Z,0.15350599586963654,0.15596500039100647,0.13838900625705719,0.13940000534057617,23719359
2025-01-29T00:00:00.000000Z,0.13940000534057617,0.14997999370098114,0.13876999914646149,0.14478600025177002,26583564
2025-01-30T00:00:00.000000Z,0.14475700259208679,0.15860199928283691,0.14373999834060669,0.15245699882507324,27868540
2025-01-31T00:00:00.000000Z,0.15245699882507324,0.1605290025472641,0.14916600286960602,0.15433700382709503,21581806
2025-02-01T00:00:00.000000Z,0.15434099733829498,0.1564909964799881,0.14165900647640228,0.14282999932765961,19282707
2025-02-02T00:00:00.000000Z,0.14282999932765961,0.14634700119495392,0.11644600331783295,0.12178800255060196,33583574
2025-02-03T00:00:00.000000Z,0.12178800255060196,0.12722699344158173,0.093112997710704803,0.12592799961566925,45579679
2025-02-04T00:00:00.000000Z,0.12592799961566925,0.12724100053310394,0.11185599863529205,0.11801300197839737,30322415
2025-02-05T00:00:00.000000Z,0.11801300197839737,0.13075299561023712,0.11616899818181992,0.12138000130653381,55761048
2025-02-06T00:00:00.000000Z,0.12138000130653381,0.12337300181388855,0.11225800216197968,0.11311099678277969,26184001
2025-02-07T00:00:00.000000Z,0.11311099678277969,0.12406399846076965,0.11249099671840668,0.11586199700832367,20915626
2025-02-08T00:00:00.000000Z,0.11586199700832367,0.12013600021600723,0.1106249988079071,0.11955299973487854,23086661
2025-02-09T00:00:00.000000Z,0.11955299973487854,0.12256599962711334,0.11188799887895584,0.11744199693202972,16745583
2025-02-10T00:00:00.000000Z,0.11744199693202972,0.1222589984536171,0.11248400062322617,0.12153899669647217,22031610
2025-02-11T00:00:00.000000Z,0.12153899669647217,0.131864994764328,0.12016800045967102,0.12088599801063538,28349143
2025-02-12T00:00:00.000000Z,0.12088599801063538,0.13212600350379944,0.11792200058698654,0.13145199418067932,45012976
2025-02-13T00:00:00.000000Z,0.13145199418067932,0.13202899694442749,0.12260899692773819,0.12462499737739563,41925656
2025-02-14T00:00:00.000000Z,0.12462499737739563,0.13137100636959076,0.12387199699878693,0.12799400091171265,22780487
2025-02-15T00:00:00.000000Z,0.12799400091171265,0.12855400145053864,0.12316799908876419,0.12487199902534485,12712979
2025-02-16T00:00:00.000000Z,0.12487199902534485,0.12719699740409851,0.12124700099229813,0.12163899838924408,13440152
2025-02-17T00:00:00.000000Z,0.12163899838924408,0.12534399330615997,0.11857800185680389,0.12145999819040298,17600497
2025-02-18T00:00:00.000000Z,0.12145999819040298,0.12168200314044952,0.11071900278329849,0.11542399972677231,20554191
2025-02-19T00:00:00.000000Z,0.11542399972677231,0.12074799835681915,0.11500299721956253,0.12074200063943863,16412978
2025-02-20T00:00:00.000000Z,0.12074200063943863,0.12646299600601196,0.12019000202417374,0.12430399656295776,17615400
2025-02-21T00:00:00.000000Z,0.12430399656295776,0.13000799715518951,0.11750300228595734,0.11888100206851959,21382180
2025-02-22T00:00:00.000000Z,0.11888100206851959,0.12471000105142593,0.11817199736833572,0.12443699687719345,14452552
2025-02-23T00:00:00.000000Z,0.12443699687719345,0.12509399652481079,0.11926200240850449,0.1210549995303154,13833453
2025-02-24T00:00:00.000000Z,0.1210549995303154,0.12115500122308731,0.10418599843978882,0.10480999946594238,22197157
2025-02-25T00:00:00.000000Z,0.10480699688196182,0.11195000261068344,0.10158500075340271,0.1105479970574379,32595001
2025-02-26T00:00:00.000000Z,0.1105479970574379,0.11480800062417984,0.10758800059556961,0.11156000196933746,23423722
2025-02-27T00:00:00.000000Z,0.11156000196933746,0.11718700081110001,0.11032199859619141,0.11376100033521652,18108000
2025-02-28T00:00:00.000000Z,0.11376100033521652,0.11455900222063065,0.1036750003695488,0.11369899660348892,27275968
2025-03-01T00:00:00.000000Z,0.11369899660348892,0.1139959990978241,0.107464998960495,0.11045899987220764,14726693
2025-03-02T00:00:00.000000Z,0.11045899987220764,0.12136700004339218,0.10899700224399567,0.12094800174236298,24583810
2025-03-03T00:00:00.000000Z,0.12094800174236298,0.12153299897909164,0.10128500312566757,0.10262499749660492,23887442
2025-03-04T00:00:00.000000Z,0.10262499749660492,0.10294699668884277,0.09345100075006485,0.1012910008430481,24806291
2025-03-05T00:00:00.000000Z,0.1012910008430481,0.10517299920320511,0.099788002669811249,0.10477399826049805,16497053
2025-03-06T00:00:00.000000Z,0.10477399826049805,0.10698200017213821,0.10025200247764587,0.10124699771404266,18947935
2025-03-07T00:00:00.000000Z,0.10124699771404266,0.10663700103759766,0.096764996647834778,0.10152000188827515,23861428
2025-03-08T00:00:00.000000Z,0.10152000188827515,0.10187199711799622,0.098838001489639282,0.099706999957561493,10481911
2025-03-09T00:00:00.000000Z,0.099706999957561493,0.10036800056695938,0.087459996342658997,0.088665001094341278,17651510
2025-03-10T00:00:00.000000Z,0.088665001094341278,0.094953998923301697,0.083254002034664154,0.085295997560024261,23293312
2025-03-11T00:00:00.000000Z,0.085263997316360474,0.091655001044273376,0.079084001481533051,0.090314999222755432,22379930
2025-03-12T00:00:00.000000Z,0.090314999222755432,0.093446001410484314,0.086777001619338989,0.091985002160072327,16736371
2025-03-13T00:00:00.000000Z,0.091985002160072327,0.092228002846240997,0.087128996849060059,0.08901900053024292,16445332
2025-03-14T00:00:00.000000Z,0.08901900053024292,0.093050003051757812,0.089014001190662384,0.09100700169801712,13676096
2025-03-15T00:00:00.000000Z,0.09100700169801712,0.093171998858451843,0.090208001434803009,0.092325001955032349,12679963
2025-03-16T00:00:00.000000Z,0.092338003218173981,0.092354997992515564,0.0862869992852211,0.087163999676704407,12841860
2025-03-17T00:00:00.000000Z,0.087163999676704407,0.093083001673221588,0.087044999003410339,0.091917999088764191,15598662
2025-03-18T00:00:00.000000Z,0.091917999088764191,0.09231799840927124,0.087784998118877411,0.092064999043941498,13890760
2025-03-19T00:00:00.000000Z,0.092064999043941498,0.095338001847267151,0.091104999184608459,0.095159001648426056,20003239
2025-03-20T00:00:00.000000Z,0.095159001648426056,0.095233999192714691,0.089653998613357544,0.09009300172328949,14558676
2025-03-21T00:00:00.000000Z,0.09009300172328949,0.091164000332355499,0.088115997612476349,0.08929000049829483,14776530
2025-03-22T00:00:00.000000Z,0.08929000049829483,0.092772997915744781,0.089240998029708862,0.091144002974033356,14061844
2025-03-23T00:00:00.000000Z,0.091144002974033356,0.092981003224849701,0.090066999197006226,0.091335996985435486,12379721
2025-03-24T00:00:00.000000Z,0.091335996985435486,0.098021999001502991,0.09045100212097168,0.096743002533912659,18839203
2025-03-25T00:00:00.000000Z,0.096743002533912659,0.10003100335597992,0.095573000609874725,0.10002099722623825,17546495
2025-03-26T00:00:00.000000Z,0.10002099722623825,0.10169000178575516,0.095858000218868256,0.096653997898101807,21823675
2025-03-27T00:00:00.000000Z,0.096653997898101807,0.098975002765655518,0.093650996685028076,0.095771998167037964,21119176
2025-03-28T00:00:00.000000Z,0.095771998167037964,0.096193999052047729,0.086356997489929199,0.088027998805046082,19899890
2025-03-29T00:00:00.000000Z,0.088027998805046082,0.0883449986577034,0.081153996288776398,0.08246999979019165,21636806
2025-03-30T00:00:00.000000Z,0.082469001412391663,0.085107997059822083,0.08181300014257431,0.082860998809337616,14874771
2025-03-31T00:00:00.000000Z,0.082860998809337616,0.083351001143455505,0.079138003289699554,0.080650001764297485,16054357
2025-04-01T00:00:00.000000Z,0.080650001764297485,0.083136998116970062,0.080269999802112579,0.08156999945640564,16335398
2025-04-02T00:00:00.000000Z,0.08156999945640564,0.08156999945640564,0.072627000510692596,0.073953002691268921,19223376
2025-04-03T00:00:00.000000Z,0.073953002691268921,0.076075002551078796,0.071423999965190887,0.074424996972084045,14278966
2025-04-04T00:00:00.000000Z,0.074424996972084045,0.074891999363899231,0.070666000247001648,0.073409996926784515,21022778
2025-04-05T00:00:00.000000Z,0.073409996926784515,0.074284002184867859,0.071551002562046051,0.072448998689651489,10751388
2025-04-06T00:00:00.000000Z,0.072448000311851501,0.072738997638225555,0.063358999788761139,0.06481199711561203,14899150
2025-04-07T00:00:00.000000Z,0.06481199711561203,0.068897001445293427,0.059870000928640366,0.066781997680664062,27760910
2025-04-08T00:00:00.000000Z,0.066781997680664062,0.068366996943950653,0.062401998788118362,0.062872998416423798,16262635
2025-04-09T00:00:00.000000Z,0.062872998416423798,0.069150000810623169,0.060699000954627991,0.068775996565818787,21963949
2025-04-10T00:00:00.000000Z,0.068775996565818787,0.068781003355979919,0.063555002212524414,0.064672999083995819,21319175
2025-04-11T00:00:00.000000Z,0.064672999083995819,0.06714099645614624,0.064424999058246613,0.065820001065731049,16400856
2025-04-12T00:00:00.000000Z,0.065820001065731049,0.069383002817630768,0.06527700275182724,0.068930000066757202,10873525
2025-04-13T00:00:00.000000Z,0.068930000066757202,0.06904900074005127,0.062927000224590302,0.063672997057437897,12146122
2025-04-14T00:00:00.000000Z,0.063666000962257385,0.065884999930858612,0.063063003122806549,0.063248999416828156,12756520
2025-04-15T00:00:00.000000Z,0.063248999416828156,0.063872002065181732,0.060802001506090164,0.061087999492883682,14016351
2025-04-16T00:00:00.000000Z,0.061087999492883682,0.061802998185157776,0.059296000748872757,0.059836000204086304,21551430
2025-04-17T00:00:00.000000Z,0.059836000204086304,0.061765998601913452,0.059390999376773834,0.060933999717235565,16929873
2025-04-18T00:00:00.000000Z,0.060933999717235565,0.063138000667095184,0.060359001159667969,0.062625996768474579,11140728
2025-04-19T00:00:00.000000Z,0.062625996768474579,0.06727900356054306,0.062625996768474579,0.066629000008106232,15199596
2025-04-20T00:00:00.000000Z,0.06663600355386734,0.10107100009918213,0.064750999212265015,0.088417001068592072,183526141
2025-04-21T00:00:00.000000Z,0.088408999145030975,0.11795400083065033,0.085456997156143188,0.091792002320289612,429409862
2025-04-22T00:00:00.000000Z,0.091820001602172852,0.096562996506690979,0.084925003349781036,0.088697999715805054,140121897
2025-04-23T00:00:00.000000Z,0.088698998093605042,0.092900000512599945,0.086317002773284912,0.087508000433444977,54885830
2025-04-24T00:00:00.000000Z,0.087508000433444977,0.092508003115653992,0.084994003176689148,0.091559000313282013,49122753
2025-04-25T00:00:00.000000Z,0.091559000313282013,0.092780999839305878,0.088642001152038574,0.089934997260570526,29537525
2025-04-26T00:00:00.000000Z,0.089936003088951111,0.094595000147819519,0.089267998933792114,0.090432003140449524,34045339
2025-04-27T00:00:00.000000Z,0.090432003140449524,0.090998001396656036,0.083838000893592834,0.084473997354507446,26590870
2025-04-28T00:00:00.000000Z,0.084473997354507446,0.086993999779224396,0.081881999969482422,0.086760997772216797,22314266
2025-04-29T00:00:00.000000Z,0.086760997772216797,0.088105000555515289,0.081113003194332123,0.082667000591754913,14483449
2025-04-30T00:00:00.000000Z,0.082667000591754913,0.085803002119064331,0.081528998911380768,0.084862001240253448,17628162
2025-05-01T00:00:00.000000Z,0.084862001240253448,0.087453000247478485,0.084178000688552856,0.084723003208637238,14914943
2025-05-02T00:00:00.000000Z,0.084716998040676117,0.086134999990463257,0.082615002989768982,0.084008999168872833,15020645
2025-05-03T00:00:00.000000Z,0.084008999168872833,0.084331996738910675,0.076293997466564178,0.07637699693441391,15100579
2025-05-04T00:00:00.000000Z,0.07637699693441391,0.07637699693441391,0.073187999427318573,0.075342997908592224,16973731
2025-05-05T00:00:00.000000Z,0.075343996286392212,0.076857998967170715,0.07245200127363205,0.073623999953269958,16700069
2025-05-06T00:00:00.000000Z,0.073623999953269958,0.075684003531932831,0.070542000234127045,0.074153997004032135,18284462
2025-05-07T00:00:00.000000Z,0.074153997004032135,0.075998000800609589,0.071147002279758453,0.073128998279571533,15671345
2025-05-08T00:00:00.000000Z,0.073127999901771545,0.083708003163337708,0.072802998125553131,0.083221003413200378,22874151
2025-05-09T00:00:00.000000Z,0.083221003413200378,0.091990001499652863,0.083218999207019806,0.091668002307415009,28306981
2025-05-10T00:00:00.000000Z,0.091663002967834473,0.10181999951601028,0.091596998274326324,0.10057000070810318,32089035
2025-05-11T00:00:00.000000Z,0.10057400166988373,0.10165400058031082,0.093997001647949219,0.095423996448516846,28242653
2025-05-12T00:00:00.000000Z,0.095423996448516846,0.10016699880361557,0.091464996337890625,0.096749000251293182,27043389
2025-05-13T00:00:00.000000Z,0.096749000251293182,0.10107500106096268,0.089523002505302429,0.099619999527931213,26062089
2025-05-14T00:00:00.000000Z,0.099619999527931213,0.10302300006151199,0.093974001705646515,0.094575002789497375,29469548
2025-05-15T00:00:00.000000Z,0.094575002789497375,0.095848999917507172,0.086653999984264374,0.088325001299381256,31193410
2025-05-16T00:00:00.000000Z,0.088334999978542328,0.094952002167701721,0.088165998458862305,0.088812999427318573,22703712
2025-05-17T00:00:00.000000Z,0.088812999427318573,0.088857002556324005,0.08391600102186203,0.086058996617794037,16290744
2025-05-18T00:00:00.000000Z,0.086058996617794037,0.093953996896743774,0.085193000733852386,0.091574996709823608,16642181
2025-05-19T00:00:00.000000Z,0.091576002538204193,0.091958001255989075,0.083632998168468475,0.088040001690387726,17398246
2025-05-20T00:00:00.000000Z,0.088040001690387726,0.090167999267578125,0.084719002246856689,0.088485002517700195,17939753
2025-05-21T00:00:00.000000Z,0.088485002517700195,0.092013001441955566,0.0861549973487854,0.090028002858161926,18883057
2025-05-22T00:00:00.000000Z,0.090028002858161926,0.095715999603271484,0.08995799720287323,0.095564998686313629,17808723
2025-05-23T00:00:00.000000Z,0.095564998686313629,0.097741998732089996,0.085476003587245941,0.085658997297286987,20975539
2025-05-24T00:00:00.000000Z,0.085658997297286987,0.08756999671459198,0.084820002317428589,0.085291996598243713,10994686
2025-05-25T00:00:00.000000Z,0.085291996598243713,0.085946999490261078,0.080812998116016388,0.085928000509738922,13085522
2025-05-26T00:00:00.000000Z,0.085928000509738922,0.090755999088287354,0.085395000874996185,0.087398000061511993,15985854
2025-05-27T00:00:00.000000Z,0.087398000061511993,0.092720001935958862,0.084841996431350708,0.090048998594284058,17109155
2025-05-28T00:00:00.000000Z,0.090048998594284058,0.094420000910758972,0.085547000169754028,0.088491998612880707,16701639
2025-05-29T00:00:00.000000Z,0.088491998612880707,0.091557003557682037,0.082961000502109528,0.083076998591423035,17981415
2025-05-30T00:00:00.000000Z,0.083076000213623047,0.083362996578216553,0.071255996823310852,0.07126300036907196,25809393
2025-05-31T00:00:00.000000Z,0.07126300036907196,0.074686996638774872,0.069370999932289124,0.073510996997356415,18867346
2025-06-01T00:00:00.000000Z,0.073510996997356415,0.075194001197814941,0.071796998381614685,0.074796997010707855,16050278
2025-06-02T00:00:00.000000Z,0.074796997010707855,0.07643599808216095,0.072232000529766083,0.076153002679347992,25569586
2025-06-03T00:00:00.000000Z,0.076153002679347992,0.078001998364925385,0.074936002492904663,0.075947999954223633,20429546
2025-06-04T00:00:00.000000Z,0.075947999954223633,0.077845998108386993,0.072685003280639648,0.073536999523639679,18918671
2025-06-05T00:00:00.000000Z,0.073536999523639679,0.077132001519203186,0.069195002317428589,0.07076600193977356,22696298
2025-06-06T00:00:00.000000Z,0.07076600193977356,0.074579998850822449,0.069916002452373505,0.072322003543376923,11506455
2025-06-07T00:00:00.000000Z,0.072322003543376923,0.076172001659870148,0.072066999971866608,0.075699999928474426,8709296
2025-06-08T00:00:00.000000Z,0.075703002512454987,0.076494000852108002,0.074000999331474304,0.075102001428604126,8362364
2025-06-09T00:00:00.000000Z,0.075102001428604126,0.078606002032756805,0.072782002389431,0.078468002378940582,11483592
2025-06-10T00:00:00.000000Z,0.078468002378940582,0.081635996699333191,0.077561996877193451,0.081629998981952667,14145534
2025-06-11T00:00:00.000000Z,0.081629998981952667,0.081712998449802399,0.075534999370574951,0.076178997755050659,14448623
2025-06-12T00:00:00.000000Z,0.076178997755050659,0.076182000339031219,0.071289002895355225,0.071818999946117401,16828542
2025-06-13T00:00:00.000000Z,0.071818999946117401,0.071818999946117401,0.064461000263690948,0.068533003330230713,25353494
2025-06-14T00:00:00.000000Z,0.068533003330230713,0.068699002265930176,0.065866999328136444,0.067685000598430634,11364188
2025-06-15T00:00:00.000000Z,0.067685000598430634,0.069179996848106384,0.066968999803066254,0.068608000874519348,10958780
2025-06-16T00:00:00.000000Z,0.068608000874519348,0.071702003479003906,0.067709997296333313,0.068106003105640411,13042721
2025-06-17T00:00:00.000000Z,0.068106003105640411,0.069418996572494507,0.065045997500419617,0.066042996942996979,15411830
2025-06-18T00:00:00.000000Z,0.066042996942996979,0.067156001925468445,0.063114002346992493,0.065797999501228333,16689369
2025-06-19T00:00:00.000000Z,0.065797999501228333,0.066508002579212189,0.063520997762680054,0.065325997769832611,14091877
2025-06-20T00:00:00.000000Z,0.065325997769832611,0.067125000059604645,0.062405999749898911,0.063635997474193573,18347064
2025-06-21T00:00:00.000000Z,0.063635997474193573,0.064774997532367706,0.059052001684904099,0.059935998171567917,11057264
2025-06-22T00:00:00.000000Z,0.059935998171567917,0.06086299940943718,0.055541001260280609,0.058495000004768372,16452725
2025-06-23T00:00:00.000000Z,0.058497998863458633,0.065678998827934265,0.058276999741792679,0.065583996474742889,17292900
2025-06-24T00:00:00.000000Z,0.065583996474742889,0.067083001136779785,0.064782999455928802,0.065719000995159149,13765331
2025-06-25T00:00:00.000000Z,0.065719000995159149,0.066143997013568878,0.063711002469062805,0.063996002078056335,11358540
2025-06-26T00:00:00.000000Z,0.063996002078056335,0.065674997866153717,0.062470998615026474,0.062986999750137329,10927006
2025-06-27T00:00:00.000000Z,0.062986999750137329,0.064465999603271484,0.062098998576402664,0.063541002571582794,10617048
2025-06-28T00:00:00.000000Z,0.063541002571582794,0.065301999449729919,0.062789998948574066,0.065081000328063965,7510253
2025-06-29T00:00:00.000000Z,0.065081000328063965,0.068882003426551819,0.064404003322124481,0.068442001938819885,12460801
2025-06-30T00:00:00.000000Z,0.068442001938819885,0.068443000316619873,0.064682997763156891,0.065835997462272644,12018154
2025-07-01T00:00:00.000000Z,0.065835997462272644,0.066105999052524567,0.062786996364593506,0.063314996659755707,12379481
2025-07-02T00:00:00.000000Z,0.063314996659755707,0.069954998791217804,0.062532000243663788,0.068506002426147461,13130202
2025-07-03T00:00:00.000000Z,0.068506002426147461,0.070083998143672943,0.067350998520851135,0.068903997540473938,12168953
2025-07-04T00:00:00.000000Z,0.068903997540473938,0.069214999675750732,0.063656002283096313,0.06420300155878067,10510376
2025-07-05T00:00:00.000000Z,0.06420300155878067,0.065324999392032623,0.063304997980594635,0.064511001110076904,8370983
2025-07-06T00:00:00.000000Z,0.064511001110076904,0.066780999302864075,0.063917003571987152,0.06561800092458725,10606844
2025-07-07T00:00:00.000000Z,0.06561800092458725,0.066414996981620789,0.064274996519088745,0.065036997199058533,9290963
2025-07-08T00:00:00.000000Z,0.065036997199058533,0.066873997449874878,0.063833996653556824,0.066434003412723541,11478691
2025-07-09T00:00:00.000000Z,0.066434003412723541,0.070418000221252441,0.065637998282909393,0.070160999894142151,13698885
2025-07-10T00:00:00.000000Z,0.070160999894142151,0.075485996901988983,0.06964699923992157,0.075058996677398682,15810694
2025-07-11T00:00:00.000000Z,0.075058996677398682,0.079177998006343842,0.074203997850418091,0.075715996325016022,19616204
2025-07-12T00:00:00.000000Z,0.075715996325016022,0.077712997794151306,0.073297999799251556,0.075613997876644135,14126660
2025-07-13T00:00:00.000000Z,0.075613997876644135,0.080076001584529877,0.075195997953414917,0.078271999955177307,17342114
2025-07-14T00:00:00.000000Z,0.078271999955177307,0.082114003598690033,0.076801002025604248,0.077596001327037811,18891054
2025-07-15T00:00:00.000000Z,0.077596001327037811,0.080367997288703918,0.074570000171661377,0.080122001469135284,15781276
2025-07-16T00:00:00.000000Z,0.080122001469135284,0.083451002836227417,0.078544996678829193,0.081177003681659698,15110106
2025-07-17T00:00:00.000000Z,0.081177003681659698,0.082423999905586243,0.078344002366065979,0.08034999668598175,15254688
2025-07-18T00:00:00.000000Z,0.08034999668598175,0.086323000490665436,0.079899996519088745,0.081058003008365631,20471657
2025-07-19T00:00:00.000000Z,0.081058003008365631,0.083731003105640411,0.079418003559112549,0.083731003105640411,12283505
2025-07-20T00:00:00.000000Z,0.083731003105640411,0.091911002993583679,0.083163999021053314,0.090994000434875488,22806813
2025-07-21T00:00:00.000000Z,0.090994000434875488,0.093897998332977295,0.088840000331401825,0.09201599657535553,21123008
2025-07-22T00:00:00.000000Z,0.09201599657535553,0.092059999704360962,0.086883999407291412,0.091518998146057129,18732834
2025-07-23T00:00:00.000000Z,0.091518998146057129,0.091632001101970673,0.079012997448444366,0.081554003059864044,21220278
2025-07-24T00:00:00.000000Z,0.081554003059864044,0.082405000925064087,0.075254999101161957,0.078033998608589172,20547008
2025-07-25T00:00:00.000000Z,0.078033998608589172,0.080072000622749329,0.075343996286392212,0.080031998455524445,15275405
2025-07-26T00:00:00.000000Z,0.080031998455524445,0.08076699823141098,0.079094000160694122,0.079264000058174133,10951802
2025-07-27T00:00:00.000000Z,0.079264000058174133,0.082786001265048981,0.079195000231266022,0.082524999976158142,13508610
2025-07-28T00:00:00.000000Z,0.082524999976158142,0.083970002830028534,0.075712002813816071,0.075925000011920929,15853716
2025-07-29T00:00:00.000000Z,0.075925000011920929,0.078726001083850861,0.072968997061252594,0.074791997671127319,15200784
2025-07-30T00:00:00.000000Z,0.074791997671127319,0.074969001114368439,0.06995999813079834,0.073043003678321838,16783813
2025-07-31T00:00:00.000000Z,0.073043003678321838,0.075226999819278717,0.068709999322891235,0.068985998630523682,14345359
2025-08-01T00:00:00.000000Z,0.068985998630523682,0.069741003215312958,0.06582999974489212,0.06727900356054306,16624373
2025-08-02T00:00:00.000000Z,0.06727900356054306,0.068733997642993927,0.064943999052047729,0.066722996532917023,16232660
2025-08-03T00:00:00.000000Z,0.066722996532917023,0.069261997938156128,0.066019997000694275,0.068988002836704254,9866711
2025-08-04T00:00:00.000000Z,0.068988002836704254,0.072033002972602844,0.068943001329898834,0.071855001151561737,13711633
2025-08-05T00:00:00.000000Z,0.071855001151561737,0.072140999138355255,0.067542001605033875,0.069260001182556152,13675684
2025-08-06T00:00:00.000000Z,0.069260001182556152,0.07087399810552597,0.067569002509117126,0.070170000195503235,13191313
2025-08-07T00:00:00.000000Z,0.070170000195503235,0.072250999510288239,0.069069996476173401,0.072058998048305511,15276168
2025-08-08T00:00:00.000000Z,0.072058998048305511,0.073810003697872162,0.071246996521949768,0.073388002812862396,18229624
2025-08-09T00:00:00.000000Z,0.073388002812862396,0.076444000005722046,0.073241002857685089,0.07542099803686142,16254946
2025-08-10T00:00:00.000000Z,0.07542099803686142,0.076888002455234528,0.072345003485679626,0.074217997491359711,15557957
2025-08-11T00:00:00.000000Z,0.074217997491359711,0.076104000210762024,0.069454997777938843,0.070142000913619995,17136781
2025-08-12T00:00:00.000000Z,0.070142000913619995,0.075179003179073334,0.06865999847650528,0.074446998536586761,16591392
2025-08-13T00:00:00.000000Z,0.074446998536586761,0.079221002757549286,0.074020996689796448,0.078813999891281128,21561205
2025-08-14T00:00:00.000000Z,0.078813999891281128,0.079658001661300659,0.069815002381801605,0.071065999567508698,25003475
2025-08-15T00:00:00.000000Z,0.071065999567508698,0.072596997022628784,0.066362001001834869,0.067753002047538757,20186818
2025-08-16T00:00:00.000000Z,0.067753002047538757,0.070421002805233002,0.06775200366973877,0.070162996649742126,14698604
2025-08-17T00:00:00.000000Z,0.070162996649742126,0.073586001992225647,0.069683000445365906,0.071344003081321716,15055534
2025-08-18T00:00:00.000000Z,0.071344003081321716,0.0713919997215271,0.067328996956348419,0.068488001823425293,14695946
2025-08-19T00:00:00.000000Z,0.068488001823425293,0.069700002670288086,0.065637998282909393,0.06567700207233429,14449041
2025-08-20T00:00:00.000000Z,0.06567700207233429,0.070373997092247009,0.065645001828670502,0.06997700035572052,13512991
2025-08-21T00:00:00.000000Z,0.06997700035572052,0.070681996643543243,0.067812003195285797,0.068470001220703125,16360040
2025-08-22T00:00:00.000000Z,0.068470001220703125,0.075718998908996582,0.066232003271579742,0.075501002371311188,20325213
2025-08-23T00:00:00.000000Z,0.075501002371311188,0.075845003128051758,0.073074996471405029,0.074937999248504639,14769488
2025-08-24T00:00:00.000000Z,0.074923999607563019,0.07534799724817276,0.070506997406482697,0.071860000491142273,19348484
2025-08-25T00:00:00.000000Z,0.071860000491142273,0.072936996817588806,0.064655996859073639,0.065480001270771027,20456757
2025-08-26T00:00:00.000000Z,0.065480001270771027,0.068737998604774475,0.064865000545978546,0.068095996975898743,14337695
2025-08-27T00:00:00.000000Z,0.068095996975898743,0.06865999847650528,0.066835999488830566,0.067239001393318176,10232695
2025-08-28T00:00:00.000000Z,0.067239001393318176,0.070247001945972443,0.066909000277519226,0.070197001099586487,11611774
2025-08-29T00:00:00.000000Z,0.070196002721786499,0.070471003651618958,0.064882002770900726,0.06626400351524353,14027660
2025-08-30T00:00:00.000000Z,0.06626400351524353,0.068649999797344208,0.065217003226280212,0.067916996777057648,11324572
2025-08-31T00:00:00.000000Z,0.067916996777057648,0.070491001009941101,0.067382000386714935,0.067382998764514923,11799298
2025-09-01T00:00:00.000000Z,0.067382998764514923,0.068980999290943146,0.064153000712394714,0.065416999161243439,13574473
2025-09-02T00:00:00.000000Z,0.065416999161243439,0.067722000181674957,0.065330997109413147,0.067716002464294434,11157408
2025-09-03T00:00:00.000000Z,0.067716002464294434,0.068545997142791748,0.066780999302864075,0.067815996706485748,10044698
2025-09-04T00:00:00.000000Z,0.067815996706485748,0.068176001310348511,0.065142996609210968,0.065659999847412109,10944014
2025-09-05T00:00:00.000000Z,0.065659999847412109,0.068231001496315002,0.065375998616218567,0.066628001630306244,13784049
2025-09-06T00:00:00.000000Z,0.066628001630306244,0.066933996975421906,0.065049000084400177,0.065718002617359161,9170783
2025-09-07T00:00:00.000000Z,0.065718002617359161,0.066812999546527863,0.065688997507095337,0.066396996378898621,9255954
2025-09-08T00:00:00.000000Z,0.066396996378898621,0.068548999726772308,0.066026002168655396,0.068227998912334442,10748398
2025-09-09T00:00:00.000000Z,0.068227998912334442,0.071015998721122742,0.067552000284194946,0.069496996700763702,15982204
2025-09-10T00:00:00.000000Z,0.069496996700763702,0.071314997971057892,0.068848997354507446,0.070492997765541077,12093266
2025-09-11T00:00:00.000000Z,0.070492997765541077,0.072353996336460114,0.069273002445697784,0.070574000477790833,14316507
2025-09-12T00:00:00.000000Z,0.070574000477790833,0.072475999593734741,0.069596000015735626,0.072402998805046082,10568340
2025-09-13T00:00:00.000000Z,0.072402998805046082,0.074557997286319733,0.071987003087997437,0.073637999594211578,11316997
2025-09-14T00:00:00.000000Z,0.073637999594211578,0.073774002492427826,0.069158002734184265,0.069548003375530243,10343748
2025-09-15T00:00:00.000000Z,0.069548003375530243,0.070688001811504364,0.066509000957012177,0.067930996417999268,13584025
2025-09-16T00:00:00.000000Z,0.067930996417999268,0.069996997714042664,0.066831998527050018,0.069563999772071838,10277828
2025-09-17T00:00:00.000000Z,0.069563999772071838,0.071686998009681702,0.067824997007846832,0.071231000125408173,12493078
2025-09-18T00:00:00.000000Z,0.071231000125408173,0.07281000167131424,0.070580996572971344,0.072311997413635254,10466534
2025-09-19T00:00:00.000000Z,0.072311997413635254,0.07333199679851532,0.068098999559879303,0.068573996424674988,12492927
2025-09-20T00:00:00.000000Z,0.068573996424674988,0.069909997284412384,0.068181999027729034,0.068940997123718262,8185662
2025-09-21T00:00:00.000000Z,0.068940997123718262,0.069948002696037292,0.067354001104831696,0.067598000168800354,9444915
2025-09-22T00:00:00.000000Z,0.067598000168800354,0.067656002938747406,0.060205999761819839,0.06277099996805191,17357190
2025-09-23T00:00:00.000000Z,0.06277099996805191,0.063608996570110321,0.06115800142288208,0.062410000711679459,9338029
2025-09-24T00:00:00.000000Z,0.062410000711679459,0.064113996922969818,0.06154400110244751,0.062346000224351883,9529610
2025-09-25T00:00:00.000000Z,0.062346000224351883,0.062353998422622681,0.05778999999165535,0.058446001261472702,14003196
2025-09-26T00:00:00.000000Z,0.058446001261472702,0.061296999454498291,0.058354999870061874,0.060961000621318817,10346614
2025-09-27T00:00:00.000000Z,0.060961000621318817,0.061303999274969101,0.060130000114440918,0.060603998601436615,7405877
2025-09-28T00:00:00.000000Z,0.060603998601436615,0.0618709996342659,0.059041999280452728,0.061771001666784286,8404112
2025-09-29T00:00:00.000000Z,0.061771001666784286,0.062417998909950256,0.060079999268054962,0.061918999999761581,9234308
2025-09-30T00:00:00.000000Z,0.061918999999761581,0.062194999307394028,0.059893000870943069,0.061579998582601547,10465874
2025-10-01T00:00:00.000000Z,0.061579998582601547,0.064450003206729889,0.060809001326560974,0.064450003206729889,10801303
2025-10-02T00:00:00.000000Z,0.064450003206729889,0.066056996583938599,0.063950002193450928,0.065339997410774231,9974066
2025-10-03T00:00:00.000000Z,0.065339997410774231,0.066238000988960266,0.063770003616809845,0.06454399973154068,13775016
2025-10-04T00:00:00.000000Z,0.06454399973154068,0.064768999814987183,0.061756998300552368,0.062647998332977295,10126232
2025-10-05T00:00:00.000000Z,0.062647998332977295,0.065121002495288849,0.061703000217676163,0.061951998621225357,13434872
2025-10-06T00:00:00.000000Z,0.061951998621225357,0.064145997166633606,0.06125200167298317,0.063413999974727631,10822243
2025-10-07T00:00:00.000000Z,0.063413999974727631,0.063791997730731964,0.059831999242305756,0.060258001089096069,12297678
2025-10-08T00:00:00.000000Z,0.060258001089096069,0.06283000111579895,0.0597819983959198,0.062151998281478882,10117611
2025-10-09T00:00:00.000000Z,0.062151998281478882,0.06215900182723999,0.059094998985528946,0.061177998781204224,11189698
2025-10-10T00:00:00.000000Z,0.061177000403404236,0.06342499703168869,0.022036999464035034,0.041287001222372055,34165048
2025-10-11T00:00:00.000000Z,0.041287001222372055,0.046783998608589172,0.039900999516248703,0.044084001332521439,20245070
2025-10-12T00:00:00.000000Z,0.044084001332521439,0.050976000726222992,0.043033000081777573,0.050774998962879181,13279142
2025-10-13T00:00:00.000000Z,0.050774998962879181,0.054698999971151352,0.050186999142169952,0.053302999585866928,18962738
2025-10-14T00:00:00.000000Z,0.053302999585866928,0.053467001765966415,0.047788001596927643,0.05089300125837326,15228849
2025-10-15T00:00:00.000000Z,0.05089300125837326,0.051734000444412231,0.047678999602794647,0.04822399839758873,12337797
2025-10-16T00:00:00.000000Z,0.04822399839758873,0.049529999494552612,0.044902998954057693,0.045402999967336655,11768114
2025-10-17T00:00:00.000000Z,0.045402999967336655,0.046025998890399933,0.041703999042510986,0.044824998825788498,11323027
2025-10-18T00:00:00.000000Z,0.044824998825788498,0.046153001487255096,0.044461999088525772,0.045162998139858246,7484535
2025-10-19T00:00:00.000000Z,0.045162998139858246,0.046978998929262161,0.044374998658895493,0.046131998300552368,11865416
2025-10-20T00:00:00.000000Z,0.046131998300552368,0.047786001116037369,0.045368999242782593,0.046169999986886978,8895122
2025-10-21T00:00:00.000000Z,0.046206999570131302,0.047626998275518417,0.044119998812675476,0.044275000691413879,10442452
2025-10-22T00:00:00.000000Z,0.044275000691413879,0.044755000621080399,0.041650000959634781,0.042945001274347305,9815525
2025-10-23T00:00:00.000000Z,0.042945001274347305,0.044748000800609589,0.042821001261472702,0.044098000973463058,7689589
2025-10-24T00:00:00.000000Z,0.044098000973463058,0.044851001352071762,0.043356001377105713,0.044649999588727951,8034480
2025-10-25T00:00:00.000000Z,0.044649999588727951,0.044994998723268509,0.044119000434875488,0.044709999114274979,6925461
2025-10-26T00:00:00.000000Z,0.044709999114274979,0.045625001192092896,0.04414600133895874,0.045256998389959335,7249072
2025-10-27T00:00:00.000000Z,0.045256998389959335,0.046075999736785889,0.043416999280452728,0.04353100061416626,11291773
2025-10-28T00:00:00.000000Z,0.04353100061416626,0.04479299858212471,0.04216499999165535,0.043198999017477036,11224390
2025-10-29T00:00:00.000000Z,0.043198999017477036,0.044498000293970108,0.042146001011133194,0.043338999152183533,10306582
2025-10-30T00:00:00.000000Z,0.043338999152183533,0.04391000047326088,0.039494000375270844,0.040807001292705536,9099371
2025-10-31T00:00:00.000000Z,0.040807001292705536,0.042199000716209412,0.040667999535799026,0.041818998754024506,6710235
2025-11-01T00:00:00.000000Z,0.041818998754024506,0.043643999844789505,0.041459999978542328,0.043393000960350037,7327241
2025-11-02T00:00:00.000000Z,0.043393000960350037,0.046911001205444336,0.042994998395442963,0.046831000596284866,11916585
2025-11-03T00:00:00.000000Z,0.046831000596284866,0.04714599996805191,0.037284001708030701,0.038527000695466995,17642132
2025-11-04T00:00:00.000000Z,0.038527000695466995,0.04034699872136116,0.035872001200914383,0.038178000599145889,14498474
2025-11-05T00:00:00.000000Z,0.038178000599145889,0.039760999381542206,0.036102999001741409,0.039473999291658401,9470059
2025-11-06T00:00:00.000000Z,0.039473999291658401,0.040309999138116837,0.037211999297142029,0.040070001035928726,10606114
2025-11-07T00:00:00.000000Z,0.040070001035928726,0.048801999539136887,0.039406999945640564,0.04691300168633461,17752991
2025-11-08T00:00:00.000000Z,0.04691300168633461,0.048546001315116882,0.045278001576662064,0.046140998601913452,14315929
2025-11-09T00:00:00.000000Z,0.046140998601913452,0.046303000301122665,0.043340999633073807,0.045915998518466949,9592123
2025-11-10T00:00:00.000000Z,0.045915998518466949,0.046813998371362686,0.044530000537633896,0.045131999999284744,9103480
2025-11-11T00:00:00.000000Z,0.045131999999284744,0.046018999069929123,0.041994001716375351,0.04212699830532074,9144049
2025-11-12T00:00:00.000000Z,0.04212699830532074,0.044390000402927399,0.040421999990940094,0.041034001857042313,8473971
2025-11-13T00:00:00.000000Z,0.041034001857042313,0.042282000184059143,0.038392998278141022,0.039574000984430313,8917263
2025-11-14T00:00:00.000000Z,0.039574000984430313,0.039971001446247101,0.037610001862049103,0.03807000070810318,8340549
2025-11-15T00:00:00.000000Z,0.03807000070810318,0.039655998349189758,0.03806300088763237,0.038438998162746429,6131607
2025-11-16T00:00:00.000000Z,0.038438998162746429,0.038791000843048096,0.035983998328447342,0.037193998694419861,8013260
2025-11-17T00:00:00.000000Z,0.037193998694419861,0.037797000259160995,0.035815998911857605,0.036435000598430634,7284506
2025-11-18T00:00:00.000000Z,0.036435000598430634,0.037214998155832291,0.035564001649618149,0.036699000746011734,8018536
2025-11-19T00:00:00.000000Z,0.036699000746011734,0.036862999200820923,0.03399600088596344,0.035868998616933823,7013936
2025-11-20T00:00:00.000000Z,0.035868998616933823,0.037732001394033432,0.0333079993724823,0.034313999116420746,8910433
2025-11-21T00:00:00.000000Z,0.034313999116420746,0.035185001790523529,0.031798999756574631,0.032990999519824982,10977554
2025-11-22T00:00:00.000000Z,0.032990999519824982,0.033410001546144485,0.032049998641014099,0.032979998737573624,7282407
2025-11-23T00:00:00.000000Z,0.032979998737573624,0.033463001251220703,0.032859999686479568,0.033038999885320663,6177128
2025-11-24T00:00:00.000000Z,0.033038999885320663,0.034418001770973206,0.032294999808073044,0.033943001180887222,7244627
2025-11-25T00:00:00.000000Z,0.033943001180887222,0.034161001443862915,0.032930999994277954,0.033799000084400177,5659465
2025-11-26T00:00:00.000000Z,0.033799000084400177,0.033888000994920731,0.032761998474597931,0.033528998494148254,7027183
2025-11-27T00:00:00.000000Z,0.033528998494148254,0.034515999257564545,0.03332899883389473,0.033906999975442886,6589593
2025-11-28T00:00:00.000000Z,0.033906999975442886,0.033925998955965042,0.032676998525857925,0.032862000167369843,5713098
2025-11-29T00:00:00.000000Z,0.032862000167369843,0.033165000379085541,0.03187200054526329,0.032154999673366547,5475732
2025-11-30T00:00:00.000000Z,0.032154999673366547,0.032365001738071442,0.031571000814437866,0.031571000814437866,5007679
2025-12-01T00:00:00.000000Z,0.031571000814437866,0.031571000814437866,0.02871599979698658,0.02968900091946125,7599702
2025-12-02T00:00:00.000000Z,0.02968900091946125,0.032010000199079514,0.029295999556779861,0.03154899924993515,6769622
2025-12-03T00:00:00.000000Z,0.03154899924993515,0.032655999064445496,0.031250998377799988,0.032494999468326569,6182201
2025-12-04T00:00:00.000000Z,0.032494999468326569,0.032669000327587128,0.031176000833511353,0.031624000519514084,5255654
2025-12-05T00:00:00.000000Z,0.031624000519514084,0.032288998365402222,0.030515000224113464,0.031436000019311905,7378208
2025-12-06T00:00:00.000000Z,0.031436000019311905,0.032951999455690384,0.031341999769210815,0.032506000250577927,7148639
2025-12-07T00:00:00.000000Z,0.032506000250577927,0.032894998788833618,0.031201999634504318,0.031716998666524887,6466955
2025-12-08T00:00:00.000000Z,0.031716998666524887,0.033077001571655273,0.031537998467683792,0.032905999571084976,11941710
2025-12-09T00:00:00.000000Z,0.032905999571084976,0.03794499859213829,0.032843001186847687,0.035541001707315445,50621485
2025-12-10T00:00:00.000000Z,0.035541001707315445,0.03560899943113327,0.033284001052379608,0.033284001052379608,13274994
2025-12-11T00:00:00.000000Z,0.033284001052379608,0.033284001052379608,0.031442001461982727,0.031954001635313034,8680143
2025-12-12T00:00:00.000000Z,0.031954001635313034,0.032148998230695724,0.030525999143719673,0.031351998448371887,7409964
2025-12-13T00:00:00.000000Z,0.031351998448371887,0.031691998243331909,0.031254999339580536,0.031539998948574066,5544228
2025-12-14T00:00:00.000000Z,0.031539998948574066,0.03158700093626976,0.029922999441623688,0.03006800077855587,6144878
2025-12-15T00:00:00.000000Z,0.03006800077855587,0.03040199913084507,0.027799999341368675,0.028829999268054962,8299739
2025-12-16T00:00:00.000000Z,0.028829999268054962,0.028883999213576317,0.027953000739216805,0.028219999745488167,6170094
2025-12-17T00:00:00.000000Z,0.028219999745488167,0.028677999973297119,0.026701999828219414,0.026775000616908073,6781460
2025-12-18T00:00:00.000000Z,0.026775000616908073,0.027667999267578125,0.025185000151395798,0.025786999613046646,7159725
2025-12-19T00:00:00.000000Z,0.025786999613046646,0.027734000235795975,0.025488000363111496,0.027642000466585159,6136066
2025-12-20T00:00:00.000000Z,0.027642000466585159,0.028402000665664673,0.027552999556064606,0.028080999851226807,5274219
2025-12-21T00:00:00.000000Z,0.028080999851226807,0.028093000873923302,0.026480000466108322,0.026659000664949417,5937569
2025-12-22T00:00:00.000000Z,0.026659000664949417,0.02761399932205677,0.026486000046133995,0.027148999273777008,6042795
2025-12-23T00:00:00.000000Z,0.027148999273777008,0.027713999152183533,0.02617499977350235,0.027695000171661377,9342622
2025-12-24T00:00:00.000000Z,0.027695000171661377,0.027705999091267586,0.026373999193310738,0.027287999168038368,9569544
2025-12-25T00:00:00.000000Z,0.027287999168038368,0.027910999953746796,0.026503000408411026,0.026562999933958054,10184377
2025-12-26T00:00:00.000000Z,0.026562999933958054,0.027504999190568924,0.026322999969124794,0.027156999334692955,10082879
2025-12-27T00:00:00.000000Z,0.027156999334692955,0.028387999162077904,0.02715500071644783,0.028227999806404114,10870797
2025-12-28T00:00:00.000000Z,0.028229000046849251,0.028689000755548477,0.027705000713467598,0.027982000261545181,10029749
2025-12-29T00:00:00.000000Z,0.027982000261545181,0.028591999784111977,0.02726300060749054,0.027668999508023262,10409712
2025-12-30T00:00:00.000000Z,0.027668999508023262,0.027749000117182732,0.02707199938595295,0.027638999745249748,10479530
2025-12-31T00:00:00.000000Z,0.027638999745249748,0.028300000354647636,0.026691000908613205,0.027674000710248947,11529906
2026-01-01T00:00:00.000000Z,0.027674000710248947,0.030278999358415604,0.027427000924944878,0.029397999867796898,14306015
2026-01-02T00:00:00.000000Z,0.029397999867796898,0.030332000926136971,0.028896000236272812,0.030253000557422638,11918224
2026-01-03T00:00:00.000000Z,0.030253000557422638,0.030764000490307808,0.029596000909805298,0.030218999832868576,10832596
2026-01-04T00:00:00.000000Z,0.030218999832868576,0.03156999871134758,0.030218999832868576,0.031084999442100525,9762044
2026-01-05T00:00:00.000000Z,0.031084999442100525,0.032513998448848724,0.030093999579548836,0.032363001257181168,7621075
2026-01-06T00:00:00.000000Z,0.032363001257181168,0.033261001110076904,0.031259000301361084,0.032976001501083374,8433158
2026-01-07T00:00:00.000000Z,0.032976001501083374,0.03298800066113472,0.031112000346183777,0.031314998865127563,6583337
2026-01-08T00:00:00.000000Z,0.031314998865127563,0.031837999820709229,0.030028000473976135,0.030938999727368355,6174615
2026-01-09T00:00:00.000000Z,0.030938999727368355,0.031122999265789986,0.029907999560236931,0.030516000464558601,6688459
2026-01-10T00:00:00.000000Z,0.030516000464558601,0.031622998416423798,0.029882000759243965,0.030697999522089958,5737622
2026-01-11T00:00:00.000000Z,0.030697999522089958,0.030806999653577805,0.029205000028014183,0.029526999220252037,5567676
2026-01-12T00:00:00.000000Z,0.029526999220252037,0.030226999893784523,0.028989000245928764,0.029159000143408775,6375628
2026-01-13T00:00:00.000000Z,0.029159000143408775,0.032295998185873032,0.029147999361157417,0.031908001750707626,8337883
2026-01-14T00:00:00.000000Z,0.031908001750707626,0.032416000962257385,0.031207000836730003,0.031449001282453537,9521029
2026-01-15T00:00:00.000000Z,0.031449001282453537,0.031784001737833023,0.029559999704360962,0.029821999371051788,6600681
2026-01-16T00:00:00.000000Z,0.029821999371051788,0.032538000494241714,0.029391000047326088,0.032255999743938446,8088623
2026-01-17T00:00:00.000000Z,0.032255999743938446,0.037119001150131226,0.032090999186038971,0.034185998141765594,37658958
2026-01-18T00:00:00.000000Z,0.034185998141765594,0.034717001020908356,0.031908001750707626,0.031908001750707626,11648057
2026-01-19T00:00:00.000000Z,0.031908001750707626,0.03191399946808815,0.029611000791192055,0.030637999996542931,10170828
2026-01-20T00:00:00.000000Z,0.030637999996542931,0.033107999712228775,0.029513999819755554,0.02960599958896637,16300196
2026-01-21T00:00:00.000000Z,0.02960599958896637,0.031186999753117561,0.028885999694466591,0.030090000480413437,9214563
2026-01-22T00:00:00.000000Z,0.030090000480413437,0.032030001282691956,0.029937999323010445,0.031039999797940254,10709475
2026-01-23T00:00:00.000000Z,0.031039999797940254,0.03264399990439415,0.030381999909877777,0.030610999092459679,8608614
2026-01-24T00:00:00.000000Z,0.030610999092459679,0.030657000839710236,0.029670000076293945,0.029882000759243965,5625918
2026-01-25T00:00:00.000000Z,0.029882000759243965,0.029882000759243965,0.027220999822020531,0.027334000915288925,8590983
2026-01-26T00:00:00.000000Z,0.027334000915288925,0.028203999623656273,0.027083000168204308,0.027876999229192734,6971792
2026-01-27T00:00:00.000000Z,0.027876999229192734,0.028048999607563019,0.027098000049591064,0.027801999822258949,5688836
2026-01-28T00:00:00.000000Z,0.027801999822258949,0.027808999642729759,0.026861999183893204,0.02707199938595295,5585797
2026-01-29T00:00:00.000000Z,0.027072999626398087,0.031644001603126526,0.026224000379443169,0.027000999078154564,45940480
2026-01-30T00:00:00.000000Z,0.027000999078154564,0.028281999751925468,0.02596299909055233,0.026953000575304031,14945361
2026-01-31T00:00:00.000000Z,0.026953000575304031,0.027186999097466469,0.022989999502897263,0.024552000686526299,9437935
2026-02-01T00:00:00.000000Z,0.024552000686526299,0.024870000779628754,0.023515999317169189,0.023821000009775162,6868155
2026-02-02T00:00:00.000000Z,0.023821000009775162,0.024326000362634659,0.023031000047922134,0.024071000516414642,7757739
2026-02-03T00:00:00.000000Z,0.024071000516414642,0.025185000151395798,0.022774999961256981,0.024139000102877617,7910515
2026-02-04T00:00:00.000000Z,0.024139000102877617,0.024907000362873077,0.022980999201536179,0.023476000875234604,6863333
2026-02-05T00:00:00.000000Z,0.023476000875234604,0.023504000157117844,0.020066000521183014,0.020220000296831131,9356316
2026-02-06T00:00:00.000000Z,0.020220000296831131,0.023331999778747559,0.018737999722361565,0.022873999550938606,8645575
2026-02-07T00:00:00.000000Z,0.022873999550938606,0.023561999201774597,0.022117000073194504,0.023499000817537308,6500362
2026-02-08T00:00:00.000000Z,0.023499000817537308,0.023509999737143517,0.022476999089121819,0.022700000554323196,5282277
2026-02-09T00:00:00.000000Z,0.022700000554323196,0.023600000888109207,0.022559000179171562,0.022801000624895096,6456743
2026-02-10T00:00:00.000000Z,0.022801000624895096,0.022828999906778336,0.02180900052189827,0.022179000079631805,5808088
2026-02-11T00:00:00.000000Z,0.022179000079631805,0.023522999137639999,0.02131200022995472,0.02291099913418293,6645188
2026-02-12T00:00:00.000000Z,0.02291099913418293,0.0230880007147789,0.021186999976634979,0.021792000159621239,9128952
2026-02-13T00:00:00.000000Z,0.021792000159621239,0.022234000265598297,0.020279999822378159,0.022097000852227211,7866232
2026-02-14T00:00:00.000000Z,0.022097000852227211,0.022791000083088875,0.02180200070142746,0.022684000432491302,8059984
2026-02-15T00:00:00.000000Z,0.022684000432491302,0.022819999605417252,0.021200999617576599,0.021627999842166901,10881039
2026-02-16T00:00:00.000000Z,0.021627999842166901,0.021850999444723129,0.020850999280810356,0.021611999720335007,9017190
2026-02-17T00:00:00.000000Z,0.021611999720335007,0.021692000329494476,0.021077999845147133,0.021449999883770943,5967895
2026-02-18T00:00:00.000000Z,0.021449999883770943,0.021681999787688255,0.020278999581933022,0.020405000075697899,8633362
2026-02-19T00:00:00.000000Z,0.020405000075697899,0.02056100033223629,0.019748000428080559,0.019813999533653259,7349389
2026-02-20T00:00:00.000000Z,0.019813999533653259,0.020455999299883842,0.019363999366760254,0.020254999399185181,6085975
2026-02-21T00:00:00.000000Z,0.020254999399185181,0.021122999489307404,0.020126000046730042,0.020127000287175179,6889763
2026-02-22T00:00:00.000000Z,0.020127000287175179,0.020186999812722206,0.01942100003361702,0.019533999264240265,4775644
2026-02-23T00:00:00.000000Z,0.019533999264240265,0.019625000655651093,0.018451999872922897,0.018680000677704811,5338990
2026-02-24T00:00:00.000000Z,0.018680000677704811,0.019835999235510826,0.018169000744819641,0.019298000261187553,7233253
2026-02-25T00:00:00.000000Z,0.019298000261187553,0.020757999271154404,0.019245000556111336,0.020121999084949493,9280695
2026-02-26T00:00:00.000000Z,0.020121999084949493,0.020285999402403831,0.019316999241709709,0.01991800032556057,5893794
2026-02-27T00:00:00.000000Z,0.01991800032556057,0.020317999646067619,0.019638000056147575,0.01991100050508976,5821891
2026-02-28T00:00:00.000000Z,0.01991100050508976,0.019920000806450844,0.01845799945294857,0.019748000428080559,5625511
2026-03-01T00:00:00.000000Z,0.019748000428080559,0.020276999101042747,0.018706999719142914,0.01902800053358078,5457735
2026-03-02T00:00:00.000000Z,0.01902800053358078,0.019621999934315681,0.018559999763965607,0.019621999934315681,5965357
2026-03-03T00:00:00.000000Z,0.019621999934315681,0.019804000854492188,0.018879000097513199,0.019036000594496727,6339000
2026-03-04T00:00:00.000000Z,0.019036000594496727,0.019847000017762184,0.01853100024163723,0.019324999302625656,6842416
2026-03-05T00:00:00.000000Z,0.019324999302625656,0.019378000870347023,0.018758000805974007,0.018911000341176987,5521601
2026-03-06T00:00:00.000000Z,0.018911000341176987,0.019144000485539436,0.01815900020301342,0.018383000046014786,5523803
2026-03-07T00:00:00.000000Z,0.018383000046014786,0.018415000289678574,0.017594000324606895,0.017678000032901764,5239363
2026-03-08T00:00:00.000000Z,0.017678000032901764,0.018042000010609627,0.01738400012254715,0.017810000106692314,5743032
2026-03-09T00:00:00.000000Z,0.017810000106692314,0.018636999651789665,0.017804000526666641,0.017884999513626099,6102757
2026-03-10T00:00:00.000000Z,0.017884999513626099,0.018459999933838844,0.017799999564886093,0.017982000485062599,6338603
2026-03-11T00:00:00.000000Z,0.017982000485062599,0.019185999408364296,0.017723999917507172,0.018556000664830208,8962300
2026-03-12T00:00:00.000000Z,0.018556000664830208,0.018640000373125076,0.018139999359846115,0.018402000889182091,5896101
2026-03-13T00:00:00.000000Z,0.018402000889182091,0.018966000527143478,0.018329000100493431,0.018379999324679375,6455724
2026-03-14T00:00:00.000000Z,0.018379999324679375,0.018602000549435616,0.018190000206232071,0.018363999202847481,5802666
2026-03-15T00:00:00.000000Z,0.018363999202847481,0.01859699934720993,0.018280999734997749,0.018521999940276146,5239673
2026-03-16T00:00:00.000000Z,0.018521999940276146,0.019285000860691071,0.018481999635696411,0.019246000796556473,6250165
2026-03-17T00:00:00.000000Z,0.019246000796556473,0.02339399978518486,0.018904000520706177,0.020731000229716301,40736557
2026-03-18T00:00:00.000000Z,0.020731000229716301,0.031197000294923782,0.020315000787377357,0.024678999558091164,187593876
2026-03-19T00:00:00.000000Z,0.024678999558091164,0.028970999643206596,0.02281700074672699,0.025289999321103096,98279182
2026-03-20T00:00:00.000000Z,0.025289999321103096,0.02654699981212616,0.024086000397801399,0.024191999807953835,40318441
2026-03-21T00:00:00.000000Z,0.024191999807953835,0.025260999798774719,0.022890999913215637,0.022902000695466995,20187728
2026-03-22T00:00:00.000000Z,0.022902000695466995,0.023156000301241875,0.020822999998927116,0.020862000063061714,13417370
2026-03-23T00:00:00.000000Z,0.020862000063061714,0.02245200052857399,0.020827999338507652,0.021661000326275826,12090809
2026-03-24T00:00:00.000000Z,0.021661000326275826,0.021864999085664749,0.020488999783992767,0.0209330003708601,11707180
2026-03-25T00:00:00.000000Z,0.0209330003708601,0.021838000044226646,0.020789999514818192,0.020899999886751175,10605990
2026-03-26T00:00:00.000000Z,0.020899999886751175,0.024188000708818436,0.020219000056385994,0.02211499959230423,40564707
2026-03-27T00:00:00.000000Z,0.02211499959230423,0.022629000246524811,0.020199000835418701,0.020315999165177345,12404751
2026-03-28T00:00:00.000000Z,0.020315999165177345,0.020678000524640083,0.01953200064599514,0.019845999777317047,13029742
2026-03-29T00:00:00.000000Z,0.019845999777317047,0.023133000358939171,0.019672999158501625,0.020726000890135765,44619630
2026-03-30T00:00:00.000000Z,0.020726000890135765,0.021568000316619873,0.020401999354362488,0.02054000087082386,14801772
2026-03-31T00:00:00.000000Z,0.02054000087082386,0.02074199914932251,0.019951000809669495,0.020205000415444374,9381734
2026-04-01T00:00:00.000000Z,0.020205000415444374,0.021111000329256058,0.020067000761628151,0.020910000428557396,11179566
2026-04-02T00:00:00.000000Z,0.020910000428557396,0.021820999681949615,0.019888000562787056,0.020338999107480049,19021939
2026-04-03T00:00:00.000000Z,0.020338999107480049,0.020875999704003334,0.019841000437736511,0.019891999661922455,10012919
2026-04-04T00:00:00.000000Z,0.019891999661922455,0.020525999367237091,0.019719000905752182,0.019934000447392464,14137723
2026-04-05T00:00:00.000000Z,0.019934000447392464,0.020268000662326813,0.019372999668121338,0.019825000315904617,11295173
2026-04-06T00:00:00.000000Z,0.019825000315904617,0.020083999261260033,0.019517000764608383,0.019708000123500824,10893488
2026-04-07T00:00:00.000000Z,0.019708000123500824,0.02005700021982193,0.019001999869942665,0.019988000392913818,7426714
2026-04-08T00:00:00.000000Z,0.019988000392913818,0.032685998827219009,0.019887000322341919,0.027529999613761902,133139930
2026-04-09T00:00:00.000000Z,0.027529999613761902,0.040612999349832535,0.025619000196456909,0.029458999633789062,306054142
2026-04-10T00:00:00.000000Z,0.029458999633789062,0.031472999602556229,0.028295999392867088,0.028325999155640602,50717462
2026-04-11T00:00:00.000000Z,0.028325999155640602,0.033245999366044998,0.027360999956727028,0.031346999108791351,81048479
2026-04-12T00:00:00.000000Z,0.031346999108791351,0.052992001175880432,0.030990000814199448,0.038061000406742096,295876874
2026-04-13T00:00:00.000000Z,0.038061000406742096,0.051839001476764679,0.034931998699903488,0.04406299814581871,310400695
2026-04-14T00:00:00.000000Z,0.04406299814581871,0.06960500031709671,0.043230999261140823,0.059730000793933868,432211922
2026-04-15T00:00:00.000000Z,0.059730000793933868,0.097129002213478088,0.05876699835062027,0.089681997895240784,704569519
2026-04-16T00:00:00.000000Z,0.089681997895240784,0.10059700161218643,0.073737002909183502,0.075407996773719788,513756139
2026-04-17T00:00:00.000000Z,0.075407996773719788,0.084922999143600464,0.060846000909805298,0.061225999146699905,174754112
2026-04-18T00:00:00.000000Z,0.061225999146699905,0.062504000961780548,0.052933000028133392,0.058311000466346741,103649914
2026-04-19T00:00:00.000000Z,0.058311000466346741,0.072682000696659088,0.055888000875711441,0.058772001415491104,261827535
2026-04-20T00:00:00.000000Z,0.058772001415491104,0.064356997609138489,0.057714000344276428,0.061606999486684799,81164306
2026-04-21T00:00:00.000000Z,0.061576001346111298,0.063331000506877899,0.058155998587608337,0.060433998703956604,46704327
2026-04-22T00:00:00.000000Z,0.060433998703956604,0.062870003283023834,0.057061001658439636,0.057707000523805618,39252919
2026-04-23T00:00:00.000000Z,0.057707000523805618,0.063014000654220581,0.056919001042842865,0.060745000839233398,66996046
2026-04-24T00:00:00.000000Z,0.060745000839233398,0.086424998939037323,0.060531999915838242,0.062622003257274628,256188272
2026-04-25T00:00:00.000000Z,0.062622003257274628,0.066050998866558075,0.059172999113798141,0.063762001693248749,65122481
2026-04-26T00:00:00.000000Z,0.063762001693248749,0.066343002021312714,0.059881001710891724,0.060322001576423645,41562461
2026-04-27T00:00:00.000000Z,0.060322001576423645,0.062879003584384918,0.059445999562740326,0.059934999793767929,33568158
2026-04-28T00:00:00.000000Z,0.059934999793767929,0.06018500030040741,0.057335000485181808,0.058487001806497574,26266719
2026-04-29T00:00:00.000000Z,0.0584850013256073,0.059390999376773834,0.056005999445915222,0.056297000497579575,23978825
2026-04-30T00:00:00.000000Z,0.056297000497579575,0.057034000754356384,0.054205998778343201,0.056625999510288239,22690203
2026-05-01T00:00:00.000000Z,0.056625999510288239,0.058006998151540756,0.054398000240325928,0.054652001708745956,20757233
2026-05-02T00:00:00.000000Z,0.054652001708745956,0.056389998644590378,0.054308000952005386,0.054737001657485962,19300153
2026-05-03T00:00:00.000000Z,0.054737001657485962,0.054737001657485962,0.05127900093793869,0.053482998162508011,22993888
2026-05-04T00:00:00.000000Z,0.053482998162508011,0.054207000881433487,0.050868000835180283,0.051522001624107361,18837591
2026-05-05T00:00:00.000000Z,0.051522001624107361,0.052391000092029572,0.048797000199556351,0.049022998660802841,21728296
2026-05-06T00:00:00.000000Z,0.049022998660802841,0.053206998854875565,0.049022998660802841,0.050934001803398132,33913222
2026-05-07T00:00:00.000000Z,0.050934001803398132,0.052096001803874969,0.049233000725507736,0.049860000610351562,28751710
2026-05-08T00:00:00.000000Z,0.049860000610351562,0.0512549988925457,0.04961099848151207,0.050383999943733215,17700569
2026-05-09T00:00:00.000000Z,0.050383001565933228,0.051844999194145203,0.049857001751661301,0.050161998718976974,17239752
2026-05-10T00:00:00.000000Z,0.050161998718976974,0.050372999161481857,0.048048999160528183,0.048772998154163361,15776502
2026-05-11T00:00:00.000000Z,0.048772998154163361,0.048831000924110413,0.046976000070571899,0.046992000192403793,13899458
2026-05-12T00:00:00.000000Z,0.046992000192403793,0.05136600136756897,0.046991001814603806,0.04812999814748764,35944497
2026-05-13T00:00:00.000000Z,0.04812999814748764,0.049518000334501266,0.046154998242855072,0.046514000743627548,16337958
2026-05-14T00:00:00.000000Z,0.046514000743627548,0.048277001827955246,0.045667000114917755,0.046737000346183777,13962017
2026-05-15T00:00:00.000000Z,0.046737000346183777,0.047067999839782715,0.043469000607728958,0.043905999511480331,12089802
2026-05-16T00:00:00.000000Z,0.043905999511480331,0.044263001531362534,0.042080998420715332,0.04253700003027916,10625956
2026-05-17T00:00:00.000000Z,0.04253700003027916,0.042647000402212143,0.040580999106168747,0.04120200127363205,9970812
2026-05-18T00:00:00.000000Z,0.04120200127363205,0.043078001588582993,0.040612999349832535,0.042877998203039169,21264776
2026-05-19T00:00:00.000000Z,0.042877998203039169,0.050471998751163483,0.042610999196767807,0.046296000480651855,105192060
2026-05-20T00:00:00.000000Z,0.046296000480651855,0.046564001590013504,0.044367998838424683,0.044592998921871185,33076950
2026-05-21T00:00:00.000000Z,0.044592998921871185,0.045311000198125839,0.043409999459981918,0.043891001492738724,17509566
2026-05-22T00:00:00.000000Z,0.043891001492738724,0.044307999312877655,0.041999999433755875,0.042243000119924545,14581905
2026-05-23T00:00:00.000000Z,0.042243000119924545,0.042640998959541321,0.040885999798774719,0.042119000107049942,9887981
2026-05-24T00:00:00.000000Z,0.042119000107049942,0.042192999273538589,0.039944998919963837,0.040109001100063324,9302134
2026-05-25T00:00:00.000000Z,0.040109001100063324,0.041997000575065613,0.039960999041795731,0.04075000062584877,11494231
2026-05-26T00:00:00.000000Z,0.04075000062584877,0.04075000062584877,0.038894999772310257,0.039108999073505402,14037354
2026-05-27T00:00:00.000000Z,0.039108999073505402,0.039771001785993576,0.037973999977111816,0.038385000079870224,9985077
2026-05-28T00:00:00.000000Z,0.038385000079870224,0.038665998727083206,0.037149999290704727,0.038314998149871826,9873059
2026-05-29T00:00:00.000000Z,0.038314998149871826,0.039577998220920563,0.038061998784542084,0.039500001817941666,9479694
2026-05-30T00:00:00.000000Z,0.039500001817941666,0.040470000356435776,0.038557998836040497,0.038639001548290253,8678649
2026-05-31T00:00:00.000000Z,0.038639001548290253,0.040842000395059586,0.038623999804258347,0.039055999368429184,17735084
2026-06-01T00:00:00.000000Z,0.039055999368429184,0.039342001080513,0.037199001759290695,0.037737999111413956,10787000
2026-06-02T00:00:00.000000Z,0.037737999111413956,0.037820000201463699,0.034788001328706741,0.035294998437166214,11071043
2026-06-03T00:00:00.000000Z,0.035294998437166214,0.036449000239372253,0.035247001796960831,0.035510998219251633,6272861
2026-06-04T00:00:00.000000Z,0.035510998219251633,0.03562600165605545,0.031651999801397324,0.032074999064207077,7620720
2026-06-05T00:00:00.000000Z,0.032074999064207077,0.032329000532627106,0.029077000916004181,0.029794000089168549,7067390
2026-06-06T00:00:00.000000Z,0.029794000089168549,0.030817000195384026,0.028341999277472496,0.029776999726891518,5028518
2026-06-07T00:00:00.000000Z,0.029776999726891518,0.03112499974668026,0.029658999294042587,0.030762000009417534,5509153
2026-06-08T00:00:00.000000Z,0.030762000009417534,0.031202999874949455,0.029726000502705574,0.030135000124573708,5810605
2026-06-09T00:00:00.000000Z,0.030135000124573708,0.030674999579787254,0.029225999489426613,0.029395999386906624,5091410
2026-06-10T00:00:00.000000Z,0.029395999386906624,0.029543999582529068,0.027749000117182732,0.028164999559521675,4708929
2026-06-11T00:00:00.000000Z,0.028164999559521675,0.029389999806880951,0.028164999559521675,0.02920600026845932,4798469
2026-06-12T00:00:00.000000Z,0.02920600026845932,0.036832999438047409,0.02854900062084198,0.031743001192808151,71106118
2026-06-13T00:00:00.000000Z,0.031743001192808151,0.034271001815795898,0.031145000830292702,0.031321000307798386,25120735
2026-06-14T00:00:00.000000Z,0.031321000307798386,0.03186500072479248,0.029670000076293945,0.03094400092959404,9053097
2026-06-15T00:00:00.000000Z,0.03094400092959404,0.032389000058174133,0.030781000852584839,0.031513001769781113,8723038
2026-06-16T00:00:00.000000Z,0.031513001769781113,0.034478001296520233,0.031181000173091888,0.033006001263856888,17291978
2026-06-17T00:00:00.000000Z,0.033006001263856888,0.034657001495361328,0.032283999025821686,0.034132998436689377,10830257
2026-06-18T00:00:00.000000Z,0.034132998436689377,0.038313999772071838,0.033734001219272614,0.035767998546361923,30254318
2026-06-19T00:00:00.000000Z,0.035767998546361923,0.03939799964427948,0.035535998642444611,0.035539001226425171,22224601
2026-06-20T00:00:00.000000Z,0.035539001226425171,0.037457998842000961,0.033828999847173691,0.03591499850153923,13015273
2026-06-21T00:00:00.000000Z,0.03591499850153923,0.036079999059438705,0.03291499987244606,0.03298800066113472,8015068
2026-06-22T00:00:00.000000Z,0.03298800066113472,0.034448001533746719,0.032634999603033066,0.032779000699520111,8721826
2026-06-23T00:00:00.000000Z,0.032779000699520111,0.033785000443458557,0.030693000182509422,0.03109700046479702,6893404
2026-06-24T00:00:00.000000Z,0.03109700046479702,0.031764000654220581,0.029665999114513397,0.030195999890565872,10157686
2026-06-25T00:00:00.000000Z,0.030195999890565872,0.03097900003194809,0.028294999152421951,0.029720999300479889,6928896
2026-06-26T00:00:00.000000Z,0.029720999300479889,0.030822999775409698,0.029134999960660934,0.02986999973654747,6011771
2026-06-27T00:00:00.000000Z,0.02986999973654747,0.029936999082565308,0.02923399955034256,0.029447000473737717,4574269
2026-06-28T00:00:00.000000Z,0.029447000473737717,0.030714999884366989,0.028548000380396843,0.028795000165700912,5122592
2026-06-29T00:00:00.000000Z,0.028795000165700912,0.029839999973773956,0.027975000441074371,0.029208999127149582,5184773
2026-06-30T00:00:00.000000Z,0.029208999127149582,0.029311999678611755,0.027588000521063805,0.027928000316023827,4672235
2026-07-01T00:00:00.000000Z,0.027928000316023827,0.028656000271439552,0.027498999610543251,0.028020000085234642,6023005
2026-07-02T00:00:00.000000Z,0.028020000085234642,0.029419999569654465,0.027966000139713287,0.028696000576019287,6564015
2026-07-03T00:00:00.000000Z,0.028696000576019287,0.030939999967813492,0.028667999431490898,0.030257999897003174,7475437
2026-07-04T00:00:00.000000Z,0.030257999897003174,0.031206000596284866,0.029567999765276909,0.030329000204801559,7600544
2026-07-05T00:00:00.000000Z,0.030329000204801559,0.030451999977231026,0.029247000813484192,0.029410000890493393,5351329
2026-07-06T00:00:00.000000Z,0.029410000890493393,0.030290000140666962,0.02821899950504303,0.029715999960899353,7881399
2026-07-07T00:00:00.000000Z,0.029715999960899353,0.031651001423597336,0.028803000226616859,0.028843000531196594,11762967
2026-07-08T00:00:00.000000Z,0.028843000531196594,0.029314000159502029,0.02681799978017807,0.029118999838829041,7808986
2026-07-09T00:00:00.000000Z,0.029118999838829041,0.029766999185085297,0.028265999630093575,0.028855999931693077,7111402
2026-07-10T00:00:00.000000Z,0.028855999931693077,0.029196999967098236,0.028158999979496002,0.028828000649809837,4151313
2026-07-11T00:00:00.000000Z,0.028828000649809837,0.029353000223636627,0.028005000203847885,0.028006000444293022,3449787
2026-07-12T00:00:00.000000Z,0.028006000444293022,0.028865000233054161,0.027884000912308693,0.028308000415563583,3443466
2026-07-13T00:00:00.000000Z,0.028308000415563583,0.02867400087416172,0.027007000520825386,0.027259999886155128,3662695
2026-07-14T00:00:00.000000Z,0.027259999886155128,0.028785999864339828,0.026839999482035637,0.028405999764800072,4683108
2026-07-15T00:00:00.000000Z,0.028405999764800072,0.029427999630570412,0.028175000101327896,0.028529999777674675,8402557
2026-07-16T00:00:00.000000Z,0.028529999777674675,0.029072999954223633,0.027857000008225441,0.028060000389814377,4906871
2026-07-17T00:00:00.000000Z,0.028060000389814377,0.028668999671936035,0.027611000463366508,0.028501000255346298,4022100
2026-07-18T00:00:00.000000Z,0.028501000255346298,0.028550000861287117,0.027507999911904335,0.028270000591874123,3130733
2026-07-19T00:00:00.000000Z,0.028270000591874123,0.028434999287128448,0.027674999088048935,0.027765000239014626,3114996
2026-07-20T00:00:00.000000Z,0.027765000239014626,0.02870200015604496,0.027580000460147858,0.02870200015604496,3247841
2026-07-21T00:00:00.000000Z,0.02870200015604496,0.028913000598549843,0.028258999809622765,0.028379000723361969,3725041
2026-07-22T00:00:00.000000Z,0.028379000723361969,0.028642000630497932,0.027947999536991119,0.028022000566124916,3023235
2026-07-23T00:00:00.000000Z,0.028022000566124916,0.028122000396251678,0.026845000684261322,0.026934999972581863,3331531
2026-07-24T00:00:00.000000Z,0.026933999732136726,0.027527999132871628,0.026673000305891037,0.026848999783396721,3181312
2026-07-25T00:00:00.000000Z,0.026848999783396721,0.027117000892758369,0.026608999818563461,0.026893999427556992,2649760
2026-07-26T00:00:00.000000Z,0.026893999427556992,0.027579000219702721,0.026884999126195908,0.027080999687314034,2531918
2026-07-27T00:00:00.000000Z,0.027080999687314034,0.027253000065684319,0.025093000382184982,0.025262000039219856,3723534
2026-07-28T00:00:00.000000Z,0.025262000039219856,0.025803999975323677,0.025128999724984169,0.02553199976682663,2921877
2026-07-29T00:00:00.000000Z,0.02553199976682663,0.025615999475121498,0.024203000590205193,0.024486999958753586,3375395
2026-07-30T00:00:00.000000Z,0.024486999958753586,0.025273999199271202,0.024451000615954399,0.024870000779628754,2524753
2026-07-31T00:00:00.000000Z,0.024870000779628754,0.025239000096917152,0.024606000632047653,0.025035999715328217,3083615
2026-08-01T00:00:00.000000Z,0.025035999715328217,0.025371000170707703,0.024467999115586281,0.024575000628829002,3142578
2026-08-02T00:00:00.000000Z,0.024577999487519264,0.024961000308394432,0.024539999663829803,0.024684999138116837,2107635
2026-08-03T00:00:00.000000Z,0.024684999138116837,0.026165999472141266,0.024252999573945999,0.025074999779462814,7238440
2026-08-04T00:00:00.000000Z,0.025074999779462814,0.02517399936914444,0.02435700036585331,0.024497000500559807,4269921
2026-08-05T00:00:00.000000Z,0.024497000500559807,0.02537900023162365,0.024326000362634659,0.025024000555276871,4029252
2026-08-06T00:00:00.000000Z,0.025024000555276871,0.026257999241352081,0.024909999221563339,0.025527000427246094,7179256
2026-08-07T00:00:00.000000Z,0.025527000427246094,0.025699000805616379,0.025097999721765518,0.025289999321103096,2719997
2026-08-08T00:00:00.000000Z,0.025290999561548233,0.02556299977004528,0.025245999917387962,0.025441000238060951,1929455
2026-08-09T00:00:00.000000Z,0.025441000238060951,0.025748999789357185,0.025069000199437141,0.025079000741243362,2576500
2026-08-10T00:00:00.000000Z,0.025079000741243362,0.025704000145196915,0.024658000096678734,0.024723999202251434,3086547
2026-08-11T00:00:00.000000Z,0.024723999202251434,0.024848999455571175,0.024392999708652496,0.024815000593662262,2074780
2026-08-12T00:00:00.000000Z,0.024815000593662262,0.025500999763607979,0.023943999782204628,0.02400599978864193,4469105
2026-08-13T00:00:00.000000Z,0.02400599978864193,0.024632999673485756,0.023662000894546509,0.024087000638246536,3613120
2026-08-14T00:00:00.000000Z,0.024087000638246536,0.024630999192595482,0.023460999131202698,0.024447999894618988,4363073
2026-08-15T00:00:00.000000Z,0.024447999894618988,0.024674000218510628,0.023989999666810036,0.024011999368667603,3450218
2026-08-16T00:00:00.000000Z,0.024011999368667603,0.024226000532507896,0.023419000208377838,0.023571999743580818,2485612
2026-08-17T00:00:00.000000Z,0.023571999743580818,0.023958999663591385,0.023571999743580818,0.023603999987244606,2091821
2026-08-18T00:00:00.000000Z,0.023603999987244606,0.023818999528884888,0.023150000721216202,0.023450000211596489,3347407
2026-08-19T00:00:00.000000Z,0.023450000211596489,0.025581000372767448,0.023293999955058098,0.025001000612974167,4147164
2026-08-20T00:00:00.000000Z,0.025001000612974167,0.026150999590754509,0.02500000037252903,0.026064999401569366,4326416
2026-08-21T00:00:00.000000Z,0.026064999401569366,0.028324000537395477,0.025993000715970993,0.028014000505208969,7274966
2026-08-22T00:00:00.000000Z,0.028014000505208969,0.029151000082492828,0.026641000062227249,0.027104999870061874,5890506
2026-08-23T00:00:00.000000Z,0.027104999870061874,0.028573000803589821,0.025820000097155571,0.028173999860882759,4485790
2026-08-24T00:00:00.000000Z,0.028170999139547348,0.028604000806808472,0.026957999914884567,0.027550000697374344,5693451
2026-08-25T00:00:00.000000Z,0.027550000697374344,0.028115000575780869,0.025900999084115028,0.026102999225258827,5589574
2026-08-26T00:00:00.000000Z,0.026102999225258827,0.027356000617146492,0.02562900073826313,0.027063999325037003,5718993
2026-08-27T00:00:00.000000Z,0.027063999325037003,0.027063999325037003,0.026112999767065048,0.026542000472545624,5165246
2026-08-28T00:00:00.000000Z,0.026542000472545624,0.026801999658346176,0.02491299994289875,0.025258999317884445,4525730
2026-08-29T00:00:00.000000Z,0.025258999317884445,0.025326000526547432,0.024893000721931458,0.025103999301791191,2150282
2026-08-30T00:00:00.000000Z,0.025103999301791191,0.025628000497817993,0.023618999868631363,0.023888999596238136,3636933
2026-08-31T00:00:00.000000Z,0.023888999596238136,0.024567000567913055,0.023863000795245171,0.024505000561475754,2710594
2026-09-01T00:00:00.000000Z,0.024506000801920891,0.024860000237822533,0.024142999202013016,0.024553000926971436,2598417
2026-09-02T00:00:00.000000Z,0.024553000926971436,0.025197999551892281,0.02428399957716465,0.024592999368906021,2456900
2026-09-03T00:00:00.000000Z,0.024592999368906021,0.026437999680638313,0.024592999368906021,0.026078000664710999,3444874
2026-09-04T00:00:00.000000Z,0.026078000664710999,0.030450999736785889,0.025790000334382057,0.029502000659704208,23683056
2026-09-05T00:00:00.000000Z,0.02950499951839447,0.029959000647068024,0.027235999703407288,0.027372000738978386,12620937
2026-09-06T00:00:00.000000Z,0.027372000738978386,0.028102999553084373,0.026585999876260757,0.027310999110341072,7930956
2026-09-07T00:00:00.000000Z,0.027310999110341072,0.027969999238848686,0.026773000136017799,0.027566000819206238,4967837
2026-09-08T00:00:00.000000Z,0.027566000819206238,0.027891000732779503,0.026885999366641045,0.02718999981880188,3941082
2026-09-09T00:00:00.000000Z,0.02718999981880188,0.028067000210285187,0.025870999321341515,0.026241999119520187,6417704
2026-09-10T00:00:00.000000Z,0.026241999119520187,0.026319000869989395,0.025389000773429871,0.025405000895261765,3096907
2026-09-11T00:00:00.000000Z,0.025405000895261765,0.026381999254226685,0.025158999487757683,0.025837000459432602,3590204
2026-09-12T00:00:00.000000Z,0.025837000459432602,0.026862999424338341,0.025837000459432602,0.026606999337673187,3049034
2026-09-13T00:00:00.000000Z,0.026606999337673187,0.027587000280618668,0.026296999305486679,0.026415999978780746,3882166
2026-09-14T00:00:00.000000Z,0.026415999978780746,0.026819000020623207,0.025728000327944756,0.025731999427080154,3347112
2026-09-15T00:00:00.000000Z,0.025731999427080154,0.026039000600576401,0.024318000301718712,0.024738999083638191,3514073
2026-09-16T00:00:00.000000Z,0.024738999083638191,0.024782000109553337,0.023888999596238136,0.024647999554872513,4993159
2026-09-17T00:00:00.000000Z,0.024647999554872513,0.025940999388694763,0.024552000686526299,0.025898000225424767,4341559
2026-09-18T00:00:00.000000Z,0.025898000225424767,0.027545999735593796,0.025892000645399094,0.027532000094652176,4457855
2026-09-19T00:00:00.000000Z,0.027532000094652176,0.027637999504804611,0.026931999251246452,0.027619000524282455,4370560
2026-09-20T00:00:00.000000Z,0.027619000524282455,0.027619000524282455,0.026100000366568565,0.027270000427961349,4529771
2026-09-21T00:00:00.000000Z,0.027270000427961349,0.028650999069213867,0.027026999741792679,0.028241999447345734,5759339
2026-09-22T00:00:00.000000Z,0.028242999687790871,0.029353000223636627,0.027542000636458397,0.029256999492645264,7524772
2026-09-23T00:00:00.000000Z,0.029256999492645264,0.030014999210834503,0.027210000902414322,0.027365999296307564,8033814
2026-09-24T00:00:00.000000Z,0.027365999296307564,0.028672000393271446,0.027015000581741333,0.027987999841570854,6019399
2026-09-25T00:00:00.000000Z,0.027987999841570854,0.030059000477194786,0.0274679996073246,0.029704999178647995,7025603
2026-09-26T00:00:00.000000Z,0.029704999178647995,0.032108999788761139,0.029307000339031219,0.030532000586390495,13543358
2026-09-27T00:00:00.000000Z,0.030532000586390495,0.031718000769615173,0.030016999691724777,0.03075999952852726,6703100
2026-09-28T00:00:00.000000Z,0.03075999952852726,0.030931999906897545,0.028580000624060631,0.029433999210596085,5411882
2026-09-29T00:00:00.000000Z,0.029433999210596085,0.030550999566912651,0.02848299965262413,0.029141999781131744,4899615
2026-09-30T00:00:00.000000Z,0.029141999781131744,0.030271999537944794,0.028946999460458755,0.029448999091982841,4935692
2026-10-01T00:00:00.000000Z,0.029448999091982841,0.030004000291228294,0.02878200076520443,0.029848000034689903,4690140
2026-10-03T00:00:00.000000Z,0.033660255372524261,0.037592094391584396,0.033500242978334427,0.035713054239749908,160940576
