timestamp_utc,Open,High,Low,Close,Volume
2017-11-09T00:00:00.000000Z,0.02515999972820282,0.03505999967455864,0.025005999952554703,0.032053001224994659,18716200
2017-11-10T00:00:00.000000Z,0.032219000160694122,0.033348001539707184,0.026450999081134796,0.027118999511003494,6766780
2017-11-11T00:00:00.000000Z,0.02689100056886673,0.029658999294042587,0.025684000924229622,0.027436999604105949,5532220
2017-11-12T00:00:00.000000Z,0.027480000630021095,0.027952000498771667,0.02259100042283535,0.023977000266313553,7280250
2017-11-13T00:00:00.000000Z,0.02436400018632412,0.02630000002682209,0.02349499985575676,0.025807999074459076,4419440
2017-11-14T00:00:00.000000Z,0.025797000154852867,0.026788000017404556,0.025342000648379326,0.026229999959468842,3033290
2017-11-15T00:00:00.000000Z,0.026116000488400459,0.027773000299930573,0.025260999798774719,0.026444999501109123,6858800
2017-11-16T00:00:00.000000Z,0.026582999154925346,0.02817000076174736,0.025653999298810959,0.027580000460147858,4888130
2017-11-17T00:00:00.000000Z,0.027142999693751335,0.027435999363660812,0.025183999910950661,0.025772999972105026,3578870
2017-11-18T00:00:00.000000Z,0.025597000494599342,0.027122000232338905,0.024747999384999275,0.026368999853730202,2930550
2017-11-19T00:00:00.000000Z,0.026242999359965324,0.028478000313043594,0.025581000372767448,0.028084000572562218,4725050
2017-11-20T00:00:00.000000Z,0.028152000159025192,0.03229999914765358,0.027612000703811646,0.029580999165773392,16172400
2017-11-21T00:00:00.000000Z,0.029587000608444214,0.029709000140428543,0.027403999119997025,0.02833000011742115,5836790
2017-11-22T00:00:00.000000Z,0.028398999944329262,0.029033999890089035,0.027891000732779503,0.02854900062084198,4938480
2017-11-23T00:00:00.000000Z,0.028540000319480896,0.028677999973297119,0.027443999424576759,0.027443999424576759,5132300
2017-11-24T00:00:00.000000Z,0.027405999600887299,0.028596999123692513,0.026962999254465103,0.028381999582052231,5502350
2017-11-25T00:00:00.000000Z,0.028324000537395477,0.03044700063765049,0.027746999636292458,0.03044700063765049,6156460
2017-11-26T00:00:00.000000Z,0.030437000095844269,0.039854999631643295,0.030117999762296677,0.03633200004696846,30527100
2017-11-27T00:00:00.000000Z,0.036619000136852264,0.057126998901367188,0.036619000136852264,0.050592999905347824,77777296
2017-11-28T00:00:00.000000Z,0.050627000629901886,0.13173000514507294,0.04794900119304657,0.11974400281906128,240338000
2017-11-29T00:00:00.000000Z,0.11823499947786331,0.14690600335597992,0.081436000764369965,0.08971799910068512,210624992
2017-11-30T00:00:00.000000Z,0.094930000603199005,0.12830300629138947,0.094930000603199005,0.11988300085067749,124345000
2017-12-01T00:00:00.000000Z,0.11662200093269348,0.1313520073890686,0.11303099989891052,0.1313520073890686,73657600
2017-12-02T00:00:00.000000Z,0.13163299858570099,0.13886900246143341,0.12913200259208679,0.13235099613666534,56712600
2017-12-03T00:00:00.000000Z,0.13235099613666534,0.13921999931335449,0.12494499981403351,0.13180699944496155,46458900
2017-12-04T00:00:00.000000Z,0.13154600560665131,0.14594599604606628,0.12635000050067902,0.13586999475955963,76392704
2017-12-05T00:00:00.000000Z,0.13562500476837158,0.13640399277210236,0.12677699327468872,0.12748800218105316,50381100
2017-12-06T00:00:00.000000Z,0.12674799561500549,0.13285499811172485,0.11388599872589111,0.11783900111913681,75688800
2017-12-07T00:00:00.000000Z,0.11776600033044815,0.12417600303888321,0.10550100356340408,0.10550100356340408,71024600
2017-12-08T00:00:00.000000Z,0.10614199936389923,0.12072599679231644,0.099136002361774445,0.11546500027179718,70092400
2017-12-09T00:00:00.000000Z,0.11474499851465225,0.1386599987745285,0.1135609969496727,0.11960899829864502,63308600
2017-12-10T00:00:00.000000Z,0.11979400366544724,0.11979400366544724,0.10013300180435181,0.11028099805116653,46376600
2017-12-11T00:00:00.000000Z,0.10892699658870697,0.12138299643993378,0.10863800346851349,0.12138299643993378,39513900
2017-12-12T00:00:00.000000Z,0.12117700278759003,0.1380079984664917,0.11422199755907059,0.13389100134372711,60056800
2017-12-13T00:00:00.000000Z,0.13373899459838867,0.14185400307178497,0.12236800044775009,0.13428099453449249,61575000
2017-12-14T00:00:00.000000Z,0.13366700708866119,0.24075299501419067,0.13184300065040588,0.24075299501419067,309307008
2017-12-15T00:00:00.000000Z,0.23320899903774261,0.23320899903774261,0.18703199923038483,0.21346700191497803,207311008
2017-12-16T00:00:00.000000Z,0.21287499368190765,0.44719201326370239,0.20423300564289093,0.40466499328613281,581052032
2017-12-17T00:00:00.000000Z,0.38677498698234558,0.59241700172424316,0.378013014793396,0.51301097869873047,628142976
2017-12-18T00:00:00.000000Z,0.51193898916244507,0.52649599313735962,0.46740299463272095,0.51819801330566406,253463008
2017-12-19T00:00:00.000000Z,0.5202680230140686,0.58958899974822998,0.50108301639556885,0.5312730073928833,279631008
2017-12-20T00:00:00.000000Z,0.53370499610900879,0.53370499610900879,0.44162100553512573,0.48615100979804993,182924000
2017-12-21T00:00:00.000000Z,0.49004900455474854,0.52361899614334106,0.4565269947052002,0.47785100340843201,162926000
2017-12-22T00:00:00.000000Z,0.47897401452064514,0.47897401452064514,0.29364100098609924,0.40715000033378601,150972992
2017-12-23T00:00:00.000000Z,0.41442000865936279,0.45036798715591431,0.39256700873374939,0.41402700543403625,88865000
2017-12-24T00:00:00.000000Z,0.41666099429130554,0.41666099429130554,0.34703901410102844,0.39002901315689087,67372304
2017-12-25T00:00:00.000000Z,0.39232999086380005,0.43970000743865967,0.3628070056438446,0.41636300086975098,122194000
2017-12-26T00:00:00.000000Z,0.4135729968547821,0.43008598685264587,0.40560799837112427,0.42846500873565674,94896000
2017-12-27T00:00:00.000000Z,0.42710700631141663,0.43082699179649353,0.40109801292419434,0.41417598724365234,82067504
2017-12-28T00:00:00.000000Z,0.4120199978351593,0.41893398761749268,0.3678869903087616,0.40770098567008972,82263800
2017-12-29T00:00:00.000000Z,0.41045698523521423,0.55687898397445679,0.40394499897956848,0.52929902076721191,266403008
2017-12-30T00:00:00.000000Z,0.52831602096557617,0.77738499641418457,0.47155600786209106,0.63924300670623779,645155968
2017-12-31T00:00:00.000000Z,0.64258098602294922,0.75444602966308594,0.64229702949523926,0.71969497203826904,305947008
2018-01-01T00:00:00.000000Z,0.71884697675704956,0.73005098104476929,0.67194098234176636,0.72865700721740723,150186000
2018-01-02T00:00:00.000000Z,0.72467601299285889,0.79464602470397949,0.69785600900650024,0.78258699178695679,289712000
2018-01-03T00:00:00.000000Z,0.77968102693557739,1.085669994354248,0.77857798337936401,1.0796600580215454,657398016
2018-01-04T00:00:00.000000Z,1.0940300226211548,1.3272099494934082,1.0376499891281128,1.1141200065612793,593430016
2018-01-05T00:00:00.000000Z,1.1711499691009521,1.2524199485778809,0.90350300073623657,0.99955898523330688,508100000
2018-01-06T00:00:00.000000Z,0.99699997901916504,1.0540100336074829,0.92918300628662109,1.02715003490448,297615008
2018-01-07T00:00:00.000000Z,1.024150013923645,1.0439599752426147,0.99139100313186646,1.0085200071334839,226067008
2018-01-08T00:00:00.000000Z,0.99932897090911865,0.99932897090911865,0.7643280029296875,0.89900201559066772,264460992
2018-01-09T00:00:00.000000Z,0.89818501472473145,0.91943597793579102,0.79617702960968018,0.81474298238754272,209492000
2018-01-10T00:00:00.000000Z,0.81587201356887817,0.81625199317932129,0.67683500051498413,0.79312098026275635,236472000
2018-01-11T00:00:00.000000Z,0.79152202606201172,0.79152202606201172,0.57249999046325684,0.68841201066970825,229000992
2018-01-12T00:00:00.000000Z,0.69576901197433472,0.93226897716522217,0.65996700525283813,0.89750802516937256,365795008
2018-01-13T00:00:00.000000Z,0.91741001605987549,0.96932500600814819,0.83648598194122314,0.88412398099899292,313215008
2018-01-14T00:00:00.000000Z,0.88196098804473877,0.88196098804473877,0.74951398372650146,0.80226200819015503,160712000
2018-01-15T00:00:00.000000Z,0.79576098918914795,0.8845059871673584,0.777413010597229,0.7785869836807251,972993024
2018-01-16T00:00:00.000000Z,0.7806209921836853,0.7806209921836853,0.47994399070739746,0.62649297714233398,1632649984
2018-01-17T00:00:00.000000Z,0.6241229772567749,0.67851698398590088,0.44062000513076782,0.62910199165344238,1713769984
2018-01-18T00:00:00.000000Z,0.63129502534866333,0.71100801229476929,0.59152799844741821,0.65984302759170532,1285490048
2018-01-19T00:00:00.000000Z,0.64954400062561035,0.68852001428604126,0.61593598127365112,0.65049797296524048,584574016
2018-01-20T00:00:00.000000Z,0.65656399726867676,0.72624200582504272,0.64764398336410522,0.70750999450683594,738798976
2018-01-21T00:00:00.000000Z,0.70639097690582275,0.70639097690582275,0.59079301357269287,0.61316299438476562,847731008
2018-01-22T00:00:00.000000Z,0.61498302221298218,0.6314849853515625,0.52188897132873535,0.57045799493789673,522984000
2018-01-23T00:00:00.000000Z,0.56653702259063721,0.59223097562789917,0.52001297473907471,0.56306999921798706,375958016
2018-01-24T00:00:00.000000Z,0.56336897611618042,0.63600897789001465,0.54475301504135132,0.62220799922943115,689838016
2018-01-25T00:00:00.000000Z,0.62933701276779175,0.68302297592163086,0.62155997753143311,0.63749498128890991,654814016
2018-01-26T00:00:00.000000Z,0.63390302658081055,0.6528480052947998,0.56621801853179932,0.62338197231292725,810062016
2018-01-27T00:00:00.000000Z,0.62347698211669922,0.63295602798461914,0.59526902437210083,0.61683297157287598,331308992
2018-01-28T00:00:00.000000Z,0.62055999040603638,0.68194597959518433,0.62055999040603638,0.67028599977493286,325145984
2018-01-29T00:00:00.000000Z,0.66937297582626343,0.66937297582626343,0.62076002359390259,0.62320399284362793,238318000
2018-01-30T00:00:00.000000Z,0.62479901313781738,0.62479901313781738,0.52341800928115845,0.53191298246383667,359622016
2018-01-31T00:00:00.000000Z,0.52759802341461182,0.55025202035903931,0.47133699059486389,0.51931500434875488,505904000
2018-02-01T00:00:00.000000Z,0.51591199636459351,0.53532201051712036,0.41204500198364258,0.42167198657989502,595624000
2018-02-02T00:00:00.000000Z,0.4194599986076355,0.4194599986076355,0.27473399043083191,0.39053401350975037,1438809984
2018-02-03T00:00:00.000000Z,0.40096500515937805,0.50163900852203369,0.33081498742103577,0.43883600831031799,1404499968
2018-02-04T00:00:00.000000Z,0.4338650107383728,0.48014000058174133,0.36982300877571106,0.37930300831794739,814753984
2018-02-05T00:00:00.000000Z,0.38504400849342346,0.39952298998832703,0.31964600086212158,0.32737100124359131,658547968
2018-02-06T00:00:00.000000Z,0.33120900392532349,0.37871900200843811,0.26652300357818604,0.36975300312042236,1338390016
2018-02-07T00:00:00.000000Z,0.36726701259613037,0.37721899151802063,0.33250701427459717,0.34044700860977173,679744000
2018-02-08T00:00:00.000000Z,0.3444640040397644,0.36750400066375732,0.33682200312614441,0.35658401250839233,346383008
2018-02-09T00:00:00.000000Z,0.35284799337387085,0.39413300156593323,0.3429110050201416,0.39160200953483582,401271008
2018-02-10T00:00:00.000000Z,0.38667100667953491,0.46276599168777466,0.3853679895401001,0.40587198734283447,951824000
2018-02-11T00:00:00.000000Z,0.40510401129722595,0.40519601106643677,0.36362400650978088,0.36976900696754456,331944000
2018-02-12T00:00:00.000000Z,0.37259501218795776,0.39330700039863586,0.37259501218795776,0.38431501388549805,243039008
2018-02-13T00:00:00.000000Z,0.38343599438667297,0.38701799511909485,0.35991999506950378,0.37331399321556091,225695008
2018-02-14T00:00:00.000000Z,0.37376600503921509,0.40132099390029907,0.37039300799369812,0.3969079852104187,299008992
2018-02-15T00:00:00.000000Z,0.3946709930896759,0.41668701171875,0.38993701338768005,0.40936800837516785,348342016
2018-02-16T00:00:00.000000Z,0.41014200448989868,0.41240400075912476,0.39267599582672119,0.40380999445915222,192420000
2018-02-17T00:00:00.000000Z,0.40240299701690674,0.42807400226593018,0.40105599164962769,0.41988301277160645,341415008
2018-02-18T00:00:00.000000Z,0.41835498809814453,0.42001000046730042,0.38078698515892029,0.38561800122261047,251314000
2018-02-19T00:00:00.000000Z,0.38692998886108398,0.39660799503326416,0.38622400164604187,0.39147201180458069,169966000
2018-02-20T00:00:00.000000Z,0.39094200730323792,0.40432900190353394,0.3775390088558197,0.37877899408340454,281249984
2018-02-21T00:00:00.000000Z,0.37559300661087036,0.38351300358772278,0.36339399218559265,0.36444100737571716,242378000
2018-02-22T00:00:00.000000Z,0.36265099048614502,0.37211599946022034,0.33051800727844238,0.33787098526954651,208342000
2018-02-23T00:00:00.000000Z,0.33475801348686218,0.35124000906944275,0.32281100749969482,0.34525799751281738,222508992
2018-02-24T00:00:00.000000Z,0.34366801381111145,0.35248801112174988,0.31606400012969971,0.32296600937843323,133524000
2018-02-25T00:00:00.000000Z,0.32215198874473572,0.35457199811935425,0.31441101431846619,0.34403300285339355,247808000
2018-02-26T00:00:00.000000Z,0.3452720046043396,0.34695500135421753,0.32221001386642456,0.33833500742912292,201812992
2018-02-27T00:00:00.000000Z,0.33913201093673706,0.34118899703025818,0.33097100257873535,0.33553600311279297,106757000
2018-02-28T00:00:00.000000Z,0.33448600769042969,0.33616301417350769,0.31256300210952759,0.31258100271224976,114757000
2018-03-01T00:00:00.000000Z,0.31197300553321838,0.31197300553321838,0.28839200735092163,0.30439698696136475,184691008
2018-03-02T00:00:00.000000Z,0.304423987865448,0.30705800652503967,0.28887501358985901,0.29350399971008301,107240000
2018-03-03T00:00:00.000000Z,0.29295200109481812,0.30912899971008301,0.29250699281692505,0.29710599780082703,115320000
2018-03-04T00:00:00.000000Z,0.2962850034236908,0.30358800292015076,0.28619301319122314,0.30078700184822083,94436000
2018-03-05T00:00:00.000000Z,0.29989698529243469,0.31772300601005554,0.29105499386787415,0.29762199521064758,202675008
2018-03-06T00:00:00.000000Z,0.29594698548316956,0.30301898717880249,0.28399300575256348,0.28535699844360352,110305000
2018-03-07T00:00:00.000000Z,0.28467398881912231,0.28759801387786865,0.23625600337982178,0.24728100001811981,190792992
2018-03-08T00:00:00.000000Z,0.24816000461578369,0.25435400009155273,0.22113099694252014,0.22174300253391266,167808992
2018-03-09T00:00:00.000000Z,0.22128599882125854,0.22511500120162964,0.19180400669574738,0.22220699489116669,246848992
2018-03-10T00:00:00.000000Z,0.22521600127220154,0.22655799984931946,0.20885899662971497,0.2098730057477951,129138000
2018-03-11T00:00:00.000000Z,0.20972099900245667,0.22732199728488922,0.19815300405025482,0.22349800169467926,161362000
2018-03-12T00:00:00.000000Z,0.22410400211811066,0.23734200000762939,0.21965399384498596,0.22372199594974518,184250000
2018-03-13T00:00:00.000000Z,0.22311000525951385,0.22914600372314453,0.21540200710296631,0.22302600741386414,98868704
2018-03-14T00:00:00.000000Z,0.22342999279499054,0.23314699530601501,0.19600500166416168,0.19956199824810028,144156000
2018-03-15T00:00:00.000000Z,0.19875499606132507,0.2016109973192215,0.17248499393463135,0.18570899963378906,204232992
2018-03-16T00:00:00.000000Z,0.18678799271583557,0.18678799271583557,0.17505699396133423,0.17887799441814423,97455296
2018-03-17T00:00:00.000000Z,0.17877000570297241,0.17915999889373779,0.15313200652599335,0.15476299822330475,81096600
2018-03-18T00:00:00.000000Z,0.15393100678920746,0.16195900738239288,0.12704600393772125,0.15615500509738922,189688992
2018-03-19T00:00:00.000000Z,0.16074900329113007,0.19764800369739532,0.15693500638008118,0.19764800369739532,321964000
2018-03-20T00:00:00.000000Z,0.19344699382781982,0.21200400590896606,0.18029400706291199,0.20494699478149414,249683008
2018-03-21T00:00:00.000000Z,0.2053149938583374,0.2275020033121109,0.201447993516922,0.21318900585174561,257686000
2018-03-22T00:00:00.000000Z,0.2154030054807663,0.22196899354457855,0.19213199615478516,0.20348100364208221,201540000
2018-03-23T00:00:00.000000Z,0.20229800045490265,0.20281200110912323,0.18142400681972504,0.18925899267196655,148850000
2018-03-24T00:00:00.000000Z,0.1888439953327179,0.20118999481201172,0.18301700055599213,0.1892009973526001,132660000
2018-03-25T00:00:00.000000Z,0.18839600682258606,0.18912799656391144,0.18170000612735748,0.18460500240325928,59349400
2018-03-26T00:00:00.000000Z,0.18396000564098358,0.18542100489139557,0.16112799942493439,0.1678059995174408,117497000
2018-03-27T00:00:00.000000Z,0.16821500658988953,0.16922500729560852,0.15016399323940277,0.15492600202560425,107510000
2018-03-28T00:00:00.000000Z,0.15519599616527557,0.16559900343418121,0.15446500480175018,0.16005800664424896,60260800
2018-03-29T00:00:00.000000Z,0.16014300286769867,0.16061399877071381,0.14571200311183929,0.14688199758529663,103465000
2018-03-30T00:00:00.000000Z,0.14665399491786957,0.15178200602531433,0.13631699979305267,0.14720900356769562,119874000
2018-03-31T00:00:00.000000Z,0.14711500704288483,0.16055899858474731,0.1448570042848587,0.15591900050640106,113124000
2018-04-01T00:00:00.000000Z,0.15659700334072113,0.16082499921321869,0.14134299755096436,0.15076799690723419,100833000
2018-04-02T00:00:00.000000Z,0.1516910046339035,0.1587969958782196,0.14858999848365784,0.15638500452041626,102697000
2018-04-03T00:00:00.000000Z,0.15786400437355042,0.17343799769878387,0.15525400638580322,0.17244699597358704,155987008
2018-04-04T00:00:00.000000Z,0.17115800082683563,0.17917199432849884,0.15362599492073059,0.15535600483417511,154800992
2018-04-05T00:00:00.000000Z,0.15559199452400208,0.15620400011539459,0.14374199509620667,0.14875799417495728,113407000
2018-04-06T00:00:00.000000Z,0.14839400351047516,0.15048100054264069,0.14182999730110168,0.14445100724697113,51827500
2018-04-07T00:00:00.000000Z,0.14488500356674194,0.15146900713443756,0.14382900297641754,0.14879399538040161,48205400
2018-04-08T00:00:00.000000Z,0.14882500469684601,0.15845200419425964,0.14882500469684601,0.15659900009632111,51093100
2018-04-09T00:00:00.000000Z,0.15709400177001953,0.16565600037574768,0.14747799932956696,0.15310600399971008,93021904
2018-04-10T00:00:00.000000Z,0.15323999524116516,0.15782000124454498,0.14931599795818329,0.15634700655937195,55981300
2018-04-11T00:00:00.000000Z,0.15676100552082062,0.1664309948682785,0.15407900512218475,0.16602900624275208,91793296
2018-04-12T00:00:00.000000Z,0.1667570024728775,0.2145249992609024,0.16452999413013458,0.21223300695419312,488007008
2018-04-13T00:00:00.000000Z,0.21163199841976166,0.21838200092315674,0.19656699895858765,0.20053200423717499,230412992
2018-04-14T00:00:00.000000Z,0.1986750066280365,0.206495001912117,0.19470800459384918,0.20085300505161285,113212000
2018-04-15T00:00:00.000000Z,0.20138899981975555,0.22344399988651276,0.19993999600410461,0.22138999402523041,169798000
2018-04-16T00:00:00.000000Z,0.22188900411128998,0.25664600729942322,0.21180799603462219,0.25664600729942322,678780992
2018-04-17T00:00:00.000000Z,0.25508999824523926,0.27264100313186646,0.24277099967002869,0.24372400343418121,520975008
2018-04-18T00:00:00.000000Z,0.24273400008678436,0.26236799359321594,0.24273400008678436,0.26034098863601685,181118000
2018-04-19T00:00:00.000000Z,0.26749300956726074,0.27383598685264587,0.2608180046081543,0.2723580002784729,240910000
2018-04-20T00:00:00.000000Z,0.27098599076271057,0.30164098739624023,0.26969701051712036,0.3012470006942749,349348992
2018-04-21T00:00:00.000000Z,0.30229198932647705,0.30755200982093811,0.2726840078830719,0.29058000445365906,294632992
2018-04-22T00:00:00.000000Z,0.28748801350593567,0.29687899351119995,0.28076499700546265,0.28553500771522522,160968000
2018-04-23T00:00:00.000000Z,0.28555798530578613,0.28962299227714539,0.28355801105499268,0.28847301006317139,127213000
2018-04-24T00:00:00.000000Z,0.28853899240493774,0.31869900226593018,0.28733101487159729,0.31287500262260437,369016992
2018-04-25T00:00:00.000000Z,0.31280499696731567,0.31280499696731567,0.26516398787498474,0.27165400981903076,351596000
2018-04-26T00:00:00.000000Z,0.27079498767852783,0.2949720025062561,0.25986498594284058,0.29429501295089722,220715008
2018-04-27T00:00:00.000000Z,0.29458901286125183,0.30746901035308838,0.28778600692749023,0.28848901391029358,197183008
2018-04-28T00:00:00.000000Z,0.28712999820709229,0.36495399475097656,0.28712999820709229,0.35787400603294373,636742016
2018-04-29T00:00:00.000000Z,0.36067000031471252,0.38790100812911987,0.3475080132484436,0.36505699157714844,671886976
2018-04-30T00:00:00.000000Z,0.36429700255393982,0.36429700255393982,0.33662500977516174,0.34331798553466797,298712000
2018-05-01T00:00:00.000000Z,0.34295299649238586,0.36326101422309875,0.32370099425315857,0.35869300365447998,365521984
2018-05-02T00:00:00.000000Z,0.35760200023651123,0.37670400738716125,0.34932398796081543,0.37242001295089722,272855008
2018-05-03T00:00:00.000000Z,0.37192600965499878,0.38974899053573608,0.36878898739814758,0.36970901489257812,300814016
2018-05-04T00:00:00.000000Z,0.37077701091766357,0.37077701091766357,0.35084199905395508,0.36018198728561401,171266000
2018-05-05T00:00:00.000000Z,0.36131799221038818,0.37360501289367676,0.36096200346946716,0.36633801460266113,139447008
2018-05-06T00:00:00.000000Z,0.36593300104141235,0.36593300104141235,0.3414669930934906,0.35002100467681885,148186000
2018-05-07T00:00:00.000000Z,0.34994798898696899,0.34994798898696899,0.32350599765777588,0.33517599105834961,171384992
2018-05-08T00:00:00.000000Z,0.33559501171112061,0.34821900725364685,0.32307100296020508,0.32835200428962708,142455008
2018-05-09T00:00:00.000000Z,0.32842600345611572,0.32842600345611572,0.30445799231529236,0.32359299063682556,178122000
2018-05-10T00:00:00.000000Z,0.32387900352478027,0.32790800929069519,0.29631701111793518,0.29708901047706604,122958000
2018-05-11T00:00:00.000000Z,0.2967970073223114,0.29946199059486389,0.24813699722290039,0.26012700796127319,348752000
2018-05-12T00:00:00.000000Z,0.26264899969100952,0.28341001272201538,0.24127799272537231,0.27093198895454407,255480992
2018-05-13T00:00:00.000000Z,0.27164000272750854,0.29015100002288818,0.26436099410057068,0.28589001297950745,179522000
2018-05-14T00:00:00.000000Z,0.28585198521614075,0.28608798980712891,0.26108598709106445,0.27343401312828064,161643008
2018-05-15T00:00:00.000000Z,0.27426901459693909,0.27875998616218567,0.25769698619842529,0.26015499234199524,97408800
2018-05-16T00:00:00.000000Z,0.25908198952674866,0.26018598675727844,0.24371999502182007,0.2563750147819519,108749000
2018-05-17T00:00:00.000000Z,0.25735199451446533,0.26311099529266357,0.24219399690628052,0.24366399645805359,83683800
2018-05-18T00:00:00.000000Z,0.24281600117683411,0.24680900573730469,0.23478099703788757,0.24554400146007538,79212200
2018-05-19T00:00:00.000000Z,0.24619899690151215,0.24835400283336639,0.2389339953660965,0.24327099323272705,57778000
2018-05-20T00:00:00.000000Z,0.24314300715923309,0.26078501343727112,0.24097399413585663,0.25613600015640259,101310000
2018-05-21T00:00:00.000000Z,0.25613000988960266,0.26116898655891418,0.2471340000629425,0.24884000420570374,85090304
2018-05-22T00:00:00.000000Z,0.24939699470996857,0.25007599592208862,0.22340799868106842,0.22440800070762634,78363296
2018-05-23T00:00:00.000000Z,0.22439299523830414,0.22615000605583191,0.19879800081253052,0.20287300646305084,124268000
2018-05-24T00:00:00.000000Z,0.20332400500774384,0.21330200135707855,0.19310900568962097,0.20898899435997009,127678000
2018-05-25T00:00:00.000000Z,0.20905999839305878,0.21063600480556488,0.19731999933719635,0.20065499842166901,83368000
2018-05-26T00:00:00.000000Z,0.19976100325584412,0.20549200475215912,0.1958950012922287,0.19656699895858765,60616400
2018-05-27T00:00:00.000000Z,0.19635400176048279,0.19643600285053253,0.19232200086116791,0.19355699419975281,58991000
2018-05-28T00:00:00.000000Z,0.19369600713253021,0.19497700035572052,0.17400200664997101,0.17478300631046295,95106200
2018-05-29T00:00:00.000000Z,0.17547500133514404,0.20873899757862091,0.17415300011634827,0.20318999886512756,185184000
2018-05-30T00:00:00.000000Z,0.20368500053882599,0.21802300214767456,0.20118400454521179,0.21114300191402435,222612000
2018-05-31T00:00:00.000000Z,0.21039299666881561,0.2300570011138916,0.20620499551296234,0.22521400451660156,202076000
2018-06-01T00:00:00.000000Z,0.22453300654888153,0.22918400168418884,0.21695500612258911,0.22250699996948242,130538000
2018-06-02T00:00:00.000000Z,0.22270099818706512,0.22953100502490997,0.21924200654029846,0.22774200141429901,116435000
2018-06-03T00:00:00.000000Z,0.22769999504089355,0.23676100373268127,0.2251179963350296,0.22815400362014771,117208000
2018-06-04T00:00:00.000000Z,0.22815500199794769,0.23122799396514893,0.21229000389575958,0.21401199698448181,115605000
2018-06-05T00:00:00.000000Z,0.21424700319766998,0.22172799706459045,0.20481500029563904,0.22046700119972229,119846000
2018-06-06T00:00:00.000000Z,0.22056500613689423,0.2208620011806488,0.21070800721645355,0.21572099626064301,84766304
2018-06-07T00:00:00.000000Z,0.21610499918460846,0.21935099363327026,0.20957300066947937,0.21111899614334106,76949400
2018-06-08T00:00:00.000000Z,0.21083100140094757,0.21084100008010864,0.20263400673866272,0.20535799860954285,68728600
2018-06-09T00:00:00.000000Z,0.20525999367237091,0.20966799557209015,0.20209099352359772,0.20209099352359772,51481400
2018-06-10T00:00:00.000000Z,0.20151700079441071,0.20151700079441071,0.1711290031671524,0.1768680065870285,137836000
2018-06-11T00:00:00.000000Z,0.17626200616359711,0.18193699419498444,0.16789300739765167,0.18128000199794769,89350704
2018-06-12T00:00:00.000000Z,0.18134799599647522,0.18288800120353699,0.16278800368309021,0.16658499836921692,82885904
2018-06-13T00:00:00.000000Z,0.1661359965801239,0.16681799292564392,0.15120400488376617,0.16040800511837006,99731600
2018-06-14T00:00:00.000000Z,0.1602499932050705,0.17652100324630737,0.15536899864673615,0.17237499356269836,199562000
2018-06-15T00:00:00.000000Z,0.17221799492835999,0.17221799492835999,0.16192899644374847,0.16274699568748474,73950496
2018-06-16T00:00:00.000000Z,0.16274100542068481,0.16462799906730652,0.15985600650310516,0.16296200454235077,42213400
2018-06-17T00:00:00.000000Z,0.16313700377941132,0.16447700560092926,0.16102699935436249,0.16137999296188354,35748800
2018-06-18T00:00:00.000000Z,0.16112199425697327,0.16751100122928619,0.1567080020904541,0.1641169935464859,55507800
2018-06-19T00:00:00.000000Z,0.16470199823379517,0.1699029952287674,0.16211700439453125,0.16718499362468719,69854400
2018-06-20T00:00:00.000000Z,0.1667809933423996,0.16733099520206451,0.15679700672626495,0.16198499500751495,83625600
2018-06-21T00:00:00.000000Z,0.1620510071516037,0.16375699639320374,0.15755100548267365,0.15855599939823151,41237700
2018-06-22T00:00:00.000000Z,0.15846000611782074,0.15901899337768555,0.13742899894714355,0.13983899354934692,79062000
2018-06-23T00:00:00.000000Z,0.14033399522304535,0.14327900111675262,0.13485200703144073,0.1378680020570755,38721800
2018-06-24T00:00:00.000000Z,0.13835500180721283,0.13859200477600098,0.12196200340986252,0.13270300626754761,73037504
2018-06-25T00:00:00.000000Z,0.13232100009918213,0.13825400173664093,0.12855599820613861,0.13526900112628937,57752100
2018-06-26T00:00:00.000000Z,0.13562299311161041,0.13605499267578125,0.12609900534152985,0.12609900534152985,32927500
2018-06-27T00:00:00.000000Z,0.12655100226402283,0.12800000607967377,0.12392500042915344,0.12744399905204773,37072400
2018-06-28T00:00:00.000000Z,0.12739300727844238,0.12850299477577209,0.11849799752235413,0.11931999772787094,42250100
2018-06-29T00:00:00.000000Z,0.11939699947834015,0.12743599712848663,0.11467400193214417,0.12571999430656433,65802200
2018-06-30T00:00:00.000000Z,0.12603600323200226,0.13837200403213501,0.12603600323200226,0.13767099380493164,104599000
2018-07-01T00:00:00.000000Z,0.138264000415802,0.14573100209236145,0.13386599719524384,0.14220799505710602,108733000
2018-07-02T00:00:00.000000Z,0.14259099960327148,0.16193599998950958,0.13863900303840637,0.15827800333499908,161860000
2018-07-03T00:00:00.000000Z,0.15852199494838715,0.16668699681758881,0.14946100115776062,0.15065500140190125,108280000
2018-07-04T00:00:00.000000Z,0.15019999444484711,0.15990400314331055,0.14688299596309662,0.15095999836921692,86594896
2018-07-05T00:00:00.000000Z,0.15159699320793152,0.15457199513912201,0.14510400593280792,0.14892099797725677,73881296
2018-07-06T00:00:00.000000Z,0.14874899387359619,0.14874899387359619,0.13947300612926483,0.14608399569988251,69138800
2018-07-07T00:00:00.000000Z,0.14625699818134308,0.15037299692630768,0.13890400528907776,0.15037299692630768,47965500
2018-07-08T00:00:00.000000Z,0.14995299279689789,0.15138499438762665,0.14476199448108673,0.14538900554180145,48142400
2018-07-09T00:00:00.000000Z,0.14534500241279602,0.14611099660396576,0.13994799554347992,0.13997100293636322,42768500
2018-07-10T00:00:00.000000Z,0.13972899317741394,0.14065399765968323,0.12879200279712677,0.12879200279712677,62318800
2018-07-11T00:00:00.000000Z,0.12880100309848785,0.13392500579357147,0.12646600604057312,0.13148300349712372,50179700
2018-07-12T00:00:00.000000Z,0.13155999779701233,0.13155999779701233,0.12315399944782257,0.12718099355697632,37623900
2018-07-13T00:00:00.000000Z,0.1272989958524704,0.14172899723052979,0.12602700293064117,0.13788700103759766,92778496
2018-07-14T00:00:00.000000Z,0.1383650004863739,0.13989099860191345,0.13385100662708282,0.1370919942855835,55022100
2018-07-15T00:00:00.000000Z,0.1370290070772171,0.14551100134849548,0.13527700304985046,0.14226199686527252,50143900
2018-07-16T00:00:00.000000Z,0.14227700233459473,0.1567550003528595,0.14097799360752106,0.1561180055141449,90578096
2018-07-17T00:00:00.000000Z,0.15491500496864319,0.17461900413036346,0.1503790020942688,0.17086499929428101,133441000
2018-07-18T00:00:00.000000Z,0.1702989935874939,0.19292999804019928,0.1702989935874939,0.17937800288200378,323366016
2018-07-19T00:00:00.000000Z,0.17898599803447723,0.18949900567531586,0.17231200635433197,0.18086899816989899,216980992
2018-07-20T00:00:00.000000Z,0.17989300191402435,0.18264999985694885,0.16164399683475494,0.16217499971389771,215667008
2018-07-21T00:00:00.000000Z,0.16199399530887604,0.16884100437164307,0.15572899580001831,0.16363699734210968,125996000
2018-07-22T00:00:00.000000Z,0.16387400031089783,0.17781400680541992,0.1630609929561615,0.17027699947357178,139332992
2018-07-23T00:00:00.000000Z,0.16952599585056305,0.17939299345016479,0.16402800381183624,0.16402800381183624,147071008
2018-07-24T00:00:00.000000Z,0.16473600268363953,0.17675699293613434,0.16127899289131165,0.1731719970703125,191390000
2018-07-25T00:00:00.000000Z,0.17236000299453735,0.17530399560928345,0.16682000458240509,0.17273099720478058,123649000
2018-07-26T00:00:00.000000Z,0.17241600155830383,0.17474000155925751,0.16249699890613556,0.16476500034332275,84282200
2018-07-27T00:00:00.000000Z,0.16445000469684601,0.16870899498462677,0.15666000545024872,0.16553999483585358,103693000
2018-07-28T00:00:00.000000Z,0.16622799634933472,0.16622799634933472,0.1600240021944046,0.16337999701499939,51592200
2018-07-29T00:00:00.000000Z,0.16416299343109131,0.16477200388908386,0.16041900217533112,0.16331300139427185,47319500
2018-07-30T00:00:00.000000Z,0.16323399543762207,0.16323399543762207,0.14927999675273895,0.15408700704574585,69612600
2018-07-31T00:00:00.000000Z,0.15406699478626251,0.15418699383735657,0.14077299833297729,0.14329700171947479,93183800
2018-08-01T00:00:00.000000Z,0.14308600127696991,0.14503799378871918,0.13718000054359436,0.14090099930763245,79987900
2018-08-02T00:00:00.000000Z,0.1413159966468811,0.1424809992313385,0.13046899437904358,0.13194100558757782,68531400
2018-08-03T00:00:00.000000Z,0.13141599297523499,0.13483500480651855,0.12454500049352646,0.13025499880313873,77768900
2018-08-04T00:00:00.000000Z,0.13077099621295929,0.1345909982919693,0.12541200220584869,0.1275469958782196,54577300
2018-08-05T00:00:00.000000Z,0.12729200720787048,0.13202999532222748,0.12551699578762054,0.13172100484371185,43901500
2018-08-06T00:00:00.000000Z,0.13091899454593658,0.13640399277210236,0.1281609982252121,0.13055300712585449,57534800
2018-08-07T00:00:00.000000Z,0.13092300295829773,0.1331000030040741,0.12460099905729294,0.12537799775600433,57321700
2018-08-08T00:00:00.000000Z,0.12559400498867035,0.12559400498867035,0.112636998295784,0.11375200003385544,82209700
2018-08-09T00:00:00.000000Z,0.11450699716806412,0.12708200514316559,0.11450699716806412,0.12350700050592422,93016600
2018-08-10T00:00:00.000000Z,0.12409099936485291,0.12496600300073624,0.1137470006942749,0.11635500192642212,71125700
2018-08-11T00:00:00.000000Z,0.11644399911165237,0.11666899919509888,0.10919500142335892,0.11243899911642075,65816400
2018-08-12T00:00:00.000000Z,0.1124970018863678,0.1147880032658577,0.1116579994559288,0.11297000199556351,35031500
2018-08-13T00:00:00.000000Z,0.11318299919366837,0.11571399867534637,0.10269799828529358,0.10290999710559845,56974900
2018-08-14T00:00:00.000000Z,0.10277900099754333,0.10277900099754333,0.086951002478599548,0.094662003219127655,111693000
2018-08-15T00:00:00.000000Z,0.095489002764225006,0.1010809987783432,0.094664998352527618,0.095040000975131989,91346700
2018-08-16T00:00:00.000000Z,0.09503600001335144,0.098572000861167908,0.093198001384735107,0.095330998301506042,50188900
2018-08-17T00:00:00.000000Z,0.095682002604007721,0.10991699993610382,0.095172002911567688,0.10988699644804001,103569000
2018-08-18T00:00:00.000000Z,0.10984700173139572,0.11247699707746506,0.097484998404979706,0.099785000085830688,101454000
2018-08-19T00:00:00.000000Z,0.099743999540805817,0.1043580025434494,0.09811999648809433,0.10243699699640274,51106900
2018-08-20T00:00:00.000000Z,0.10224299877882004,0.10372799634933472,0.093617998063564301,0.09376399964094162,53939600
2018-08-21T00:00:00.000000Z,0.093161001801490784,0.09605100005865097,0.091918997466564178,0.095003001391887665,49545100
2018-08-22T00:00:00.000000Z,0.095016002655029297,0.10012800246477127,0.088087998330593109,0.090149000287055969,64566000
2018-08-23T00:00:00.000000Z,0.090204998850822449,0.093339003622531891,0.089165002107620239,0.0924530029296875,37397400
2018-08-24T00:00:00.000000Z,0.092845998704433441,0.094362996518611908,0.090948000550270081,0.09407699853181839,35302400
2018-08-25T00:00:00.000000Z,0.094305001199245453,0.095007002353668213,0.092349998652935028,0.094282001256942749,30674700
2018-08-26T00:00:00.000000Z,0.094261996448040009,0.094625003635883331,0.091404996812343597,0.093337997794151306,26907400
2018-08-27T00:00:00.000000Z,0.093177996575832367,0.10079500079154968,0.092522002756595612,0.10026399791240692,55515600
2018-08-28T00:00:00.000000Z,0.10056500136852264,0.10665500164031982,0.10003200173377991,0.10548000037670135,79059500
2018-08-29T00:00:00.000000Z,0.10561099648475647,0.10892400145530701,0.10218600183725357,0.1054690033197403,83582300
2018-08-30T00:00:00.000000Z,0.1052049994468689,0.10714399814605713,0.097286000847816467,0.10056000202894211,64807500
2018-08-31T00:00:00.000000Z,0.10090199857950211,0.10275600105524063,0.099255003035068512,0.10219600051641464,42250400
2018-09-01T00:00:00.000000Z,0.10187699645757675,0.1089010015130043,0.10187699645757675,0.10682699829339981,70208900
2018-09-02T00:00:00.000000Z,0.10690300166606903,0.10718200355768204,0.10251100361347198,0.10443200170993805,58391900
2018-09-03T00:00:00.000000Z,0.10464999824762344,0.10519299656152725,0.10252899676561356,0.10360699892044067,53687200
2018-09-04T00:00:00.000000Z,0.10348399728536606,0.1065090000629425,0.10338500142097473,0.10526499897241592,54317400
2018-09-05T00:00:00.000000Z,0.1052670031785965,0.10621699690818787,0.087568998336791992,0.087568998336791992,98708900
2018-09-06T00:00:00.000000Z,0.087525002658367157,0.089428998529911041,0.083130002021789551,0.088665999472141266,73239200
2018-09-07T00:00:00.000000Z,0.088521003723144531,0.08964499831199646,0.083456002175807953,0.083982996642589569,41868100
2018-09-08T00:00:00.000000Z,0.084119997918605804,0.085129998624324799,0.077504999935626984,0.078235000371932983,35208700
2018-09-09T00:00:00.000000Z,0.078442998230457306,0.081147998571395874,0.075025998055934906,0.076642997562885284,47870100
2018-09-10T00:00:00.000000Z,0.077276997268199921,0.078133001923561096,0.072209000587463379,0.073508001863956451,44682000
2018-09-11T00:00:00.000000Z,0.074179999530315399,0.07474999874830246,0.067144997417926788,0.070513002574443817,47614500
2018-09-12T00:00:00.000000Z,0.070794001221656799,0.070794001221656799,0.061707999557256699,0.066744998097419739,91272400
2018-09-13T00:00:00.000000Z,0.067052997648715973,0.070931002497673035,0.065716996788978577,0.069829002022743225,86011700
2018-09-14T00:00:00.000000Z,0.070093996822834015,0.070719003677368164,0.066106997430324554,0.068248003721237183,62256800
2018-09-15T00:00:00.000000Z,0.067928001284599304,0.070364996790885925,0.067798003554344177,0.069321997463703156,34842300
2018-09-16T00:00:00.000000Z,0.069153003394603729,0.069981001317501068,0.066619999706745148,0.0699630007147789,32643600
2018-09-17T00:00:00.000000Z,0.069853998720645905,0.070270001888275146,0.063414998352527618,0.063899002969264984,48609600
2018-09-18T00:00:00.000000Z,0.063568003475666046,0.070220001041889191,0.062599003314971924,0.069430001080036163,67159000
2018-09-19T00:00:00.000000Z,0.069145999848842621,0.074413999915122986,0.067413002252578735,0.072350002825260162,96071300
2018-09-20T00:00:00.000000Z,0.072439000010490417,0.08266100287437439,0.071514002978801727,0.081492997705936432,103788000
2018-09-21T00:00:00.000000Z,0.081777997314929962,0.089907996356487274,0.081229999661445618,0.087605997920036316,212274000
2018-09-22T00:00:00.000000Z,0.08765999972820282,0.08839000016450882,0.080325998365879059,0.083192996680736542,82526800
2018-09-23T00:00:00.000000Z,0.083488002419471741,0.093225002288818359,0.082893997430801392,0.089754000306129456,149996000
2018-09-24T00:00:00.000000Z,0.089706003665924072,0.091353997588157654,0.082313999533653259,0.082754001021385193,89522100
2018-09-25T00:00:00.000000Z,0.0823030024766922,0.0823030024766922,0.075378000736236572,0.081027999520301819,87535200
2018-09-26T00:00:00.000000Z,0.080991998314857483,0.082870997488498688,0.07717200368642807,0.079475998878479004,64321400
2018-09-27T00:00:00.000000Z,0.079466000199317932,0.087636001408100128,0.07842099666595459,0.086001001298427582,101911000
2018-09-28T00:00:00.000000Z,0.086402997374534607,0.088326998054981232,0.082044996321201324,0.084031999111175537,89113600
2018-09-29T00:00:00.000000Z,0.083711996674537659,0.086370997130870819,0.081707999110221863,0.084605999290943146,55854000
2018-09-30T00:00:00.000000Z,0.084367997944355011,0.086804002523422241,0.083420999348163605,0.085194997489452362,49853100
2018-10-01T00:00:00.000000Z,0.085291996598243713,0.085805997252464294,0.082635998725891113,0.08446899801492691,42076400
2018-10-02T00:00:00.000000Z,0.08460400253534317,0.084680996835231781,0.082387998700141907,0.082524999976158142,34775200
2018-10-03T00:00:00.000000Z,0.082032002508640289,0.082405000925064087,0.079175002872943878,0.080788999795913696,38063700
2018-10-04T00:00:00.000000Z,0.080817997455596924,0.082788996398448944,0.080534003674983978,0.081303998827934265,31665100
2018-10-05T00:00:00.000000Z,0.081381000578403473,0.083090998232364655,0.080689996480941772,0.082990996539592743,31160900
2018-10-06T00:00:00.000000Z,0.083309002220630646,0.083728998899459839,0.080985002219676971,0.081303000450134277,26277600
2018-10-07T00:00:00.000000Z,0.081454001367092133,0.085151001811027527,0.080741003155708313,0.084657996892929077,34848400
2018-10-08T00:00:00.000000Z,0.08453100174665451,0.088169001042842865,0.083198003470897675,0.086607001721858978,62079800
2018-10-09T00:00:00.000000Z,0.086773000657558441,0.087511003017425537,0.084461003541946411,0.086356997489929199,38710200
2018-10-10T00:00:00.000000Z,0.086345002055168152,0.086432002484798431,0.083541996777057648,0.084679000079631805,35888200
2018-10-11T00:00:00.000000Z,0.08452499657869339,0.084551997482776642,0.070026002824306488,0.070938996970653534,72659700
2018-10-12T00:00:00.000000Z,0.070339001715183258,0.075879998505115509,0.069839000701904297,0.073214001953601837,40979000
2018-10-13T00:00:00.000000Z,0.072636999189853668,0.074890002608299255,0.072471000254154205,0.073103003203868866,23571900
2018-10-14T00:00:00.000000Z,0.073063001036643982,0.073775000870227814,0.070715002715587616,0.071292996406555176,26250600
2018-10-15T00:00:00.000000Z,0.070436000823974609,0.078624002635478973,0.069773003458976746,0.074789002537727356,71953000
2018-10-16T00:00:00.000000Z,0.074787996709346771,0.076624996960163116,0.07439199835062027,0.075814001262187958,26555800
2018-10-17T00:00:00.000000Z,0.075860001146793365,0.078271001577377319,0.075102001428604126,0.077408000826835632,36907800
2018-10-18T00:00:00.000000Z,0.077536001801490784,0.077955000102519989,0.07425999641418457,0.075130999088287354,28634400
2018-10-19T00:00:00.000000Z,0.075021997094154358,0.076462998986244202,0.074427001178264618,0.075836002826690674,18153800
2018-10-20T00:00:00.000000Z,0.075788997113704681,0.077146001160144806,0.075202003121376038,0.076342001557350159,20363900
2018-10-21T00:00:00.000000Z,0.076305001974105835,0.077536001801490784,0.075602002441883087,0.075873002409934998,17620200
2018-10-22T00:00:00.000000Z,0.07575400173664093,0.076509997248649597,0.075144998729228973,0.075776003301143646,16871700
2018-10-23T00:00:00.000000Z,0.075864002108573914,0.076139003038406372,0.073072001338005066,0.074743002653121948,20710600
2018-10-24T00:00:00.000000Z,0.074611999094486237,0.075652003288269043,0.074150003492832184,0.074321001768112183,14151400
2018-10-25T00:00:00.000000Z,0.074289001524448395,0.074345000088214874,0.073163002729415894,0.073858998715877533,12567300
2018-10-26T00:00:00.000000Z,0.073747999966144562,0.073959998786449432,0.072678998112678528,0.073712997138500214,13464800
2018-10-27T00:00:00.000000Z,0.073687002062797546,0.073792003095149994,0.072867996990680695,0.072885997593402863,10316000
2018-10-28T00:00:00.000000Z,0.073030002415180206,0.073296003043651581,0.072360999882221222,0.073165997862815857,11226100
2018-10-29T00:00:00.000000Z,0.073041997849941254,0.073215000331401825,0.068898998200893402,0.069627001881599426,21315700
2018-10-30T00:00:00.000000Z,0.069632001221179962,0.070023998618125916,0.069225996732711792,0.06964699923992157,11418800
2018-10-31T00:00:00.000000Z,0.06972300261259079,0.069829002022743225,0.067882999777793884,0.069705002009868622,16366000
2018-11-01T00:00:00.000000Z,0.069697998464107513,0.071464002132415771,0.069118998944759369,0.070867002010345459,11256600
2018-11-02T00:00:00.000000Z,0.070813998579978943,0.073040001094341278,0.070788003504276276,0.072584003210067749,18823400
2018-11-03T00:00:00.000000Z,0.072561003267765045,0.072621002793312073,0.070822000503540039,0.071479000151157379,14948900
2018-11-04T00:00:00.000000Z,0.071492001414299011,0.077307000756263733,0.0712909996509552,0.076228998601436615,52924200
2018-11-05T00:00:00.000000Z,0.075961001217365265,0.078879997134208679,0.074744999408721924,0.076148003339767456,34358100
2018-11-06T00:00:00.000000Z,0.076337002217769623,0.080952003598213196,0.076337002217769623,0.080952003598213196,49473200
2018-11-07T00:00:00.000000Z,0.081019997596740723,0.081309996545314789,0.078016996383666992,0.078543998301029205,36852900
2018-11-08T00:00:00.000000Z,0.078391000628471375,0.079424001276493073,0.076263003051280975,0.076493002474308014,32149600
2018-11-09T00:00:00.000000Z,0.076324000954627991,0.077428996562957764,0.073912002146244049,0.074225999414920807,23756800
2018-11-10T00:00:00.000000Z,0.074166998267173767,0.075992003083229065,0.074055999517440796,0.075221002101898193,15012100
2018-11-11T00:00:00.000000Z,0.075165003538131714,0.077372997999191284,0.074437998235225677,0.07648099958896637,23663500
2018-11-12T00:00:00.000000Z,0.076817996799945831,0.077215999364852905,0.074948996305465698,0.076001003384590149,20975100
2018-11-13T00:00:00.000000Z,0.075883001089096069,0.075965002179145813,0.073251999914646149,0.07360299676656723,20329300
2018-11-14T00:00:00.000000Z,0.07343900203704834,0.073440998792648315,0.061799999326467514,0.064824000000953674,54964400
2018-11-15T00:00:00.000000Z,0.064846999943256378,0.065245002508163452,0.058249998837709427,0.06354299932718277,60267800
2018-11-16T00:00:00.000000Z,0.063242003321647644,0.064052999019622803,0.060242000967264175,0.06115100160241127,27544700
2018-11-17T00:00:00.000000Z,0.061062000691890717,0.061062000691890717,0.059553999453783035,0.060674998909235001,17926300
2018-11-18T00:00:00.000000Z,0.060802999883890152,0.062932997941970825,0.060802999883890152,0.06191600114107132,16669400
2018-11-19T00:00:00.000000Z,0.061902999877929688,0.061902999877929688,0.051989000290632248,0.052581999450922012,53737000
2018-11-20T00:00:00.000000Z,0.052657999098300934,0.052731998264789581,0.042867999523878098,0.044776998460292816,65556800
2018-11-21T00:00:00.000000Z,0.045148998498916626,0.048229999840259552,0.04302699863910675,0.047779999673366547,33938000
2018-11-22T00:00:00.000000Z,0.047885000705718994,0.048532001674175262,0.044254999607801437,0.044254999607801437,18689900
2018-11-23T00:00:00.000000Z,0.044061999768018723,0.044661998748779297,0.041671000421047211,0.043411999940872192,24258500
2018-11-24T00:00:00.000000Z,0.04341999813914299,0.044300999492406845,0.036933001130819321,0.038458000868558884,25740400
2018-11-25T00:00:00.000000Z,0.038628000766038895,0.038835998624563217,0.032797999680042267,0.037725001573562622,40704000
2018-11-26T00:00:00.000000Z,0.03776099905371666,0.039377998560667038,0.034116998314857483,0.035806000232696533,31641100
2018-11-27T00:00:00.000000Z,0.03568200021982193,0.03698199987411499,0.034028999507427216,0.036460999399423599,17966300
2018-11-28T00:00:00.000000Z,0.036509998142719269,0.04410799965262413,0.036509998142719269,0.042020998895168304,47624500
2018-11-29T00:00:00.000000Z,0.042268998920917511,0.04451800137758255,0.039716001600027084,0.0418660007417202,39544072
2018-11-30T00:00:00.000000Z,0.041983999311923981,0.042309001088142395,0.037721000611782074,0.038915999233722687,28861639
2018-12-01T00:00:00.000000Z,0.03899100050330162,0.042520999908447266,0.038157001137733459,0.041467998176813126,19314340
2018-12-02T00:00:00.000000Z,0.041349999606609344,0.043285999447107315,0.040690001100301743,0.041671998798847198,23206023
2018-12-03T00:00:00.000000Z,0.041873998939990997,0.041884001344442368,0.038026999682188034,0.038671001791954041,21282053
2018-12-04T00:00:00.000000Z,0.038557000458240509,0.039841998368501663,0.037386998534202576,0.037698999047279358,23563420
2018-12-05T00:00:00.000000Z,0.037659000605344772,0.037714000791311264,0.034251000732183456,0.034251000732183456,26250706
2018-12-06T00:00:00.000000Z,0.034318000078201294,0.035500999540090561,0.030797999352216721,0.030797999352216721,27195357
2018-12-07T00:00:00.000000Z,0.030796999111771584,0.030796999111771584,0.027393000200390816,0.029864000156521797,31750703
2018-12-08T00:00:00.000000Z,0.029812000691890717,0.031807001680135727,0.028867000713944435,0.030678000301122665,19987029
2018-12-09T00:00:00.000000Z,0.030642999336123466,0.032515000551939011,0.030226999893784523,0.031693000346422195,16588924
2018-12-10T00:00:00.000000Z,0.031652998179197311,0.032067999243736267,0.029805999249219894,0.030202999711036682,12553718
2018-12-11T00:00:00.000000Z,0.03011699952185154,0.030433999374508858,0.028914999216794968,0.029550999402999878,10444631
2018-12-12T00:00:00.000000Z,0.02943900041282177,0.031114999204874039,0.029304999858140945,0.030609000474214554,11071814
2018-12-13T00:00:00.000000Z,0.03063499927520752,0.030721999704837799,0.029029000550508499,0.029190000146627426,11234575
2018-12-14T00:00:00.000000Z,0.029234999790787697,0.0295570008456707,0.027912000194191933,0.02835799939930439,9205271
2018-12-15T00:00:00.000000Z,0.028395000845193863,0.028567999601364136,0.02779100090265274,0.028273999691009521,8387951
2018-12-16T00:00:00.000000Z,0.028202999383211136,0.029696999117732048,0.028187999501824379,0.029102999716997147,10366601
2018-12-17T00:00:00.000000Z,0.029175000265240669,0.033849999308586121,0.029099000617861748,0.032823998481035233,37555983
2018-12-18T00:00:00.000000Z,0.032820001244544983,0.034912001341581345,0.032166998833417892,0.034735001623630524,78783798
2018-12-19T00:00:00.000000Z,0.034862998872995377,0.038265001028776169,0.034490998834371567,0.034545000642538071,43168563
2018-12-20T00:00:00.000000Z,0.034212000668048859,0.039886001497507095,0.034026000648736954,0.039400998502969742,43040801
2018-12-21T00:00:00.000000Z,0.039078999310731888,0.045510001480579376,0.038632001727819443,0.040796000510454178,93581789
2018-12-22T00:00:00.000000Z,0.040658000856637955,0.042155999690294266,0.038612999022006989,0.042008999735116959,31227246
2018-12-23T00:00:00.000000Z,0.04220300167798996,0.044854998588562012,0.041818998754024506,0.044229999184608459,40656190
2018-12-24T00:00:00.000000Z,0.044286001473665237,0.049281999468803406,0.044286001473665237,0.045715998858213425,57936798
2018-12-25T00:00:00.000000Z,0.045674998313188553,0.045674998313188553,0.039243001490831375,0.041510999202728271,38493644
2018-12-26T00:00:00.000000Z,0.041602998971939087,0.043035000562667847,0.039076000452041626,0.041198000311851501,27218409
2018-12-27T00:00:00.000000Z,0.041225001215934753,0.041689999401569366,0.036547999829053879,0.03694399818778038,22969395
2018-12-28T00:00:00.000000Z,0.03701699897646904,0.042633999139070511,0.036501001566648483,0.041861999779939651,26948333
2018-12-29T00:00:00.000000Z,0.04187300056219101,0.043940000236034393,0.041209999471902847,0.04150800034403801,30992034
2018-12-30T00:00:00.000000Z,0.041597001254558563,0.043664999306201935,0.040842000395059586,0.043280001729726791,27767174
2018-12-31T00:00:00.000000Z,0.04323200136423111,0.043363999575376511,0.04049300029873848,0.04106299951672554,19280457
2019-01-01T00:00:00.000000Z,0.040984001010656357,0.042546998709440231,0.040307998657226562,0.042546998709440231,14962902
2019-01-02T00:00:00.000000Z,0.042567998170852661,0.045563001185655594,0.041981998831033707,0.045258000493049622,24151526
2019-01-03T00:00:00.000000Z,0.045106001198291779,0.045258998870849609,0.042534999549388885,0.042681999504566193,21126963
2019-01-04T00:00:00.000000Z,0.042628999799489975,0.044091999530792236,0.042477000504732132,0.043811999261379242,16024029
2019-01-05T00:00:00.000000Z,0.043659001588821411,0.045570001006126404,0.043349999934434891,0.044700998812913895,25100965
2019-01-06T00:00:00.000000Z,0.044709000736474991,0.049637001007795334,0.044709000736474991,0.049261000007390976,51366407
2019-01-07T00:00:00.000000Z,0.049265999346971512,0.050744000822305679,0.047579001635313034,0.047995999455451965,45688431
2019-01-08T00:00:00.000000Z,0.048140000551939011,0.05002100020647049,0.046748999506235123,0.048525001853704453,34626383
2019-01-09T00:00:00.000000Z,0.048567000776529312,0.052740000188350677,0.04853300005197525,0.052168998867273331,55364234
2019-01-10T00:00:00.000000Z,0.052048999816179276,0.054636001586914062,0.04275599867105484,0.04452899843454361,91162431
2019-01-11T00:00:00.000000Z,0.044321998953819275,0.045157000422477722,0.04274899885058403,0.044146999716758728,35963011
2019-01-12T00:00:00.000000Z,0.044153999537229538,0.044629998505115509,0.043099001049995422,0.043703999370336533,18224445
2019-01-13T00:00:00.000000Z,0.043811999261379242,0.043811999261379242,0.039806999266147614,0.040240999311208725,21758341
2019-01-14T00:00:00.000000Z,0.040249001234769821,0.044484000653028488,0.040203999727964401,0.044059000909328461,30269131
2019-01-15T00:00:00.000000Z,0.0441569983959198,0.044385001063346863,0.042045000940561295,0.042810000479221344,24504027
2019-01-16T00:00:00.000000Z,0.042768001556396484,0.045246999710798264,0.042514000087976456,0.044776998460292816,35481507
2019-01-17T00:00:00.000000Z,0.044867999851703644,0.046222001314163208,0.044024001806974411,0.045318000018596649,38222964
2019-01-18T00:00:00.000000Z,0.045308001339435577,0.045308001339435577,0.043956998735666275,0.044316001236438751,18937100
2019-01-19T00:00:00.000000Z,0.044275000691413879,0.046440999954938889,0.043983999639749527,0.045749999582767487,23657402
2019-01-20T00:00:00.000000Z,0.045673999935388565,0.045981001108884811,0.042552001774311066,0.043476998805999756,26755022
2019-01-21T00:00:00.000000Z,0.043540999293327332,0.043671000748872757,0.042534001171588898,0.042936999350786209,16583935
2019-01-22T00:00:00.000000Z,0.042888998985290527,0.044080000370740891,0.041875999420881271,0.043577998876571655,22963399
2019-01-23T00:00:00.000000Z,0.043547999113798141,0.044112000614404678,0.042695000767707825,0.042899999767541885,15241102
2019-01-24T00:00:00.000000Z,0.042936999350786209,0.043487001210451126,0.04253700003027916,0.04302699863910675,12440167
2019-01-25T00:00:00.000000Z,0.043097000569105148,0.043248001486063004,0.042454000562429428,0.042690999805927277,12663796
2019-01-26T00:00:00.000000Z,0.042686998844146729,0.043538998812437057,0.042532999068498611,0.042649000883102417,13550564
2019-01-27T00:00:00.000000Z,0.042665999382734299,0.042679999023675919,0.040897000581026077,0.041168000549077988,20835107
2019-01-28T00:00:00.000000Z,0.041136998683214188,0.041317999362945557,0.037282999604940414,0.03877200186252594,30041137
2019-01-29T00:00:00.000000Z,0.0387130007147789,0.039420001208782196,0.037043999880552292,0.038251001387834549,19526240
2019-01-30T00:00:00.000000Z,0.038176998496055603,0.040075000375509262,0.037797998636960983,0.039655998349189758,26151501
2019-01-31T00:00:00.000000Z,0.039698999375104904,0.040286999195814133,0.037953000515699387,0.038373999297618866,22222102
2019-02-01T00:00:00.000000Z,0.038440998643636703,0.039135999977588654,0.037117000669240952,0.03867800161242485,18778624
2019-02-02T00:00:00.000000Z,0.038598001003265381,0.039317000657320023,0.038222000002861023,0.039317000657320023,12312317
2019-02-03T00:00:00.000000Z,0.039259001612663269,0.039411000907421112,0.037811998277902603,0.038029000163078308,12940762
2019-02-04T00:00:00.000000Z,0.038130000233650208,0.038594998419284821,0.037795998156070709,0.037856999784708023,12233074
2019-02-05T00:00:00.000000Z,0.037824001163244247,0.038346998393535614,0.037443999201059341,0.037895999848842621,13348305
2019-02-06T00:00:00.000000Z,0.037992998957633972,0.037992998957633972,0.036060001701116562,0.036662999540567398,17351384
2019-02-07T00:00:00.000000Z,0.036651000380516052,0.037181999534368515,0.03633200004696846,0.036396000534296036,12424740
2019-02-08T00:00:00.000000Z,0.036398999392986298,0.041207000613212585,0.036228001117706299,0.040750999003648758,32705206
2019-02-09T00:00:00.000000Z,0.040775001049041748,0.041990000754594803,0.040456000715494156,0.041058000177145004,18529365
2019-02-10T00:00:00.000000Z,0.041049998253583908,0.042994000017642975,0.040006998926401138,0.042830001562833786,22634047
2019-02-11T00:00:00.000000Z,0.042771998792886734,0.042771998792886734,0.041485000401735306,0.041733000427484512,17847243
2019-02-12T00:00:00.000000Z,0.041680000722408295,0.041990999132394791,0.040635000914335251,0.04175100103020668,14893311
2019-02-13T00:00:00.000000Z,0.04175499826669693,0.042309999465942383,0.041048001497983932,0.041117999702692032,12736280
2019-02-14T00:00:00.000000Z,0.0411360003054142,0.04135499894618988,0.040222000330686569,0.040539998561143875,11428290
2019-02-15T00:00:00.000000Z,0.040536001324653625,0.041365999728441238,0.040252998471260071,0.040600001811981201,13336096
2019-02-16T00:00:00.000000Z,0.040619000792503357,0.041253998875617981,0.040568999946117401,0.041025999933481216,11097836
2019-02-17T00:00:00.000000Z,0.041026998311281204,0.041843999177217484,0.040612000972032547,0.04145200178027153,15275650
2019-02-18T00:00:00.000000Z,0.041467998176813126,0.046689998358488083,0.041379999369382858,0.045605000108480453,36845046
2019-02-19T00:00:00.000000Z,0.045682001858949661,0.048025999218225479,0.045655999332666397,0.046158000826835632,42563543
2019-02-20T00:00:00.000000Z,0.046176999807357788,0.047664999961853027,0.045290999114513397,0.047550998628139496,25594089
2019-02-21T00:00:00.000000Z,0.04758400097489357,0.047779001295566559,0.044739998877048492,0.044968999922275543,25111686
2019-02-22T00:00:00.000000Z,0.045040998607873917,0.046163000166416168,0.04483800008893013,0.046163000166416168,17691042
2019-02-23T00:00:00.000000Z,0.045981999486684799,0.048884999006986618,0.045719001442193985,0.048592999577522278,27665133
2019-02-24T00:00:00.000000Z,0.048726998269557953,0.050459999591112137,0.04206399992108345,0.042456001043319702,51650807
2019-02-25T00:00:00.000000Z,0.042167998850345612,0.044567998498678207,0.042167998850345612,0.044043000787496567,24692110
2019-02-26T00:00:00.000000Z,0.043965000659227371,0.044018998742103577,0.042798001319169998,0.043304000049829483,16641229
2019-02-27T00:00:00.000000Z,0.043329000473022461,0.043822001665830612,0.042096998542547226,0.043269999325275421,18346578
2019-02-28T00:00:00.000000Z,0.043244998902082443,0.043724998831748962,0.042948000133037567,0.043122999370098114,14678619
2019-03-01T00:00:00.000000Z,0.043111998587846756,0.044112998992204666,0.043078001588582993,0.043278999626636505,12997144
2019-03-02T00:00:00.000000Z,0.043216999620199203,0.043531998991966248,0.042479999363422394,0.042837999761104584,11304263
2019-03-03T00:00:00.000000Z,0.04285300150513649,0.042996000498533249,0.04215800017118454,0.042311999946832657,11011517
2019-03-04T00:00:00.000000Z,0.042302999645471573,0.042477000504732132,0.039829999208450317,0.040601998567581177,18487838
2019-03-05T00:00:00.000000Z,0.040598999708890915,0.043352998793125153,0.040298998355865479,0.043212000280618668,20952204
2019-03-06T00:00:00.000000Z,0.043184999376535416,0.043469998985528946,0.042353998869657516,0.04284299910068512,15221353
2019-03-07T00:00:00.000000Z,0.04284999892115593,0.043581001460552216,0.042513001710176468,0.042943999171257019,17201356
2019-03-08T00:00:00.000000Z,0.042952001094818115,0.043793998658657074,0.042461000382900238,0.042663998901844025,20315017
2019-03-09T00:00:00.000000Z,0.042686000466346741,0.046950999647378922,0.042656000703573227,0.046728000044822693,52185658
2019-03-10T00:00:00.000000Z,0.046753998845815659,0.046753998845815659,0.044463001191616058,0.045697998255491257,27465022
2019-03-11T00:00:00.000000Z,0.045696999877691269,0.048525001853704453,0.044978998601436615,0.04763299971818924,54732770
2019-03-12T00:00:00.000000Z,0.047664999961853027,0.048216000199317932,0.045892998576164246,0.047396998852491379,35348849
2019-03-13T00:00:00.000000Z,0.047366000711917877,0.048583999276161194,0.04621100053191185,0.04659000039100647,29855262
2019-03-14T00:00:00.000000Z,0.046574998646974564,0.048252001404762268,0.046348001807928085,0.048055000603199005,26216581
2019-03-15T00:00:00.000000Z,0.047986000776290894,0.050829000771045685,0.04795600101351738,0.050076998770236969,42730118
2019-03-16T00:00:00.000000Z,0.050112001597881317,0.051876001060009003,0.049740001559257507,0.051621001213788986,44616837
2019-03-17T00:00:00.000000Z,0.051600001752376556,0.051761999726295471,0.050014998763799667,0.050207000225782394,28870445
2019-03-18T00:00:00.000000Z,0.050310999155044556,0.051134001463651657,0.049667999148368835,0.050452001392841339,37198857
2019-03-19T00:00:00.000000Z,0.050457000732421875,0.053690999746322632,0.049756001681089401,0.052593998610973358,46089908
2019-03-20T00:00:00.000000Z,0.052719000726938248,0.053922999650239944,0.05136600136756897,0.053890999406576157,47370106
2019-03-21T00:00:00.000000Z,0.053957000374794006,0.054958000779151917,0.050767000764608383,0.052900001406669617,66543590
2019-03-22T00:00:00.000000Z,0.05290599912405014,0.059172000735998154,0.052668001502752304,0.058061998337507248,119817467
2019-03-23T00:00:00.000000Z,0.057992998510599136,0.064727000892162323,0.057046998292207718,0.063781000673770905,137854804
2019-03-24T00:00:00.000000Z,0.063722997903823853,0.064346998929977417,0.059714999049901962,0.061703998595476151,102441666
2019-03-25T00:00:00.000000Z,0.06185000017285347,0.06185000017285347,0.057534001767635345,0.059025000780820847,74748665
2019-03-26T00:00:00.000000Z,0.059206001460552216,0.062369998544454575,0.059131000190973282,0.062369998544454575,79200006
2019-03-27T00:00:00.000000Z,0.062231998890638351,0.068331003189086914,0.061273001134395599,0.067594997584819794,113386031
2019-03-28T00:00:00.000000Z,0.067593000829219818,0.067593000829219818,0.065003000199794769,0.065828002989292145,78259560
2019-03-29T00:00:00.000000Z,0.065762996673583984,0.072777003049850464,0.065762996673583984,0.071289002895355225,125904170
2019-03-30T00:00:00.000000Z,0.071257002651691437,0.073711998760700226,0.068405002355575562,0.07173900306224823,94907668
2019-03-31T00:00:00.000000Z,0.07173900306224823,0.07212500274181366,0.06939300149679184,0.069746002554893494,67772020
2019-04-01T00:00:00.000000Z,0.069651000201702118,0.072755999863147736,0.069018997251987457,0.072329998016357422,81836247
2019-04-02T00:00:00.000000Z,0.072310000658035278,0.085467003285884857,0.070908002555370331,0.085467003285884857,201276068
2019-04-03T00:00:00.000000Z,0.085436999797821045,0.09995800256729126,0.084839999675750732,0.090723000466823578,300935985
2019-04-04T00:00:00.000000Z,0.090517997741699219,0.094088003039360046,0.083282999694347382,0.087370000779628754,182769802
2019-04-05T00:00:00.000000Z,0.087355002760887146,0.092228002846240997,0.087342001497745514,0.091225996613502502,122685904
2019-04-06T00:00:00.000000Z,0.091214001178741455,0.093681000173091888,0.087901003658771515,0.090288996696472168,114652738
2019-04-07T00:00:00.000000Z,0.090161003172397614,0.091286003589630127,0.088536001741886139,0.090484000742435455,100804121
2019-04-08T00:00:00.000000Z,0.090466000139713287,0.091622002422809601,0.083341002464294434,0.087008997797966003,134978650
2019-04-09T00:00:00.000000Z,0.08698900043964386,0.087017998099327087,0.081707000732421875,0.083749003708362579,122878696
2019-04-10T00:00:00.000000Z,0.083778999745845795,0.092478998005390167,0.083535000681877136,0.089964002370834351,131422302
2019-04-11T00:00:00.000000Z,0.089928999543190002,0.090715996921062469,0.077628999948501587,0.083384998142719269,163656338
2019-04-12T00:00:00.000000Z,0.083584003150463104,0.08537600189447403,0.080397002398967743,0.083462998270988464,110371615
2019-04-13T00:00:00.000000Z,0.08348499983549118,0.085506998002529144,0.082906998693943024,0.083731003105640411,71755836
2019-04-14T00:00:00.000000Z,0.083731003105640411,0.085478998720645905,0.081372000277042389,0.084642998874187469,82514758
2019-04-15T00:00:00.000000Z,0.084642998874187469,0.085634000599384308,0.081359997391700745,0.082307003438472748,73555913
2019-04-16T00:00:00.000000Z,0.082264997065067291,0.083860002458095551,0.08045099675655365,0.083783000707626343,65962870
2019-04-17T00:00:00.000000Z,0.083784997463226318,0.084559999406337738,0.082078002393245697,0.083074003458023071,66210753
2019-04-18T00:00:00.000000Z,0.083066001534461975,0.083883002400398254,0.081376999616622925,0.081775002181529999,70016366
2019-04-19T00:00:00.000000Z,0.081739000976085663,0.08178199827671051,0.078210003674030304,0.079499997198581696,82646736
2019-04-20T00:00:00.000000Z,0.0795150026679039,0.0795150026679039,0.075401000678539276,0.076505996286869049,77410325
2019-04-21T00:00:00.000000Z,0.076555997133255005,0.077978000044822693,0.071988999843597412,0.074106000363826752,89301952
2019-04-22T00:00:00.000000Z,0.074101001024246216,0.079375997185707092,0.072221003472805023,0.078039996325969696,90476347
2019-04-23T00:00:00.000000Z,0.078066997230052948,0.080333001911640167,0.074321001768112183,0.074524000287055969,100698845
2019-04-24T00:00:00.000000Z,0.074524000287055969,0.075839996337890625,0.068737000226974487,0.072645001113414764,90318024
2019-04-25T00:00:00.000000Z,0.072642996907234192,0.076030001044273376,0.068668000400066376,0.06924399733543396,96537994
2019-04-26T00:00:00.000000Z,0.069347001612186432,0.070827998220920563,0.066881000995635986,0.069219000637531281,83227768
2019-04-27T00:00:00.000000Z,0.069210998713970184,0.071602001786231995,0.06827399879693985,0.070196002721786499,50161507
2019-04-28T00:00:00.000000Z,0.070188999176025391,0.070646002888679504,0.06802000105381012,0.068590998649597168,42979831
2019-04-29T00:00:00.000000Z,0.068619996309280396,0.068970002233982086,0.064203999936580658,0.064631000161170959,69287156
2019-04-30T00:00:00.000000Z,0.064661003649234772,0.07034599781036377,0.064661003649234772,0.07034599781036377,62990602
2019-05-01T00:00:00.000000Z,0.07033800333738327,0.070770002901554108,0.067533001303672791,0.069013997912406921,58865338
2019-05-02T00:00:00.000000Z,0.069020003080368042,0.069710001349449158,0.068277999758720398,0.068579003214836121,55122571
2019-05-03T00:00:00.000000Z,0.068575002253055573,0.071937002241611481,0.067652001976966858,0.069857999682426453,77726744
2019-05-04T00:00:00.000000Z,0.069857999682426453,0.071953997015953064,0.065831996500492096,0.066880002617835999,75467767
2019-05-05T00:00:00.000000Z,0.06690700352191925,0.067965999245643616,0.065709002315998077,0.066146001219749451,49098473
2019-05-06T00:00:00.000000Z,0.066164001822471619,0.068470999598503113,0.063681997358798981,0.066780000925064087,60289464
2019-05-07T00:00:00.000000Z,0.066758997738361359,0.068643003702163696,0.064035996794700623,0.064035996794700623,53650714
2019-05-08T00:00:00.000000Z,0.064016997814178467,0.064989998936653137,0.062167998403310776,0.06460600346326828,40605280
2019-05-09T00:00:00.000000Z,0.06460600346326828,0.065068997442722321,0.060437001287937164,0.061691001057624817,60306853
2019-05-10T00:00:00.000000Z,0.061694998294115067,0.064837001264095306,0.059105999767780304,0.06342799961566925,87926146
2019-05-11T00:00:00.000000Z,0.063354998826980591,0.078432001173496246,0.063009999692440033,0.075171001255512238,187252193
2019-05-12T00:00:00.000000Z,0.075144998729228973,0.076753996312618256,0.068443998694419861,0.070086002349853516,141023789
2019-05-13T00:00:00.000000Z,0.070086002349853516,0.076612003147602081,0.069530002772808075,0.073072001338005066,124764723
2019-05-14T00:00:00.000000Z,0.073016002774238586,0.084570996463298798,0.072869002819061279,0.084504999220371246,192076841
2019-05-15T00:00:00.000000Z,0.084562003612518311,0.094902001321315765,0.08355800062417984,0.093951001763343811,207490352
2019-05-16T00:00:00.000000Z,0.093996003270149231,0.10040199756622314,0.084325999021530151,0.088160999119281769,270983572
2019-05-17T00:00:00.000000Z,0.088206999003887177,0.090824998915195465,0.076632998883724213,0.083259999752044678,208531470
2019-05-18T00:00:00.000000Z,0.083259999752044678,0.084879003465175629,0.078878998756408691,0.079103998839855194,116482955
2019-05-19T00:00:00.000000Z,0.079062998294830322,0.088229000568389893,0.078625999391078949,0.086995996534824371,145752504
2019-05-20T00:00:00.000000Z,0.086961999535560608,0.086993001401424408,0.080144003033638,0.084848001599311829,133738559
2019-05-21T00:00:00.000000Z,0.084844000637531281,0.086442999541759491,0.08245299756526947,0.084616996347904205,97465477
2019-05-22T00:00:00.000000Z,0.084602996706962585,0.085459999740123749,0.077679999172687531,0.077955000102519989,130856368
2019-05-23T00:00:00.000000Z,0.077913999557495117,0.080695003271102905,0.074188999831676483,0.080689996480941772,101768393
2019-05-24T00:00:00.000000Z,0.080724999308586121,0.083374999463558197,0.078446999192237854,0.080868996679782867,106320608
2019-05-25T00:00:00.000000Z,0.080868996679782867,0.082558996975421906,0.079759001731872559,0.08050200343132019,62522128
2019-05-26T00:00:00.000000Z,0.08050200343132019,0.086935997009277344,0.078697003424167633,0.086014002561569214,111190329
2019-05-27T00:00:00.000000Z,0.086038000881671906,0.093475997447967529,0.085363000631332397,0.09169500321149826,171736300
2019-05-28T00:00:00.000000Z,0.091549001634120941,0.093248002231121063,0.087621003389358521,0.092814996838569641,180587855
2019-05-29T00:00:00.000000Z,0.092873997986316681,0.093768998980522156,0.086167998611927032,0.090866997838020325,154832177
2019-05-30T00:00:00.000000Z,0.090832002460956573,0.096767999231815338,0.081744000315666199,0.084509998559951782,232348615
2019-05-31T00:00:00.000000Z,0.084509998559951782,0.089937001466751099,0.081872999668121338,0.089441001415252686,136542079
2019-06-01T00:00:00.000000Z,0.089461997151374817,0.092814996838569641,0.086397998034954071,0.090533003211021423,151835928
2019-06-02T00:00:00.000000Z,0.090695001184940338,0.097519002854824066,0.090613998472690582,0.096578001976013184,187162218
2019-06-03T00:00:00.000000Z,0.096585996448993683,0.098342001438140869,0.088472001254558563,0.088707998394966125,227861801
2019-06-04T00:00:00.000000Z,0.088446997106075287,0.088446997106075287,0.079820998013019562,0.082486003637313843,184181602
2019-06-05T00:00:00.000000Z,0.082718998193740845,0.085116997361183167,0.080472998321056366,0.083438001573085785,118371207
2019-06-06T00:00:00.000000Z,0.083391003310680389,0.083979003131389618,0.078933998942375183,0.083471998572349548,154264121
2019-06-07T00:00:00.000000Z,0.083406001329421997,0.087672002613544464,0.082763999700546265,0.085807003080844879,139056743
2019-06-08T00:00:00.000000Z,0.08585599809885025,0.086594000458717346,0.082322001457214355,0.084213003516197205,126559142
2019-06-09T00:00:00.000000Z,0.084205001592636108,0.084278002381324768,0.077630996704101562,0.07947000116109848,122067718
2019-06-10T00:00:00.000000Z,0.079429998993873596,0.085684999823570251,0.078350000083446503,0.085537001490592957,139307413
2019-06-11T00:00:00.000000Z,0.085594996809959412,0.089169003069400787,0.082589000463485718,0.087964996695518494,152723260
2019-06-12T00:00:00.000000Z,0.087998002767562866,0.096554003655910492,0.086493000388145447,0.096524998545646667,247353618
2019-06-13T00:00:00.000000Z,0.096331000328063965,0.096987999975681305,0.088703997433185577,0.089739002287387848,228176588
2019-06-14T00:00:00.000000Z,0.089776001870632172,0.091248996555805206,0.085711002349853516,0.090618997812271118,205015950
2019-06-15T00:00:00.000000Z,0.090657003223896027,0.09273800253868103,0.090484999120235443,0.091683000326156616,159441139
2019-06-16T00:00:00.000000Z,0.09169500321149826,0.094278998672962189,0.090632997453212738,0.092321000993251801,197578317
2019-06-17T00:00:00.000000Z,0.092290997505187988,0.093907997012138367,0.091551996767520905,0.093557000160217285,158000947
2019-06-18T00:00:00.000000Z,0.093595996499061584,0.093698002398014069,0.088720999658107758,0.089147999882698059,146225453
2019-06-19T00:00:00.000000Z,0.089155003428459167,0.091582000255584717,0.088950999081134796,0.089979000389575958,114753637
2019-06-20T00:00:00.000000Z,0.089979000389575958,0.090263001620769501,0.085559003055095673,0.087384998798370361,159470237
2019-06-21T00:00:00.000000Z,0.087402999401092529,0.091293998062610626,0.087402999401092529,0.089561998844146729,124230175
2019-06-22T00:00:00.000000Z,0.089629001915454865,0.097833998501300812,0.089253000915050507,0.094366997480392456,243264335
2019-06-23T00:00:00.000000Z,0.094402998685836792,0.10214400291442871,0.094122998416423798,0.096643999218940735,245604694
2019-06-24T00:00:00.000000Z,0.096643999218940735,0.099069997668266296,0.094098001718521118,0.097718998789787292,135761451
2019-06-25T00:00:00.000000Z,0.09781300276517868,0.098241999745368958,0.093671001493930817,0.096357002854347229,193143080
2019-06-26T00:00:00.000000Z,0.096357002854347229,0.10690999776124954,0.096211999654769897,0.09681999683380127,340512939
2019-06-27T00:00:00.000000Z,0.097756996750831604,0.099549002945423126,0.082644000649452209,0.086448997259140015,253512191
2019-06-28T00:00:00.000000Z,0.086482003331184387,0.089690998196601868,0.084859997034072876,0.089294999837875366,195954056
2019-06-29T00:00:00.000000Z,0.089296996593475342,0.091089002788066864,0.084734000265598297,0.090421997010707855,169271858
2019-06-30T00:00:00.000000Z,0.090485997498035431,0.091168001294136047,0.082097999751567841,0.082097999751567841,161855807
2019-07-01T00:00:00.000000Z,0.082097999751567841,0.085895001888275146,0.080504000186920166,0.083821997046470642,168654991
2019-07-02T00:00:00.000000Z,0.083800002932548523,0.08459799736738205,0.076777003705501556,0.081077001988887787,180980795
2019-07-03T00:00:00.000000Z,0.081032998859882355,0.083792001008987427,0.08019699901342392,0.082998000085353851,154492407
2019-07-04T00:00:00.000000Z,0.083007000386714935,0.083007000386714935,0.077587999403476715,0.077774003148078918,142713205
2019-07-05T00:00:00.000000Z,0.077804997563362122,0.078091003000736237,0.076026998460292816,0.076531998813152313,116391599
2019-07-06T00:00:00.000000Z,0.076517999172210693,0.080289997160434723,0.076288998126983643,0.077335000038146973,128961683
2019-07-07T00:00:00.000000Z,0.077345997095108032,0.080260999500751495,0.076981998980045319,0.079963997006416321,104984613
2019-07-08T00:00:00.000000Z,0.079931996762752533,0.082258999347686768,0.079003997147083282,0.080476000905036926,114339528
2019-07-09T00:00:00.000000Z,0.080452002584934235,0.080821000039577484,0.077353999018669128,0.077992998063564301,122935384
2019-07-10T00:00:00.000000Z,0.078011997044086456,0.078322000801563263,0.069825001060962677,0.071939997375011444,119999743
2019-07-11T00:00:00.000000Z,0.07193399965763092,0.072011001408100128,0.063014999032020569,0.065199002623558044,118873479
2019-07-12T00:00:00.000000Z,0.065181002020835876,0.070840999484062195,0.063616998493671417,0.069753997027873993,118155306
2019-07-13T00:00:00.000000Z,0.069805003702640533,0.07091899961233139,0.064566999673843384,0.066770002245903015,101320397
2019-07-14T00:00:00.000000Z,0.066794998943805695,0.067184001207351685,0.059370998293161392,0.059429001063108444,101190602
2019-07-15T00:00:00.000000Z,0.05941300094127655,0.060300000011920929,0.055500999093055725,0.059537000954151154,123473435
2019-07-16T00:00:00.000000Z,0.059516001492738724,0.060982998460531235,0.050817001610994339,0.052051998674869537,103254765
2019-07-17T00:00:00.000000Z,0.051952999085187912,0.057911001145839691,0.050071001052856445,0.055238999426364899,97931570
2019-07-18T00:00:00.000000Z,0.055234998464584351,0.059512000530958176,0.053555998951196671,0.058772001415491104,88644360
2019-07-19T00:00:00.000000Z,0.058772001415491104,0.060805998742580414,0.056659001857042313,0.059787001460790634,63433081
2019-07-20T00:00:00.000000Z,0.059808000922203064,0.065131999552249908,0.059633001685142517,0.062958002090454102,71844245
2019-07-21T00:00:00.000000Z,0.062944002449512482,0.06421399861574173,0.059641998261213303,0.061202999204397202,53461726
2019-07-22T00:00:00.000000Z,0.061207998543977737,0.062066998332738876,0.058258999139070511,0.059466000646352768,53620677
2019-07-23T00:00:00.000000Z,0.059463001787662506,0.059555999934673309,0.0554019995033741,0.05581200122833252,59728001
2019-07-24T00:00:00.000000Z,0.05581200122833252,0.059115998446941376,0.054026998579502106,0.059046000242233276,60954092
2019-07-25T00:00:00.000000Z,0.059073001146316528,0.060573000460863113,0.058391999453306198,0.058664001524448395,46420719
2019-07-26T00:00:00.000000Z,0.058678001165390015,0.062913000583648682,0.057062000036239624,0.062884002923965454,57109968
2019-07-27T00:00:00.000000Z,0.062884002923965454,0.063676998019218445,0.057496998459100723,0.059870999306440353,55521874
2019-07-28T00:00:00.000000Z,0.059875000268220901,0.059999998658895493,0.057163000106811523,0.059473998844623566,30475480
2019-07-29T00:00:00.000000Z,0.059379000216722488,0.061974998563528061,0.058410000056028366,0.060392998158931732,42220707
2019-07-30T00:00:00.000000Z,0.06041400134563446,0.061179999262094498,0.05882599949836731,0.059944000095129013,32759717
2019-07-31T00:00:00.000000Z,0.059941999614238739,0.060913998633623123,0.059404999017715454,0.060152001678943634,47344104
2019-08-01T00:00:00.000000Z,0.060159999877214432,0.060288000851869583,0.057983998209238052,0.058871999382972717,44730277
2019-08-02T00:00:00.000000Z,0.05886400118470192,0.058935999870300293,0.056646998971700668,0.057411998510360718,50056239
2019-08-03T00:00:00.000000Z,0.057417001575231552,0.058364998549222946,0.056921001523733139,0.057762999087572098,37149597
2019-08-04T00:00:00.000000Z,0.057769998908042908,0.058184999972581863,0.056193001568317413,0.056271001696586609,45039557
2019-08-05T00:00:00.000000Z,0.056269999593496323,0.058363001793622971,0.056127998977899551,0.056680001318454742,54461469
2019-08-06T00:00:00.000000Z,0.056651998311281204,0.056678000837564468,0.053004998713731766,0.053369000554084778,48272769
2019-08-07T00:00:00.000000Z,0.053373999893665314,0.054074998944997787,0.051444001495838165,0.051906000822782516,46290311
2019-08-08T00:00:00.000000Z,0.051906000822782516,0.052933000028133392,0.050434000790119171,0.051970001310110092,47971636
2019-08-09T00:00:00.000000Z,0.051910001784563065,0.052058000117540359,0.0474729984998703,0.047641001641750336,43195565
2019-08-10T00:00:00.000000Z,0.047641001641750336,0.053137000650167465,0.047607999294996262,0.051980998367071152,64446722
2019-08-11T00:00:00.000000Z,0.05199199914932251,0.055927999317646027,0.051947001367807388,0.05498100072145462,58526308
2019-08-12T00:00:00.000000Z,0.054795999079942703,0.054795999079942703,0.05264899879693985,0.052937999367713928,35518598
2019-08-13T00:00:00.000000Z,0.052932001650333405,0.053011998534202576,0.050009001046419144,0.052560999989509583,48509717
2019-08-14T00:00:00.000000Z,0.052554000169038773,0.053495999425649643,0.046967998147010803,0.046999998390674591,65540880
2019-08-15T00:00:00.000000Z,0.047090001404285431,0.048016998916864395,0.045497000217437744,0.047518998384475708,43373583
2019-08-16T00:00:00.000000Z,0.047536000609397888,0.047536000609397888,0.044860001653432846,0.046840999275445938,44228391
2019-08-17T00:00:00.000000Z,0.046868998557329178,0.048044998198747635,0.046337999403476715,0.047393001616001129,34826995
2019-08-18T00:00:00.000000Z,0.047423999756574631,0.051208999007940292,0.047047000378370285,0.050730999559164047,38253395
2019-08-19T00:00:00.000000Z,0.050725001841783524,0.050813000649213791,0.049685999751091003,0.050298001617193222,32307052
2019-08-20T00:00:00.000000Z,0.050250999629497528,0.050331000238656998,0.048842001706361771,0.049194999039173126,32132615
2019-08-21T00:00:00.000000Z,0.049226000905036926,0.049226000905036926,0.046045999974012375,0.047113001346588135,43633315
2019-08-22T00:00:00.000000Z,0.04715299978852272,0.051160998642444611,0.046739000827074051,0.049410000443458557,60163313
2019-08-23T00:00:00.000000Z,0.049410000443458557,0.050266999751329422,0.048902999609708786,0.049789998680353165,54095276
2019-08-24T00:00:00.000000Z,0.049802001565694809,0.051190998405218124,0.048314999788999557,0.050177000463008881,87164791
2019-08-25T00:00:00.000000Z,0.050170000642538071,0.052604999393224716,0.048712000250816345,0.049439001828432083,104616408
2019-08-26T00:00:00.000000Z,0.049453999847173691,0.050944000482559204,0.048893000930547714,0.049697000533342361,86216612
2019-08-27T00:00:00.000000Z,0.049706000834703445,0.049949999898672104,0.048179998993873596,0.049839001148939133,38041608
2019-08-28T00:00:00.000000Z,0.049862999469041824,0.050333000719547272,0.045701999217271805,0.04582500085234642,65386760
2019-08-29T00:00:00.000000Z,0.045834999531507492,0.045834999531507492,0.043395999819040298,0.044697001576423645,53919498
2019-08-30T00:00:00.000000Z,0.044716000556945801,0.045855998992919922,0.04425400123000145,0.044824998825788498,51959378
2019-08-31T00:00:00.000000Z,0.04482400044798851,0.045584999024868011,0.044082000851631165,0.044989999383687973,44165774
2019-09-01T00:00:00.000000Z,0.044952001422643661,0.045357000082731247,0.04372899979352951,0.044543001800775528,31928555
2019-09-02T00:00:00.000000Z,0.044555000960826874,0.046112999320030212,0.043421998620033264,0.045361999422311783,42959888
2019-09-03T00:00:00.000000Z,0.045375999063253403,0.047398999333381653,0.0447859987616539,0.046771001070737839,63769390
2019-09-04T00:00:00.000000Z,0.046783998608589172,0.046789001673460007,0.04521699994802475,0.045517001301050186,40737362
2019-09-05T00:00:00.000000Z,0.045504000037908554,0.045543000102043152,0.043958999216556549,0.044436998665332794,47778879
2019-09-06T00:00:00.000000Z,0.044436998665332794,0.044762998819351196,0.043793000280857086,0.044415000826120377,44478145
2019-09-07T00:00:00.000000Z,0.044426001608371735,0.046585001051425934,0.043848998844623566,0.046197999268770218,40837132
2019-09-08T00:00:00.000000Z,0.04621100053191185,0.047653000801801682,0.04621100053191185,0.046718999743461609,46948887
2019-09-09T00:00:00.000000Z,0.046705998480319977,0.047210998833179474,0.045501001179218292,0.046930998563766479,64445050
2019-09-10T00:00:00.000000Z,0.04690299928188324,0.048140000551939011,0.045915000140666962,0.046509999781847,48839824
2019-09-11T00:00:00.000000Z,0.04649600014090538,0.046638999134302139,0.044585999101400375,0.044989999383687973,51727434
2019-09-12T00:00:00.000000Z,0.044992998242378235,0.046413999050855637,0.044422999024391174,0.045451998710632324,43222873
2019-09-13T00:00:00.000000Z,0.045462001115083694,0.045795001089572906,0.044962998479604721,0.045752998441457748,38257028
2019-09-14T00:00:00.000000Z,0.045758001506328583,0.047088000923395157,0.044961001724004745,0.04652399942278862,51690256
2019-09-15T00:00:00.000000Z,0.046507000923156738,0.047113999724388123,0.046231001615524292,0.046799000352621078,41237029
2019-09-16T00:00:00.000000Z,0.046815000474452972,0.047662001103162766,0.046098999679088593,0.047070998698472977,45484816
2019-09-17T00:00:00.000000Z,0.047109998762607574,0.050429001450538635,0.047106001526117325,0.049008000642061234,85720810
2019-09-18T00:00:00.000000Z,0.048948999494314194,0.054921001195907593,0.048866000026464462,0.05329199880361557,138254972
2019-09-19T00:00:00.000000Z,0.053295999765396118,0.054614000022411346,0.049906998872756958,0.052503999322652817,129365460
2019-09-20T00:00:00.000000Z,0.052491001784801483,0.052556999027729034,0.050519999116659164,0.052340000867843628,96532515
2019-09-21T00:00:00.000000Z,0.052335001528263092,0.053348001092672348,0.051348000764846802,0.05192200094461441,81964426
2019-09-22T00:00:00.000000Z,0.051894001662731171,0.051954001188278198,0.047857001423835754,0.049111001193523407,86152016
2019-09-23T00:00:00.000000Z,0.049045000225305557,0.04955499991774559,0.046264000236988068,0.046264000236988068,70372238
2019-09-24T00:00:00.000000Z,0.046259000897407532,0.046666000038385391,0.03602299839258194,0.037572998553514481,118474846
2019-09-25T00:00:00.000000Z,0.037610001862049103,0.040334001183509827,0.036352001130580902,0.039395999163389206,126192409
2019-09-26T00:00:00.000000Z,0.0394119992852211,0.040286999195814133,0.035643000155687332,0.038228999823331833,98838747
2019-09-27T00:00:00.000000Z,0.038229998201131821,0.039923999458551407,0.037209000438451767,0.039531998336315155,80670015
2019-09-28T00:00:00.000000Z,0.039510000497102737,0.039765998721122742,0.038444999605417252,0.038826998323202133,39805246
2019-09-29T00:00:00.000000Z,0.038828000426292419,0.038917001336812973,0.036642000079154968,0.0374860018491745,43311030
2019-09-30T00:00:00.000000Z,0.037473998963832855,0.039287000894546509,0.036421999335289001,0.038885001093149185,57274489
2019-10-01T00:00:00.000000Z,0.038885999470949173,0.039958000183105469,0.038396000862121582,0.038506999611854553,38320346
2019-10-02T00:00:00.000000Z,0.038506999611854553,0.039515998214483261,0.037868000566959381,0.039445001631975174,36838966
2019-10-03T00:00:00.000000Z,0.039400000125169754,0.03972800076007843,0.037875998765230179,0.038361001759767532,37098921
2019-10-04T00:00:00.000000Z,0.03836200013756752,0.04038500040769577,0.037911999970674515,0.039666999131441116,48050293
2019-10-05T00:00:00.000000Z,0.039654999971389771,0.039992999285459518,0.038844000548124313,0.039730001240968704,37111643
2019-10-06T00:00:00.000000Z,0.039712999016046524,0.040323000401258469,0.038851000368595123,0.039324000477790833,38119872
2019-10-07T00:00:00.000000Z,0.039305001497268677,0.041898000985383987,0.038630001246929169,0.041671998798847198,69132008
2019-10-08T00:00:00.000000Z,0.041675999760627747,0.042180001735687256,0.040504999458789825,0.041441000998020172,56654020
2019-10-09T00:00:00.000000Z,0.04144199937582016,0.043313000351190567,0.040972001850605011,0.042628999799489975,61997644
2019-10-10T00:00:00.000000Z,0.042628999799489975,0.042640998959541321,0.040856000036001205,0.041661001741886139,51703356
2019-10-11T00:00:00.000000Z,0.041701000183820724,0.04216499999165535,0.040562000125646591,0.040623001754283905,46907955
2019-10-12T00:00:00.000000Z,0.040539998561143875,0.041235998272895813,0.040481999516487122,0.040541999042034149,34809571
2019-10-13T00:00:00.000000Z,0.040539998561143875,0.041800998151302338,0.040511999279260635,0.041324999183416367,34184265
2019-10-14T00:00:00.000000Z,0.041324999183416367,0.042162001132965088,0.041110001504421234,0.041788998991250992,41060021
2019-10-15T00:00:00.000000Z,0.041795998811721802,0.041948001831769943,0.039367001503705978,0.039765998721122742,47200974
2019-10-16T00:00:00.000000Z,0.039760001003742218,0.039951998740434647,0.037804000079631805,0.03874099999666214,44617564
2019-10-17T00:00:00.000000Z,0.038725998252630234,0.039533000439405441,0.038169000297784805,0.039524000138044357,36229682
2019-10-18T00:00:00.000000Z,0.039526998996734619,0.039593998342752457,0.037590999156236649,0.038072999566793442,39606481
2019-10-19T00:00:00.000000Z,0.038079001009464264,0.039671998471021652,0.037831999361515045,0.039225000888109207,40431591
2019-10-20T00:00:00.000000Z,0.039216998964548111,0.039618998765945435,0.038442999124526978,0.039528999477624893,33137956
2019-10-21T00:00:00.000000Z,0.039542999118566513,0.039558999240398407,0.038694001734256744,0.039280001074075699,36963296
2019-10-22T00:00:00.000000Z,0.039271000772714615,0.040109001100063324,0.038809999823570251,0.038816001266241074,39376929
2019-10-23T00:00:00.000000Z,0.038819998502731323,0.038979001343250275,0.035785999149084091,0.036409001797437668,48257598
2019-10-24T00:00:00.000000Z,0.036409001797437668,0.038109000772237778,0.036203000694513321,0.037684999406337738,49800738
2019-10-25T00:00:00.000000Z,0.037677999585866928,0.041799001395702362,0.037581000477075577,0.041246000677347183,80455621
2019-10-26T00:00:00.000000Z,0.041219998151063919,0.043177001178264618,0.039668001234531403,0.040546998381614685,122861125
2019-10-27T00:00:00.000000Z,0.040536999702453613,0.042984999716281891,0.039636999368667603,0.042334999889135361,122643093
2019-10-28T00:00:00.000000Z,0.042314998805522919,0.0445530004799366,0.042050998657941818,0.0423629991710186,101906301
2019-10-29T00:00:00.000000Z,0.042328000068664551,0.043818999081850052,0.042259000241756439,0.04344400018453598,83357024
2019-10-30T00:00:00.000000Z,0.043428000062704086,0.044337000697851181,0.041333999484777451,0.041967000812292099,87541890
2019-10-31T00:00:00.000000Z,0.041962999850511551,0.042791999876499176,0.040456000715494156,0.041636001318693161,65333067
2019-11-01T00:00:00.000000Z,0.041645001620054245,0.042858000844717026,0.041239999234676361,0.042344998568296432,60880837
2019-11-02T00:00:00.000000Z,0.042335998266935349,0.042745001614093781,0.042068999260663986,0.042599000036716461,47127524
2019-11-03T00:00:00.000000Z,0.042580999433994293,0.042683999985456467,0.041358001530170441,0.041930001229047775,38559537
2019-11-04T00:00:00.000000Z,0.041889000684022903,0.043257001787424088,0.041606999933719635,0.043235998600721359,62120503
2019-11-05T00:00:00.000000Z,0.043260999023914337,0.044927999377250671,0.04323200136423111,0.044328000396490097,82868890
2019-11-06T00:00:00.000000Z,0.044300999492406845,0.046105001121759415,0.043825998902320862,0.044955998659133911,71743244
2019-11-07T00:00:00.000000Z,0.044927999377250671,0.045017998665571213,0.042723998427391052,0.043637000024318695,63525683
2019-11-08T00:00:00.000000Z,0.043643999844789505,0.04383699968457222,0.041379999369382858,0.042296998202800751,70275428
2019-11-09T00:00:00.000000Z,0.042298000305891037,0.042755000293254852,0.042139001190662384,0.042445000261068344,41365742
2019-11-10T00:00:00.000000Z,0.042438000440597534,0.044227000325918198,0.042387999594211578,0.043958000838756561,71691725
2019-11-11T00:00:00.000000Z,0.043970998376607895,0.04412199929356575,0.04249899834394455,0.0431939996778965,57846910
2019-11-12T00:00:00.000000Z,0.043257001787424088,0.044631000608205795,0.043226998299360275,0.04376700147986412,79520150
2019-11-13T00:00:00.000000Z,0.043721999973058701,0.044043999165296555,0.043320000171661377,0.043492000550031662,42332678
2019-11-14T00:00:00.000000Z,0.0434890016913414,0.043549999594688416,0.042399000376462936,0.043118998408317566,53295194
2019-11-15T00:00:00.000000Z,0.043129999190568924,0.044431999325752258,0.042328998446464539,0.043974000960588455,81592975
2019-11-16T00:00:00.000000Z,0.043977998197078705,0.044654998928308487,0.043510999530553818,0.044172000139951706,61781146
2019-11-17T00:00:00.000000Z,0.04415300115942955,0.046422999352216721,0.043669998645782471,0.045421000570058823,74834540
2019-11-18T00:00:00.000000Z,0.045402999967336655,0.046652000397443771,0.043542999774217606,0.04380200058221817,106595679
2019-11-19T00:00:00.000000Z,0.043696999549865723,0.044450998306274414,0.04138299822807312,0.042541999369859695,91311583
2019-11-20T00:00:00.000000Z,0.042587999254465103,0.04279400035738945,0.04080900177359581,0.041177999228239059,69854304
2019-11-21T00:00:00.000000Z,0.041168998926877975,0.041248999536037445,0.037726998329162598,0.038405999541282654,67101708
2019-11-22T00:00:00.000000Z,0.038447000086307526,0.03868500143289566,0.03461100161075592,0.037147998809814453,93310136
2019-11-23T00:00:00.000000Z,0.037158999592065811,0.038423001766204834,0.036701001226902008,0.038343001157045364,58979321
2019-11-24T00:00:00.000000Z,0.038371000438928604,0.038915999233722687,0.035555999726057053,0.03558799996972084,62998664
2019-11-25T00:00:00.000000Z,0.035542998462915421,0.037184000015258789,0.03333599865436554,0.036047998815774918,96694224
2019-11-26T00:00:00.000000Z,0.036045998334884644,0.037073999643325806,0.035705000162124634,0.036993000656366348,57431470
2019-11-27T00:00:00.000000Z,0.036954998970031738,0.039799999445676804,0.035783000290393829,0.039048999547958374,76841561
2019-11-28T00:00:00.000000Z,0.039129000157117844,0.039990000426769257,0.038640998303890228,0.039190001785755157,60743403
2019-11-29T00:00:00.000000Z,0.039227001368999481,0.042040001600980759,0.039193999022245407,0.041423000395298004,99506198
2019-11-30T00:00:00.000000Z,0.041416000574827194,0.042268000543117523,0.040068000555038452,0.040424998849630356,64184926
2019-12-01T00:00:00.000000Z,0.040426000952720642,0.040426000952720642,0.038467001169919968,0.039586998522281647,59641355
2019-12-02T00:00:00.000000Z,0.039611998945474625,0.039769001305103302,0.037579998373985291,0.03805600106716156,43069274
2019-12-03T00:00:00.000000Z,0.038047000765800476,0.038761001080274582,0.037225998938083649,0.037916999310255051,34356883
2019-12-04T00:00:00.000000Z,0.037905998528003693,0.038532998412847519,0.036550000309944153,0.037404999136924744,51692274
2019-12-05T00:00:00.000000Z,0.037402000278234482,0.038979001343250275,0.036968998610973358,0.037870999425649643,39975672
2019-12-06T00:00:00.000000Z,0.037879001349210739,0.038323000073432922,0.037477999925613403,0.0383169986307621,30049656
2019-12-07T00:00:00.000000Z,0.038311999291181564,0.039248999208211899,0.038194999098777771,0.038757000118494034,30151245
2019-12-08T00:00:00.000000Z,0.038752999156713486,0.039241001009941101,0.038385998457670212,0.038947999477386475,25653004
2019-12-09T00:00:00.000000Z,0.038931999355554581,0.03897399827837944,0.037422001361846924,0.037482999265193939,31176739
2019-12-10T00:00:00.000000Z,0.037473998963832855,0.037556000053882599,0.036295000463724136,0.036605998873710632,32469759
2019-12-11T00:00:00.000000Z,0.036602001637220383,0.03732600063085556,0.036322001367807388,0.0366550013422966,46812214
2019-12-12T00:00:00.000000Z,0.03665199875831604,0.036931000649929047,0.036249000579118729,0.036722999066114426,41806143
2019-12-13T00:00:00.000000Z,0.036719001829624176,0.037372000515460968,0.036628000438213348,0.037108000367879868,42557714
2019-12-14T00:00:00.000000Z,0.037160001695156097,0.037526998668909073,0.036086998879909515,0.036426998674869537,39951085
2019-12-15T00:00:00.000000Z,0.036449000239372253,0.036802999675273895,0.034807998687028885,0.036653000861406326,28289227
2019-12-16T00:00:00.000000Z,0.03666200116276741,0.036715999245643616,0.03358900174498558,0.034269001334905624,41961581
2019-12-17T00:00:00.000000Z,0.034269001334905624,0.034285001456737518,0.031295999884605408,0.031800001859664917,54217973
2019-12-18T00:00:00.000000Z,0.031794000416994095,0.034662000834941864,0.030884999781847,0.034462001174688339,61099755
2019-12-19T00:00:00.000000Z,0.034455999732017517,0.034793000668287277,0.033066999167203903,0.033250998705625534,43861871
2019-12-20T00:00:00.000000Z,0.033263999968767166,0.034008998423814774,0.032871000468730927,0.034003999084234238,32935799
2019-12-21T00:00:00.000000Z,0.034000001847743988,0.034074001014232635,0.032940000295639038,0.033261999487876892,25280467
2019-12-22T00:00:00.000000Z,0.033264998346567154,0.034494999796152115,0.033211998641490936,0.034465998411178589,24856106
2019-12-23T00:00:00.000000Z,0.034441001713275909,0.034584000706672668,0.033160001039505005,0.03319999948143959,36538150
2019-12-24T00:00:00.000000Z,0.033195000141859055,0.035050000995397568,0.032905001193284988,0.034161999821662903,30932186
2019-12-25T00:00:00.000000Z,0.034184999763965607,0.034409001469612122,0.033250998705625534,0.033727999776601791,19588981
2019-12-26T00:00:00.000000Z,0.033744998276233673,0.034768000245094299,0.033544000238180161,0.03428100049495697,28317661
2019-12-27T00:00:00.000000Z,0.034279000014066696,0.034426998347043991,0.032225999981164932,0.033100001513957977,42498574
2019-12-28T00:00:00.000000Z,0.033094998449087143,0.034210998564958572,0.033078998327255249,0.033631999045610428,23018616
2019-12-29T00:00:00.000000Z,0.033636998385190964,0.034690000116825104,0.033390000462532043,0.034283999353647232,23696263
2019-12-30T00:00:00.000000Z,0.034278001636266708,0.034595001488924026,0.033493001013994217,0.033594001084566116,21940559
2019-12-31T00:00:00.000000Z,0.03360699862241745,0.033897999674081802,0.032793998718261719,0.032845001667737961,25320349
2020-01-01T00:00:00.000000Z,0.032832000404596329,0.033812999725341797,0.032703999429941177,0.033457998186349869,22948374
2020-01-02T00:00:00.000000Z,0.033473998308181763,0.033507000654935837,0.032448001205921173,0.032751001417636871,20843934
2020-01-03T00:00:00.000000Z,0.032747998833656311,0.034426998347043991,0.032490998506546021,0.034180000424385071,30162644
2020-01-04T00:00:00.000000Z,0.034191001206636429,0.034685000777244568,0.033872000873088837,0.034595001488924026,29535781
2020-01-05T00:00:00.000000Z,0.034573998302221298,0.035356000065803528,0.034545000642538071,0.034720998257398605,21479178
2020-01-06T00:00:00.000000Z,0.034751001745462418,0.037298999726772308,0.03467399999499321,0.037271998822689056,37988444
2020-01-07T00:00:00.000000Z,0.037291001528501511,0.037806998938322067,0.036653000861406326,0.037046998739242554,51562680
2020-01-08T00:00:00.000000Z,0.03705500066280365,0.038550999015569687,0.036015000194311142,0.036435000598430634,49193345
2020-01-09T00:00:00.000000Z,0.036444999277591705,0.036444999277591705,0.035672999918460846,0.036359000951051712,26562776
2020-01-10T00:00:00.000000Z,0.036334998905658722,0.036979999393224716,0.034807000309228897,0.036873999983072281,47483943
2020-01-11T00:00:00.000000Z,0.036853998899459839,0.037578999996185303,0.036522001028060913,0.036825001239776611,63485488
2020-01-12T00:00:00.000000Z,0.036821000277996063,0.037748001515865326,0.036580000072717667,0.037689998745918274,56546260
2020-01-13T00:00:00.000000Z,0.037696000188589096,0.037944000214338303,0.036775998771190643,0.036965999752283096,56296775
2020-01-14T00:00:00.000000Z,0.03704100102186203,0.042219001799821854,0.036968998610973358,0.041659999638795853,125280206
2020-01-15T00:00:00.000000Z,0.041579999029636383,0.042957998812198639,0.040406998246908188,0.042553000152111053,111350540
2020-01-16T00:00:00.000000Z,0.042571999132633209,0.043090999126434326,0.040224000811576843,0.041391000151634216,76686221
2020-01-17T00:00:00.000000Z,0.04143499955534935,0.045678999274969101,0.041106000542640686,0.044978000223636627,106282894
2020-01-18T00:00:00.000000Z,0.044985000044107437,0.04554399847984314,0.04323900118470192,0.044851001352071762,89192476
2020-01-19T00:00:00.000000Z,0.044851001352071762,0.045765001326799393,0.041411999613046646,0.041978999972343445,91187159
2020-01-20T00:00:00.000000Z,0.041919998824596405,0.044296000152826309,0.041919998824596405,0.043873000890016556,70100648
2020-01-21T00:00:00.000000Z,0.043811000883579254,0.04654800146818161,0.043469000607728958,0.045988999307155609,95915865
2020-01-22T00:00:00.000000Z,0.045938998460769653,0.046335000544786453,0.045313000679016113,0.045653998851776123,67145740
2020-01-23T00:00:00.000000Z,0.045658998191356659,0.045814000070095062,0.042231000959873199,0.043333999812602997,75034253
2020-01-24T00:00:00.000000Z,0.043379999697208405,0.045242998749017715,0.041448000818490982,0.045003999024629593,77503651
2020-01-25T00:00:00.000000Z,0.044968001544475555,0.045184999704360962,0.043071001768112183,0.043248001486063004,57389976
2020-01-26T00:00:00.000000Z,0.043246999382972717,0.044633001089096069,0.042994998395442963,0.044580999761819839,62759585
2020-01-27T00:00:00.000000Z,0.044626999646425247,0.048797998577356339,0.044229999184608459,0.047912001609802246,97006750
2020-01-28T00:00:00.000000Z,0.047839000821113586,0.05432799831032753,0.047483000904321671,0.052857000380754471,207996791
2020-01-29T00:00:00.000000Z,0.052896998822689056,0.057301998138427734,0.052549999207258224,0.053514000028371811,187136958
2020-01-30T00:00:00.000000Z,0.053468998521566391,0.056880000978708267,0.052368000149726868,0.056069999933242798,153009928
2020-01-31T00:00:00.000000Z,0.056033998727798462,0.056566998362541199,0.05226999893784523,0.053792998194694519,130754832
2020-02-01T00:00:00.000000Z,0.053835999220609665,0.057147998362779617,0.05328100174665451,0.056092001497745514,110646744
2020-02-02T00:00:00.000000Z,0.056109998375177383,0.058449998497962952,0.054924998432397842,0.055768001824617386,161454527
2020-02-03T00:00:00.000000Z,0.055723998695611954,0.057711999863386154,0.055380001664161682,0.056979000568389893,106658349
2020-02-04T00:00:00.000000Z,0.05696599930524826,0.057663001120090485,0.054237000644207001,0.05599600076675415,108933031
2020-02-05T00:00:00.000000Z,0.055984999984502792,0.059850998222827911,0.055674999952316284,0.059230998158454895,138149931
2020-02-06T00:00:00.000000Z,0.059243001043796539,0.060580000281333923,0.058258999139070511,0.05975700169801712,136652023
2020-02-07T00:00:00.000000Z,0.059755999594926834,0.062279999256134033,0.059574998915195465,0.059790000319480896,132154530
2020-02-08T00:00:00.000000Z,0.059751998633146286,0.061142999678850174,0.057606998831033707,0.059944000095129013,135969080
2020-02-09T00:00:00.000000Z,0.059937998652458191,0.06221500039100647,0.059898000210523605,0.061808999627828598,137945919
2020-02-10T00:00:00.000000Z,0.061824001371860504,0.061941001564264297,0.058465998619794846,0.060394000262022018,137083309
2020-02-11T00:00:00.000000Z,0.060345001518726349,0.063228003680706024,0.058917999267578125,0.063228003680706024,203550299
2020-02-12T00:00:00.000000Z,0.063193000853061676,0.070173002779483795,0.063193000853061676,0.068373002111911774,220517194
2020-02-13T00:00:00.000000Z,0.06833299994468689,0.072070002555847168,0.065987996757030487,0.068580999970436096,251519041
2020-02-14T00:00:00.000000Z,0.06858699768781662,0.07098899781703949,0.067464999854564667,0.070579998195171356,183283803
2020-02-15T00:00:00.000000Z,0.070579998195171356,0.071139998733997345,0.062757998704910278,0.063863001763820648,190925361
2020-02-16T00:00:00.000000Z,0.063988998532295227,0.066931001842021942,0.057385001331567764,0.062654003500938416,206918460
2020-02-17T00:00:00.000000Z,0.062559999525547028,0.062559999525547028,0.056035999208688736,0.060042001307010651,198079706
2020-02-18T00:00:00.000000Z,0.06005999818444252,0.063037998974323273,0.058283001184463501,0.062596999108791351,184674402
2020-02-19T00:00:00.000000Z,0.06260400265455246,0.06286899745464325,0.05737299844622612,0.057645000517368317,166141953
2020-02-20T00:00:00.000000Z,0.057429999113082886,0.058676000684499741,0.055936001241207123,0.058260001242160797,201763470
2020-02-21T00:00:00.000000Z,0.058185998350381851,0.059914000332355499,0.057661999017000198,0.058639999479055405,180464941
2020-02-22T00:00:00.000000Z,0.058577001094818115,0.059023000299930573,0.056981001049280167,0.058336000889539719,132866697
2020-02-23T00:00:00.000000Z,0.058322999626398087,0.061742998659610748,0.058191001415252686,0.061510000377893448,190486307
2020-02-24T00:00:00.000000Z,0.06154400110244751,0.061698000878095627,0.057519000023603439,0.058959998190402985,203582108
2020-02-25T00:00:00.000000Z,0.058952998369932175,0.058975998312234879,0.056145999580621719,0.056363999843597412,178219320
2020-02-26T00:00:00.000000Z,0.056295998394489288,0.056490000337362289,0.047373998910188675,0.049453001469373703,207080423
2020-02-27T00:00:00.000000Z,0.049435999244451523,0.05191899836063385,0.046510998159646988,0.049685001373291016,158104507
2020-02-28T00:00:00.000000Z,0.049662001430988312,0.051206000149250031,0.047081001102924347,0.048615999519824982,153965237
2020-02-29T00:00:00.000000Z,0.048608001321554184,0.049878999590873718,0.047540999948978424,0.047540999948978424,94074240
2020-03-01T00:00:00.000000Z,0.047506000846624374,0.048167001456022263,0.04526200145483017,0.045931998640298843,96716581
2020-03-02T00:00:00.000000Z,0.045883998274803162,0.049633998423814774,0.045588001608848572,0.048953000456094742,106582073
2020-03-03T00:00:00.000000Z,0.048912998288869858,0.049368999898433685,0.047843001782894135,0.048760998994112015,117373434
2020-03-04T00:00:00.000000Z,0.048760998994112015,0.050268001854419708,0.0482340008020401,0.049003999680280685,136505373
2020-03-05T00:00:00.000000Z,0.049015000462532043,0.052306998521089554,0.049015000462532043,0.051056999713182449,112291734
2020-03-06T00:00:00.000000Z,0.051040999591350555,0.051722001284360886,0.050271999090909958,0.051447998732328415,100834829
2020-03-07T00:00:00.000000Z,0.051527999341487885,0.05169999971985817,0.04855399951338768,0.048944998532533646,90448414
2020-03-08T00:00:00.000000Z,0.048927001655101776,0.048927001655101776,0.042980998754501343,0.043290998786687851,111437013
2020-03-09T00:00:00.000000Z,0.043230999261140823,0.043947000056505203,0.039271000772714615,0.041482001543045044,125578007
2020-03-10T00:00:00.000000Z,0.041554000228643417,0.042955998331308365,0.040766000747680664,0.041494999080896378,103411534
2020-03-11T00:00:00.000000Z,0.04149400070309639,0.04173000156879425,0.03765600174665451,0.039648998528718948,103084587
2020-03-12T00:00:00.000000Z,0.039627000689506531,0.039700999855995178,0.023961000144481659,0.023961000144481659,179944370
2020-03-13T00:00:00.000000Z,0.023954000324010849,0.029227999970316887,0.019130000844597816,0.028436999768018723,202296978
2020-03-14T00:00:00.000000Z,0.0284620001912117,0.028976000845432281,0.025745000690221786,0.026009000837802887,65051356
2020-03-15T00:00:00.000000Z,0.025958999991416931,0.02878900058567524,0.025821000337600708,0.027119999751448631,67311254
2020-03-16T00:00:00.000000Z,0.027110999450087547,0.027110999450087547,0.022220000624656677,0.024120999500155449,94985577
2020-03-17T00:00:00.000000Z,0.02411000058054924,0.026210999116301537,0.02411000058054924,0.025242999196052551,75837864
2020-03-18T00:00:00.000000Z,0.025209000334143639,0.025993000715970993,0.024608999490737915,0.025335999205708504,77546807
2020-03-19T00:00:00.000000Z,0.025314999744296074,0.031714998185634613,0.025304999202489853,0.030450999736785889,119348856
2020-03-20T00:00:00.000000Z,0.030415000393986702,0.033702000975608826,0.027493000030517578,0.029368000105023384,142131507
2020-03-21T00:00:00.000000Z,0.02936599962413311,0.030271999537944794,0.02810399979352951,0.029413999989628792,94598889
2020-03-22T00:00:00.000000Z,0.02944600023329258,0.0302559994161129,0.027013000100851059,0.02708899974822998,78698656
2020-03-23T00:00:00.000000Z,0.02708899974822998,0.029082000255584717,0.026753000915050507,0.029082000255584717,92453324
2020-03-24T00:00:00.000000Z,0.029092000797390938,0.030251000076532364,0.028717000037431717,0.030162999406456947,88827461
2020-03-25T00:00:00.000000Z,0.030186999589204788,0.030440999194979668,0.028975000604987144,0.029438000172376633,83388813
2020-03-26T00:00:00.000000Z,0.029438000172376633,0.030742000788450241,0.029350999742746353,0.030727000907063484,81633746
2020-03-27T00:00:00.000000Z,0.030728999525308609,0.031209999695420265,0.029214000329375267,0.029301000759005547,85517314
2020-03-28T00:00:00.000000Z,0.029254000633955002,0.029976999387145042,0.028189999982714653,0.029771000146865845,85338156
2020-03-29T00:00:00.000000Z,0.02973799966275692,0.02984900027513504,0.028224999085068703,0.028248999267816544,71027469
2020-03-30T00:00:00.000000Z,0.028217999264597893,0.030071999877691269,0.028124000877141953,0.029873000457882881,81661518
2020-03-31T00:00:00.000000Z,0.029825000092387199,0.030635999515652657,0.029681999236345291,0.030553000047802925,79871856
2020-04-01T00:00:00.000000Z,0.030553000047802925,0.030855000019073486,0.029555000364780426,0.030855000019073486,92295629
2020-04-02T00:00:00.000000Z,0.030841000378131866,0.033057000488042831,0.030841000378131866,0.031984001398086548,106987595
2020-04-03T00:00:00.000000Z,0.031961001455783844,0.032715000212192535,0.031706999987363815,0.032294999808073044,89797916
2020-04-04T00:00:00.000000Z,0.032294999808073044,0.032558999955654144,0.031870000064373016,0.03250499814748764,89146987
2020-04-05T00:00:00.000000Z,0.032517001032829285,0.032561998814344406,0.031700000166893005,0.032003000378608704,64845688
2020-04-06T00:00:00.000000Z,0.031998999416828156,0.035617001354694366,0.031934000551700592,0.03561599925160408,117138445
2020-04-07T00:00:00.000000Z,0.035654999315738678,0.036869000643491745,0.034844998270273209,0.035137001425027847,117230378
2020-04-08T00:00:00.000000Z,0.035130999982357025,0.036595001816749573,0.035119999200105667,0.036313999444246292,100892761
2020-04-09T00:00:00.000000Z,0.036279000341892242,0.036596998572349548,0.035574000328779221,0.036198001354932785,86398497
2020-04-10T00:00:00.000000Z,0.036162000149488449,0.036238998174667358,0.032543998211622238,0.033215001225471497,95977717
2020-04-11T00:00:00.000000Z,0.033215001225471497,0.034012001007795334,0.032772000879049301,0.033353999257087708,75648111
2020-04-12T00:00:00.000000Z,0.03332899883389473,0.034667998552322388,0.033075001090764999,0.033805999904870987,73751090
2020-04-13T00:00:00.000000Z,0.033782001584768295,0.033831000328063965,0.032069999724626541,0.033107001334428787,84000834
2020-04-14T00:00:00.000000Z,0.033123001456260681,0.033686000853776932,0.032781001180410385,0.0329740010201931,74633336
2020-04-15T00:00:00.000000Z,0.032958999276161194,0.033695001155138016,0.031838998198509216,0.031863000243902206,68238171
2020-04-16T00:00:00.000000Z,0.03189999982714653,0.034611999988555908,0.031241999939084053,0.034407999366521835,101314083
2020-04-17T00:00:00.000000Z,0.034428000450134277,0.034903999418020248,0.034290999174118042,0.03457299992442131,79385033
2020-04-18T00:00:00.000000Z,0.034623000770807266,0.036821000277996063,0.034575000405311584,0.036552999168634415,89893451
2020-04-19T00:00:00.000000Z,0.036573000252246857,0.036837998777627945,0.0356299988925457,0.035815998911857605,87523446
2020-04-20T00:00:00.000000Z,0.035806000232696533,0.036704998463392258,0.034157998859882355,0.034177001565694809,94301265
2020-04-21T00:00:00.000000Z,0.034159999340772629,0.034995000809431076,0.034031998366117477,0.034699998795986176,86348515
2020-04-22T00:00:00.000000Z,0.03468799963593483,0.036733001470565796,0.034543998539447784,0.036559000611305237,78891247
2020-04-23T00:00:00.000000Z,0.036570001393556595,0.041847001761198044,0.036524001508951187,0.040605001151561737,162468134
2020-04-24T00:00:00.000000Z,0.040617000311613083,0.043843001127243042,0.040617000311613083,0.041868001222610474,176233806
2020-04-25T00:00:00.000000Z,0.041870001703500748,0.043669000267982483,0.041397999972105026,0.04240800067782402,101619889
2020-04-26T00:00:00.000000Z,0.042405001819133759,0.046224001795053482,0.042231999337673187,0.045878998935222626,150611027
2020-04-27T00:00:00.000000Z,0.045938000082969666,0.047671999782323837,0.044643998146057129,0.046601001173257828,168989554
2020-04-28T00:00:00.000000Z,0.046629998832941055,0.048064999282360077,0.046264998614788055,0.04719499871134758,144584235
2020-04-29T00:00:00.000000Z,0.047230001538991928,0.051996998488903046,0.047019001096487045,0.051695000380277634,192508666
2020-04-30T00:00:00.000000Z,0.051716998219490051,0.054257001727819443,0.047564998269081116,0.047846000641584396,242494651
2020-05-01T00:00:00.000000Z,0.047825999557971954,0.051954999566078186,0.047775998711585999,0.051259998232126236,169546437
2020-05-02T00:00:00.000000Z,0.051196001470088959,0.051509998738765717,0.049890998750925064,0.051013998687267303,128138136
2020-05-03T00:00:00.000000Z,0.051031999289989471,0.051690999418497086,0.048310998827219009,0.048928998410701752,139890791
2020-05-04T00:00:00.000000Z,0.0489640012383461,0.050227999687194824,0.046523001044988632,0.049663998186588287,172243659
2020-05-05T00:00:00.000000Z,0.049667999148368835,0.050501998513936996,0.049049001187086105,0.049357999116182327,128066778
2020-05-06T00:00:00.000000Z,0.049302000552415848,0.051128000020980835,0.048983000218868256,0.049766998738050461,131357244
2020-05-07T00:00:00.000000Z,0.049740001559257507,0.051486998796463013,0.048856999725103378,0.051105998456478119,143479708
2020-05-08T00:00:00.000000Z,0.051082998514175415,0.053539000451564789,0.050985999405384064,0.052303001284599304,172647716
2020-05-09T00:00:00.000000Z,0.052258998155593872,0.05302799865603447,0.051522001624107361,0.051736000925302505,141642171
2020-05-10T00:00:00.000000Z,0.051743999123573303,0.051743999123573303,0.045003000646829605,0.047676999121904373,227335948
2020-05-11T00:00:00.000000Z,0.047696001827716827,0.049449998885393143,0.045490000396966934,0.048108000308275223,206327744
2020-05-12T00:00:00.000000Z,0.048094000667333603,0.050932999700307846,0.047906000167131424,0.050420999526977539,170879029
2020-05-13T00:00:00.000000Z,0.050367001444101334,0.052044998854398727,0.049724001437425613,0.051472000777721405,148356780
2020-05-14T00:00:00.000000Z,0.051364999264478683,0.051885001361370087,0.050480999052524567,0.0508899986743927,144469842
2020-05-15T00:00:00.000000Z,0.050866000354290009,0.051766999065876007,0.05001400038599968,0.050462998449802399,142644324
2020-05-16T00:00:00.000000Z,0.050423000007867813,0.051229000091552734,0.050083998590707779,0.050932001322507858,123913485
2020-05-17T00:00:00.000000Z,0.050912998616695404,0.052078001201152802,0.050912998616695404,0.051343001425266266,115459525
2020-05-18T00:00:00.000000Z,0.051293998956680298,0.054827000945806503,0.051093999296426773,0.054251998662948608,182874559
2020-05-19T00:00:00.000000Z,0.054223999381065369,0.056887000799179077,0.052857998758554459,0.056448999792337418,186581379
2020-05-20T00:00:00.000000Z,0.056458998471498489,0.057326000183820724,0.054650001227855682,0.056875001639127731,203310637
2020-05-21T00:00:00.000000Z,0.056869000196456909,0.057482000440359116,0.050574999302625656,0.052246000617742538,228349552
2020-05-22T00:00:00.000000Z,0.052283000200986862,0.056926000863313675,0.051520001143217087,0.055833000689744949,224368474
2020-05-23T00:00:00.000000Z,0.055840000510215759,0.056437000632286072,0.054494999349117279,0.05532199889421463,131277191
2020-05-24T00:00:00.000000Z,0.055264998227357864,0.056049998849630356,0.052629001438617706,0.052641000598669052,108565176
2020-05-25T00:00:00.000000Z,0.052188001573085785,0.05434500053524971,0.051128998398780823,0.054010998457670212,183914564
2020-05-26T00:00:00.000000Z,0.053881000727415085,0.054159998893737793,0.052034001797437668,0.053429998457431793,162232161
2020-05-27T00:00:00.000000Z,0.053479999303817749,0.055913999676704407,0.053222998976707458,0.055183000862598419,185161265
2020-05-28T00:00:00.000000Z,0.055119998753070831,0.067179001867771149,0.055050000548362732,0.064558997750282288,368087319
2020-05-29T00:00:00.000000Z,0.064644999802112579,0.066665999591350555,0.062896996736526489,0.064659997820854187,393626086
2020-05-30T00:00:00.000000Z,0.064777001738548279,0.077249996364116669,0.063818000257015228,0.076958000659942627,591436389
2020-05-31T00:00:00.000000Z,0.076904997229576111,0.086029000580310822,0.072596997022628784,0.074352003633975983,848945702
2020-06-01T00:00:00.000000Z,0.074244000017642975,0.082385003566741943,0.073659002780914307,0.081168003380298615,681780739
2020-06-02T00:00:00.000000Z,0.080982998013496399,0.082450002431869507,0.073968000710010529,0.078455999493598938,588732847
2020-06-03T00:00:00.000000Z,0.078518003225326538,0.085663996636867523,0.077421002089977264,0.085438996553421021,558410069
2020-06-04T00:00:00.000000Z,0.085363999009132385,0.090089000761508942,0.084407001733779907,0.089000001549720764,593406535
2020-06-05T00:00:00.000000Z,0.08905000239610672,0.089162997901439667,0.084325999021530151,0.085441999137401581,357717348
2020-06-06T00:00:00.000000Z,0.085449002683162689,0.087172999978065491,0.085175998508930206,0.086025997996330261,230814840
2020-06-07T00:00:00.000000Z,0.086034998297691345,0.088604003190994263,0.083016000688076019,0.086653999984264374,317140970
2020-06-08T00:00:00.000000Z,0.086703002452850342,0.087012998759746552,0.08460099995136261,0.086429998278617859,212837064
2020-06-09T00:00:00.000000Z,0.086443997919559479,0.086529999971389771,0.083406999707221985,0.083406999707221985,213123820
2020-06-10T00:00:00.000000Z,0.083393998444080353,0.083775997161865234,0.079991996288299561,0.083530999720096588,326625304
2020-06-11T00:00:00.000000Z,0.083540000021457672,0.085147000849246979,0.074331998825073242,0.075360000133514404,321763381
2020-06-12T00:00:00.000000Z,0.0753680020570755,0.080668002367019653,0.075168997049331665,0.079553999006748199,244019082
2020-06-13T00:00:00.000000Z,0.079613000154495239,0.079657003283500671,0.077573001384735107,0.079028002917766571,161430428
2020-06-14T00:00:00.000000Z,0.079103000462055206,0.079172998666763306,0.076385997235774994,0.076747998595237732,142625977
2020-06-15T00:00:00.000000Z,0.076747998595237732,0.079860001802444458,0.069770000874996185,0.078386999666690826,330333741
2020-06-16T00:00:00.000000Z,0.078381001949310303,0.079717002809047699,0.077060997486114502,0.079072996973991394,216508724
2020-06-17T00:00:00.000000Z,0.079084999859333038,0.083660997450351715,0.077620998024940491,0.083444997668266296,294705846
2020-06-18T00:00:00.000000Z,0.083444997668266296,0.084454998373985291,0.080376997590065002,0.082174003124237061,244522788
2020-06-19T00:00:00.000000Z,0.082139000296592712,0.082139000296592712,0.078953996300697327,0.079603001475334167,211649409
2020-06-20T00:00:00.000000Z,0.079603001475334167,0.080443002283573151,0.077440999448299408,0.079338997602462769,167247006
2020-06-21T00:00:00.000000Z,0.079318001866340637,0.080931998789310455,0.078298002481460571,0.078474998474121094,151949751
2020-06-22T00:00:00.000000Z,0.07847200334072113,0.083609998226165771,0.078432001173496246,0.083609998226165771,202271174
2020-06-23T00:00:00.000000Z,0.083411999046802521,0.084017999470233917,0.081509001553058624,0.082950003445148468,184078790
2020-06-24T00:00:00.000000Z,0.082992002367973328,0.087011002004146576,0.080588996410369873,0.082583002746105194,302220209
2020-06-25T00:00:00.000000Z,0.08261600136756897,0.083486996591091156,0.079519003629684448,0.081690996885299683,207010908
2020-06-26T00:00:00.000000Z,0.081731997430324554,0.082006998360157013,0.07985900342464447,0.080560997128486633,163378517
2020-06-27T00:00:00.000000Z,0.08055800199508667,0.081238999962806702,0.07610899955034256,0.077679000794887543,148184221
2020-06-28T00:00:00.000000Z,0.077679000794887543,0.081413000822067261,0.076251000165939331,0.080392003059387207,188871401
2020-06-29T00:00:00.000000Z,0.080392003059387207,0.084335997700691223,0.080338001251220703,0.083870001137256622,275593607
2020-06-30T00:00:00.000000Z,0.083847999572753906,0.084978997707366943,0.082025997340679169,0.083116002380847931,208687716
2020-07-01T00:00:00.000000Z,0.083112001419067383,0.096084997057914734,0.082533001899719238,0.095954000949859619,411496624
2020-07-02T00:00:00.000000Z,0.096896998584270477,0.096896998584270477,0.089061997830867767,0.094325996935367584,416119936
2020-07-03T00:00:00.000000Z,0.094318002462387085,0.10148300230503082,0.09272100031375885,0.0965379998087883,449087829
2020-07-04T00:00:00.000000Z,0.096652001142501831,0.10056799650192261,0.096142999827861786,0.099951997399330139,325220890
2020-07-05T00:00:00.000000Z,0.099964998662471771,0.099964998662471771,0.094407998025417328,0.098210997879505157,262132088
2020-07-06T00:00:00.000000Z,0.098210997879505157,0.10558900237083435,0.097333997488021851,0.10522100329399109,336062177
2020-07-07T00:00:00.000000Z,0.10495699942111969,0.1188030019402504,0.10314299911260605,0.11755400151014328,575537074
2020-07-08T00:00:00.000000Z,0.1174900010228157,0.13655400276184082,0.11553999781608582,0.1299079954624176,1161107598
2020-07-09T00:00:00.000000Z,0.1299079954624176,0.1299079954624176,0.11826100200414658,0.1242929995059967,659099389
2020-07-10T00:00:00.000000Z,0.12422999739646912,0.12441699951887131,0.11103300005197525,0.11831600219011307,513272164
2020-07-11T00:00:00.000000Z,0.11834900081157684,0.12671500444412231,0.11792699992656708,0.12521399557590485,393237279
2020-07-12T00:00:00.000000Z,0.12534099817276001,0.12783899903297424,0.12119700014591217,0.12678299844264984,340033778
2020-07-13T00:00:00.000000Z,0.12678299844264984,0.13482899963855743,0.12218300253152847,0.12415599822998047,553867759
2020-07-14T00:00:00.000000Z,0.12426900118589401,0.13426700234413147,0.12156400084495544,0.13196299970149994,449379997
2020-07-15T00:00:00.000000Z,0.13199600577354431,0.13242100179195404,0.12756000459194183,0.13036899268627167,292680349
2020-07-16T00:00:00.000000Z,0.1303970068693161,0.13245800137519836,0.11948099732398987,0.12592199444770813,423824352
2020-07-17T00:00:00.000000Z,0.12596400082111359,0.1264909952878952,0.12194599956274033,0.12248600274324417,231984863
2020-07-18T00:00:00.000000Z,0.12230700254440308,0.12431500107049942,0.11848200112581253,0.12247700244188309,221333950
2020-07-19T00:00:00.000000Z,0.1224839985370636,0.1245570033788681,0.1212180033326149,0.12371200323104858,159010744
2020-07-20T00:00:00.000000Z,0.12372300028800964,0.12403099983930588,0.11694099754095078,0.11792399734258652,176280626
2020-07-21T00:00:00.000000Z,0.11790399998426437,0.12423200160264969,0.11691299825906754,0.1229650005698204,208927329
2020-07-22T00:00:00.000000Z,0.122980996966362,0.12432800233364105,0.12063000351190567,0.12392199784517288,157853191
2020-07-23T00:00:00.000000Z,0.1239669993519783,0.12585900723934174,0.12365099787712097,0.1237730011343956,201587814
2020-07-24T00:00:00.000000Z,0.12391799688339233,0.12408500164747238,0.12105099856853485,0.12188799679279327,198707995
2020-07-25T00:00:00.000000Z,0.1219249963760376,0.14467599987983704,0.1219249963760376,0.14357799291610718,630341416
2020-07-26T00:00:00.000000Z,0.14297099411487579,0.15370500087738037,0.14128600060939789,0.14810800552368164,743098554
2020-07-27T00:00:00.000000Z,0.14789099991321564,0.14931400120258331,0.13025900721549988,0.13877099752426147,745732008
2020-07-28T00:00:00.000000Z,0.13876199722290039,0.15022000670433044,0.13551899790763855,0.14859800040721893,638080214
2020-07-29T00:00:00.000000Z,0.1486469954252243,0.14939600229263306,0.13918000459671021,0.1398790031671524,451915307
2020-07-30T00:00:00.000000Z,0.13996799290180206,0.14218899607658386,0.1372620016336441,0.14058800041675568,257573327
2020-07-31T00:00:00.000000Z,0.14067299664020538,0.1409900039434433,0.13654200732707977,0.13879799842834473,230659122
2020-08-01T00:00:00.000000Z,0.13879799842834473,0.14582900702953339,0.13849799335002899,0.14357300102710724,362476707
2020-08-02T00:00:00.000000Z,0.14375600218772888,0.14709000289440155,0.13018399477005005,0.13350500166416168,421324885
2020-08-03T00:00:00.000000Z,0.13349799811840057,0.13811999559402466,0.13259600102901459,0.13733500242233276,248378862
2020-08-04T00:00:00.000000Z,0.1373320072889328,0.14761899411678314,0.13680799305438995,0.14301800727844238,376096013
2020-08-05T00:00:00.000000Z,0.14312900602817535,0.14517499506473541,0.14165900647640228,0.14269499480724335,274829819
2020-08-06T00:00:00.000000Z,0.14270399510860443,0.14560900628566742,0.1405629962682724,0.14404800534248352,278613533
2020-08-07T00:00:00.000000Z,0.14407999813556671,0.14694899320602417,0.13498899340629578,0.13915500044822693,620550178
2020-08-08T00:00:00.000000Z,0.13908900320529938,0.14742399752140045,0.13812799751758575,0.14578099548816681,325527431
2020-08-09T00:00:00.000000Z,0.14631499350070953,0.15201400220394135,0.14281700551509857,0.14524400234222412,426878184
2020-08-10T00:00:00.000000Z,0.14538100361824036,0.14659099280834198,0.14288899302482605,0.14385500550270081,311836535
2020-08-11T00:00:00.000000Z,0.14370900392532349,0.1447950005531311,0.13346399366855621,0.13743600249290466,595072471
2020-08-12T00:00:00.000000Z,0.13742400705814362,0.13891899585723877,0.12484999746084213,0.13739800453186035,434540367
2020-08-13T00:00:00.000000Z,0.13749900460243225,0.14315700531005859,0.13363799452781677,0.14124499261379242,470617782
2020-08-14T00:00:00.000000Z,0.14131799340248108,0.14245100319385529,0.13810199499130249,0.13833799958229065,355732407
2020-08-15T00:00:00.000000Z,0.13828399777412415,0.14063200354576111,0.13733400404453278,0.1383029967546463,343504348
2020-08-16T00:00:00.000000Z,0.13834500312805176,0.13916699588298798,0.13643300533294678,0.13847100734710693,284566480
2020-08-17T00:00:00.000000Z,0.13847100734710693,0.14411699771881104,0.13839699327945709,0.1409199982881546,425628203
2020-08-18T00:00:00.000000Z,0.14081799983978271,0.14310400187969208,0.13615499436855316,0.13742700219154358,340692991
2020-08-19T00:00:00.000000Z,0.13742700219154358,0.13796499371528625,0.12814700603485107,0.12927499413490295,383288760
2020-08-20T00:00:00.000000Z,0.12930899858474731,0.13391299545764923,0.12768599390983582,0.13364200294017792,314037834
2020-08-21T00:00:00.000000Z,0.13353599607944489,0.13386599719524384,0.12312699854373932,0.12375999987125397,363034924
2020-08-22T00:00:00.000000Z,0.12374699860811234,0.12574400007724762,0.12003800272941589,0.12527599930763245,296099194
2020-08-23T00:00:00.000000Z,0.12515099346637726,0.12566299736499786,0.12049800157546997,0.12159500271081924,232234230
2020-08-24T00:00:00.000000Z,0.12158100306987762,0.12631000578403473,0.1208759993314743,0.12448800355195999,278021260
2020-08-25T00:00:00.000000Z,0.12452500313520432,0.12459199875593185,0.10837200284004211,0.11329200118780136,431857369
2020-08-26T00:00:00.000000Z,0.11334700137376785,0.11780700087547302,0.11128199845552444,0.1152850016951561,314761939
2020-08-27T00:00:00.000000Z,0.11525800079107285,0.11611399799585342,0.10440900176763535,0.10682400315999985,361935074
2020-08-28T00:00:00.000000Z,0.10687500238418579,0.11077000200748444,0.10635200142860413,0.1094530001282692,275672160
2020-08-29T00:00:00.000000Z,0.10947400331497192,0.11764699965715408,0.10878200083971024,0.11671199649572372,315465776
2020-08-30T00:00:00.000000Z,0.11666800081729889,0.11838199943304062,0.11428599804639816,0.11743699759244919,297044001
2020-08-31T00:00:00.000000Z,0.11749300360679626,0.12640799582004547,0.11361700296401978,0.12268800288438797,453559242
2020-09-01T00:00:00.000000Z,0.12261000275611877,0.12735900282859802,0.12001799792051315,0.12541100382804871,451299015
2020-09-02T00:00:00.000000Z,0.12547700107097626,0.1264519989490509,0.11202400177717209,0.11561299860477448,427391907
2020-09-03T00:00:00.000000Z,0.11553800106048584,0.11642300337553024,0.095572002232074738,0.096153996884822845,486369863
2020-09-04T00:00:00.000000Z,0.095986999571323395,0.10401099920272827,0.094081997871398926,0.10244499891996384,514623980
2020-09-05T00:00:00.000000Z,0.10238999873399734,0.1039619967341423,0.087401002645492554,0.089923001825809479,481176027
2020-09-06T00:00:00.000000Z,0.089923001825809479,0.095188997685909271,0.086838997900485992,0.093060001730918884,454580262
2020-09-07T00:00:00.000000Z,0.093071997165679932,0.093842998147010803,0.08692999929189682,0.09333299845457077,463220962
2020-09-08T00:00:00.000000Z,0.093236997723579407,0.096574001014232635,0.088922999799251556,0.091011002659797668,610082647
2020-09-09T00:00:00.000000Z,0.091149002313613892,0.095744997262954712,0.08976300060749054,0.093349002301692963,572617714
2020-09-10T00:00:00.000000Z,0.093433000147342682,0.099688999354839325,0.093433000147342682,0.09715600311756134,809239667
2020-09-11T00:00:00.000000Z,0.09715600311756134,0.097525998950004578,0.093295998871326447,0.096988998353481293,771197364
2020-09-12T00:00:00.000000Z,0.097111999988555908,0.098710000514984131,0.095320001244544983,0.09759800136089325,699214253
2020-09-13T00:00:00.000000Z,0.09759800136089325,0.099751003086566925,0.092937998473644257,0.094856001436710358,771663333
2020-09-14T00:00:00.000000Z,0.094906002283096313,0.09817899763584137,0.093579001724720001,0.096768997609615326,851692144
2020-09-15T00:00:00.000000Z,0.09680899977684021,0.097932003438472748,0.093308001756668091,0.09349600225687027,813329601
2020-09-16T00:00:00.000000Z,0.093397997319698334,0.093685999512672424,0.08992999792098999,0.091650001704692841,822410832
2020-09-17T00:00:00.000000Z,0.091655001044273376,0.094512000679969788,0.091068997979164124,0.094217002391815186,825621808
2020-09-18T00:00:00.000000Z,0.094217002391815186,0.094217002391815186,0.090015001595020294,0.091081000864505768,699241251
2020-09-19T00:00:00.000000Z,0.090884000062942505,0.093070000410079956,0.09063199907541275,0.091656997799873352,617795834
2020-09-20T00:00:00.000000Z,0.091661997139453888,0.092239998281002045,0.088361002504825592,0.089432999491691589,682896131
2020-09-21T00:00:00.000000Z,0.089459002017974854,0.090285003185272217,0.078424997627735138,0.080427996814250946,566692194
2020-09-22T00:00:00.000000Z,0.080448001623153687,0.083034001290798187,0.079867996275424957,0.081753998994827271,316907647
2020-09-23T00:00:00.000000Z,0.08156999945640564,0.082653000950813293,0.076256997883319855,0.07676299661397934,501076416
2020-09-24T00:00:00.000000Z,0.076766997575759888,0.083513997495174408,0.07588600367307663,0.082817003130912781,596569914
2020-09-25T00:00:00.000000Z,0.082791000604629517,0.097997002303600311,0.082652002573013306,0.096845000982284546,904408695
2020-09-26T00:00:00.000000Z,0.096905000507831573,0.099395997822284698,0.092827998101711273,0.095564000308513641,649321135
2020-09-27T00:00:00.000000Z,0.095518998801708221,0.10231100022792816,0.094809003174304962,0.10128699988126755,727996428
2020-09-28T00:00:00.000000Z,0.10128799825906754,0.10645099729299545,0.10041099786758423,0.10066699981689453,825058842
2020-09-29T00:00:00.000000Z,0.10035400092601776,0.10335099697113037,0.09791400283575058,0.10118100047111511,688007846
2020-09-30T00:00:00.000000Z,0.10102000087499619,0.10137999802827835,0.097112998366355896,0.10106199979782104,615414657
2020-10-01T00:00:00.000000Z,0.10115599632263184,0.10419700294733047,0.095838002860546112,0.097865000367164612,743737566
2020-10-02T00:00:00.000000Z,0.097949996590614319,0.10001800209283829,0.090331003069877625,0.092921003699302673,828579008
2020-10-03T00:00:00.000000Z,0.092906996607780457,0.095160998404026031,0.092506997287273407,0.093413002789020538,553029310
2020-10-04T00:00:00.000000Z,0.093521997332572937,0.096974000334739685,0.092698998749256134,0.096348002552986145,697459534
2020-10-05T00:00:00.000000Z,0.096404001116752625,0.098719000816345215,0.096325002610683441,0.097543999552726746,625952257
2020-10-06T00:00:00.000000Z,0.097535997629165649,0.09849800169467926,0.091875001788139343,0.09280800074338913,997995413
2020-10-07T00:00:00.000000Z,0.092862002551555634,0.094324998557567596,0.089896000921726227,0.093800000846385956,613251111
2020-10-08T00:00:00.000000Z,0.093785002827644348,0.096698001027107239,0.090797998011112213,0.09615200012922287,690490593
2020-10-09T00:00:00.000000Z,0.096271000802516937,0.10247500240802765,0.09516499936580658,0.10192500054836273,762383014
2020-10-10T00:00:00.000000Z,0.10146600008010864,0.1105400025844574,0.10144499689340591,0.10502500087022781,923715999
2020-10-11T00:00:00.000000Z,0.1049019992351532,0.10886500030755997,0.10438100248575211,0.10653799772262573,797480086
2020-10-12T00:00:00.000000Z,0.10654699802398682,0.11308600008487701,0.10265800356864929,0.11003399640321732,821299647
2020-10-13T00:00:00.000000Z,0.10996600240468979,0.11413700133562088,0.10830000042915344,0.10885199904441833,823217251
2020-10-14T00:00:00.000000Z,0.10929799824953079,0.11223100125789642,0.10571199655532837,0.10729700326919556,713264193
2020-10-15T00:00:00.000000Z,0.10721699893474579,0.10759100317955017,0.10497900098562241,0.10663499683141708,562197282
2020-10-16T00:00:00.000000Z,0.10674799978733063,0.1073170006275177,0.10253699868917465,0.10406400263309479,553561875
2020-10-17T00:00:00.000000Z,0.10421799868345261,0.10697899758815765,0.10336600244045258,0.10610400140285492,472005227
2020-10-18T00:00:00.000000Z,0.10604400187730789,0.10760100185871124,0.10530500113964081,0.10738799721002579,432851135
2020-10-19T00:00:00.000000Z,0.10741599649190903,0.11092100292444229,0.10618799924850464,0.10867699980735779,490775170
2020-10-20T00:00:00.000000Z,0.1086139976978302,0.10884100198745728,0.10122600197792053,0.1024940013885498,707955236
2020-10-21T00:00:00.000000Z,0.10251899808645248,0.10828600078821182,0.10183099657297134,0.10618700087070465,779410099
2020-10-22T00:00:00.000000Z,0.10605599731206894,0.11241400241851807,0.10548199713230133,0.11057200282812119,933335641
2020-10-23T00:00:00.000000Z,0.11069799959659576,0.11175400018692017,0.10560200363397598,0.10808300226926804,1110973427
2020-10-24T00:00:00.000000Z,0.10808300226926804,0.10966199636459351,0.10753899812698364,0.10807500034570694,868194497
2020-10-25T00:00:00.000000Z,0.10807500034570694,0.1087300032377243,0.10617800056934357,0.10635100305080414,722743351
2020-10-26T00:00:00.000000Z,0.10635100305080414,0.10738100111484528,0.099430002272129059,0.10309699922800064,880221833
2020-10-27T00:00:00.000000Z,0.10309699922800064,0.10548999905586243,0.10206999629735947,0.10282699763774872,913522302
2020-10-28T00:00:00.000000Z,0.10282699763774872,0.1033490002155304,0.095569998025894165,0.098976999521255493,876721856
2020-10-29T00:00:00.000000Z,0.098976999521255493,0.10071200132369995,0.094999998807907104,0.095375999808311462,883054980
2020-10-30T00:00:00.000000Z,0.095375999808311462,0.095587000250816345,0.090363003313541412,0.093368999660015106,855782606
2020-10-31T00:00:00.000000Z,0.093368999660015106,0.095270000398159027,0.092207998037338257,0.093056000769138336,662592019
2020-11-01T00:00:00.000000Z,0.093056000769138336,0.098486997187137604,0.09285300225019455,0.098196998238563538,609565849
2020-11-02T00:00:00.000000Z,0.098196998238563538,0.099935002624988556,0.091765999794006348,0.092142999172210693,817756720
2020-11-03T00:00:00.000000Z,0.092142999172210693,0.093833997845649719,0.088048003613948822,0.09343399852514267,859629132
2020-11-04T00:00:00.000000Z,0.093434996902942657,0.096001997590065002,0.092127002775669098,0.095369003713130951,1041738046
2020-11-05T00:00:00.000000Z,0.095369003713130951,0.097572997212409973,0.092214003205299377,0.096993997693061829,554496502
2020-11-06T00:00:00.000000Z,0.096993997693061829,0.10968299955129623,0.096721000969409943,0.10910499840974808,717731180
2020-11-07T00:00:00.000000Z,0.10910499840974808,0.11318700015544891,0.099408000707626343,0.10137899965047836,861840304
2020-11-08T00:00:00.000000Z,0.10137899965047836,0.10829800367355347,0.10017900168895721,0.10662099719047546,625787081
2020-11-09T00:00:00.000000Z,0.10662099719047546,0.10797099769115448,0.10145600140094757,0.10532499849796295,802272882
2020-11-10T00:00:00.000000Z,0.10532599687576294,0.10862100124359131,0.1039389967918396,0.10580500215291977,700753239
2020-11-11T00:00:00.000000Z,0.10580500215291977,0.10840299725532532,0.10553999990224838,0.10596500337123871,631585357
2020-11-12T00:00:00.000000Z,0.10596500337123871,0.10651200264692307,0.10282699763774872,0.10452499985694885,634274545
2020-11-13T00:00:00.000000Z,0.10452499985694885,0.10780099779367447,0.10406199842691422,0.10639099776744843,477838893
2020-11-14T00:00:00.000000Z,0.10639099776744843,0.10684099793434143,0.10173600167036057,0.10420200228691101,432474021
2020-11-15T00:00:00.000000Z,0.10420200228691101,0.10506100207567215,0.098801001906394958,0.10053099691867828,358303858
2020-11-16T00:00:00.000000Z,0.10053099691867828,0.10489299893379211,0.099656000733375549,0.10400799661874771,400498894
2020-11-17T00:00:00.000000Z,0.10548000037670135,0.11196999996900558,0.10511200129985809,0.1096000000834465,622568575
2020-11-18T00:00:00.000000Z,0.1096000000834465,0.11152300238609314,0.10354600101709366,0.10640300065279007,692683324
2020-11-19T00:00:00.000000Z,0.10640200227499008,0.1077210009098053,0.10452499985694885,0.10586600005626678,590674105
2020-11-20T00:00:00.000000Z,0.10586600005626678,0.11823099851608276,0.10577800124883652,0.11822599917650223,688553865
2020-11-21T00:00:00.000000Z,0.11822599917650223,0.13360300660133362,0.11677099764347076,0.13294500112533569,1385060442
2020-11-22T00:00:00.000000Z,0.13294500112533569,0.15273499488830566,0.12019000202417374,0.14475999772548676,2294032112
2020-11-23T00:00:00.000000Z,0.14475999772548676,0.1581529974937439,0.14247100055217743,0.15351000428199768,2203606418
2020-11-24T00:00:00.000000Z,0.1535709947347641,0.18206599354743958,0.1535709947347641,0.16632300615310669,2566224959
2020-11-25T00:00:00.000000Z,0.1663459986448288,0.17485900223255157,0.14990699291229248,0.15516200661659241,1773041979
2020-11-26T00:00:00.000000Z,0.15510700643062592,0.16021999716758728,0.1234389990568161,0.13828100264072418,2523183036
2020-11-27T00:00:00.000000Z,0.13829199969768524,0.14463700354099274,0.13136599957942963,0.14102800190448761,1505708870
2020-11-28T00:00:00.000000Z,0.14107400178909302,0.17156900465488434,0.13955999910831451,0.16479100286960602,1932319047
2020-11-29T00:00:00.000000Z,0.16492299735546112,0.17057499289512634,0.15761399269104004,0.16663900017738342,1731327207
2020-11-30T00:00:00.000000Z,0.16662999987602234,0.17276500165462494,0.16060000658035278,0.1713079959154129,2151589402
2020-12-01T00:00:00.000000Z,0.17136700451374054,0.17385099828243256,0.14657300710678101,0.15598300099372864,2071556994
2020-12-02T00:00:00.000000Z,0.15595600008964539,0.15966199338436127,0.15142899751663208,0.15855699777603149,1367595805
2020-12-03T00:00:00.000000Z,0.15859200060367584,0.16800899803638458,0.15593600273132324,0.16421200335025787,1287927035
2020-12-04T00:00:00.000000Z,0.16420899331569672,0.16450600326061249,0.14696399867534637,0.14824099838733673,1200621758
2020-12-05T00:00:00.000000Z,0.14816400408744812,0.1613830029964447,0.14679500460624695,0.15966799855232239,1036100099
2020-12-06T00:00:00.000000Z,0.1596589982509613,0.16240599751472473,0.15342999994754791,0.1588670015335083,886137949
2020-12-07T00:00:00.000000Z,0.15887600183486938,0.15904100239276886,0.15173700451850891,0.1541299968957901,789426236
2020-12-08T00:00:00.000000Z,0.15412700176239014,0.15493600070476532,0.13895900547504425,0.1409280002117157,939164987
2020-12-09T00:00:00.000000Z,0.14094200730323792,0.14981000125408173,0.13046799600124359,0.14816500246524811,1320752603
2020-12-10T00:00:00.000000Z,0.14816999435424805,0.14853000640869141,0.13998599350452423,0.14199399948120117,798550525
2020-12-11T00:00:00.000000Z,0.14202199876308441,0.14269399642944336,0.13518199324607849,0.13944900035858154,704854539
2020-12-12T00:00:00.000000Z,0.13942299783229828,0.14725899696350098,0.13920700550079346,0.14445999264717102,519780651
2020-12-13T00:00:00.000000Z,0.14450299739837646,0.15625900030136108,0.14347699284553528,0.15396399796009064,675025745
2020-12-14T00:00:00.000000Z,0.15401600301265717,0.15800200402736664,0.14976899325847626,0.15799200534820557,587078385
2020-12-15T00:00:00.000000Z,0.15806500613689423,0.15971300005912781,0.15335500240325928,0.15430499613285065,607184173
2020-12-16T00:00:00.000000Z,0.15431199967861176,0.16759899258613586,0.14997600018978119,0.16758899390697479,976699799
2020-12-17T00:00:00.000000Z,0.16757099330425262,0.17434200644493103,0.16164399683475494,0.16348299384117126,1188727265
2020-12-18T00:00:00.000000Z,0.1634490042924881,0.16863499581813812,0.15915200114250183,0.16498799622058868,1101018945
2020-12-19T00:00:00.000000Z,0.16497999429702759,0.17048600316047668,0.16332000494003296,0.16471399366855621,586684841
2020-12-20T00:00:00.000000Z,0.16472800076007843,0.16772399842739105,0.15869499742984772,0.16198800504207611,729191687
2020-12-21T00:00:00.000000Z,0.16200399398803711,0.16541600227355957,0.14790299534797668,0.15265600383281708,1139902286
2020-12-22T00:00:00.000000Z,0.15263399481773376,0.16001500189304352,0.14945100247859955,0.15617899596691132,1138400653
2020-12-23T00:00:00.000000Z,0.15622599422931671,0.15741400420665741,0.12741999328136444,0.13639399409294128,1484453887
2020-12-24T00:00:00.000000Z,0.13645699620246887,0.15433700382709503,0.13212700188159943,0.15288299322128296,1470292431
2020-12-25T00:00:00.000000Z,0.15288600325584412,0.16684600710868835,0.15049700438976288,0.15756399929523468,1119917804
2020-12-26T00:00:00.000000Z,0.15755599737167358,0.161981001496315,0.14982399344444275,0.15782399475574493,1191970341
2020-12-27T00:00:00.000000Z,0.15783500671386719,0.16518999636173248,0.15037800371646881,0.15442200005054474,1578354821
2020-12-28T00:00:00.000000Z,0.15444000065326691,0.17858299612998962,0.15344500541687012,0.17673499882221222,1732151279
2020-12-29T00:00:00.000000Z,0.17670899629592896,0.19617000222206116,0.17403900623321533,0.19216400384902954,2967669490
2020-12-30T00:00:00.000000Z,0.19202199578285217,0.19314399361610413,0.17568099498748779,0.18403999507427216,1849432295
2020-12-31T00:00:00.000000Z,0.18403400480747223,0.18574899435043335,0.17659400403499603,0.18139700591564178,1132268397
2021-01-01T00:00:00.000000Z,0.18138200044631958,0.1842460036277771,0.17202199995517731,0.17534999549388885,1122218004
2021-01-02T00:00:00.000000Z,0.17535899579524994,0.18425300717353821,0.16923299431800842,0.17742300033569336,1408849504
2021-01-03T00:00:00.000000Z,0.17738200724124908,0.20867900550365448,0.17337599396705627,0.20499500632286072,2303857909
2021-01-04T00:00:00.000000Z,0.20523600280284882,0.23966099321842194,0.1944500058889389,0.22476199269294739,3260699086
2021-01-05T00:00:00.000000Z,0.22481699287891388,0.26488599181175232,0.20845399796962738,0.25831401348114014,4097207384
2021-01-06T00:00:00.000000Z,0.25854900479316711,0.34629800915718079,0.25622498989105225,0.33189800381660461,6170988900
2021-01-07T00:00:00.000000Z,0.3322719931602478,0.35334399342536926,0.28321599960327148,0.29998001456260681,5149188552
2021-01-08T00:00:00.000000Z,0.30038699507713318,0.32019099593162537,0.26647600531578064,0.30559700727462769,4560690774
2021-01-09T00:00:00.000000Z,0.3056110143661499,0.33859598636627197,0.29669401049613953,0.33297300338745117,3655608662
2021-01-10T00:00:00.000000Z,0.33296099305152893,0.34039399027824402,0.28455600142478943,0.30489501357078552,3732911206
2021-01-11T00:00:00.000000Z,0.30499601364135742,0.30499601364135742,0.23303300142288208,0.27546599507331848,4768803200
2021-01-12T00:00:00.000000Z,0.27524900436401367,0.3133699893951416,0.26572701334953308,0.28700301051139832,4037298875
2021-01-13T00:00:00.000000Z,0.28668799996376038,0.3144649863243103,0.27239501476287842,0.31360900402069092,2656935144
2021-01-14T00:00:00.000000Z,0.31354600191116333,0.32355201244354248,0.29980000853538513,0.3103959858417511,2686785564
2021-01-15T00:00:00.000000Z,0.31055399775505066,0.32968500256538391,0.28074198961257935,0.30252999067306519,3171984602
2021-01-16T00:00:00.000000Z,0.30251199007034302,0.36541101336479187,0.30224999785423279,0.35244399309158325,4476161885
2021-01-17T00:00:00.000000Z,0.35233700275421143,0.39565300941467285,0.3428339958190918,0.37985199689865112,5617481334
2021-01-18T00:00:00.000000Z,0.37973499298095703,0.39544299244880676,0.36623299121856689,0.37142801284790039,3480282508
2021-01-19T00:00:00.000000Z,0.37145701050758362,0.38298699259757996,0.36362400650978088,0.3691369891166687,2957453653
2021-01-20T00:00:00.000000Z,0.36893600225448608,0.37619701027870178,0.33195799589157104,0.37539398670196533,3281600988
2021-01-21T00:00:00.000000Z,0.37544900178909302,0.37871599197387695,0.30140098929405212,0.3102090060710907,3567902823
2021-01-22T00:00:00.000000Z,0.31005400419235229,0.35915899276733398,0.28357601165771484,0.34957700967788696,4066222238
2021-01-23T00:00:00.000000Z,0.34933200478553772,0.35721099376678467,0.33670100569725037,0.34564301371574402,2781033956
2021-01-24T00:00:00.000000Z,0.34558600187301636,0.36863899230957031,0.33875599503517151,0.35388100147247314,2539663711
2021-01-25T00:00:00.000000Z,0.35385000705718994,0.36351200938224792,0.34166300296783447,0.34388598799705505,2339817092
2021-01-26T00:00:00.000000Z,0.34384098649024963,0.3497529923915863,0.32581499218940735,0.34423398971557617,2557745015
2021-01-27T00:00:00.000000Z,0.34421798586845398,0.34421798586845398,0.30546098947525024,0.31308001279830933,2666764973
2021-01-28T00:00:00.000000Z,0.31302100419998169,0.35348299145698547,0.30610400438308716,0.34612900018692017,2863036709
2021-01-29T00:00:00.000000Z,0.35234799981117249,0.36677199602127075,0.33201500773429871,0.34813100099563599,3367098095
2021-01-30T00:00:00.000000Z,0.34807801246643066,0.37272000312805176,0.33746901154518127,0.36261901259422302,2866173269
2021-01-31T00:00:00.000000Z,0.36260798573493958,0.37540501356124878,0.33895200490951538,0.34489798545837402,2455679992
2021-02-01T00:00:00.000000Z,0.34481701254844666,0.41715198755264282,0.33419400453567505,0.4020330011844635,3838085989
2021-02-02T00:00:00.000000Z,0.40295198559761047,0.45259499549865723,0.38878700137138367,0.4262470006942749,6504904709
2021-02-03T00:00:00.000000Z,0.42595899105072021,0.4473550021648407,0.41504600644111633,0.44139999151229858,3648896567
2021-02-04T00:00:00.000000Z,0.44135698676109314,0.44701400399208069,0.41015800833702087,0.44105100631713867,3553059568
2021-02-05T00:00:00.000000Z,0.44114199280738831,0.55672401189804077,0.43955600261688232,0.53787398338317871,6808411307
2021-02-06T00:00:00.000000Z,0.5377579927444458,0.65762799978256226,0.52297401428222656,0.62788599729537964,8109402422
2021-02-07T00:00:00.000000Z,0.62883198261260986,0.70253902673721313,0.58694899082183838,0.66323798894882202,11252055620
2021-02-08T00:00:00.000000Z,0.66237998008728027,0.71941101551055908,0.63428300619125366,0.68251097202301025,9056514741
2021-02-09T00:00:00.000000Z,0.68214499950408936,0.70903998613357544,0.66939902305603027,0.70351600646972656,5885048712
2021-02-10T00:00:00.000000Z,0.70354801416397095,0.94389301538467407,0.70354801416397095,0.93031799793243408,12667653585
2021-02-11T00:00:00.000000Z,0.93082302808761597,0.97332501411437988,0.87194997072219849,0.92774099111557007,10627183208
2021-02-12T00:00:00.000000Z,0.92709499597549438,0.94505602121353149,0.87112301588058472,0.925586998462677,8035829513
2021-02-13T00:00:00.000000Z,0.92542099952697754,0.94994997978210449,0.83300298452377319,0.90571898221969604,7532474270
2021-02-14T00:00:00.000000Z,0.90632998943328857,0.91459602117538452,0.81520098447799683,0.84841901063919067,7159401195
2021-02-15T00:00:00.000000Z,0.84782499074935913,0.90815800428390503,0.71711498498916626,0.86101198196411133,8979888270
2021-02-16T00:00:00.000000Z,0.8607029914855957,0.90420597791671753,0.840923011302948,0.87095099687576294,6948621246
2021-02-17T00:00:00.000000Z,0.87090998888015747,0.89595401287078857,0.82649099826812744,0.89091998338699341,5841828077
2021-02-18T00:00:00.000000Z,0.89086902141571045,0.95690399408340454,0.89086902141571045,0.91411900520324707,4918032802
2021-02-19T00:00:00.000000Z,0.91425597667694092,0.94377702474594116,0.88528198003768921,0.92764902114868164,4582877243
2021-02-20T00:00:00.000000Z,0.92746198177337646,1.193958044052124,0.91692101955413818,1.1229579448699951,11454890463
2021-02-21T00:00:00.000000Z,1.1215840578079224,1.1498990058898926,1.079321026802063,1.1005200147628784,7042361464
2021-02-22T00:00:00.000000Z,1.1004060506820679,1.1341580152511597,0.85153102874755859,1.0991510152816772,10562051439
2021-02-23T00:00:00.000000Z,1.098768949508667,1.1337050199508667,0.82414501905441284,0.95470899343490601,11201900117
2021-02-24T00:00:00.000000Z,0.95495802164077759,1.0748319625854492,0.90258300304412842,1.05165696144104,8481334623
2021-02-25T00:00:00.000000Z,1.0513490438461304,1.1727319955825806,1.0179860591888428,1.0791159868240356,8248286269
2021-02-26T00:00:00.000000Z,1.0808279514312744,1.2900470495223999,0.99515002965927124,1.2411049604415894,14884142109
2021-02-27T00:00:00.000000Z,1.2421449422836304,1.476652979850769,1.234138011932373,1.3248599767684937,19141980288
2021-02-28T00:00:00.000000Z,1.32361900806427,1.3611140251159668,1.1660920381546021,1.3080589771270752,15732556180
2021-03-01T00:00:00.000000Z,1.3097920417785645,1.3424079418182373,1.239300012588501,1.2923879623413086,9775330113
2021-03-02T00:00:00.000000Z,1.2936090230941772,1.2996269464492798,1.1887320280075073,1.2255820035934448,8118255106
2021-03-03T00:00:00.000000Z,1.2257189750671387,1.2635250091552734,1.2142339944839478,1.2165930271148682,4937160429
2021-03-04T00:00:00.000000Z,1.2164449691772461,1.2296739816665649,1.0692180395126343,1.1148680448532104,7164490225
2021-03-05T00:00:00.000000Z,1.1146390438079834,1.1951249837875366,1.0411560535430908,1.1685229539871216,7325099027
2021-03-06T00:00:00.000000Z,1.1674560308456421,1.1807199716567993,1.0901319980621338,1.131011962890625,5348048001
2021-03-07T00:00:00.000000Z,1.1308490037918091,1.142285943031311,1.108307957649231,1.1333669424057007,4204795554
2021-03-08T00:00:00.000000Z,1.1329389810562134,1.1762169599533081,1.1079210042953491,1.1180529594421387,3557114310
2021-03-09T00:00:00.000000Z,1.1181449890136719,1.2149230241775513,1.113319993019104,1.195160984992981,5317733185
2021-03-10T00:00:00.000000Z,1.1951030492782593,1.2046819925308228,1.1239700317382812,1.1350029706954956,4215428913
2021-03-11T00:00:00.000000Z,1.1344130039215088,1.1382499933242798,1.1116429567337036,1.1247899532318115,3633460869
2021-03-12T00:00:00.000000Z,1.1248229742050171,1.1280850172042847,1.0327500104904175,1.0391440391540527,4224893051
2021-03-13T00:00:00.000000Z,1.0388940572738647,1.182898998260498,0.99305200576782227,1.1033140420913696,5871086058
2021-03-14T00:00:00.000000Z,1.1029820442199707,1.1029820442199707,1.0591540336608887,1.0591540336608887,3738147940
2021-03-15T00:00:00.000000Z,1.0586010217666626,1.0689129829406738,1.0076279640197754,1.0335390567779541,4545451677
2021-03-16T00:00:00.000000Z,1.0332419872283936,1.2588859796524048,1.0043079853057861,1.2429529428482056,9502962157
2021-03-17T00:00:00.000000Z,1.243554949760437,1.4193439483642578,1.2066620588302612,1.3786729574203491,10046495758
2021-03-18T00:00:00.000000Z,1.3784159421920776,1.4731550216674805,1.2373659610748291,1.2390060424804688,11392835545
2021-03-19T00:00:00.000000Z,1.2385590076446533,1.3423550128936768,1.196045994758606,1.3021700382232666,7970282918
2021-03-20T00:00:00.000000Z,1.3014719486236572,1.3132729530334473,1.2065409421920776,1.2065409421920776,4316999916
2021-03-21T00:00:00.000000Z,1.2064310312271118,1.2442820072174072,1.1647460460662842,1.1891399621963501,4064084727
2021-03-22T00:00:00.000000Z,1.1892030239105225,1.208549976348877,1.0896279811859131,1.1098740100860596,4058067310
2021-03-23T00:00:00.000000Z,1.1093430519104004,1.1741770505905151,1.0880270004272461,1.1215519905090332,4609407773
2021-03-24T00:00:00.000000Z,1.121345043182373,1.1636519432067871,1.0565550327301025,1.0750019550323486,3759287517
2021-03-25T00:00:00.000000Z,1.0744659900665283,1.1529680490493774,1.0559450387954712,1.1015739440917969,5732698268
2021-03-26T00:00:00.000000Z,1.1014250516891479,1.2790759801864624,1.0989559888839722,1.2139689922332764,6325795912
2021-03-27T00:00:00.000000Z,1.2140820026397705,1.2362769842147827,1.1631489992141724,1.1765769720077515,3106871131
2021-03-28T00:00:00.000000Z,1.1768200397491455,1.2195830345153809,1.169293999671936,1.1911239624023438,2397009016
2021-03-29T00:00:00.000000Z,1.1909760236740112,1.2280189990997314,1.1815119981765747,1.2025409936904907,2554597106
2021-03-30T00:00:00.000000Z,1.2025619745254517,1.2337219715118408,1.1916450262069702,1.2133170366287231,2517422843
2021-03-31T00:00:00.000000Z,1.2136750221252441,1.2136750221252441,1.1677199602127075,1.1932640075683594,3190463749
2021-04-01T00:00:00.000000Z,1.1935529708862305,1.2077189683914185,1.1841299533843994,1.1892440319061279,2309789364
2021-04-02T00:00:00.000000Z,1.1892080307006836,1.2459150552749634,1.1876070499420166,1.1965090036392212,2909026267
2021-04-03T00:00:00.000000Z,1.1963260173797607,1.2441829442977905,1.1716350317001343,1.1732770204544067,3355350115
2021-04-04T00:00:00.000000Z,1.1729730367660522,1.1997480392456055,1.1662789583206177,1.1914199590682983,2166855014
2021-04-05T00:00:00.000000Z,1.1915520429611206,1.2267459630966187,1.1765120029449463,1.2143000364303589,2992739340
2021-04-06T00:00:00.000000Z,1.2142790555953979,1.3408950567245483,1.1953890323638916,1.2553540468215942,6301229657
2021-04-07T00:00:00.000000Z,1.2554570436477661,1.2910870313644409,1.1651179790496826,1.1751489639282227,4771395490
2021-04-08T00:00:00.000000Z,1.1761319637298584,1.2237930297851562,1.1731560230255127,1.2194360494613647,2315835365
2021-04-09T00:00:00.000000Z,1.2194540500640869,1.2289799451828003,1.1949310302734375,1.2035399675369263,1678933674
2021-04-10T00:00:00.000000Z,1.2035330533981323,1.2519199848175049,1.1963109970092773,1.2187579870223999,2481275569
2021-04-11T00:00:00.000000Z,1.2183589935302734,1.2922869920730591,1.2007759809494019,1.2667349576950073,3636786443
2021-04-12T00:00:00.000000Z,1.2662060260772705,1.3465880155563354,1.2654739618301392,1.3161269426345825,4918248258
2021-04-13T00:00:00.000000Z,1.3148950338363647,1.4376770257949829,1.2837929725646973,1.4117859601974487,5896543066
2021-04-14T00:00:00.000000Z,1.4109989404678345,1.5577609539031982,1.3530060052871704,1.4554200172424316,9596107541
2021-04-15T00:00:00.000000Z,1.4538040161132812,1.494799017906189,1.4153929948806763,1.4815880060195923,5337358369
2021-04-16T00:00:00.000000Z,1.4796270132064819,1.5189839601516724,1.3399080038070679,1.4169490337371826,5692183858
2021-04-17T00:00:00.000000Z,1.413843035697937,1.456151008605957,1.3680590391159058,1.3848689794540405,4058018560
2021-04-18T00:00:00.000000Z,1.3861809968948364,1.3976960182189941,1.0989769697189331,1.275501012802124,7454680286
2021-04-19T00:00:00.000000Z,1.2780050039291382,1.3223869800567627,1.1742479801177979,1.1979589462280273,5665978235
2021-04-20T00:00:00.000000Z,1.1946090459823608,1.2806930541992188,1.1306469440460205,1.2659339904785156,4855633658
2021-04-21T00:00:00.000000Z,1.2677350044250488,1.2864639759063721,1.2008160352706909,1.2067350149154663,4078624182
2021-04-22T00:00:00.000000Z,1.2039010524749756,1.2774440050125122,1.1175990104675293,1.1470170021057129,4693396293
2021-04-23T00:00:00.000000Z,1.1458239555358887,1.1655759811401367,0.93522697687149048,1.1557019948959351,7196378408
2021-04-24T00:00:00.000000Z,1.158782958984375,1.1962840557098389,1.0969599485397339,1.1013549566268921,3566224272
2021-04-25T00:00:00.000000Z,1.1027029752731323,1.146124005317688,1.0227750539779663,1.0882500410079956,2465672138
2021-04-26T00:00:00.000000Z,1.0901859998703003,1.2498760223388672,1.0821050405502319,1.2340190410614014,3201086934
2021-04-27T00:00:00.000000Z,1.2375949621200562,1.3297660350799561,1.224979043006897,1.306926965713501,2985492683
2021-04-28T00:00:00.000000Z,1.3059660196304321,1.3481980562210083,1.2352149486541748,1.3356659412384033,2981476669
2021-04-29T00:00:00.000000Z,1.3371069431304932,1.4103310108184814,1.2679400444030762,1.3080140352249146,3997566407
2021-04-30T00:00:00.000000Z,1.3061959743499756,1.3690409660339355,1.287837028503418,1.3524490594863892,2691072833
2021-05-01T00:00:00.000000Z,1.352431058883667,1.3674149513244629,1.3190629482269287,1.3530709743499756,2030816122
2021-05-02T00:00:00.000000Z,1.3514020442962646,1.3548890352249146,1.2955770492553711,1.3268120288848877,1994291746
2021-05-03T00:00:00.000000Z,1.3269380331039429,1.3797899484634399,1.3225270509719849,1.362030029296875,2398404766
2021-05-04T00:00:00.000000Z,1.3629390001296997,1.3656810522079468,1.2589290142059326,1.2741110324859619,3342089372
2021-05-05T00:00:00.000000Z,1.2709859609603882,1.4934240579605103,1.2608300447463989,1.4755289554595947,4797068103
2021-05-06T00:00:00.000000Z,1.4781099557876587,1.699504017829895,1.4337999820709229,1.6501239538192749,10679657004
2021-05-07T00:00:00.000000Z,1.6486829519271851,1.7453290224075317,1.5302289724349976,1.65345299243927,7324573762
2021-05-08T00:00:00.000000Z,1.6545439958572388,1.6545439958572388,1.5640840530395508,1.6195540428161621,3959173109
2021-05-09T00:00:00.000000Z,1.6203470230102539,1.8297950029373169,1.5759979486465454,1.7705620527267456,8065503276
2021-05-10T00:00:00.000000Z,1.7660679817199707,1.8226089477539062,1.5293079614639282,1.6446959972381592,6463330466
2021-05-11T00:00:00.000000Z,1.6417169570922852,1.7781120538711548,1.5966759920120239,1.7640769481658936,5428571805
2021-05-12T00:00:00.000000Z,1.7635049819946289,1.8189419507980347,1.5527750253677368,1.5527750253677368,5338469591
2021-05-13T00:00:00.000000Z,1.5684499740600586,1.9699339866638184,1.5053210258483887,1.9336680173873901,14513419581
2021-05-14T00:00:00.000000Z,1.9272830486297607,2.0421030521392822,1.8171520233154297,2.004796028137207,7654204713
2021-05-15T00:00:00.000000Z,2.0066239833831787,2.3717520236968994,1.9665240049362183,2.1740269660949707,15517858775
2021-05-16T00:00:00.000000Z,2.1714339256286621,2.4617660045623779,2.0132849216461182,2.3091130256652832,12524150427
2021-05-17T00:00:00.000000Z,2.3001899719238281,2.3250019550323486,1.9255199432373047,2.0322260856628418,11250259740
2021-05-18T00:00:00.000000Z,2.0281031131744385,2.1503820419311523,1.9796309471130371,2.003662109375,6744829200
2021-05-19T00:00:00.000000Z,2.0065839290618896,2.0280919075012207,1.0280309915542603,1.4825210571289062,16313794033
2021-05-20T00:00:00.000000Z,1.4719610214233398,1.9432289600372314,1.3274120092391968,1.8104690313339233,11788522531
2021-05-21T00:00:00.000000Z,1.8025939464569092,1.868630051612854,1.3267760276794434,1.5522769689559937,9055414507
2021-05-22T00:00:00.000000Z,1.5531129837036133,1.6010199785232544,1.3779430389404297,1.463621973991394,6572397780
2021-05-23T00:00:00.000000Z,1.4656800031661987,1.539639949798584,1.0560359954833984,1.325435996055603,9297651823
2021-05-24T00:00:00.000000Z,1.3162360191345215,1.5979130268096924,1.2703609466552734,1.5494849681854248,7365907636
2021-05-25T00:00:00.000000Z,1.5503729581832886,1.648563027381897,1.4397439956665039,1.5553690195083618,5723130829
2021-05-26T00:00:00.000000Z,1.5544630289077759,1.8324329853057861,1.5544630289077759,1.7827019691467285,6638876193
2021-05-27T00:00:00.000000Z,1.7811369895935059,1.7904770374298096,1.6124140024185181,1.6459599733352661,4266751905
2021-05-28T00:00:00.000000Z,1.6506359577178955,1.6777069568634033,1.4522449970245361,1.5119869709014893,5373114660
2021-05-29T00:00:00.000000Z,1.5136229991912842,1.5617409944534302,1.335858941078186,1.4062319993972778,3902596499
2021-05-30T00:00:00.000000Z,1.4043029546737671,1.6889770030975342,1.3518199920654297,1.5772789716720581,4974774760
2021-05-31T00:00:00.000000Z,1.5756440162658691,1.7506200075149536,1.5272090435028076,1.742777943611145,4491096277
2021-06-01T00:00:00.000000Z,1.7384469509124756,1.7795909643173218,1.6605490446090698,1.7347530126571655,4123980990
2021-06-02T00:00:00.000000Z,1.7361030578613281,1.8038489818572998,1.7192549705505371,1.7528239488601685,3453620094
2021-06-03T00:00:00.000000Z,1.7546429634094238,1.8886499404907227,1.7177619934082031,1.8404710292816162,3443770332
2021-06-04T00:00:00.000000Z,1.846714973449707,1.848484992980957,1.609734058380127,1.710908055305481,4583062567
2021-06-05T00:00:00.000000Z,1.7099159955978394,1.7831770181655884,1.6117149591445923,1.6590089797973633,2969362191
2021-06-06T00:00:00.000000Z,1.6564610004425049,1.7065240144729614,1.6477019786834717,1.6782480478286743,1748045655
2021-06-07T00:00:00.000000Z,1.6772259473800659,1.740568995475769,1.5571060180664062,1.5641059875488281,2644319967
2021-06-08T00:00:00.000000Z,1.5670510530471802,1.5942980051040649,1.4027849435806274,1.5880299806594849,4318242183
2021-06-09T00:00:00.000000Z,1.5834859609603882,1.6304140090942383,1.485164999961853,1.6248259544372559,3551319865
2021-06-10T00:00:00.000000Z,1.6277780532836914,1.6359729766845703,1.5085779428482056,1.5318570137023926,2366588153
2021-06-11T00:00:00.000000Z,1.5331369638442993,1.5460590124130249,1.4208519458770752,1.436378002166748,2477031735
2021-06-12T00:00:00.000000Z,1.4377210140228271,1.4935300350189209,1.358178973197937,1.4802199602127075,2801038421
2021-06-13T00:00:00.000000Z,1.4804940223693848,1.5785130262374878,1.4029350280761719,1.5583590269088745,2785909000
2021-06-14T00:00:00.000000Z,1.5570189952850342,1.5927040576934814,1.5104110240936279,1.5751099586486816,2543903347
2021-06-15T00:00:00.000000Z,1.5738699436187744,1.6114009618759155,1.5453829765319824,1.597756028175354,2553205553
2021-06-16T00:00:00.000000Z,1.5565799474716187,1.5754380226135254,1.4750469923019409,1.4825730323791504,2139361752
2021-06-17T00:00:00.000000Z,1.4845579862594604,1.5384650230407715,1.459475040435791,1.4821939468383789,1731974000
2021-06-18T00:00:00.000000Z,1.4827890396118164,1.4932329654693604,1.3796730041503906,1.415395975112915,2128905021
2021-06-19T00:00:00.000000Z,1.4176030158996582,1.4428770542144775,1.3864220380783081,1.3905700445175171,1829155405
2021-06-20T00:00:00.000000Z,1.3874080181121826,1.4603760242462158,1.3089510202407837,1.4291880130767822,2319196952
2021-06-21T00:00:00.000000Z,1.4270279407501221,1.436257004737854,1.1706039905548096,1.1774799823760986,3987752749
2021-06-22T00:00:00.000000Z,1.175233006477356,1.2630389928817749,1.0029850006103516,1.1532540321350098,5960971784
2021-06-23T00:00:00.000000Z,1.1558040380477905,1.3055609464645386,1.1118940114974976,1.2528959512710571,4931021068
2021-06-24T00:00:00.000000Z,1.2514100074768066,1.398589015007019,1.2068990468978882,1.3560869693756104,3368353999
2021-06-25T00:00:00.000000Z,1.3595219850540161,1.3926830291748047,1.2453039884567261,1.256477952003479,4343177013
2021-06-26T00:00:00.000000Z,1.2543009519577026,1.2913960218429565,1.1985729932785034,1.2504400014877319,3241467640
2021-06-27T00:00:00.000000Z,1.2518270015716553,1.3481680154800415,1.2436779737472534,1.3352019786834717,2371576551
2021-06-28T00:00:00.000000Z,1.3371139764785767,1.3492850065231323,1.3054059743881226,1.3247519731521606,2292440816
2021-06-29T00:00:00.000000Z,1.3255130052566528,1.4199440479278564,1.3203040361404419,1.3684370517730713,2589787987
2021-06-30T00:00:00.000000Z,1.3729679584503174,1.3981169462203979,1.2870630025863647,1.3834719657897949,2591116345
2021-07-01T00:00:00.000000Z,1.3838139772415161,1.3838139772415161,1.3040740489959717,1.3356109857559204,2002167965
2021-07-02T00:00:00.000000Z,1.332942008972168,1.3943970203399658,1.286607027053833,1.3943970203399658,2159409781
2021-07-03T00:00:00.000000Z,1.394152045249939,1.4417140483856201,1.3596639633178711,1.4068360328674316,2028094099
2021-07-04T00:00:00.000000Z,1.4040080308914185,1.4937169551849365,1.3821530342102051,1.4581840038299561,1806362471
2021-07-05T00:00:00.000000Z,1.4612209796905518,1.4612209796905518,1.3792840242385864,1.4048980474472046,1759460737
2021-07-06T00:00:00.000000Z,1.4047119617462158,1.4568870067596436,1.3932820558547974,1.4180530309677124,1477699691
2021-07-07T00:00:00.000000Z,1.4161529541015625,1.4401129484176636,1.4013270139694214,1.4031180143356323,1349405773
2021-07-08T00:00:00.000000Z,1.4049639701843262,1.4064970016479492,1.3204280138015747,1.3301459550857544,1580104997
2021-07-09T00:00:00.000000Z,1.327267050743103,1.3715230226516724,1.2885969877243042,1.3494739532470703,1566915921
2021-07-10T00:00:00.000000Z,1.3507150411605835,1.3648339509963989,1.3205970525741577,1.3360849618911743,1102564201
2021-07-11T00:00:00.000000Z,1.3351720571517944,1.3663510084152222,1.3244340419769287,1.3481450080871582,870305644
2021-07-12T00:00:00.000000Z,1.3482639789581299,1.3730909824371338,1.2928379774093628,1.3150990009307861,1198732016
2021-07-13T00:00:00.000000Z,1.3139729499816895,1.3211239576339722,1.2508009672164917,1.2650829553604126,1243604284
2021-07-14T00:00:00.000000Z,1.2649379968643188,1.2875380516052246,1.2004430294036865,1.2622580528259277,1647061755
2021-07-15T00:00:00.000000Z,1.2636940479278564,1.287742018699646,1.2073960304260254,1.2231919765472412,1637907431
2021-07-16T00:00:00.000000Z,1.2250499725341797,1.2441329956054688,1.1689180135726929,1.1737149953842163,1626548127
2021-07-17T00:00:00.000000Z,1.1715849637985229,1.1936620473861694,1.1526550054550171,1.1723020076751709,1487211065
2021-07-18T00:00:00.000000Z,1.1728509664535522,1.2160309553146362,1.1707760095596313,1.1836980581283569,1354296229
2021-07-19T00:00:00.000000Z,1.1819989681243896,1.190930962562561,1.1172480583190918,1.121116042137146,1061358016
2021-07-20T00:00:00.000000Z,1.1227600574493408,1.1346479654312134,1.0214329957962036,1.0562909841537476,1782242052
2021-07-21T00:00:00.000000Z,1.054298996925354,1.2211060523986816,1.0381820201873779,1.168097972869873,2074843118
2021-07-22T00:00:00.000000Z,1.1702519655227661,1.2066789865493774,1.1521339416503906,1.1861610412597656,1494732916
2021-07-23T00:00:00.000000Z,1.1862499713897705,1.2070330381393433,1.147737979888916,1.206307053565979,1215895311
2021-07-24T00:00:00.000000Z,1.2070720195770264,1.2479729652404785,1.1990180015563965,1.2334970235824585,1227752700
2021-07-25T00:00:00.000000Z,1.2335660457611084,1.2384330034255981,1.1916170120239258,1.2285009622573853,1036357455
2021-07-26T00:00:00.000000Z,1.2287219762802124,1.3990110158920288,1.2243620157241821,1.2584929466247559,3004669560
2021-07-27T00:00:00.000000Z,1.2559280395507812,1.3148030042648315,1.2153600454330444,1.2784459590911865,2145865207
2021-07-28T00:00:00.000000Z,1.2808259725570679,1.3165830373764038,1.2600480318069458,1.2835040092468262,1793329178
2021-07-29T00:00:00.000000Z,1.2864940166473389,1.2990720272064209,1.2609920501708984,1.2840839624404907,1466954743
2021-07-30T00:00:00.000000Z,1.2857910394668579,1.3173539638519287,1.2504949569702148,1.3089519739151001,1556740433
2021-07-31T00:00:00.000000Z,1.3098850250244141,1.3324029445648193,1.2888599634170532,1.3223450183868408,1312376664
2021-08-01T00:00:00.000000Z,1.319957971572876,1.3867369890213013,1.3002699613571167,1.3177299499511719,1862585305
2021-08-02T00:00:00.000000Z,1.3157700300216675,1.3495689630508423,1.2967749834060669,1.3100680112838745,1431593693
2021-08-03T00:00:00.000000Z,1.3093899488449097,1.3827370405197144,1.2631889581680298,1.3650259971618652,2100675041
2021-08-04T00:00:00.000000Z,1.3697830438613892,1.3925390243530273,1.3243659734725952,1.3765640258789062,1899638009
2021-08-05T00:00:00.000000Z,1.376939058303833,1.3973150253295898,1.3405200242996216,1.3861449956893921,1722512650
2021-08-06T00:00:00.000000Z,1.3861930370330811,1.4241189956665039,1.3636989593505859,1.4017859697341919,1882912649
2021-08-07T00:00:00.000000Z,1.4025230407714844,1.4845980405807495,1.3967499732971191,1.4706770181655884,2489155525
2021-08-08T00:00:00.000000Z,1.4730969667434692,1.4942729473114014,1.4086250066757202,1.4278299808502197,1977739378
2021-08-09T00:00:00.000000Z,1.4266170263290405,1.4985640048980713,1.3944360017776489,1.4776400327682495,1821319632
2021-08-10T00:00:00.000000Z,1.4752620458602905,1.6995749473571777,1.4585690498352051,1.6725660562515259,3460499377
2021-08-11T00:00:00.000000Z,1.6779489517211914,1.8944059610366821,1.6706609725952148,1.7980380058288574,6144078169
2021-08-12T00:00:00.000000Z,1.7958029508590698,1.8667570352554321,1.6841249465942383,1.8238780498504639,5590812297
2021-08-13T00:00:00.000000Z,1.8327599763870239,2.1459259986877441,1.8283740282058716,2.1360790729522705,7661020085
2021-08-14T00:00:00.000000Z,2.1382870674133301,2.2503600120544434,2.0935928821563721,2.1916871070861816,7965959274
2021-08-15T00:00:00.000000Z,2.1898961067199707,2.2484309673309326,2.0395619869232178,2.1691529750823975,5964077684
2021-08-16T00:00:00.000000Z,2.16786789894104,2.1954500675201416,2.0517239570617676,2.0794169902801514,4479074279
2021-08-17T00:00:00.000000Z,2.072314977645874,2.1410460472106934,1.9127540588378906,1.9266010522842407,3862425430
2021-08-18T00:00:00.000000Z,1.9244799613952637,2.1612889766693115,1.8876750469207764,2.1085600852966309,4919304569
2021-08-19T00:00:00.000000Z,2.1055240631103516,2.449876070022583,2.0479409694671631,2.4281399250030518,8287149082
2021-08-20T00:00:00.000000Z,2.4377949237823486,2.5752758979797363,2.3786120414733887,2.4577019214630127,8323304733
2021-08-21T00:00:00.000000Z,2.4572141170501709,2.5289890766143799,2.3876159191131592,2.4354350566864014,4710945373
2021-08-22T00:00:00.000000Z,2.4368619918823242,2.7186119556427002,2.433664083480835,2.7137250900268555,6726764969
2021-08-23T00:00:00.000000Z,2.7086160182952881,2.967397928237915,2.6938269138336182,2.9173860549926758,9761269047
2021-08-24T00:00:00.000000Z,2.9200379848480225,2.9474029541015625,2.5983190536499023,2.7210910320281982,9395142433
2021-08-25T00:00:00.000000Z,2.7256290912628174,2.7959940433502197,2.6087958812713623,2.7381319999694824,6920886097
2021-08-26T00:00:00.000000Z,2.7411661148071289,2.7834610939025879,2.4737660884857178,2.5355279445648193,6555135612
2021-08-27T00:00:00.000000Z,2.5317718982696533,2.9444470405578613,2.4986989498138428,2.9441969394683838,8077144313
2021-08-28T00:00:00.000000Z,2.9473381042480469,2.9486749172210693,2.7824740409851074,2.8474900722503662,5503772825
2021-08-29T00:00:00.000000Z,2.8500289916992188,2.9362521171569824,2.7303359508514404,2.8559861183166504,5290685515
2021-08-30T00:00:00.000000Z,2.850740909576416,2.8852419853210449,2.7243170738220215,2.7331600189208984,5221151798
2021-08-31T00:00:00.000000Z,2.7376410961151123,2.877877950668335,2.7064731121063232,2.772475004196167,5085983512
2021-09-01T00:00:00.000000Z,2.7699470520019531,2.9026141166687012,2.7263269424438477,2.8707671165466309,4652638822
2021-09-02T00:00:00.000000Z,2.8697500228881836,3.0991859436035156,2.8397810459136963,2.9634380340576172,7376031836
2021-09-03T00:00:00.000000Z,2.9593150615692139,3.0294361114501953,2.9076058864593506,2.9682390689849854,5244576777
2021-09-04T00:00:00.000000Z,2.9663898944854736,2.9663898944854736,2.8102059364318848,2.8328070640563965,4675923261
2021-09-05T00:00:00.000000Z,2.8314249515533447,2.9549710750579834,2.8263769149780273,2.9108240604400635,4259327908
2021-09-06T00:00:00.000000Z,2.9115810394287109,2.9262299537658691,2.804008960723877,2.8318970203399658,4625766871
2021-09-07T00:00:00.000000Z,2.8328070640563965,2.8725109100341797,2.0409529209136963,2.5024909973144531,11700337851
2021-09-08T00:00:00.000000Z,2.5068590641021729,2.5645139217376709,2.2115089893341064,2.4749889373779297,8032727286
2021-09-09T00:00:00.000000Z,2.4067120552062988,2.62105393409729,2.3870849609375,2.5176661014556885,6031548418
2021-09-10T00:00:00.000000Z,2.5176661014556885,2.5856709480285645,2.3028020858764648,2.3859109878540039,6130460769
2021-09-11T00:00:00.000000Z,2.3851859569549561,2.7960619926452637,2.375493049621582,2.6339499950408936,8670619500
2021-09-12T00:00:00.000000Z,2.641340970993042,2.7831029891967773,2.5111849308013916,2.5817270278930664,8111330870
2021-09-13T00:00:00.000000Z,2.5827779769897461,2.5902810096740723,2.315687894821167,2.400662899017334,6214066598
2021-09-14T00:00:00.000000Z,2.4031860828399658,2.4324901103973389,2.3280189037322998,2.3956379890441895,3934706576
2021-09-15T00:00:00.000000Z,2.3973319530487061,2.5782959461212158,2.364346981048584,2.5016350746154785,4185888557
2021-09-16T00:00:00.000000Z,2.5038890838623047,2.5129830837249756,2.3835940361022949,2.4209690093994141,3323103389
2021-09-17T00:00:00.000000Z,2.4184389114379883,2.4417150020599365,2.3267099857330322,2.346419095993042,2448833581
2021-09-18T00:00:00.000000Z,2.3474290370941162,2.4358029365539551,2.3135490417480469,2.3699779510498047,2118771218
2021-09-19T00:00:00.000000Z,2.3699560165405273,2.3918709754943848,2.2654149532318115,2.2822990417480469,2224777431
2021-09-20T00:00:00.000000Z,2.283437967300415,2.2897930145263672,1.9894180297851562,2.0639889240264893,5935941714
2021-09-21T00:00:00.000000Z,2.0797719955444336,2.2245380878448486,1.9232800006866455,1.9870280027389526,6063428617
2021-09-22T00:00:00.000000Z,1.9842660427093506,2.2661819458007812,1.9709459543228149,2.2661819458007812,4876595304
2021-09-23T00:00:00.000000Z,2.2596909999847412,2.3445630073547363,2.1834681034088135,2.3309409618377686,3463572829
2021-09-24T00:00:00.000000Z,2.3290059566497803,2.3449859619140625,2.0773990154266357,2.2812690734863281,6064304812
2021-09-25T00:00:00.000000Z,2.2793951034545898,2.4581079483032227,2.2411859035491943,2.3015410900115967,6081076538
2021-09-26T00:00:00.000000Z,2.3024430274963379,2.3024430274963379,2.1535310745239258,2.2084949016571045,4143032820
2021-09-27T00:00:00.000000Z,2.2120380401611328,2.2715609073638916,2.1339719295501709,2.1359050273895264,2990138100
2021-09-28T00:00:00.000000Z,2.1332170963287354,2.1721570491790771,2.0300419330596924,2.0391390323638916,3092923646
2021-09-29T00:00:00.000000Z,2.0390150547027588,2.144665002822876,2.0230269432067871,2.065687894821167,2869486117
2021-09-30T00:00:00.000000Z,2.0665891170501709,2.1340770721435547,2.0534539222717285,2.1144518852233887,2621620164
2021-10-01T00:00:00.000000Z,2.1162490844726562,2.2740020751953125,2.0962560176849365,2.258126974105835,3235813427
2021-10-02T00:00:00.000000Z,2.2545309066772461,2.3204159736633301,2.1954340934753418,2.2514588832855225,2911039833
2021-10-03T00:00:00.000000Z,2.249316930770874,2.307574987411499,2.2238819599151611,2.2528729438781738,2331706759
2021-10-04T00:00:00.000000Z,2.2518479824066162,2.2531590461730957,2.1558001041412354,2.1892349720001221,2249001043
2021-10-05T00:00:00.000000Z,2.1891779899597168,2.2566430568695068,2.1815609931945801,2.2331240177154541,2090074822
2021-10-06T00:00:00.000000Z,2.2330870628356934,2.2500269412994385,2.1168758869171143,2.2121551036834717,2719301133
2021-10-07T00:00:00.000000Z,2.2100379467010498,2.3696560859680176,2.1536118984222412,2.2769949436187744,3265277489
2021-10-08T00:00:00.000000Z,2.2779829502105713,2.3091769218444824,2.2237050533294678,2.2371759414672852,1977478611
2021-10-09T00:00:00.000000Z,2.2345271110534668,2.2974569797515869,2.221574068069458,2.2666149139404297,1953066446
2021-10-10T00:00:00.000000Z,2.2672879695892334,2.2762119770050049,2.174144983291626,2.197213888168335,2036732421
2021-10-11T00:00:00.000000Z,2.1919069290161133,2.2493550777435303,2.1220259666442871,2.1733889579772949,2386202338
2021-10-12T00:00:00.000000Z,2.1735250949859619,2.1735749244689941,2.0755839347839355,2.119189977645874,3467823586
2021-10-13T00:00:00.000000Z,2.1193768978118896,2.196760892868042,2.0895650386810303,2.1890530586242676,3088601173
2021-10-14T00:00:00.000000Z,2.1872479915618896,2.2219469547271729,2.1588668823242188,2.1703629493713379,2171800205
2021-10-15T00:00:00.000000Z,2.1729779243469238,2.2405691146850586,2.1391348838806152,2.2146511077880859,3419909583
2021-10-16T00:00:00.000000Z,2.2155539989471436,2.2477478981018066,2.1717319488525391,2.1777129173278809,2415050040
2021-10-17T00:00:00.000000Z,2.1776371002197266,2.1876749992370605,2.096560001373291,2.1569631099700928,2044782419
2021-10-18T00:00:00.000000Z,2.1578330993652344,2.1698899269104004,2.1099429130554199,2.128262996673584,2594342479
2021-10-19T00:00:00.000000Z,2.1282129287719727,2.1555719375610352,2.0966060161590576,2.112962007522583,3071082063
2021-10-20T00:00:00.000000Z,2.1113030910491943,2.2061679363250732,2.09511399269104,2.1859500408172607,3023618047
2021-10-21T00:00:00.000000Z,2.1896400451660156,2.296410083770752,2.1347100734710693,2.1365909576416016,3967007331
2021-10-22T00:00:00.000000Z,2.1375129222869873,2.2087399959564209,2.1334190368652344,2.1541988849639893,2785878320
2021-10-23T00:00:00.000000Z,2.1560060977935791,2.1747629642486572,2.1347510814666748,2.1668150424957275,2115938187
2021-10-24T00:00:00.000000Z,2.1668159961700439,2.1696829795837402,2.0954189300537109,2.1234350204467773,2188895748
2021-10-25T00:00:00.000000Z,2.1198010444641113,2.1762518882751465,2.1156508922576904,2.1440660953521729,2398064828
2021-10-26T00:00:00.000000Z,2.1439158916473389,2.1995890140533447,2.1289820671081543,2.1387770175933838,2803084142
2021-10-27T00:00:00.000000Z,2.1378579139709473,2.1543669700622559,1.8334200382232666,1.9132369756698608,5058404282
2021-10-28T00:00:00.000000Z,1.9122480154037476,2.0545930862426758,1.9107810258865356,1.9882190227508545,4494724914
2021-10-29T00:00:00.000000Z,1.9874130487442017,2.0446960926055908,1.9824980497360229,2.0121870040893555,2884450462
2021-10-30T00:00:00.000000Z,2.01220703125,2.0169949531555176,1.9323920011520386,1.9574220180511475,2313950989
2021-10-31T00:00:00.000000Z,1.9558620452880859,2.0222361087799072,1.9230539798736572,1.9650260210037231,2446176744
2021-11-01T00:00:00.000000Z,1.9649620056152344,2.0153160095214844,1.9179600477218628,1.9500019550323486,2649338831
2021-11-02T00:00:00.000000Z,1.9498180150985718,1.9965399503707886,1.9348269701004028,1.9713770151138306,2459979881
2021-11-03T00:00:00.000000Z,1.971403956413269,2.1446259021759033,1.9508450031280518,2.0637009143829346,4722705987
2021-11-04T00:00:00.000000Z,2.0645589828491211,2.1009659767150879,1.9564030170440674,1.9848819971084595,3301214469
2021-11-05T00:00:00.000000Z,1.9847450256347656,2.0189750194549561,1.9636679887771606,1.9862060546875,2274851985
2021-11-06T00:00:00.000000Z,1.9853060245513916,2.0399401187896729,1.946815013885498,2.0066089630126953,1883049324
2021-11-07T00:00:00.000000Z,2.0069630146026611,2.0361669063568115,1.9781589508056641,2.0218720436096191,1871914235
2021-11-08T00:00:00.000000Z,2.0219459533691406,2.138434886932373,2.0116350650787354,2.1244189739227295,3157370460
2021-11-09T00:00:00.000000Z,2.126183032989502,2.3759140968322754,2.1074690818786621,2.2734830379486084,7356647142
2021-11-10T00:00:00.000000Z,2.2689220905303955,2.3595221042633057,1.9446020126342773,2.1018021106719971,6436473948
2021-11-11T00:00:00.000000Z,2.101768970489502,2.1525309085845947,2.0635640621185303,2.0855240821838379,3597674965
2021-11-12T00:00:00.000000Z,2.0822250843048096,2.1029939651489258,1.9941170215606689,2.0457661151885986,2818140241
2021-11-13T00:00:00.000000Z,2.0461909770965576,2.0794761180877686,2.0236580371856689,2.0531039237976074,2022529448
2021-11-14T00:00:00.000000Z,2.0521020889282227,2.0700418949127197,2.0120699405670166,2.0408530235290527,1527465250
2021-11-15T00:00:00.000000Z,2.041248083114624,2.094681978225708,2.0148110389709473,2.0155870914459229,1411134707
2021-11-16T00:00:00.000000Z,2.0211470127105713,2.0211470127105713,1.7864739894866943,1.8772350549697876,3400794601
2021-11-17T00:00:00.000000Z,1.8778079748153687,1.8933180570602417,1.8052970170974731,1.875540018081665,2869765024
2021-11-18T00:00:00.000000Z,1.876270055770874,1.9085129499435425,1.7108639478683472,1.7883310317993164,2511854943
2021-11-19T00:00:00.000000Z,1.7872250080108643,1.8944250345230103,1.7566230297088623,1.8647929430007935,1897885322
2021-11-20T00:00:00.000000Z,1.8646399974822998,1.9559149742126465,1.8606250286102295,1.9217360019683838,1632660169
2021-11-21T00:00:00.000000Z,1.9228689670562744,1.9228689670562744,1.8363319635391235,1.8397630453109741,1252654509
2021-11-22T00:00:00.000000Z,1.8382910490036011,1.8398109674453735,1.7598299980163574,1.7765549421310425,1581033619
2021-11-23T00:00:00.000000Z,1.7782829999923706,1.8176300525665283,1.7451269626617432,1.7505029439926147,1765447419
2021-11-24T00:00:00.000000Z,1.7512459754943848,1.7523880004882812,1.594202995300293,1.6864229440689087,1983587289
2021-11-25T00:00:00.000000Z,1.667261004447937,1.7488670349121094,1.6208850145339966,1.6513450145721436,3072612884
2021-11-26T00:00:00.000000Z,1.6763880252838135,1.6854399442672729,1.5020459890365601,1.5284199714660645,3011271612
2021-11-27T00:00:00.000000Z,1.5319570302963257,1.585798978805542,1.5319570302963257,1.5461180210113525,1560548721
2021-11-28T00:00:00.000000Z,1.546671986579895,1.5985089540481567,1.4336179494857788,1.5928549766540527,2236244253
2021-11-29T00:00:00.000000Z,1.5945010185241699,1.6361479759216309,1.5599180459976196,1.6025079488754272,1801591216
2021-11-30T00:00:00.000000Z,1.6021020412445068,1.6284029483795166,1.5498429536819458,1.5549030303955078,1814169292
2021-12-01T00:00:00.000000Z,1.5528190135955811,1.6223880052566528,1.5345619916915894,1.547713041305542,1666236481
2021-12-02T00:00:00.000000Z,1.5477060079574585,1.756862998008728,1.5216449499130249,1.715366005897522,3716108059
2021-12-03T00:00:00.000000Z,1.7207189798355103,1.7285089492797852,1.5325640439987183,1.5565550327301025,2675040145
2021-12-04T00:00:00.000000Z,1.558385968208313,1.55861496925354,1.2051240205764771,1.420706033706665,4076290725
2021-12-05T00:00:00.000000Z,1.4206089973449707,1.4365730285644531,1.2905490398406982,1.3781050443649292,3034823821
2021-12-06T00:00:00.000000Z,1.3791890144348145,1.4389940500259399,1.2578680515289307,1.4253929853439331,2642050277
2021-12-07T00:00:00.000000Z,1.4231890439987183,1.4775480031967163,1.3705519437789917,1.3819409608840942,2210387832
2021-12-08T00:00:00.000000Z,1.3809390068054199,1.4236880540847778,1.3435169458389282,1.3970739841461182,1764297116
2021-12-09T00:00:00.000000Z,1.3937389850616455,1.407884955406189,1.2904399633407593,1.2904399633407593,1670588001
2021-12-10T00:00:00.000000Z,1.2917530536651611,1.3318530321121216,1.2100239992141724,1.2116889953613281,1721213997
2021-12-11T00:00:00.000000Z,1.213407039642334,1.3621569871902466,1.1951429843902588,1.354248046875,1693932686
2021-12-12T00:00:00.000000Z,1.3522210121154785,1.4119600057601929,1.3218369483947754,1.3472820520401001,1473164555
2021-12-13T00:00:00.000000Z,1.3478950262069702,1.3577729463577271,1.2025740146636963,1.2253479957580566,1448791702
2021-12-14T00:00:00.000000Z,1.2244600057601929,1.2698760032653809,1.2014219760894775,1.2228349447250366,1596202685
2021-12-15T00:00:00.000000Z,1.2662630081176758,1.3292690515518188,1.2071609497070312,1.3118469715118408,1634066534
2021-12-16T00:00:00.000000Z,1.31181800365448,1.3310099840164185,1.2367839813232422,1.2405339479446411,1293311594
2021-12-17T00:00:00.000000Z,1.2407439947128296,1.2586950063705444,1.1878809928894043,1.2198920249938965,1376131289
2021-12-18T00:00:00.000000Z,1.2205170392990112,1.2672220468521118,1.2019469738006592,1.2425340414047241,1057989368
2021-12-19T00:00:00.000000Z,1.242393970489502,1.3093849420547485,1.2417570352554321,1.2446609735488892,1220196479
2021-12-20T00:00:00.000000Z,1.2434370517730713,1.2606990337371826,1.2027159929275513,1.2382400035858154,1365306484
2021-12-21T00:00:00.000000Z,1.2364189624786377,1.2894250154495239,1.2291150093078613,1.2808589935302734,1149078005
2021-12-22T00:00:00.000000Z,1.2803369760513306,1.3667980432510376,1.278285026550293,1.3280409574508667,1528804985
2021-12-23T00:00:00.000000Z,1.3288429975509644,1.489488959312439,1.3111209869384766,1.4746910333633423,2068524292
2021-12-24T00:00:00.000000Z,1.473876953125,1.4903470277786255,1.3834799528121948,1.3923670053482056,1337799712
2021-12-25T00:00:00.000000Z,1.3941860198974609,1.4607330560684204,1.3852189779281616,1.4534950256347656,1005403101
2021-12-26T00:00:00.000000Z,1.453510046005249,1.4683270454406738,1.4108339548110962,1.4560450315475464,1111799397
2021-12-27T00:00:00.000000Z,1.4558379650115967,1.5907280445098877,1.4520879983901978,1.5129129886627197,1891237484
2021-12-28T00:00:00.000000Z,1.5150920152664185,1.5379790067672729,1.3813519477844238,1.4022639989852905,2111991275
2021-12-29T00:00:00.000000Z,1.4019620418548584,1.4361129999160767,1.32846999168396,1.330814003944397,1516774796
2021-12-30T00:00:00.000000Z,1.3327469825744629,1.3764740228652954,1.3000040054321289,1.360414981842041,1292798472
2021-12-31T00:00:00.000000Z,1.3604700565338135,1.3792020082473755,1.2873649597167969,1.3102090358734131,1271633462
2022-01-01T00:00:00.000000Z,1.3101300001144409,1.3769750595092773,1.3097870349884033,1.3769750595092773,851279685
2022-01-02T00:00:00.000000Z,1.3770170211791992,1.3887549638748169,1.3465150594711304,1.3775839805603027,881893010
2022-01-03T00:00:00.000000Z,1.3775990009307861,1.3775990009307861,1.3157999515533447,1.3216370344161987,956659954
2022-01-04T00:00:00.000000Z,1.3215080499649048,1.3496819734573364,1.299481987953186,1.3116580247879028,1014646349
2022-01-05T00:00:00.000000Z,1.3119440078735352,1.3508750200271606,1.2026790380477905,1.2360019683837891,1416139355
2022-01-06T00:00:00.000000Z,1.2352089881896973,1.2945760488510132,1.1934159994125366,1.2797820568084717,1559075484
2022-01-07T00:00:00.000000Z,1.2799170017242432,1.2824079990386963,1.1932369470596313,1.2115470170974731,1751707653
2022-01-08T00:00:00.000000Z,1.211467981338501,1.2526700496673584,1.1381160020828247,1.1875120401382446,1499054949
2022-01-09T00:00:00.000000Z,1.1876929998397827,1.2040359973907471,1.1534789800643921,1.1738599538803101,1088569809
2022-01-10T00:00:00.000000Z,1.1737860441207886,1.1788589954376221,1.0801529884338379,1.1280519962310791,1481621292
2022-01-11T00:00:00.000000Z,1.127856969833374,1.1936149597167969,1.125648021697998,1.1851099729537964,1089929557
2022-01-12T00:00:00.000000Z,1.1855510473251343,1.30634605884552,1.1855510473251343,1.3045350313186646,1651269250
2022-01-13T00:00:00.000000Z,1.3046560287475586,1.3509949445724487,1.2331609725952148,1.2331609725952148,2022506483
2022-01-14T00:00:00.000000Z,1.2333699464797974,1.3065030574798584,1.2271050214767456,1.2909259796142578,1855980787
2022-01-15T00:00:00.000000Z,1.2910890579223633,1.315587043762207,1.2572580575942993,1.2962629795074463,967735764
2022-01-16T00:00:00.000000Z,1.2959330081939697,1.4206409454345703,1.2911590337753296,1.4072510004043579,2436680646
2022-01-17T00:00:00.000000Z,1.4082100391387939,1.5941309928894043,1.3907630443572998,1.5941309928894043,5285117130
2022-01-18T00:00:00.000000Z,1.5964800119400024,1.6312979459762573,1.4182369709014893,1.4655410051345825,4287066351
2022-01-19T00:00:00.000000Z,1.4649460315704346,1.5311110019683838,1.3314779996871948,1.34175705909729,3304139176
2022-01-20T00:00:00.000000Z,1.3416539430618286,1.4233380556106567,1.2578760385513306,1.2580549716949463,1686210420
2022-01-21T00:00:00.000000Z,1.2588030099868774,1.279778003692627,1.1091660261154175,1.1232329607009888,3009627794
2022-01-22T00:00:00.000000Z,1.1230789422988892,1.1521949768066406,0.93339699506759644,1.0667159557342529,3930474859
2022-01-23T00:00:00.000000Z,1.0676610469818115,1.1648730039596558,1.0569319725036621,1.1223709583282471,2362627205
2022-01-24T00:00:00.000000Z,1.1227819919586182,1.1243380308151245,0.95912402868270874,1.0665980577468872,3237316963
2022-01-25T00:00:00.000000Z,1.066519021987915,1.0720239877700806,0.99821197986602783,1.0435739755630493,1766326155
2022-01-26T00:00:00.000000Z,1.0436199903488159,1.1496479511260986,1.0264860391616821,1.0790469646453857,2437592239
2022-01-27T00:00:00.000000Z,1.0787349939346313,1.0787349939346313,1.0091660022735596,1.0435329675674438,1519972359
2022-01-28T00:00:00.000000Z,1.0432339906692505,1.0583430528640747,1.0140960216522217,1.0506060123443604,1206550586
2022-01-29T00:00:00.000000Z,1.0504920482635498,1.0806139707565308,1.0416469573974609,1.0595699548721313,913122499
2022-01-30T00:00:00.000000Z,1.0597480535507202,1.0753459930419922,1.0284179449081421,1.0374729633331299,748084610
2022-01-31T00:00:00.000000Z,1.0376149415969849,1.0576039552688599,1.0120459794998169,1.0523029565811157,925666321
2022-02-01T00:00:00.000000Z,1.0522359609603882,1.0923169851303101,1.0378860235214233,1.0886240005493164,1130552843
2022-02-02T00:00:00.000000Z,1.0903090238571167,1.1002399921417236,1.0277500152587891,1.028905987739563,1086043481
2022-02-03T00:00:00.000000Z,1.0286879539489746,1.0572249889373779,1.0192610025405884,1.0564440488815308,873675008
2022-02-04T00:00:00.000000Z,1.0562429428100586,1.1356240510940552,1.0472970008850098,1.1356240510940552,1178757518
2022-02-05T00:00:00.000000Z,1.1360609531402588,1.1728849411010742,1.1026179790496826,1.1273449659347534,1363912644
2022-02-06T00:00:00.000000Z,1.1272350549697876,1.1478029489517212,1.1031680107116699,1.1445469856262207,911521818
2022-02-07T00:00:00.000000Z,1.1443560123443604,1.206853985786438,1.1282639503479004,1.1973069906234741,2107219347
2022-02-08T00:00:00.000000Z,1.1976499557495117,1.257815957069397,1.1359130144119263,1.1787199974060059,2267265855
2022-02-09T00:00:00.000000Z,1.1779580116271973,1.2121570110321045,1.1547499895095825,1.1948100328445435,1239455609
2022-02-10T00:00:00.000000Z,1.1946359872817993,1.2186670303344727,1.1491819620132446,1.1524779796600342,1810255178
2022-02-11T00:00:00.000000Z,1.1525709629058838,1.162572979927063,1.0725680589675903,1.080346941947937,1395763170
2022-02-12T00:00:00.000000Z,1.0805109739303589,1.0914069414138794,1.0347169637680054,1.0581990480422974,1401190670
2022-02-13T00:00:00.000000Z,1.0580079555511475,1.0709439516067505,1.0356290340423584,1.0458190441131592,1066206015
2022-02-14T00:00:00.000000Z,1.0454690456390381,1.0527809858322144,1.021528959274292,1.0502669811248779,1261583495
2022-02-15T00:00:00.000000Z,1.0502179861068726,1.1133660078048706,1.0500179529190063,1.1075860261917114,1370174980
2022-02-16T00:00:00.000000Z,1.1076309680938721,1.1105409860610962,1.069288969039917,1.0849809646606445,1028924852
2022-02-17T00:00:00.000000Z,1.0843180418014526,1.0915119647979736,1.0122220516204834,1.0198949575424194,1093325576
2022-02-18T00:00:00.000000Z,1.0202230215072632,1.0413110256195068,0.98947298526763916,0.99711298942565918,1288743412
2022-02-19T00:00:00.000000Z,0.99700498580932617,1.0178539752960205,0.97751402854919434,0.99770301580429077,1104597763
2022-02-20T00:00:00.000000Z,0.99762898683547974,0.99762898683547974,0.92329502105712891,0.93290197849273682,1429017666
2022-02-21T00:00:00.000000Z,0.93245202302932739,0.98624700307846069,0.85771399736404419,0.85823601484298706,2072270994
2022-02-22T00:00:00.000000Z,0.85812997817993164,0.89375597238540649,0.81998997926712036,0.88901698589324951,2058499639
2022-02-23T00:00:00.000000Z,0.88898897171020508,0.95543098449707031,0.86916899681091309,0.86916899681091309,1824386011
2022-02-24T00:00:00.000000Z,0.8685150146484375,0.88234198093414307,0.75281000137329102,0.85342502593994141,3629367685
2022-02-25T00:00:00.000000Z,0.85357201099395752,0.90654098987579346,0.82924401760101318,0.89802700281143188,1652894219
2022-02-26T00:00:00.000000Z,0.89799600839614868,0.92829602956771851,0.88540101051330566,0.88791799545288086,1099934921
2022-02-27T00:00:00.000000Z,0.88778799772262573,0.91267597675323486,0.84014600515365601,0.85833501815795898,1278510571
2022-02-28T00:00:00.000000Z,0.85786998271942139,0.96761298179626465,0.84504002332687378,0.95982801914215088,1779202386
2022-03-01T00:00:00.000000Z,0.95988601446151733,1.0054030418395996,0.94493502378463745,0.96234601736068726,1778795527
2022-03-02T00:00:00.000000Z,0.96242499351501465,0.97362899780273438,0.92906200885772705,0.93866199254989624,1262681262
2022-03-03T00:00:00.000000Z,0.93872201442718506,0.94407898187637329,0.88607299327850342,0.90265899896621704,986233549
2022-03-04T00:00:00.000000Z,0.90279299020767212,0.9030500054359436,0.83086097240447998,0.84288901090621948,1115108721
2022-03-05T00:00:00.000000Z,0.84317499399185181,0.8809400200843811,0.82483899593353271,0.86567199230194092,734896311
2022-03-06T00:00:00.000000Z,0.8656880259513855,0.87049800157546997,0.82300400733947754,0.82375198602676392,670024869
2022-03-07T00:00:00.000000Z,0.8237379789352417,0.84547597169876099,0.78329098224639893,0.7973790168762207,1040234323
2022-03-08T00:00:00.000000Z,0.79717397689819336,0.81914800405502319,0.79031801223754883,0.80124998092651367,955952004
2022-03-09T00:00:00.000000Z,0.80148500204086304,0.86143100261688232,0.8010069727897644,0.84929299354553223,980869497
2022-03-10T00:00:00.000000Z,0.84935498237609863,0.85057598352432251,0.7912219762802124,0.80631601810455322,903650101
2022-03-11T00:00:00.000000Z,0.80630201101303101,0.81714701652526855,0.78592997789382935,0.79012501239776611,792395101
2022-03-12T00:00:00.000000Z,0.7900729775428772,0.80080097913742065,0.78956502676010132,0.79067397117614746,493606091
2022-03-13T00:00:00.000000Z,0.79056698083877563,0.81902498006820679,0.78325098752975464,0.79099500179290771,772035954
2022-03-14T00:00:00.000000Z,0.79041200876235962,0.81207501888275146,0.78190797567367554,0.80391699075698853,924771999
2022-03-15T00:00:00.000000Z,0.8038409948348999,0.81562197208404541,0.78591698408126831,0.80000597238540649,832137304
2022-03-16T00:00:00.000000Z,0.80002397298812866,0.83863198757171631,0.79539597034454346,0.83837401866912842,1233395707
2022-03-17T00:00:00.000000Z,0.83836197853088379,0.8558800220489502,0.82993000745773315,0.8367840051651001,909733920
2022-03-18T00:00:00.000000Z,0.83665698766708374,0.85887998342514038,0.82287901639938354,0.85343301296234131,792706852
2022-03-19T00:00:00.000000Z,0.85327398777008057,0.91292101144790649,0.85197198390960693,0.90109902620315552,1103521076
2022-03-20T00:00:00.000000Z,0.90132200717926025,0.91460299491882324,0.86566901206970215,0.87709200382232666,949951339
2022-03-21T00:00:00.000000Z,0.87720102071762085,0.92759901285171509,0.86591899394989014,0.91678202152252197,1233477886
2022-03-22T00:00:00.000000Z,0.91688799858093262,0.98503297567367554,0.90959197282791138,0.97644001245498657,1699537576
2022-03-23T00:00:00.000000Z,0.97616201639175415,1.1074819564819336,0.95906800031661987,1.1074819564819336,3447683427
2022-03-24T00:00:00.000000Z,1.1072039604187012,1.1857509613037109,1.0854220390319824,1.1300109624862671,3671006856
2022-03-25T00:00:00.000000Z,1.1302280426025391,1.1638150215148926,1.0756310224533081,1.0978879928588867,2232929187
2022-03-26T00:00:00.000000Z,1.0980149507522583,1.1572309732437134,1.0822720527648926,1.1505939960479736,1407171432
2022-03-27T00:00:00.000000Z,1.1510059833526611,1.1833950281143188,1.1081249713897705,1.1821479797363281,1322194562
2022-03-28T00:00:00.000000Z,1.1823339462280273,1.2428649663925171,1.1624679565429688,1.1701840162277222,2304056098
2022-03-29T00:00:00.000000Z,1.1692850589752197,1.2393579483032227,1.1690330505371094,1.1911120414733887,1761798381
2022-03-30T00:00:00.000000Z,1.1909799575805664,1.216668963432312,1.1676080226898193,1.1903849840164185,1424442312
2022-03-31T00:00:00.000000Z,1.1902990341186523,1.2263200283050537,1.1371619701385498,1.1418509483337402,1745903089
2022-04-01T00:00:00.000000Z,1.1419520378112793,1.1729730367660522,1.107619047164917,1.1654249429702759,1687785845
2022-04-02T00:00:00.000000Z,1.165444016456604,1.1938439607620239,1.1510499715805054,1.1560070514678955,1224117012
2022-04-03T00:00:00.000000Z,1.1559089422225952,1.1985429525375366,1.1466870307922363,1.1859409809112549,976725814
2022-04-04T00:00:00.000000Z,1.1857999563217163,1.2403579950332642,1.1654930114746094,1.2129449844360352,2447778820
2022-04-05T00:00:00.000000Z,1.2130290269851685,1.2173930406570435,1.1675479412078857,1.170801043510437,1188106135
2022-04-06T00:00:00.000000Z,1.1707919836044312,1.1716070175170898,1.0523790121078491,1.0527709722518921,1710318316
2022-04-07T00:00:00.000000Z,1.0531289577484131,1.0984690189361572,1.0451380014419556,1.0918940305709839,1139697598
2022-04-08T00:00:00.000000Z,1.0916320085525513,1.097432017326355,1.0213700532913208,1.0263259410858154,926095649
2022-04-09T00:00:00.000000Z,1.0259120464324951,1.0450750589370728,1.0237900018692017,1.0450149774551392,640896639
2022-04-10T00:00:00.000000Z,1.0450119972229004,1.0680299997329712,1.0287569761276245,1.0308849811553955,626332866
2022-04-11T00:00:00.000000Z,1.0306710004806519,1.0306710004806519,0.92011600732803345,0.92044997215270996,1398303911
2022-04-12T00:00:00.000000Z,0.92059898376464844,0.98085498809814453,0.92059898376464844,0.95514500141143799,1076130201
2022-04-13T00:00:00.000000Z,0.95512199401855469,0.97815299034118652,0.93739998340606689,0.97469598054885864,791702878
2022-04-14T00:00:00.000000Z,0.97456902265548706,0.98362398147583008,0.92547100782394409,0.93241202831268311,812010499
2022-04-15T00:00:00.000000Z,0.93252897262573242,0.95798802375793457,0.93247401714324951,0.95471698045730591,574655010
2022-04-16T00:00:00.000000Z,0.95470398664474487,0.96108102798461914,0.93985199928283691,0.95263999700546265,468473785
2022-04-17T00:00:00.000000Z,0.95253098011016846,0.96151202917098999,0.91534602642059326,0.91746598482131958,528371933
2022-04-18T00:00:00.000000Z,0.91750901937484741,0.93736797571182251,0.87773597240447998,0.9367300271987915,1105222191
2022-04-19T00:00:00.000000Z,0.93676197528839111,0.954662024974823,0.92820101976394653,0.95333302021026611,777142382
2022-04-20T00:00:00.000000Z,0.95332497358322144,0.97473502159118652,0.93251001834869385,0.93734097480773926,828312845
2022-04-21T00:00:00.000000Z,0.93727201223373413,0.96945297718048096,0.89691197872161865,0.91047400236129761,871111347
2022-04-22T00:00:00.000000Z,0.9103350043296814,0.92374098300933838,0.89397299289703369,0.90715402364730835,725788912
2022-04-23T00:00:00.000000Z,0.90718501806259155,0.910614013671875,0.88466000556945801,0.88850301504135132,447997661
2022-04-24T00:00:00.000000Z,0.8882790207862854,0.89785498380661011,0.88185697793960571,0.88634997606277466,487629549
2022-04-25T00:00:00.000000Z,0.88637799024581909,0.9017069935798645,0.83023202419281006,0.89869499206542969,1139869029
2022-04-26T00:00:00.000000Z,0.89857697486877441,0.90113699436187744,0.8210110068321228,0.82764500379562378,1020049782
2022-04-27T00:00:00.000000Z,0.82754099369049072,0.85394197702407837,0.82258999347686768,0.84059500694274902,927312593
2022-04-28T00:00:00.000000Z,0.84061497449874878,0.85206198692321777,0.82768899202346802,0.84394997358322144,836357358
2022-04-29T00:00:00.000000Z,0.84393000602722168,0.84869998693466187,0.79368597269058228,0.80504298210144043,874797260
2022-04-30T00:00:00.000000Z,0.80505597591400146,0.81704801321029663,0.7423589825630188,0.75665998458862305,868001173
2022-05-01T00:00:00.000000Z,0.75670099258422852,0.79942500591278076,0.74965500831604004,0.7903439998626709,928448231
2022-05-02T00:00:00.000000Z,0.79027897119522095,0.79581797122955322,0.76619797945022583,0.7815290093421936,805325174
2022-05-03T00:00:00.000000Z,0.78143000602722168,0.79858899116516113,0.76206797361373901,0.77114498615264893,649650331
2022-05-04T00:00:00.000000Z,0.771107017993927,0.89766097068786621,0.76963800191879272,0.89694201946258545,1516023155
2022-05-05T00:00:00.000000Z,0.89706099033355713,0.90411102771759033,0.77814102172851562,0.79115200042724609,1802128590
2022-05-06T00:00:00.000000Z,0.79106497764587402,0.79831498861312866,0.76574200391769409,0.78335899114608765,1312283636
2022-05-07T00:00:00.000000Z,0.78335201740264893,0.78511601686477661,0.75065702199935913,0.76188200712203979,801558914
2022-05-08T00:00:00.000000Z,0.76205301284790039,0.76386898756027222,0.72927200794219971,0.73956298828125,1085127147
2022-05-09T00:00:00.000000Z,0.7395089864730835,0.75323301553726196,0.61008799076080322,0.61008799076080322,2306123277
2022-05-10T00:00:00.000000Z,0.60997200012207031,0.6985200047492981,0.59068799018859863,0.62896299362182617,2372592084
2022-05-11T00:00:00.000000Z,0.62877202033996582,0.65757101774215698,0.48460999131202698,0.51279997825622559,2692548110
2022-05-12T00:00:00.000000Z,0.51299899816513062,0.54549801349639893,0.4065290093421936,0.47374600172042847,2798263564
2022-05-13T00:00:00.000000Z,0.47341799736022949,0.60108798742294312,0.46998101472854614,0.52887701988220215,1946134960
2022-05-14T00:00:00.000000Z,0.52894198894500732,0.55422502756118774,0.49143499135971069,0.53935801982879639,1178703676
2022-05-15T00:00:00.000000Z,0.53938597440719604,0.59788399934768677,0.51654601097106934,0.5975000262260437,1090431332
2022-05-16T00:00:00.000000Z,0.59756898880004883,0.60846501588821411,0.54781198501586914,0.55671602487564087,1291715346
2022-05-17T00:00:00.000000Z,0.55669599771499634,0.59788602590560913,0.55438399314880371,0.57807701826095581,935138863
2022-05-18T00:00:00.000000Z,0.57805699110031128,0.58449900150299072,0.5056149959564209,0.5056149959564209,933793601
2022-05-19T00:00:00.000000Z,0.50549900531768799,0.54424899816513062,0.49561101198196411,0.53332102298736572,939230823
2022-05-20T00:00:00.000000Z,0.53336399793624878,0.5434110164642334,0.50313800573348999,0.51790702342987061,722609837
2022-05-21T00:00:00.000000Z,0.51790499687194824,0.53639000654220581,0.51142400503158569,0.52831399440765381,428041383
2022-05-22T00:00:00.000000Z,0.52834397554397583,0.54701697826385498,0.52339297533035278,0.54261797666549683,489742264
2022-05-23T00:00:00.000000Z,0.54248398542404175,0.55780500173568726,0.50943297147750854,0.51260501146316528,753004177
2022-05-24T00:00:00.000000Z,0.51268702745437622,0.52425897121429443,0.49595698714256287,0.52122402191162109,678125877
2022-05-25T00:00:00.000000Z,0.52124202251434326,0.53146201372146606,0.50828897953033447,0.51387697458267212,589015500
2022-05-26T00:00:00.000000Z,0.51395297050476074,0.52010798454284668,0.46636798977851868,0.48088300228118896,909554798
2022-05-27T00:00:00.000000Z,0.48064300417900085,0.48287099599838257,0.44736701250076294,0.45550701022148132,922413717
2022-05-28T00:00:00.000000Z,0.45817598700523376,0.46744900941848755,0.44970801472663879,0.46476399898529053,448858644
2022-05-29T00:00:00.000000Z,0.46473199129104614,0.48184099793434143,0.45737999677658081,0.48112601041793823,444269488
2022-05-30T00:00:00.000000Z,0.48113399744033813,0.57495599985122681,0.47808301448822021,0.57007300853729248,1185015742
2022-05-31T00:00:00.000000Z,0.56999999284744263,0.68231302499771118,0.56963598728179932,0.62525397539138794,3269050143
2022-06-01T00:00:00.000000Z,0.62541699409484863,0.62997698783874512,0.54080897569656372,0.55274999141693115,1404107650
2022-06-02T00:00:00.000000Z,0.55263602733612061,0.59581100940704346,0.55044400691986084,0.58779501914978027,1257661647
2022-06-03T00:00:00.000000Z,0.58783602714538574,0.60329002141952515,0.54148602485656738,0.5596579909324646,910186327
2022-06-04T00:00:00.000000Z,0.55995702743530273,0.57056999206542969,0.54808801412582397,0.56606900691986084,559861766
2022-06-05T00:00:00.000000Z,0.56609100103378296,0.57955300807952881,0.55639797449111938,0.56708997488021851,478128224
2022-06-06T00:00:00.000000Z,0.5672069787979126,0.643451988697052,0.5666080117225647,0.60932797193527222,1417826128
2022-06-07T00:00:00.000000Z,0.60934001207351685,0.64199298620223999,0.57484698295593262,0.61544501781463623,1450579665
2022-06-08T00:00:00.000000Z,0.61548501253128052,0.66609901189804077,0.61095398664474487,0.64161401987075806,1636846100
2022-06-09T00:00:00.000000Z,0.64164900779724121,0.65521597862243652,0.62774598598480225,0.6329200267791748,1166081755
2022-06-10T00:00:00.000000Z,0.63286298513412476,0.63508301973342896,0.5739319920539856,0.57421600818634033,1170021356
2022-06-11T00:00:00.000000Z,0.57426798343658447,0.61366099119186401,0.54649698734283447,0.5527769923210144,1232257018
2022-06-12T00:00:00.000000Z,0.55297702550888062,0.55993002653121948,0.49686101078987122,0.49686101078987122,1474640183
2022-06-13T00:00:00.000000Z,0.49610000848770142,0.49646300077438354,0.43920600414276123,0.46313300728797913,2551895485
2022-06-14T00:00:00.000000Z,0.46325099468231201,0.5174030065536499,0.43853700160980225,0.48438599705696106,2241209963
2022-06-15T00:00:00.000000Z,0.48416000604629517,0.53679198026657104,0.4501039981842041,0.53329598903656006,2335125416
2022-06-16T00:00:00.000000Z,0.53352898359298706,0.54401701688766479,0.46901801228523254,0.47502198815345764,1226235066
2022-06-17T00:00:00.000000Z,0.47518301010131836,0.50273901224136353,0.47347798943519592,0.48739200830459595,872710309
2022-06-18T00:00:00.000000Z,0.48736700415611267,0.49466899037361145,0.42341899871826172,0.45618200302124023,1214101657
2022-06-19T00:00:00.000000Z,0.45596998929977417,0.48722600936889648,0.43721300363540649,0.48436400294303894,1050008285
2022-06-20T00:00:00.000000Z,0.48440301418304443,0.50796502828598022,0.46288600564002991,0.49226099252700806,1096263588
2022-06-21T00:00:00.000000Z,0.49226999282836914,0.50972801446914673,0.47731798887252808,0.47920399904251099,1018828248
2022-06-22T00:00:00.000000Z,0.4795059859752655,0.48099601268768311,0.45794299244880676,0.45856800675392151,818977392
2022-06-23T00:00:00.000000Z,0.45865198969841003,0.48222100734710693,0.45803999900817871,0.48029199242591858,711554788
2022-06-24T00:00:00.000000Z,0.48019900918006897,0.50881600379943848,0.47704499959945679,0.49922400712966919,945924412
2022-06-25T00:00:00.000000Z,0.49923300743103027,0.5069429874420166,0.47951701283454895,0.49894601106643677,649820170
2022-06-26T00:00:00.000000Z,0.49887600541114807,0.52403700351715088,0.48942598700523376,0.48965299129486084,842528877
2022-06-27T00:00:00.000000Z,0.48955801129341125,0.50761497020721436,0.47861999273300171,0.48579001426696777,709992597
2022-06-28T00:00:00.000000Z,0.4855709969997406,0.4965440034866333,0.46822801232337952,0.46967101097106934,724759074
2022-06-29T00:00:00.000000Z,0.46967300772666931,0.47591599822044373,0.46046298742294312,0.46550899744033813,769352065
2022-06-30T00:00:00.000000Z,0.46560201048851013,0.46673598885536194,0.43618500232696533,0.45884901285171509,903962268
2022-07-01T00:00:00.000000Z,0.45931199193000793,0.47031199932098389,0.44440999627113342,0.44808900356292725,796619668
2022-07-02T00:00:00.000000Z,0.44817999005317688,0.46059200167655945,0.44233199954032898,0.45635101199150085,494852064
2022-07-03T00:00:00.000000Z,0.45632100105285645,0.45888200402259827,0.44454601407051086,0.4555869996547699,439469536
2022-07-04T00:00:00.000000Z,0.45561200380325317,0.47320899367332458,0.44530099630355835,0.46964401006698608,808524892
2022-07-05T00:00:00.000000Z,0.46956899762153625,0.47067299485206604,0.44543999433517456,0.45763200521469116,766706338
2022-07-06T00:00:00.000000Z,0.4576680064201355,0.46429100632667542,0.44911500811576843,0.46217900514602661,622551308
2022-07-07T00:00:00.000000Z,0.46220999956130981,0.48194500803947449,0.46155700087547302,0.47781199216842651,619107061
2022-07-08T00:00:00.000000Z,0.47781699895858765,0.49091699719429016,0.4619159996509552,0.46731099486351013,827327238
2022-07-09T00:00:00.000000Z,0.46729001402854919,0.48426499962806702,0.46649101376533508,0.4787600040435791,666827059
2022-07-10T00:00:00.000000Z,0.47877100110054016,0.47942900657653809,0.45706701278686523,0.46322000026702881,612314122
2022-07-11T00:00:00.000000Z,0.46318098902702332,0.46318098902702332,0.4338650107383728,0.4355199933052063,737643033
2022-07-12T00:00:00.000000Z,0.43558099865913391,0.44090598821640015,0.41743499040603638,0.41792801022529602,707915451
2022-07-13T00:00:00.000000Z,0.41788101196289062,0.43972998857498169,0.40643700957298279,0.43810799717903137,977278539
2022-07-14T00:00:00.000000Z,0.43805700540542603,0.44441899657249451,0.41774100065231323,0.44102498888969421,861474952
2022-07-15T00:00:00.000000Z,0.44111499190330505,0.45155999064445496,0.43396800756454468,0.44245600700378418,739541229
2022-07-16T00:00:00.000000Z,0.44244500994682312,0.45792698860168457,0.43245801329612732,0.45723000168800354,653009372
2022-07-17T00:00:00.000000Z,0.4573180079460144,0.4650610089302063,0.44378998875617981,0.44735300540924072,695937971
2022-07-18T00:00:00.000000Z,0.44741499423980713,0.49724599719047546,0.44638299942016602,0.49254301190376282,1514608156
2022-07-19T00:00:00.000000Z,0.49207800626754761,0.5245940089225769,0.47460699081420898,0.51576799154281616,1558576681
2022-07-20T00:00:00.000000Z,0.51580101251602173,0.54600000381469727,0.48926800489425659,0.49104300141334534,1559480054
2022-07-21T00:00:00.000000Z,0.49107098579406738,0.50144797563552856,0.47723498940467834,0.50009799003601074,929201777
2022-07-22T00:00:00.000000Z,0.50009101629257202,0.51064300537109375,0.47890400886535645,0.48394599556922913,783147406
2022-07-23T00:00:00.000000Z,0.48372700810432434,0.51753199100494385,0.47551599144935608,0.51736801862716675,837188756
2022-07-24T00:00:00.000000Z,0.51735997200012207,0.53407400846481323,0.5106319785118103,0.51381397247314453,910596091
2022-07-25T00:00:00.000000Z,0.51376301050186157,0.51481199264526367,0.47623699903488159,0.47624999284744263,747132740
2022-07-26T00:00:00.000000Z,0.4762980043888092,0.47660401463508606,0.45210498571395874,0.46760699152946472,753266177
2022-07-27T00:00:00.000000Z,0.46771299839019775,0.51055300235748291,0.45982500910758972,0.51055300235748291,1108377917
2022-07-28T00:00:00.000000Z,0.51058000326156616,0.52294802665710449,0.49211201071739197,0.51332801580429077,1404871202
2022-07-29T00:00:00.000000Z,0.51322799921035767,0.54408401250839233,0.50833302736282349,0.52333498001098633,1601170272
2022-07-30T00:00:00.000000Z,0.52321898937225342,0.55121797323226929,0.51198101043701172,0.52557599544525146,1247885850
2022-07-31T00:00:00.000000Z,0.52559298276901245,0.54253602027893066,0.51495099067687988,0.51701998710632324,875157898
2022-08-01T00:00:00.000000Z,0.51705098152160645,0.52573299407958984,0.50253099203109741,0.51412302255630493,647889797
2022-08-02T00:00:00.000000Z,0.51390701532363892,0.51460999250411987,0.49022099375724792,0.49683299660682678,709947033
2022-08-03T00:00:00.000000Z,0.49686598777770996,0.51574301719665527,0.49023601412773132,0.50098800659179688,553477710
2022-08-04T00:00:00.000000Z,0.50097501277923584,0.51042002439498901,0.49488899111747742,0.49966800212860107,499753654
2022-08-05T00:00:00.000000Z,0.49958199262619019,0.51842701435089111,0.49951401352882385,0.51750302314758301,536832135
2022-08-06T00:00:00.000000Z,0.51756399869918823,0.52146798372268677,0.51120597124099731,0.51125597953796387,370884770
2022-08-07T00:00:00.000000Z,0.51137202978134155,0.53666400909423828,0.50766801834106445,0.52746999263763428,495713645
2022-08-08T00:00:00.000000Z,0.52748799324035645,0.54840701818466187,0.52363300323486328,0.53659600019454956,782794306
2022-08-09T00:00:00.000000Z,0.53665602207183838,0.53708499670028687,0.5076410174369812,0.51405197381973267,636681258
2022-08-10T00:00:00.000000Z,0.51399201154708862,0.53788602352142334,0.50406098365783691,0.53709298372268677,816259967
2022-08-11T00:00:00.000000Z,0.53710401058197021,0.54659801721572876,0.52989101409912109,0.5312579870223999,819277170
2022-08-12T00:00:00.000000Z,0.53119498491287231,0.54144197702407837,0.52203500270843506,0.54075300693511963,538287825
2022-08-13T00:00:00.000000Z,0.54070800542831421,0.56639200448989868,0.53868800401687622,0.55981302261352539,930190208
2022-08-14T00:00:00.000000Z,0.55981898307800293,0.59389799833297729,0.55755400657653809,0.570343017578125,1180283864
2022-08-15T00:00:00.000000Z,0.57038599252700806,0.58100998401641846,0.54560500383377075,0.55117100477218628,876107175
2022-08-16T00:00:00.000000Z,0.55100399255752563,0.56926697492599487,0.54915702342987061,0.55791497230529785,734187541
2022-08-17T00:00:00.000000Z,0.55792099237442017,0.57992500066757202,0.5329669713973999,0.53703802824020386,1035477916
2022-08-18T00:00:00.000000Z,0.5372999906539917,0.54298299551010132,0.51141297817230225,0.51263302564620972,642877241
2022-08-19T00:00:00.000000Z,0.51269799470901489,0.51269799470901489,0.44931900501251221,0.45098000764846802,1294433367
2022-08-20T00:00:00.000000Z,0.45087501406669617,0.46297898888587952,0.43887001276016235,0.45138800144195557,792647751
2022-08-21T00:00:00.000000Z,0.45126599073410034,0.47227799892425537,0.44848200678825378,0.46354600787162781,616272980
2022-08-22T00:00:00.000000Z,0.46353599429130554,0.46353599429130554,0.44001498818397522,0.46144598722457886,722091304
2022-08-23T00:00:00.000000Z,0.46148300170898438,0.46880999207496643,0.44780498743057251,0.46520701050758362,562953519
2022-08-24T00:00:00.000000Z,0.46518200635910034,0.46660101413726807,0.45451799035072327,0.45810899138450623,494717036
2022-08-25T00:00:00.000000Z,0.45810800790786743,0.47341498732566833,0.45804101228713989,0.4649989902973175,525337287
2022-08-26T00:00:00.000000Z,0.46495899558067322,0.48163899779319763,0.42815700173377991,0.43086299300193787,1299179883
2022-08-27T00:00:00.000000Z,0.43103900551795959,0.45079499483108521,0.42807701230049133,0.44970300793647766,733099946
2022-08-28T00:00:00.000000Z,0.44971901178359985,0.45340099930763245,0.43004900217056274,0.43004900217056274,519341943
2022-08-29T00:00:00.000000Z,0.43007001280784607,0.45204898715019226,0.42768201231956482,0.45070299506187439,587946527
2022-08-30T00:00:00.000000Z,0.45073598623275757,0.46254599094390869,0.44001799821853638,0.45216900110244751,640051711
2022-08-31T00:00:00.000000Z,0.4522629976272583,0.46277898550033569,0.44605499505996704,0.44666498899459839,521553602
2022-09-01T00:00:00.000000Z,0.44667699933052063,0.45850199460983276,0.44247600436210632,0.45748099684715271,582859437
2022-09-02T00:00:00.000000Z,0.45746400952339172,0.46563899517059326,0.44991299510002136,0.45455899834632874,525812957
2022-09-03T00:00:00.000000Z,0.45453399419784546,0.48481699824333191,0.45399400591850281,0.48038700222969055,778592386
2022-09-04T00:00:00.000000Z,0.48037201166152954,0.50582802295684814,0.47680500149726868,0.50308400392532349,907968827
2022-09-05T00:00:00.000000Z,0.50316798686981201,0.50533902645111084,0.48388499021530151,0.49912101030349731,646475147
2022-09-06T00:00:00.000000Z,0.49909099936485291,0.51115602254867554,0.46299099922180176,0.46306601166725159,982012136
2022-09-07T00:00:00.000000Z,0.4630109965801239,0.48161900043487549,0.45547699928283691,0.47928199172019958,693147052
2022-09-08T00:00:00.000000Z,0.47927400469779968,0.48143100738525391,0.46456900238990784,0.47927400469779968,647768733
2022-09-09T00:00:00.000000Z,0.47925299406051636,0.50293797254562378,0.47867700457572937,0.50291997194290161,858927416
2022-09-10T00:00:00.000000Z,0.5028420090675354,0.52349299192428589,0.49636200070381165,0.51242202520370483,995666468
2022-09-11T00:00:00.000000Z,0.51238000392913818,0.5191500186920166,0.5033079981803894,0.50975197553634644,705305295
2022-09-12T00:00:00.000000Z,0.50975102186203003,0.51886200904846191,0.49781998991966248,0.50154602527618408,856809100
2022-09-13T00:00:00.000000Z,0.50149500370025635,0.50752401351928711,0.46291399002075195,0.46888101100921631,1004511415
2022-09-14T00:00:00.000000Z,0.46391201019287109,0.48570901155471802,0.46304899454116821,0.48137599229812622,737527013
2022-09-15T00:00:00.000000Z,0.48137399554252625,0.48140600323677063,0.46386900544166565,0.46564400196075439,685227625
2022-09-16T00:00:00.000000Z,0.46570301055908203,0.47413000464439392,0.45601901412010193,0.47412601113319397,558761609
2022-09-17T00:00:00.000000Z,0.47422099113464355,0.48772600293159485,0.4730989933013916,0.48715600371360779,511814025
2022-09-18T00:00:00.000000Z,0.48709100484848022,0.48962101340293884,0.44465500116348267,0.44718599319458008,677522389
2022-09-19T00:00:00.000000Z,0.44728299975395203,0.45568498969078064,0.43438801169395447,0.45350399613380432,776470650
2022-09-20T00:00:00.000000Z,0.45354300737380981,0.45407098531723022,0.43881401419639587,0.44189900159835815,544680283
2022-09-21T00:00:00.000000Z,0.44195100665092468,0.46184200048446655,0.4325459897518158,0.44115900993347168,1223771049
2022-09-22T00:00:00.000000Z,0.44087600708007812,0.46549901366233826,0.43571001291275024,0.45896598696708679,762487961
2022-09-23T00:00:00.000000Z,0.45895099639892578,0.47910800576210022,0.44835200905799866,0.46182098984718323,1025328778
2022-09-24T00:00:00.000000Z,0.46182999014854431,0.4670960009098053,0.45129400491714478,0.45159998536109924,582129449
2022-09-25T00:00:00.000000Z,0.45159900188446045,0.46177300810813904,0.44021600484848022,0.44618800282478333,528836100
2022-09-26T00:00:00.000000Z,0.4462989866733551,0.45026999711990356,0.43823400139808655,0.4467569887638092,630690579
2022-09-27T00:00:00.000000Z,0.446819007396698,0.46249398589134216,0.43817201256752014,0.44189000129699707,683067297
2022-09-28T00:00:00.000000Z,0.44178199768066406,0.44251400232315063,0.42641401290893555,0.4372900128364563,618645006
2022-09-29T00:00:00.000000Z,0.43730801343917847,0.43836799263954163,0.42846399545669556,0.43816998600959778,533583651
2022-09-30T00:00:00.000000Z,0.4381830096244812,0.4405440092086792,0.43024900555610657,0.43441399931907654,562475136
2022-10-01T00:00:00.000000Z,0.43442898988723755,0.43623098731040955,0.42895698547363281,0.43029299378395081,317805815
2022-10-02T00:00:00.000000Z,0.43028399348258972,0.43229401111602783,0.41896599531173706,0.41963300108909607,404886268
2022-10-03T00:00:00.000000Z,0.41964399814605713,0.42860099673271179,0.41809698939323425,0.42799800634384155,454947649
2022-10-04T00:00:00.000000Z,0.42800301313400269,0.4372200071811676,0.42592000961303711,0.43576499819755554,443212603
2022-10-05T00:00:00.000000Z,0.43577700853347778,0.43622100353240967,0.42471200227737427,0.43127301335334778,442089311
2022-10-06T00:00:00.000000Z,0.43126499652862549,0.4366840124130249,0.42678898572921753,0.42868700623512268,429115801
2022-10-07T00:00:00.000000Z,0.42869299650192261,0.43031901121139526,0.42239099740982056,0.42432001233100891,412845097
2022-10-08T00:00:00.000000Z,0.42425298690795898,0.42676201462745667,0.4201120138168335,0.42173600196838379,295762328
2022-10-09T00:00:00.000000Z,0.42179098725318909,0.42400100827217102,0.41997501254081726,0.42307201027870178,280279986
2022-10-10T00:00:00.000000Z,0.42305400967597961,0.42626500129699707,0.40178799629211426,0.40180099010467529,522186013
2022-10-11T00:00:00.000000Z,0.40173500776290894,0.40173500776290894,0.38847300410270691,0.39054000377655029,647675205
2022-10-12T00:00:00.000000Z,0.39058300852775574,0.39501899480819702,0.37863999605178833,0.38130000233650208,470666876
2022-10-13T00:00:00.000000Z,0.38132300972938538,0.38200899958610535,0.35116899013519287,0.37763801217079163,1059234268
2022-10-14T00:00:00.000000Z,0.37762901186943054,0.38853400945663452,0.3620469868183136,0.36685100197792053,563104935
2022-10-15T00:00:00.000000Z,0.36684900522232056,0.36936700344085693,0.36208298802375793,0.36374399065971375,349542728
2022-10-16T00:00:00.000000Z,0.36381301283836365,0.3744179904460907,0.36381301283836365,0.37028101086616516,337167739
2022-10-17T00:00:00.000000Z,0.3702709972858429,0.37532800436019897,0.36659899353981018,0.37234500050544739,360241999
2022-10-18T00:00:00.000000Z,0.37234300374984741,0.37390300631523132,0.35931798815727234,0.36182001233100891,435708572
2022-10-19T00:00:00.000000Z,0.36189201474189758,0.36219900846481323,0.34957700967788696,0.35003200173377991,430500856
2022-10-20T00:00:00.000000Z,0.35004401206970215,0.35550400614738464,0.3377240002155304,0.34025400876998901,497190070
2022-10-21T00:00:00.000000Z,0.34025099873542786,0.34957700967788696,0.33099400997161865,0.34907698631286621,513576018
2022-10-22T00:00:00.000000Z,0.34909799695014954,0.35398700833320618,0.34396100044250488,0.35140898823738098,345854400
2022-10-23T00:00:00.000000Z,0.35139799118041992,0.36329999566078186,0.34660199284553528,0.36209899187088013,394201921
2022-10-24T00:00:00.000000Z,0.36209601163864136,0.36458998918533325,0.35438400506973267,0.35785698890686035,389895509
2022-10-25T00:00:00.000000Z,0.35783800482749939,0.41418901085853577,0.35771000385284424,0.40198799967765808,1215554912
2022-10-26T00:00:00.000000Z,0.40167200565338135,0.41021201014518738,0.39635699987411499,0.40349200367927551,761857225
2022-10-27T00:00:00.000000Z,0.40351098775863647,0.41426798701286316,0.38850399851799011,0.38869699835777283,719088729
2022-10-28T00:00:00.000000Z,0.38867101073265076,0.41074499487876892,0.38010698556900024,0.40450701117515564,618236710
2022-10-29T00:00:00.000000Z,0.40450799465179443,0.43572899699211121,0.40226098895072937,0.41977798938751221,855151911
2022-10-30T00:00:00.000000Z,0.4198639988899231,0.42115899920463562,0.40037500858306885,0.40604698657989502,577564479
2022-10-31T00:00:00.000000Z,0.40602999925613403,0.41517400741577148,0.39871299266815186,0.40633600950241089,569992895
2022-11-01T00:00:00.000000Z,0.40628901124000549,0.4144349992275238,0.39992499351501465,0.40140199661254883,452398724
2022-11-02T00:00:00.000000Z,0.40138500928878784,0.4077480137348175,0.38229599595069885,0.38607600331306458,741360035
2022-11-03T00:00:00.000000Z,0.38605999946594238,0.39844700694084167,0.38513600826263428,0.38942000269889832,445099982
2022-11-04T00:00:00.000000Z,0.38939699530601501,0.4253070056438446,0.38881200551986694,0.42152500152587891,909794346
2022-11-05T00:00:00.000000Z,0.42152500152587891,0.43621399998664856,0.42077499628067017,0.42673501372337341,701622249
2022-11-06T00:00:00.000000Z,0.42674899101257324,0.43027600646018982,0.40300500392913818,0.40300500392913818,495843423
2022-11-07T00:00:00.000000Z,0.40296599268913269,0.41574299335479736,0.39902898669242859,0.40425899624824524,554735710
2022-11-08T00:00:00.000000Z,0.40423399209976196,0.41348600387573242,0.35325801372528076,0.37183400988578796,1420168187
2022-11-09T00:00:00.000000Z,0.37196099758148193,0.37525001168251038,0.31237798929214478,0.31783699989318848,1446651845
2022-11-10T00:00:00.000000Z,0.31789198517799377,0.37656301259994507,0.31427401304244995,0.36897701025009155,1353707790
2022-11-11T00:00:00.000000Z,0.36896699666976929,0.37303200364112854,0.34339100122451782,0.35466700792312622,595121832
2022-11-12T00:00:00.000000Z,0.35489898920059204,0.35583400726318359,0.33852899074554443,0.33914399147033691,389700815
2022-11-13T00:00:00.000000Z,0.33918198943138123,0.3448689877986908,0.32735699415206909,0.33012700080871582,405636157
2022-11-14T00:00:00.000000Z,0.33012300729751587,0.34055599570274353,0.31594601273536682,0.33184900879859924,484659345
2022-11-15T00:00:00.000000Z,0.33187401294708252,0.34412899613380432,0.33033698797225952,0.3370090126991272,312070544
2022-11-16T00:00:00.000000Z,0.33696401119232178,0.34393000602722168,0.32543399930000305,0.33238199353218079,279986402
2022-11-17T00:00:00.000000Z,0.33242100477218628,0.33402800559997559,0.3199630081653595,0.32485899329185486,238288352
2022-11-18T00:00:00.000000Z,0.32486900687217712,0.33215600252151489,0.32139700651168823,0.32622098922729492,223268757
2022-11-19T00:00:00.000000Z,0.32621699571609497,0.33168798685073853,0.32307401299476624,0.32851201295852661,160053174
2022-11-20T00:00:00.000000Z,0.32851299643516541,0.3307340145111084,0.3110789954662323,0.31230700016021729,241625735
2022-11-21T00:00:00.000000Z,0.31229999661445618,0.31262201070785522,0.29728800058364868,0.3045479953289032,402254597
2022-11-22T00:00:00.000000Z,0.3045240044593811,0.31586900353431702,0.2991040050983429,0.31192201375961304,303965817
2022-11-23T00:00:00.000000Z,0.31198298931121826,0.31916600465774536,0.30985400080680847,0.3183169960975647,326001398
2022-11-24T00:00:00.000000Z,0.31833299994468689,0.3206849992275238,0.31253999471664429,0.31645798683166504,221490892
2022-11-25T00:00:00.000000Z,0.31641998887062073,0.31682699918746948,0.3083139955997467,0.31498900055885315,205372207
2022-11-26T00:00:00.000000Z,0.31495299935340881,0.3218970000743866,0.31221500039100647,0.31378999352455139,206097213
2022-11-27T00:00:00.000000Z,0.31379300355911255,0.31919100880622864,0.31228798627853394,0.3124539852142334,167898046
2022-11-28T00:00:00.000000Z,0.31246399879455566,0.31378498673439026,0.30140399932861328,0.30669999122619629,268746809
2022-11-29T00:00:00.000000Z,0.30669701099395752,0.31237000226974487,0.30496999621391296,0.30937200784683228,184241191
2022-11-30T00:00:00.000000Z,0.30938500165939331,0.32062798738479614,0.30905801057815552,0.31888300180435181,272587134
2022-12-01T00:00:00.000000Z,0.31889098882675171,0.31946200132369995,0.31362301111221313,0.31448400020599365,205527704
2022-12-02T00:00:00.000000Z,0.31449401378631592,0.31984201073646545,0.31183299422264099,0.31940698623657227,189604155
2022-12-03T00:00:00.000000Z,0.31940001249313354,0.32559499144554138,0.31712999939918518,0.31965398788452148,228514876
2022-12-04T00:00:00.000000Z,0.31963300704956055,0.32365700602531433,0.31883400678634644,0.32275000214576721,174449332
2022-12-05T00:00:00.000000Z,0.32270899415016174,0.32875600457191467,0.31732100248336792,0.31951698660850525,202743238
2022-12-06T00:00:00.000000Z,0.3195129930973053,0.3208560049533844,0.31431299448013306,0.3184640109539032,162651156
2022-12-07T00:00:00.000000Z,0.31847798824310303,0.31900599598884583,0.30806100368499756,0.31031998991966248,224226547
2022-12-08T00:00:00.000000Z,0.31032100319862366,0.31564798951148987,0.30813801288604736,0.31484299898147583,164158396
2022-12-09T00:00:00.000000Z,0.31482300162315369,0.31627601385116577,0.30936801433563232,0.31167700886726379,158935988
2022-12-10T00:00:00.000000Z,0.311708003282547,0.31480100750923157,0.31126001477241516,0.31260600686073303,95343947
2022-12-11T00:00:00.000000Z,0.31262099742889404,0.3149070143699646,0.30674201250076294,0.30771100521087646,121149579
2022-12-12T00:00:00.000000Z,0.30769899487495422,0.30780801177024841,0.30263999104499817,0.30694898962974548,180119689
2022-12-13T00:00:00.000000Z,0.30694100260734558,0.31804800033569336,0.3001750111579895,0.3128649890422821,304333274
2022-12-14T00:00:00.000000Z,0.31291601061820984,0.31520599126815796,0.30678299069404602,0.30813398957252502,255357209
2022-12-15T00:00:00.000000Z,0.3081200122833252,0.3084929883480072,0.29836198687553406,0.30020099878311157,221898095
2022-12-16T00:00:00.000000Z,0.3002069890499115,0.301146000623703,0.26178601384162903,0.26407000422477722,415410448
2022-12-17T00:00:00.000000Z,0.26402398943901062,0.2672480046749115,0.26027199625968933,0.26690000295639038,336512356
2022-12-18T00:00:00.000000Z,0.26692599058151245,0.27068498730659485,0.26399800181388855,0.26633501052856445,178941855
2022-12-19T00:00:00.000000Z,0.26634800434112549,0.26928898692131042,0.25113999843597412,0.25294399261474609,225101432
2022-12-20T00:00:00.000000Z,0.25296100974082947,0.26146900653839111,0.25220999121665955,0.25900700688362122,187028227
2022-12-21T00:00:00.000000Z,0.25899401307106018,0.25920099020004272,0.24921900033950806,0.25315400958061218,204481179
2022-12-22T00:00:00.000000Z,0.25315800309181213,0.25676301121711731,0.24817599356174469,0.2565230131149292,174290867
2022-12-23T00:00:00.000000Z,0.25654101371765137,0.26230800151824951,0.25581398606300354,0.25942900776863098,178906111
2022-12-24T00:00:00.000000Z,0.25942701101303101,0.2603900134563446,0.25736400485038757,0.25936800241470337,90666010
2022-12-25T00:00:00.000000Z,0.25937101244926453,0.25990501046180725,0.25529998540878296,0.25927001237869263,118238326
2022-12-26T00:00:00.000000Z,0.25929298996925354,0.26530700922012329,0.25799000263214111,0.26529699563980103,151542330
2022-12-27T00:00:00.000000Z,0.26530599594116211,0.26596900820732117,0.25748598575592041,0.26036998629570007,164331309
2022-12-28T00:00:00.000000Z,0.26038399338722229,0.26084199547767639,0.24796399474143982,0.24837799370288849,209596269
2022-12-29T00:00:00.000000Z,0.24838000535964966,0.24845999479293823,0.24109399318695068,0.24413999915122986,214425739
2022-12-30T00:00:00.000000Z,0.24412600696086884,0.24598699808120728,0.24034999310970306,0.24555699527263641,159952057
2022-12-31T00:00:00.000000Z,0.24557699263095856,0.25168600678443909,0.24443100392818451,0.24646599590778351,144122815
2023-01-01T00:00:00.000000Z,0.24641400575637817,0.24977099895477295,0.24424499273300171,0.24977099895477295,113369989
2023-01-02T00:00:00.000000Z,0.24977800250053406,0.25576698780059814,0.24736799299716949,0.25382798910140991,159328803
2023-01-03T00:00:00.000000Z,0.25380000472068787,0.25506201386451721,0.25054800510406494,0.2527959942817688,153555529
2023-01-04T00:00:00.000000Z,0.2527959942817688,0.26956400275230408,0.25224399566650391,0.26767700910568237,289945179
2023-01-05T00:00:00.000000Z,0.26768898963928223,0.27025100588798523,0.26406401395797729,0.26910200715065002,175511469
2023-01-06T00:00:00.000000Z,0.26908999681472778,0.27935901284217834,0.26813501119613647,0.27865201234817505,326480796
2023-01-07T00:00:00.000000Z,0.2786639928817749,0.28001800179481506,0.27276599407196045,0.27710500359535217,166488086
2023-01-08T00:00:00.000000Z,0.27702799439430237,0.29521799087524414,0.27498400211334229,0.29521799087524414,391160515
2023-01-09T00:00:00.000000Z,0.29541400074958801,0.34088099002838135,0.29541400074958801,0.31710198521614075,957174794
2023-01-10T00:00:00.000000Z,0.31707799434661865,0.32451799511909485,0.30914801359176636,0.32249599695205688,415469645
2023-01-11T00:00:00.000000Z,0.32250198721885681,0.32287201285362244,0.30870500206947327,0.32274898886680603,323983138
2023-01-12T00:00:00.000000Z,0.32748699188232422,0.33376500010490417,0.31824299693107605,0.32975798845291138,497343610
2023-01-13T00:00:00.000000Z,0.32975500822067261,0.34931498765945435,0.32476300001144409,0.34577101469039917,365604016
2023-01-14T00:00:00.000000Z,0.34573900699615479,0.36903798580169678,0.34305500984191895,0.35255199670791626,747126617
2023-01-15T00:00:00.000000Z,0.35262000560760498,0.35319200158119202,0.33997601270675659,0.35036799311637878,358086150
2023-01-16T00:00:00.000000Z,0.35041800141334534,0.36274799704551697,0.34066098928451538,0.35003998875617981,398812791
2023-01-17T00:00:00.000000Z,0.35008698701858521,0.35601499676704407,0.34574401378631592,0.3457610011100769,296246243
2023-01-18T00:00:00.000000Z,0.34577101469039917,0.35460799932479858,0.32683399319648743,0.32683500647544861,461982437
2023-01-19T00:00:00.000000Z,0.32684099674224854,0.34254500269889832,0.32674500346183777,0.33909898996353149,252071129
2023-01-20T00:00:00.000000Z,0.33904701471328735,0.3647570013999939,0.33470401167869568,0.3645859956741333,365358670
2023-01-21T00:00:00.000000Z,0.36458900570869446,0.37942498922348022,0.35916098952293396,0.36902600526809692,609231750
2023-01-22T00:00:00.000000Z,0.36903300881385803,0.38552901148796082,0.364003986120224,0.37659400701522827,604497889
2023-01-23T00:00:00.000000Z,0.37659099698066711,0.38236498832702637,0.37102198600769043,0.37550398707389832,526544110
2023-01-24T00:00:00.000000Z,0.37538999319076538,0.38250300288200378,0.35829499363899231,0.3592970073223114,382547334
2023-01-25T00:00:00.000000Z,0.35934498906135559,0.37856298685073853,0.34840801358222961,0.37340998649597168,396421939
2023-01-26T00:00:00.000000Z,0.37328699231147766,0.38659799098968506,0.37223199009895325,0.38005900382995605,481117555
2023-01-27T00:00:00.000000Z,0.3800559937953949,0.38929000496864319,0.37053999304771423,0.3889789879322052,360985598
2023-01-28T00:00:00.000000Z,0.38899299502372742,0.39722499251365662,0.37972700595855713,0.38235101103782654,354272484
2023-01-29T00:00:00.000000Z,0.38234600424766541,0.39867499470710754,0.3782309889793396,0.39631301164627075,328417772
2023-01-30T00:00:00.000000Z,0.39667201042175293,0.39760699868202209,0.36858901381492615,0.37251099944114685,398952288
2023-01-31T00:00:00.000000Z,0.37254598736763,0.39656698703765869,0.36942398548126221,0.39092600345611572,466045236
2023-02-01T00:00:00.000000Z,0.39086300134658813,0.40105700492858887,0.37272301316261292,0.39724299311637878,488339901
2023-02-02T00:00:00.000000Z,0.39718899130821228,0.4129289984703064,0.39566400647163391,0.39756301045417786,551818110
2023-02-03T00:00:00.000000Z,0.39750498533248901,0.40643700957298279,0.39678001403808594,0.40433600544929504,379100047
2023-02-04T00:00:00.000000Z,0.40423300862312317,0.4052329957485199,0.39833399653434753,0.39972600340843201,264897945
2023-02-05T00:00:00.000000Z,0.39972901344299316,0.40168601274490356,0.38433700799942017,0.39247199892997742,340587829
2023-02-06T00:00:00.000000Z,0.39247700572013855,0.40241900086402893,0.38160198926925659,0.38242098689079285,343275735
2023-02-07T00:00:00.000000Z,0.3824630081653595,0.39926600456237793,0.38238298892974854,0.39921000599861145,371684529
2023-02-08T00:00:00.000000Z,0.39921298623085022,0.40223398804664612,0.38711801171302795,0.39403301477432251,356894107
2023-02-09T00:00:00.000000Z,0.3940730094909668,0.39523500204086304,0.35893601179122925,0.36253100633621216,486448326
2023-02-10T00:00:00.000000Z,0.36246401071548462,0.36543399095535278,0.35578799247741699,0.35863500833511353,357711042
2023-02-11T00:00:00.000000Z,0.35865598917007446,0.3698669970035553,0.35778000950813293,0.36920198798179626,224047056
2023-02-12T00:00:00.000000Z,0.36916598677635193,0.37365299463272095,0.36106300354003906,0.36429598927497864,241295741
2023-02-13T00:00:00.000000Z,0.36429199576377869,0.36552900075912476,0.34689599275588989,0.35962700843811035,368832511
2023-02-14T00:00:00.000000Z,0.35957100987434387,0.39213898777961731,0.3553909957408905,0.38644099235534668,476431370
2023-02-15T00:00:00.000000Z,0.38647699356079102,0.41811498999595642,0.38257598876953125,0.41811498999595642,478319555
2023-02-16T00:00:00.000000Z,0.41806098818778992,0.41918200254440308,0.38768699765205383,0.38790199160575867,552970408
2023-02-17T00:00:00.000000Z,0.38786301016807556,0.40933999419212341,0.38705199956893921,0.40394300222396851,403546665
2023-02-18T00:00:00.000000Z,0.4039280116558075,0.41594699025154114,0.39847299456596375,0.40633100271224976,314618907
2023-02-19T00:00:00.000000Z,0.40630599856376648,0.41162800788879395,0.39907398819923401,0.4001069962978363,346665034
2023-02-20T00:00:00.000000Z,0.40015101432800293,0.40922999382019043,0.39203599095344543,0.40400299429893494,375569552
2023-02-21T00:00:00.000000Z,0.40404298901557922,0.40548500418663025,0.38779100775718689,0.39241701364517212,387686829
2023-02-22T00:00:00.000000Z,0.39243701100349426,0.39271500706672668,0.37882798910140991,0.38892099261283875,383736395
2023-02-23T00:00:00.000000Z,0.38892599940299988,0.39463400840759277,0.38079598546028137,0.38302299380302429,291434286
2023-02-24T00:00:00.000000Z,0.3829750120639801,0.38489800691604614,0.35980701446533203,0.36581900715827942,396691064
2023-02-25T00:00:00.000000Z,0.3658440113067627,0.3673349916934967,0.35387998819351196,0.36236399412155151,281884667
2023-02-26T00:00:00.000000Z,0.36239099502563477,0.36980798840522766,0.35847800970077515,0.36897298693656921,207684310
2023-02-27T00:00:00.000000Z,0.36893999576568604,0.36989301443099976,0.35880500078201294,0.36489900946617126,232732125
2023-02-28T00:00:00.000000Z,0.36488699913024902,0.3676069974899292,0.3496910035610199,0.35245400667190552,240196843
2023-03-01T00:00:00.000000Z,0.35252600908279419,0.36366799473762512,0.3505060076713562,0.36035600304603577,229659633
2023-03-02T00:00:00.000000Z,0.36037200689315796,0.36108699440956116,0.34598198533058167,0.35020598769187927,245002411
2023-03-03T00:00:00.000000Z,0.35025599598884583,0.35067600011825562,0.32762199640274048,0.34273698925971985,396068284
2023-03-04T00:00:00.000000Z,0.34275299310684204,0.34433799982070923,0.33173099160194397,0.33649900555610657,173055989
2023-03-05T00:00:00.000000Z,0.33649000525474548,0.34250599145889282,0.33532100915908813,0.33710199594497681,171839723
2023-03-06T00:00:00.000000Z,0.33709898591041565,0.33840900659561157,0.33041000366210938,0.33082100749015808,225815313
2023-03-07T00:00:00.000000Z,0.33085998892784119,0.3345009982585907,0.3230539858341217,0.33048298954963684,272117336
2023-03-08T00:00:00.000000Z,0.33046999573707581,0.33240899443626404,0.31565698981285095,0.31757700443267822,293562114
2023-03-09T00:00:00.000000Z,0.31760901212692261,0.32142400741577148,0.30315199494361877,0.30967798829078674,444234076
2023-03-10T00:00:00.000000Z,0.30974799394607544,0.3177340030670166,0.29848399758338928,0.3153420090675354,469881853
2023-03-11T00:00:00.000000Z,0.31533399224281311,0.32279399037361145,0.3045479953289032,0.30732700228691101,444484034
2023-03-12T00:00:00.000000Z,0.30731898546218872,0.33153900504112244,0.30440801382064819,0.33153900504112244,375802348
2023-03-13T00:00:00.000000Z,0.33160299062728882,0.35207799077033997,0.32868999242782593,0.34458500146865845,652883098
2023-03-14T00:00:00.000000Z,0.34457999467849731,0.3684920072555542,0.33923199772834778,0.34430798888206482,594801973
2023-03-15T00:00:00.000000Z,0.34439399838447571,0.34803399443626404,0.31771600246429443,0.32463699579238892,589352992
2023-03-16T00:00:00.000000Z,0.32476699352264404,0.32950800657272339,0.32001000642776489,0.32538300752639771,342137034
2023-03-17T00:00:00.000000Z,0.32540300488471985,0.35052400827407837,0.32263800501823425,0.35052400827407837,413038577
2023-03-18T00:00:00.000000Z,0.35053500533103943,0.35659599304199219,0.33698800206184387,0.33771100640296936,367227473
2023-03-19T00:00:00.000000Z,0.33771699666976929,0.35269901156425476,0.33771699666976929,0.3460099995136261,269005859
2023-03-20T00:00:00.000000Z,0.34595999121665955,0.3467400074005127,0.33213499188423157,0.33259499073028564,322120843
2023-03-21T00:00:00.000000Z,0.33261901140213013,0.3842729926109314,0.33180800080299377,0.37123599648475647,685951110
2023-03-22T00:00:00.000000Z,0.37119299173355103,0.38695898652076721,0.35148099064826965,0.36061298847198486,792747065
2023-03-23T00:00:00.000000Z,0.36057600378990173,0.38436400890350342,0.35505199432373047,0.37204501032829285,435026934
2023-03-24T00:00:00.000000Z,0.37206000089645386,0.37272000312805176,0.35702899098396301,0.36008301377296448,305578157
2023-03-25T00:00:00.000000Z,0.36009898781776428,0.36287599802017212,0.34995201230049133,0.35199600458145142,211460876
2023-03-26T00:00:00.000000Z,0.35200101137161255,0.36141100525856018,0.34979599714279175,0.3562450110912323,219918828
2023-03-27T00:00:00.000000Z,0.3562529981136322,0.35698899626731873,0.33873799443244934,0.34551000595092773,302198799
2023-03-28T00:00:00.000000Z,0.34556499123573303,0.36945900321006775,0.34380900859832764,0.36835399270057678,319572685
2023-03-29T00:00:00.000000Z,0.36830300092697144,0.3895060122013092,0.36743101477622986,0.38158899545669556,472185946
2023-03-30T00:00:00.000000Z,0.38161000609397888,0.38692900538444519,0.37089800834655762,0.37645900249481201,391063045
2023-03-31T00:00:00.000000Z,0.37649598717689514,0.40793800354003906,0.37508100271224976,0.39892300963401794,637648499
2023-04-01T00:00:00.000000Z,0.3988800048828125,0.40123200416564941,0.38275301456451416,0.38538798689842224,355308379
2023-04-02T00:00:00.000000Z,0.3931959867477417,0.3931959867477417,0.37731701135635376,0.38175299763679504,300032590
2023-04-03T00:00:00.000000Z,0.38173499703407288,0.40346500277519226,0.37287500500679016,0.38713899254798889,617334084
2023-04-04T00:00:00.000000Z,0.38715198636054993,0.39944499731063843,0.38570699095726013,0.38968300819396973,386367284
2023-04-05T00:00:00.000000Z,0.38968899846076965,0.3995940089225769,0.38792398571968079,0.39236399531364441,303259182
2023-04-06T00:00:00.000000Z,0.39237698912620544,0.39246800541877747,0.37772399187088013,0.38321000337600708,271945888
2023-04-07T00:00:00.000000Z,0.38320198655128479,0.38493800163269043,0.37720599770545959,0.38364300131797791,191601659
2023-04-08T00:00:00.000000Z,0.38362601399421692,0.39024800062179565,0.38108700513839722,0.38563498854637146,202832134
2023-04-09T00:00:00.000000Z,0.38566499948501587,0.392753005027771,0.38527899980545044,0.3896929919719696,198718327
2023-04-10T00:00:00.000000Z,0.38970100879669189,0.39742299914360046,0.38549000024795532,0.39698898792266846,259765415
2023-04-11T00:00:00.000000Z,0.39704498648643494,0.41163098812103271,0.39626398682594299,0.40145599842071533,445334495
2023-04-12T00:00:00.000000Z,0.40148600935935974,0.40930899977684021,0.39026999473571777,0.40656301379203796,372409439
2023-04-13T00:00:00.000000Z,0.40486899018287659,0.428180992603302,0.40187400579452515,0.42575898766517639,517280941
2023-04-14T00:00:00.000000Z,0.42574399709701538,0.44407999515533447,0.42517799139022827,0.43832999467849731,722237052
2023-04-15T00:00:00.000000Z,0.4383380115032196,0.46056199073791504,0.43280801177024841,0.4532800018787384,588188293
2023-04-16T00:00:00.000000Z,0.45326599478721619,0.45726600289344788,0.44428199529647827,0.45175498723983765,378398337
2023-04-17T00:00:00.000000Z,0.4517579972743988,0.4517579972743988,0.43316799402236938,0.43416699767112732,467653074
2023-04-18T00:00:00.000000Z,0.43419501185417175,0.44775199890136719,0.42962101101875305,0.4437519907951355,344714826
2023-04-19T00:00:00.000000Z,0.44372600317001343,0.44372600317001343,0.41203901171684265,0.41579300165176392,572007595
2023-04-20T00:00:00.000000Z,0.41579699516296387,0.42167100310325623,0.39739900827407837,0.40073099732398987,446305606
2023-04-21T00:00:00.000000Z,0.40072500705718994,0.40640899538993835,0.38041499257087708,0.38293901085853577,423456899
2023-04-22T00:00:00.000000Z,0.3829520046710968,0.39852601289749146,0.38171800971031189,0.39615300297737122,263309100
2023-04-23T00:00:00.000000Z,0.39611899852752686,0.39611899852752686,0.38197401165962219,0.38899999856948853,238675240
2023-04-24T00:00:00.000000Z,0.38899800181388855,0.39660799503326416,0.38128501176834106,0.38391599059104919,282707626
2023-04-25T00:00:00.000000Z,0.38391399383544922,0.39497300982475281,0.37779098749160767,0.3949190080165863,286897325
2023-04-26T00:00:00.000000Z,0.39489001035690308,0.41657799482345581,0.38246399164199829,0.40149798989295959,488881520
2023-04-27T00:00:00.000000Z,0.40150400996208191,0.41786900162696838,0.4014739990234375,0.40984299778938293,398037704
2023-04-28T00:00:00.000000Z,0.40985599160194397,0.41063699126243591,0.3991599977016449,0.40493199229240417,231694651
2023-04-29T00:00:00.000000Z,0.40491798520088196,0.40748900175094604,0.40193501114845276,0.40278398990631104,156258897
2023-04-30T00:00:00.000000Z,0.40277901291847229,0.4145829975605011,0.39634600281715393,0.39735400676727295,227002470
2023-05-01T00:00:00.000000Z,0.3972809910774231,0.39774700999259949,0.38162600994110107,0.38685700297355652,273072699
2023-05-02T00:00:00.000000Z,0.38685101270675659,0.3945469856262207,0.38301599025726318,0.39177298545837402,197535867
2023-05-03T00:00:00.000000Z,0.39176800847053528,0.39611899852752686,0.37938401103019714,0.39394199848175049,262387946
2023-05-04T00:00:00.000000Z,0.39396199584007263,0.39604100584983826,0.38589000701904297,0.3874480128288269,173399725
2023-05-05T00:00:00.000000Z,0.38745400309562683,0.39663299918174744,0.38566899299621582,0.39468398690223694,213191196
2023-05-06T00:00:00.000000Z,0.39468899369239807,0.39671999216079712,0.37657999992370605,0.38011899590492249,226511291
2023-05-07T00:00:00.000000Z,0.38008800148963928,0.38348600268363953,0.37661200761795044,0.37690600752830505,156582718
2023-05-08T00:00:00.000000Z,0.37689501047134399,0.3796750009059906,0.35856300592422485,0.3658280074596405,326851208
2023-05-09T00:00:00.000000Z,0.36579400300979614,0.36950600147247314,0.36090001463890076,0.36380600929260254,196752939
2023-05-10T00:00:00.000000Z,0.36378800868988037,0.37268498539924622,0.35585099458694458,0.36993700265884399,339570773
2023-05-11T00:00:00.000000Z,0.36995700001716614,0.36995700001716614,0.35120800137519836,0.36003899574279785,243032648
2023-05-12T00:00:00.000000Z,0.36000099778175354,0.37054800987243652,0.35580199956893921,0.37046301364898682,262170427
2023-05-13T00:00:00.000000Z,0.37047401070594788,0.37064200639724731,0.36338299512863159,0.36503100395202637,131504736
2023-05-14T00:00:00.000000Z,0.36502701044082642,0.37279400229454041,0.36393499374389648,0.37076100707054138,122914097
2023-05-15T00:00:00.000000Z,0.37078699469566345,0.37546500563621521,0.36748000979423523,0.36748200654983521,176627170
2023-05-16T00:00:00.000000Z,0.36745300889015198,0.37008500099182129,0.36296001076698303,0.36783000826835632,168825148
2023-05-17T00:00:00.000000Z,0.36784100532531738,0.37952899932861328,0.36516299843788147,0.37542501091957092,222726188
2023-05-18T00:00:00.000000Z,0.37544101476669312,0.37980899214744568,0.36715200543403625,0.37207800149917603,203250353
2023-05-19T00:00:00.000000Z,0.37203601002693176,0.37265300750732422,0.36694100499153137,0.36821499466896057,133533511
2023-05-20T00:00:00.000000Z,0.36824199557304382,0.36838200688362122,0.36451199650764465,0.36635699868202209,118748065
2023-05-21T00:00:00.000000Z,0.36635199189186096,0.36739799380302429,0.35833600163459778,0.36036300659179688,116595379
2023-05-22T00:00:00.000000Z,0.36038199067115784,0.37321299314498901,0.3572629988193512,0.36799699068069458,177956408
2023-05-23T00:00:00.000000Z,0.36800399422645569,0.3751780092716217,0.36659601330757141,0.37048399448394775,141912382
2023-05-24T00:00:00.000000Z,0.37049999833106995,0.37056601047515869,0.36098399758338928,0.36423400044441223,175329362
2023-05-25T00:00:00.000000Z,0.36421900987625122,0.36462199687957764,0.35572099685668945,0.35841599106788635,157069344
2023-05-26T00:00:00.000000Z,0.35840800404548645,0.36633199453353882,0.35448399186134338,0.36288401484489441,173562194
2023-05-27T00:00:00.000000Z,0.36287298798561096,0.36722999811172485,0.36208200454711914,0.36677399277687073,106732324
2023-05-28T00:00:00.000000Z,0.36678001284599304,0.38374501466751099,0.3664889931678772,0.3829990029335022,223363707
2023-05-29T00:00:00.000000Z,0.38302600383758545,0.38594698905944824,0.37636798620223999,0.37913799285888672,190025476
2023-05-30T00:00:00.000000Z,0.37912899255752563,0.38306799530982971,0.37551200389862061,0.37793400883674622,186645169
2023-05-31T00:00:00.000000Z,0.37793698906898499,0.3803589940071106,0.37100300192832947,0.37440299987792969,193309518
2023-06-01T00:00:00.000000Z,0.37441399693489075,0.37547400593757629,0.36169201135635376,0.36472401022911072,235187863
2023-06-02T00:00:00.000000Z,0.36470898985862732,0.37926000356674194,0.36315599083900452,0.37830400466918945,202740337
2023-06-03T00:00:00.000000Z,0.37825301289558411,0.37830400466918945,0.37413099408149719,0.37602800130844116,114085774
2023-06-04T00:00:00.000000Z,0.3760400116443634,0.38173499703407288,0.37531501054763794,0.37769299745559692,139910794
2023-06-05T00:00:00.000000Z,0.37769100069999695,0.37902200222015381,0.34826400876045227,0.35201498866081238,292202913
2023-06-06T00:00:00.000000Z,0.35200199484825134,0.35653099417686462,0.33906900882720947,0.35371500253677368,262332330
2023-06-07T00:00:00.000000Z,0.35369798541069031,0.35369798541069031,0.31962600350379944,0.32227799296379089,388306759
2023-06-08T00:00:00.000000Z,0.3222619891166687,0.33021700382232666,0.32094800472259521,0.32315701246261597,249967035
2023-06-09T00:00:00.000000Z,0.32316198945045471,0.3233799934387207,0.29167300462722778,0.29540100693702698,508063099
2023-06-10T00:00:00.000000Z,0.29537799954414368,0.29537799954414368,0.23041999340057373,0.2761940062046051,1293643754
2023-06-11T00:00:00.000000Z,0.2760469913482666,0.27940401434898376,0.26031199097633362,0.2726300060749054,507820127
2023-06-12T00:00:00.000000Z,0.2725830078125,0.28593400120735168,0.26669400930404663,0.27504798769950867,431423925
2023-06-13T00:00:00.000000Z,0.27505400776863098,0.28742200136184692,0.26989299058914185,0.27498599886894226,319427367
2023-06-14T00:00:00.000000Z,0.27498999238014221,0.27691599726676941,0.25822100043296814,0.26322600245475769,244895035
2023-06-15T00:00:00.000000Z,0.26323398947715759,0.26525399088859558,0.25340598821640015,0.26195698976516724,256333352
2023-06-16T00:00:00.000000Z,0.26196900010108948,0.2668130099773407,0.25535300374031067,0.26318499445915222,175866740
2023-06-17T00:00:00.000000Z,0.2631869912147522,0.27291399240493774,0.26116400957107544,0.26692798733711243,171716790
2023-06-18T00:00:00.000000Z,0.26692301034927368,0.26866400241851807,0.26020300388336182,0.26096299290657043,136453692
2023-06-19T00:00:00.000000Z,0.26096799969673157,0.26324498653411865,0.25791001319885254,0.26304799318313599,142015570
2023-06-20T00:00:00.000000Z,0.26309698820114136,0.27039799094200134,0.2532309889793396,0.27032899856567383,214174021
2023-06-21T00:00:00.000000Z,0.27033001184463501,0.28863200545310974,0.26939800381660461,0.28700000047683716,343644852
2023-06-22T00:00:00.000000Z,0.28698599338531494,0.30430001020431519,0.28617900609970093,0.2903130054473877,340493541
2023-06-23T00:00:00.000000Z,0.29034298658370972,0.30223798751831055,0.28806298971176147,0.29648199677467346,245002154
2023-06-24T00:00:00.000000Z,0.29648500680923462,0.29726600646972656,0.28593701124191284,0.29001200199127197,208155226
2023-06-25T00:00:00.000000Z,0.29000198841094971,0.30308699607849121,0.28911799192428589,0.29232499003410339,225729335
2023-06-26T00:00:00.000000Z,0.2923089861869812,0.29245999455451965,0.27825498580932617,0.28035399317741394,211210054
2023-06-27T00:00:00.000000Z,0.28035399317741394,0.28910800814628601,0.27933099865913391,0.28652000427246094,196600613
2023-06-28T00:00:00.000000Z,0.28652599453926086,0.28678500652313232,0.2649100124835968,0.26716899871826172,277304805
2023-06-29T00:00:00.000000Z,0.26716199517250061,0.27786999940872192,0.26700800657272339,0.27556398510932922,195764456
2023-06-30T00:00:00.000000Z,0.27550500631332397,0.29831001162528992,0.27265399694442749,0.28695601224899292,517537042
2023-07-01T00:00:00.000000Z,0.28695699572563171,0.29280799627304077,0.28275001049041748,0.29234001040458679,227531987
2023-07-02T00:00:00.000000Z,0.29235199093818665,0.2930929958820343,0.28776898980140686,0.29205501079559326,193472138
2023-07-03T00:00:00.000000Z,0.29204198718070984,0.29930898547172546,0.29116499423980713,0.29631099104881287,196367871
2023-07-04T00:00:00.000000Z,0.29633399844169617,0.30094799399375916,0.29128998517990112,0.29261499643325806,234604743
2023-07-05T00:00:00.000000Z,0.29262000322341919,0.29559999704360962,0.28128999471664429,0.28447100520133972,231548975
2023-07-06T00:00:00.000000Z,0.28446200489997864,0.29335299134254456,0.27709299325942993,0.27970001101493835,288260059
2023-07-07T00:00:00.000000Z,0.27965599298477173,0.28521698713302612,0.27795401215553284,0.28452500700950623,208453044
2023-07-08T00:00:00.000000Z,0.28451898694038391,0.29220500588417053,0.28267198801040649,0.29065099358558655,207964892
2023-07-09T00:00:00.000000Z,0.29064399003982544,0.29150798916816711,0.28376701474189758,0.28459098935127258,182219306
2023-07-10T00:00:00.000000Z,0.28459799289703369,0.29258599877357483,0.27961400151252747,0.2879909873008728,257987869
2023-07-11T00:00:00.000000Z,0.28799998760223389,0.29372400045394897,0.28799998760223389,0.29281800985336304,198400377
2023-07-12T00:00:00.000000Z,0.29282000660896301,0.29484501481056213,0.2859019935131073,0.28875800967216492,174629627
2023-07-13T00:00:00.000000Z,0.28878000378608704,0.35846999287605286,0.28644499182701111,0.35765799880027771,1078757677
2023-07-14T00:00:00.000000Z,0.35748499631881714,0.37470999360084534,0.3193419873714447,0.32880100607872009,852132416
2023-07-15T00:00:00.000000Z,0.32877999544143677,0.33737099170684814,0.32555299997329712,0.32636499404907227,265031790
2023-07-16T00:00:00.000000Z,0.32636699080467224,0.32744398713111877,0.31364700198173523,0.3148840069770813,298667636
2023-07-17T00:00:00.000000Z,0.31489300727844238,0.3194659948348999,0.30662700533866882,0.31248900294303894,273592230
2023-07-18T00:00:00.000000Z,0.31244000792503357,0.31358999013900757,0.3024350106716156,0.30739900469779968,287022077
2023-07-19T00:00:00.000000Z,0.30770200490951538,0.3258419930934906,0.30740898847579956,0.32351300120353699,451977716
2023-07-20T00:00:00.000000Z,0.32346001267433167,0.33155998587608337,0.31134501099586487,0.31609299778938293,412101582
2023-07-21T00:00:00.000000Z,0.31604498624801636,0.31806299090385437,0.31106799840927124,0.313291996717453,207721960
2023-07-22T00:00:00.000000Z,0.3133159875869751,0.31481000781059265,0.30735599994659424,0.30977201461791992,179065530
2023-07-23T00:00:00.000000Z,0.30984100699424744,0.31852701306343079,0.30837801098823547,0.31716299057006836,168560213
2023-07-24T00:00:00.000000Z,0.31716001033782959,0.3185960054397583,0.30143100023269653,0.305308997631073,245375061
2023-07-25T00:00:00.000000Z,0.30530700087547302,0.3073430061340332,0.30233100056648254,0.30401700735092163,177902317
2023-07-26T00:00:00.000000Z,0.30400499701499939,0.31029999256134033,0.30088499188423157,0.30664101243019104,211751643
2023-07-27T00:00:00.000000Z,0.30660098791122437,0.31302499771118164,0.30598598718643188,0.30752500891685486,168357194
2023-07-28T00:00:00.000000Z,0.30751898884773254,0.31269600987434387,0.30674499273300171,0.31020098924636841,146065281
2023-07-29T00:00:00.000000Z,0.31019699573516846,0.31424799561500549,0.30926498770713806,0.31276500225067139,150822871
2023-07-30T00:00:00.000000Z,0.3127569854259491,0.31780600547790527,0.30737900733947754,0.31563299894332886,184419569
2023-07-31T00:00:00.000000Z,0.31558200716972351,0.31771999597549438,0.30689498782157898,0.30748799443244934,193109898
2023-08-01T00:00:00.000000Z,0.30748501420021057,0.30995100736618042,0.2991270124912262,0.30995100736618042,255356878
2023-08-02T00:00:00.000000Z,0.30999800562858582,0.31126800179481506,0.29901298880577087,0.29938900470733643,225428320
2023-08-03T00:00:00.000000Z,0.29939299821853638,0.30102398991584778,0.29091900587081909,0.29257598519325256,308202642
2023-08-04T00:00:00.000000Z,0.29251900315284729,0.29688099026679993,0.29089900851249695,0.2933880090713501,209059217
2023-08-05T00:00:00.000000Z,0.2933880090713501,0.29366499185562134,0.29046601057052612,0.293628990650177,171376888
2023-08-06T00:00:00.000000Z,0.29363399744033813,0.29531401395797729,0.29079800844192505,0.29208201169967651,162499505
2023-08-07T00:00:00.000000Z,0.29207998514175415,0.29518398642539978,0.28440600633621216,0.29029598832130432,261829458
2023-08-08T00:00:00.000000Z,0.29030901193618774,0.30209198594093323,0.28961500525474548,0.2977449893951416,325442761
2023-08-09T00:00:00.000000Z,0.29777300357818604,0.30188199877738953,0.29648900032043457,0.30114001035690308,237656101
2023-08-10T00:00:00.000000Z,0.30115801095962524,0.30133301019668579,0.2960909903049469,0.29613000154495239,193645057
2023-08-11T00:00:00.000000Z,0.29614698886871338,0.29716700315475464,0.29252400994300842,0.2934499979019165,134863796
2023-08-12T00:00:00.000000Z,0.29344800114631653,0.29432898759841919,0.29107600450515747,0.29183700680732727,116090863
2023-08-13T00:00:00.000000Z,0.29183399677276611,0.29319700598716736,0.28777700662612915,0.28953099250793457,138807073
2023-08-14T00:00:00.000000Z,0.28952899575233459,0.29207399487495422,0.28781598806381226,0.29061099886894226,136047668
2023-08-15T00:00:00.000000Z,0.29061600565910339,0.29064500331878662,0.27804499864578247,0.2818169891834259,188931464
2023-08-16T00:00:00.000000Z,0.2818169891834259,0.28260698914527893,0.26765000820159912,0.27453199028968811,246639932
2023-08-17T00:00:00.000000Z,0.274524986743927,0.27785599231719971,0.24579499661922455,0.25595799088478088,352479738
2023-08-18T00:00:00.000000Z,0.25598299503326416,0.26677799224853516,0.25560501217842102,0.26389199495315552,268892871
2023-08-19T00:00:00.000000Z,0.26389899849891663,0.26943901181221008,0.2610200047492981,0.26837798953056335,144989107
2023-08-20T00:00:00.000000Z,0.26838600635528564,0.27254500985145569,0.26538199186325073,0.27070900797843933,147916643
2023-08-21T00:00:00.000000Z,0.2707040011882782,0.27188399434089661,0.26164698600769043,0.26317900419235229,182615915
2023-08-22T00:00:00.000000Z,0.26314601302146912,0.26328000426292419,0.25230300426483154,0.25836598873138428,212444186
2023-08-23T00:00:00.000000Z,0.25837099552154541,0.26928400993347168,0.25824901461601257,0.26796498894691467,193068301
2023-08-24T00:00:00.000000Z,0.26797300577163696,0.27102100849151611,0.26255899667739868,0.26588401198387146,166177312
2023-08-25T00:00:00.000000Z,0.26588401198387146,0.27006399631500244,0.2597070038318634,0.26107999682426453,226745372
2023-08-26T00:00:00.000000Z,0.26107499003410339,0.26161399483680725,0.25845500826835632,0.26095300912857056,131669884
2023-08-27T00:00:00.000000Z,0.26095500588417053,0.26494100689888,0.2603130042552948,0.26344600319862366,144926713
2023-08-28T00:00:00.000000Z,0.26345300674438477,0.2676059901714325,0.25877499580383301,0.26743400096893311,162632681
2023-08-29T00:00:00.000000Z,0.26742100715637207,0.27857398986816406,0.26056399941444397,0.27244898676872253,338279148
2023-08-30T00:00:00.000000Z,0.27246400713920593,0.27282199263572693,0.26139700412750244,0.26565399765968323,217687329
2023-08-31T00:00:00.000000Z,0.26567599177360535,0.26616400480270386,0.2525239884853363,0.25537300109863281,203402067
2023-09-01T00:00:00.000000Z,0.25536799430847168,0.25855898857116699,0.25267899036407471,0.25518500804901123,174494416
2023-09-02T00:00:00.000000Z,0.25518798828125,0.25719699263572693,0.25427401065826416,0.25622999668121338,116288308
2023-09-03T00:00:00.000000Z,0.25624200701713562,0.25661298632621765,0.25359299778938293,0.2557930052280426,99655432
2023-09-04T00:00:00.000000Z,0.25579899549484253,0.25946599245071411,0.25400999188423157,0.25614601373672485,96786285
2023-09-05T00:00:00.000000Z,0.25614601373672485,0.25825598835945129,0.25436899065971375,0.25761398673057556,91567308
2023-09-06T00:00:00.000000Z,0.25762099027633667,0.25926598906517029,0.25339800119400024,0.25766700506210327,116742728
2023-09-07T00:00:00.000000Z,0.25766998529434204,0.25913101434707642,0.25341200828552246,0.25771999359130859,112745360
2023-09-08T00:00:00.000000Z,0.25773999094963074,0.25910800695419312,0.25302699208259583,0.25437000393867493,100457117
2023-09-09T00:00:00.000000Z,0.25437799096107483,0.25563201308250427,0.25337100028991699,0.25349199771881104,58257359
2023-09-10T00:00:00.000000Z,0.25349500775337219,0.25349500775337219,0.24546100199222565,0.24905200302600861,130899937
2023-09-11T00:00:00.000000Z,0.24903999269008636,0.24938200414180756,0.23762600123882294,0.24187299609184265,135478337
2023-09-12T00:00:00.000000Z,0.24186800420284271,0.25133100152015686,0.24110199511051178,0.24586999416351318,120715898
2023-09-13T00:00:00.000000Z,0.2458689957857132,0.24971500039100647,0.24392400681972504,0.24888400733470917,103707077
2023-09-14T00:00:00.000000Z,0.24888400733470917,0.25226500630378723,0.24692800641059875,0.25118100643157959,111430594
2023-09-15T00:00:00.000000Z,0.25118601322174072,0.25467801094055176,0.24570499360561371,0.25064298510551453,126290025
2023-09-16T00:00:00.000000Z,0.25060001015663147,0.25360500812530518,0.24886700510978699,0.25043600797653198,88723252
2023-09-17T00:00:00.000000Z,0.25043100118637085,0.25116699934005737,0.24580000340938568,0.24731600284576416,85817848
2023-09-18T00:00:00.000000Z,0.24732699990272522,0.25586798787117004,0.24512100219726562,0.25174298882484436,123063381
2023-09-19T00:00:00.000000Z,0.25174099206924438,0.25754401087760925,0.25122800469398499,0.25525999069213867,105915013
2023-09-20T00:00:00.000000Z,0.25526800751686096,0.25603300333023071,0.25099900364875793,0.25163000822067261,106833619
2023-09-21T00:00:00.000000Z,0.25163999199867249,0.25290501117706299,0.24544000625610352,0.24545499682426453,248242483
2023-09-22T00:00:00.000000Z,0.24545800685882568,0.24638299643993378,0.2432360053062439,0.24492199718952179,120378252
2023-09-23T00:00:00.000000Z,0.24491600692272186,0.24667499959468842,0.24399599432945251,0.24613299965858459,68761491
2023-09-24T00:00:00.000000Z,0.24613599479198456,0.24622799456119537,0.24256500601768494,0.243026003241539,75004199
2023-09-25T00:00:00.000000Z,0.24302799999713898,0.24606400728225708,0.24218200147151947,0.24588100612163544,116640933
2023-09-26T00:00:00.000000Z,0.24587200582027435,0.24739600718021393,0.24395400285720825,0.2453950047492981,106282468
2023-09-27T00:00:00.000000Z,0.24539099633693695,0.24792200326919556,0.24310700595378876,0.24479100108146667,107855435
2023-09-28T00:00:00.000000Z,0.2447890043258667,0.25044101476669312,0.24349699914455414,0.24911999702453613,133206511
2023-09-29T00:00:00.000000Z,0.24911400675773621,0.25544700026512146,0.24797399342060089,0.24953599274158478,168414042
2023-09-30T00:00:00.000000Z,0.24953900277614594,0.25467300415039062,0.24932199716567993,0.25404700636863708,108039965
2023-10-01T00:00:00.000000Z,0.25404301285743713,0.26747098565101624,0.25401899218559265,0.26589500904083252,165088197
2023-10-02T00:00:00.000000Z,0.26588800549507141,0.26903599500656128,0.25825798511505127,0.25951299071311951,212684773
2023-10-03T00:00:00.000000Z,0.25948598980903625,0.26421800255775452,0.25808998942375183,0.261027991771698,160216793
2023-10-04T00:00:00.000000Z,0.26103198528289795,0.26104998588562012,0.2545740008354187,0.25931501388549805,138128623
2023-10-05T00:00:00.000000Z,0.25929298996925354,0.26371800899505615,0.2570439875125885,0.26014900207519531,103200693
2023-10-06T00:00:00.000000Z,0.26015099883079529,0.26655799150466919,0.26015099883079529,0.26487201452255249,93706350
2023-10-07T00:00:00.000000Z,0.26486501097679138,0.26552098989486694,0.2572140097618103,0.25873500108718872,116821694
2023-10-08T00:00:00.000000Z,0.25875198841094971,0.25912699103355408,0.25594699382781982,0.25662899017333984,77624838
2023-10-09T00:00:00.000000Z,0.25661000609397888,0.25853300094604492,0.24942499399185181,0.25164198875427246,134553476
2023-10-10T00:00:00.000000Z,0.2516309916973114,0.25310099124908447,0.24750100076198578,0.24914099276065826,110183513
2023-10-11T00:00:00.000000Z,0.24912700057029724,0.24948099255561829,0.24540500342845917,0.24800099432468414,113880690
2023-10-12T00:00:00.000000Z,0.24799899756908417,0.24807099997997284,0.24317599833011627,0.24592199921607971,92208448
2023-10-13T00:00:00.000000Z,0.24591100215911865,0.24915899336338043,0.24518699944019318,0.24614599347114563,99166403
2023-10-14T00:00:00.000000Z,0.24614599347114563,0.24765600264072418,0.24524900317192078,0.24701100587844849,71920372
2023-10-15T00:00:00.000000Z,0.24699799716472626,0.24824599921703339,0.24578599631786346,0.24735599756240845,81524646
2023-10-16T00:00:00.000000Z,0.24734599888324738,0.25779798626899719,0.24734599888324738,0.25156301259994507,187099359
2023-10-17T00:00:00.000000Z,0.25155800580978394,0.25167599320411682,0.24661299586296082,0.24711500108242035,131953756
2023-10-18T00:00:00.000000Z,0.2471030056476593,0.24793100357055664,0.24306200444698334,0.24345299601554871,107992174
2023-10-19T00:00:00.000000Z,0.24345299601554871,0.24692399799823761,0.24065600335597992,0.24692299962043762,120374373
2023-10-20T00:00:00.000000Z,0.24693800508975983,0.2527180016040802,0.24598099291324615,0.25113800168037415,137878642
2023-10-21T00:00:00.000000Z,0.25112199783325195,0.26191699504852295,0.24998399615287781,0.25858500599861145,138559397
2023-10-22T00:00:00.000000Z,0.2585889995098114,0.26404398679733276,0.25683099031448364,0.26357299089431763,121687463
2023-10-23T00:00:00.000000Z,0.26502799987792969,0.27995398640632629,0.26248699426651001,0.27995398640632629,313911948
2023-10-24T00:00:00.000000Z,0.27998799085617065,0.29318898916244507,0.27494800090789795,0.27899301052093506,386762854
2023-10-25T00:00:00.000000Z,0.27903398871421814,0.28945699334144592,0.2771260142326355,0.28055599331855774,244471413
2023-10-26T00:00:00.000000Z,0.28059399127960205,0.29700300097465515,0.28059399127960205,0.2872920036315918,299638179
2023-10-27T00:00:00.000000Z,0.28725498914718628,0.29216000437736511,0.28139200806617737,0.28946799039840698,188027753
2023-10-28T00:00:00.000000Z,0.28950101137161255,0.29728201031684875,0.28920799493789673,0.29124999046325684,146280893
2023-10-29T00:00:00.000000Z,0.29126900434494019,0.29859599471092224,0.28951001167297363,0.2952829897403717,144390110
2023-10-30T00:00:00.000000Z,0.29530501365661621,0.30296400189399719,0.29275500774383545,0.30273398756980896,222609453
2023-10-31T00:00:00.000000Z,0.30277401208877563,0.30461400747299194,0.28782901167869568,0.29310700297355652,303875077
2023-11-01T00:00:00.000000Z,0.29312598705291748,0.30857899785041809,0.2853190004825592,0.30745899677276611,334066110
2023-11-02T00:00:00.000000Z,0.30744999647140503,0.32912901043891907,0.30158799886703491,0.32314199209213257,459253523
2023-11-03T00:00:00.000000Z,0.32314801216125488,0.32919600605964661,0.31263101100921631,0.32902100682258606,355511861
2023-11-04T00:00:00.000000Z,0.32903099060058594,0.33026799559593201,0.32191801071166992,0.32854199409484863,203170093
2023-11-05T00:00:00.000000Z,0.32855299115180969,0.34979000687599182,0.32718199491500854,0.34286999702453613,315492035
2023-11-06T00:00:00.000000Z,0.34285899996757507,0.37525200843811035,0.33993598818778992,0.36340799927711487,418581325
2023-11-07T00:00:00.000000Z,0.36329299211502075,0.36547198891639709,0.3351300060749054,0.35157099366188049,438830911
2023-11-08T00:00:00.000000Z,0.35158300399780273,0.35976400971412659,0.34992200136184692,0.35835000872612,300080444
2023-11-09T00:00:00.000000Z,0.35832300782203674,0.38583898544311523,0.35274198651313782,0.36833500862121582,685476982
2023-11-10T00:00:00.000000Z,0.36838799715042114,0.3875490128993988,0.36481699347496033,0.38620999455451965,550972799
2023-11-11T00:00:00.000000Z,0.38622599840164185,0.39439401030540466,0.37162700295448303,0.38456401228904724,537348711
2023-11-12T00:00:00.000000Z,0.38454398512840271,0.3908190131187439,0.37351998686790466,0.38338300585746765,398823705
2023-11-13T00:00:00.000000Z,0.38341400027275085,0.38833901286125183,0.35590800642967224,0.35841500759124756,441634462
2023-11-14T00:00:00.000000Z,0.35831499099731445,0.37135499715805054,0.34495300054550171,0.35787001252174377,430223143
2023-11-15T00:00:00.000000Z,0.35788199305534363,0.37929201126098633,0.35451000928878784,0.37929201126098633,400207664
2023-11-16T00:00:00.000000Z,0.37928301095962524,0.40852499008178711,0.36209899187088013,0.37176600098609924,784296833
2023-11-17T00:00:00.000000Z,0.37179100513458252,0.37815698981285095,0.35510700941085815,0.36660900712013245,419332542
2023-11-18T00:00:00.000000Z,0.36679500341415405,0.37772899866104126,0.35102200508117676,0.37769401073455811,350054655
2023-11-19T00:00:00.000000Z,0.37768799066543579,0.38536599278450012,0.37026199698448181,0.38452500104904175,308083348
2023-11-20T00:00:00.000000Z,0.3845289945602417,0.39927598834037781,0.37910598516464233,0.38068199157714844,393879761
2023-11-21T00:00:00.000000Z,0.38071298599243164,0.38932600617408752,0.35730001330375671,0.35863101482391357,449348189
2023-11-22T00:00:00.000000Z,0.35846999287605286,0.38705500960350037,0.35742899775505066,0.38065999746322632,306716799
2023-11-23T00:00:00.000000Z,0.38067600131034851,0.38714200258255005,0.37803700566291809,0.38667500019073486,241703105
2023-11-24T00:00:00.000000Z,0.38669499754905701,0.39734399318695068,0.38499501347541809,0.38621300458908081,350870124
2023-11-25T00:00:00.000000Z,0.38622000813484192,0.39570298790931702,0.38570201396942139,0.3948110044002533,215322275
2023-11-26T00:00:00.000000Z,0.39478799700737,0.39556899666786194,0.38116401433944702,0.38818499445915222,234557830
2023-11-27T00:00:00.000000Z,0.38811299204826355,0.39178600907325745,0.37203401327133179,0.37835898995399475,254570208
2023-11-28T00:00:00.000000Z,0.37834098935127258,0.38811498880386353,0.37048900127410889,0.3856239914894104,273962828
2023-11-29T00:00:00.000000Z,0.38563299179077148,0.38880100846290588,0.37854799628257751,0.38177600502967834,256880751
2023-11-30T00:00:00.000000Z,0.3818030059337616,0.38257598876953125,0.37270200252532959,0.37589499354362488,267025029
2023-12-01T00:00:00.000000Z,0.37589100003242493,0.38524699211120605,0.37448298931121826,0.38420200347900391,248849205
2023-12-02T00:00:00.000000Z,0.38420400023460388,0.39784398674964905,0.38341501355171204,0.39779800176620483,255637811
2023-12-03T00:00:00.000000Z,0.39782100915908813,0.40232300758361816,0.38856399059295654,0.39515501260757446,305052507
2023-12-04T00:00:00.000000Z,0.39519199728965759,0.41455000638961792,0.39486101269721985,0.40681099891662598,554694756
2023-12-05T00:00:00.000000Z,0.40681999921798706,0.42565798759460449,0.39797899127006531,0.42565798759460449,507494057
2023-12-06T00:00:00.000000Z,0.42560601234436035,0.45410099625587463,0.41864499449729919,0.44240599870681763,815040059
2023-12-07T00:00:00.000000Z,0.44245800375938416,0.45904800295829773,0.43446499109268188,0.45643201470375061,569699700
2023-12-08T00:00:00.000000Z,0.45642799139022827,0.56659501791000366,0.45356398820877075,0.54592102766036987,1645334961
2023-12-09T00:00:00.000000Z,0.54586297273635864,0.6430240273475647,0.54586297273635864,0.57859998941421509,2566810314
2023-12-10T00:00:00.000000Z,0.5785980224609375,0.61311197280883789,0.57216298580169678,0.59415501356124878,1165845170
2023-12-11T00:00:00.000000Z,0.59403800964355469,0.59756600856781006,0.52461397647857666,0.55102097988128662,1314283882
2023-12-12T00:00:00.000000Z,0.55100399255752563,0.60438698530197144,0.55100399255752563,0.57640701532363892,1221353455
2023-12-13T00:00:00.000000Z,0.57670301198959351,0.67457497119903564,0.54865998029708862,0.66524398326873779,1790051002
2023-12-14T00:00:00.000000Z,0.66550499200820923,0.67780500650405884,0.62482702732086182,0.64347797632217407,1379685748
2023-12-15T00:00:00.000000Z,0.64343297481536865,0.65207099914550781,0.60137099027633667,0.60140800476074219,873847582
2023-12-16T00:00:00.000000Z,0.60127002000808716,0.624472975730896,0.59063297510147095,0.60760897397994995,626131200
2023-12-17T00:00:00.000000Z,0.60760700702667236,0.61633998155593872,0.57829797267913818,0.58031398057937622,560320053
2023-12-18T00:00:00.000000Z,0.58024400472640991,0.60103297233581543,0.54670202732086182,0.60103297233581543,730352029
2023-12-19T00:00:00.000000Z,0.60113197565078735,0.61621302366256714,0.56820297241210938,0.57660001516342163,661906697
2023-12-20T00:00:00.000000Z,0.5766100287437439,0.60880398750305176,0.57089197635650635,0.58932900428771973,670750543
2023-12-21T00:00:00.000000Z,0.58931702375411987,0.63840299844741821,0.58319300413131714,0.63659900426864624,816345866
2023-12-22T00:00:00.000000Z,0.63649600744247437,0.65026700496673584,0.60927402973175049,0.62421602010726929,820661167
2023-12-23T00:00:00.000000Z,0.62409698963165283,0.62409698963165283,0.59969300031661987,0.61454802751541138,501680737
2023-12-24T00:00:00.000000Z,0.6145089864730835,0.62707698345184326,0.59209597110748291,0.59395498037338257,801864460
2023-12-25T00:00:00.000000Z,0.59386402368545532,0.63357698917388916,0.59181302785873413,0.62572097778320312,636249032
2023-12-26T00:00:00.000000Z,0.62564700841903687,0.62642598152160645,0.58089298009872437,0.60879898071289062,856384699
2023-12-27T00:00:00.000000Z,0.60885202884674072,0.64286798238754272,0.58692598342895508,0.63353502750396729,856202366
2023-12-28T00:00:00.000000Z,0.63366097211837769,0.67545002698898315,0.61197102069854736,0.61742198467254639,1241270531
2023-12-29T00:00:00.000000Z,0.61740601062774658,0.62525302171707153,0.5959479808807373,0.60849398374557495,731991586
2023-12-30T00:00:00.000000Z,0.60851001739501953,0.61276501417160034,0.59518599510192871,0.60196399688720703,396120733
2023-12-31T00:00:00.000000Z,0.60189801454544067,0.60921502113342285,0.58833301067352295,0.59420502185821533,413744730
2024-01-01T00:00:00.000000Z,0.59418702125549316,0.62381201982498169,0.59273898601531982,0.62310999631881714,397524048
2024-01-02T00:00:00.000000Z,0.62314099073410034,0.63670402765274048,0.60356801748275757,0.60566699504852295,607247161
2024-01-03T00:00:00.000000Z,0.60566902160644531,0.61796200275421143,0.5251389741897583,0.55728602409362793,1127440527
2024-01-04T00:00:00.000000Z,0.55727702379226685,0.57776498794555664,0.55285197496414185,0.57056701183319092,591385300
2024-01-05T00:00:00.000000Z,0.57054299116134644,0.57270902395248413,0.52667200565338135,0.54124200344085693,632156325
2024-01-06T00:00:00.000000Z,0.54130899906158447,0.54221200942993164,0.50953501462936401,0.52310299873352051,456993353
2024-01-07T00:00:00.000000Z,0.52316898107528687,0.52950602769851685,0.49030598998069763,0.49417400360107422,403756656
2024-01-08T00:00:00.000000Z,0.49422299861907959,0.54290199279785156,0.46818599104881287,0.54093599319458008,745831623
2024-01-09T00:00:00.000000Z,0.54107201099395752,0.54258501529693604,0.49899798631668091,0.51152700185775757,655557451
2024-01-10T00:00:00.000000Z,0.51159101724624634,0.58717799186706543,0.49435600638389587,0.5666469931602478,989682776
2024-01-11T00:00:00.000000Z,0.56661701202392578,0.61579400300979614,0.56251901388168335,0.58217900991439819,1154998819
2024-01-12T00:00:00.000000Z,0.58213400840759277,0.58770197629928589,0.53610497713088989,0.5473330020904541,683350420
2024-01-13T00:00:00.000000Z,0.54730099439620972,0.55300801992416382,0.53709501028060913,0.5493360161781311,373150180
2024-01-14T00:00:00.000000Z,0.54936897754669189,0.54956597089767456,0.52598100900650024,0.52598100900650024,346165271
2024-01-15T00:00:00.000000Z,0.52590799331665039,0.5405460000038147,0.52486902475357056,0.52816098928451538,330276278
2024-01-16T00:00:00.000000Z,0.5280500054359436,0.54601901769638062,0.52751100063323975,0.53567600250244141,318265757
2024-01-17T00:00:00.000000Z,0.53565001487731934,0.53877502679824829,0.52380001544952393,0.52702897787094116,298718568
2024-01-18T00:00:00.000000Z,0.52707099914550781,0.52724897861480713,0.49745899438858032,0.50187402963638306,381732750
2024-01-19T00:00:00.000000Z,0.50188201665878296,0.50330501794815063,0.47427400946617126,0.50315099954605103,433001996
2024-01-20T00:00:00.000000Z,0.50314801931381226,0.51682198047637939,0.49963301420211792,0.51500499248504639,336655525
2024-01-21T00:00:00.000000Z,0.51500600576400757,0.51956701278686523,0.50310498476028442,0.50310498476028442,234978951
2024-01-22T00:00:00.000000Z,0.50315499305725098,0.50508898496627808,0.47804999351501465,0.47850200533866882,444335289
2024-01-23T00:00:00.000000Z,0.47848999500274658,0.4853380024433136,0.44969901442527771,0.4767490029335022,538390729
2024-01-24T00:00:00.000000Z,0.47676301002502441,0.47895601391792297,0.4647819995880127,0.47629600763320923,390187602
2024-01-25T00:00:00.000000Z,0.47630199790000916,0.483024001121521,0.45986300706863403,0.46647900342941284,340646602
2024-01-26T00:00:00.000000Z,0.46647199988365173,0.48961600661277771,0.46395599842071533,0.48529401421546936,362190657
2024-01-27T00:00:00.000000Z,0.48526298999786377,0.4895470142364502,0.47692099213600159,0.48632100224494934,239780792
2024-01-28T00:00:00.000000Z,0.48632600903511047,0.49955400824546814,0.48515200614929199,0.48971900343894958,343442273
2024-01-29T00:00:00.000000Z,0.48976799845695496,0.52730202674865723,0.48556798696517944,0.52527499198913574,446796336
2024-01-30T00:00:00.000000Z,0.52529799938201904,0.53574198484420776,0.51415801048278809,0.51416498422622681,491907648
2024-01-31T00:00:00.000000Z,0.5140950083732605,0.51921898126602173,0.49540099501609802,0.49825599789619446,469078638
2024-02-01T00:00:00.000000Z,0.49824699759483337,0.50734001398086548,0.48714300990104675,0.50702297687530518,374171939
2024-02-02T00:00:00.000000Z,0.50703001022338867,0.52346897125244141,0.50473302602767944,0.51395797729492188,416712948
2024-02-03T00:00:00.000000Z,0.51398897171020508,0.52447700500488281,0.51270800828933716,0.51286101341247559,277537205
2024-02-04T00:00:00.000000Z,0.51288199424743652,0.51288199424743652,0.49425598978996277,0.49425598978996277,239201178
2024-02-05T00:00:00.000000Z,0.49423998594284058,0.50476598739624023,0.48848098516464233,0.49333998560905457,276562781
2024-02-06T00:00:00.000000Z,0.49338200688362122,0.50342100858688354,0.49008500576019287,0.49846300482749939,274076725
2024-02-07T00:00:00.000000Z,0.49844199419021606,0.50184398889541626,0.47504499554634094,0.50177299976348877,492711608
2024-02-08T00:00:00.000000Z,0.50179499387741089,0.53482902050018311,0.50179499387741089,0.52926898002624512,679323504
2024-02-09T00:00:00.000000Z,0.5294489860534668,0.54728102684020996,0.52834898233413696,0.54079198837280273,524686031
2024-02-10T00:00:00.000000Z,0.54074102640151978,0.5560230016708374,0.53016901016235352,0.55141198635101318,395418510
2024-02-11T00:00:00.000000Z,0.55142199993133545,0.56410199403762817,0.53691297769546509,0.54141002893447876,523269115
2024-02-12T00:00:00.000000Z,0.54143297672271729,0.56461197137832642,0.53194797039031982,0.56003099679946899,484749602
2024-02-13T00:00:00.000000Z,0.55999898910522461,0.56369602680206299,0.5355449914932251,0.54499602317810059,461202155
2024-02-14T00:00:00.000000Z,0.54498898983001709,0.58088302612304688,0.54096800088882446,0.57730197906494141,575223913
2024-02-15T00:00:00.000000Z,0.57732099294662476,0.6107410192489624,0.57347398996353149,0.60836297273635864,779142077
2024-02-16T00:00:00.000000Z,0.60852700471878052,0.61226898431777954,0.58599501848220825,0.59887200593948364,550329852
2024-02-17T00:00:00.000000Z,0.59889400005340576,0.60991799831390381,0.57100200653076172,0.60834598541259766,466411549
2024-02-18T00:00:00.000000Z,0.60863900184631348,0.63748502731323242,0.60863900184631348,0.61873400211334229,682968263
2024-02-19T00:00:00.000000Z,0.61876899003982544,0.6364780068397522,0.617451012134552,0.63106298446655273,623936416
2024-02-20T00:00:00.000000Z,0.63106000423431396,0.63902097940444946,0.60043102502822876,0.6221650242805481,820804617
2024-02-21T00:00:00.000000Z,0.62208998203277588,0.62266701459884644,0.57737600803375244,0.59845799207687378,559139405
2024-02-22T00:00:00.000000Z,0.5984799861907959,0.60689198970794678,0.58222401142120361,0.58590197563171387,507615418
2024-02-23T00:00:00.000000Z,0.58582097291946411,0.5940210223197937,0.57049798965454102,0.58324199914932251,459892758
2024-02-24T00:00:00.000000Z,0.58316099643707275,0.59892398118972778,0.57118898630142212,0.59669601917266846,388866047
2024-02-25T00:00:00.000000Z,0.59670501947402954,0.59977501630783081,0.58140599727630615,0.59137898683547974,340380261
2024-02-26T00:00:00.000000Z,0.59136098623275757,0.62169802188873291,0.57525599002838135,0.61973601579666138,587054943
2024-02-27T00:00:00.000000Z,0.61974602937698364,0.62899398803710938,0.61120802164077759,0.62421602010726929,746587622
2024-02-28T00:00:00.000000Z,0.62419599294662476,0.65802299976348877,0.60305202007293701,0.63105899095535278,1200627089
2024-02-29T00:00:00.000000Z,0.63085997104644775,0.70528000593185425,0.62572002410888672,0.65564602613449097,1639531217
2024-03-01T00:00:00.000000Z,0.65544098615646362,0.71908098459243774,0.65459299087524414,0.71908098459243774,935379844
2024-03-02T00:00:00.000000Z,0.71903401613235474,0.76130300760269165,0.71887797117233276,0.74092799425125122,1245213176
2024-03-03T00:00:00.000000Z,0.74107199907302856,0.74166399240493774,0.70195597410202026,0.72823798656463623,907825948
2024-03-04T00:00:00.000000Z,0.72817897796630859,0.79656797647476196,0.72592002153396606,0.7712939977645874,1639201127
2024-03-05T00:00:00.000000Z,0.77129799127578735,0.78069502115249634,0.59580802917480469,0.69349002838134766,2145482141
2024-03-06T00:00:00.000000Z,0.69348901510238647,0.75428897142410278,0.66793298721313477,0.73382097482681274,1221400314
2024-03-07T00:00:00.000000Z,0.73384600877761841,0.7546200156211853,0.72136497497558594,0.74474197626113892,941680283
2024-03-08T00:00:00.000000Z,0.74473899602890015,0.75445997714996338,0.70417100191116333,0.7248539924621582,927800736
2024-03-09T00:00:00.000000Z,0.72485500574111938,0.74614298343658447,0.72339999675750732,0.74371302127838135,605198969
2024-03-10T00:00:00.000000Z,0.74371397495269775,0.74422597885131836,0.70530098676681519,0.71722698211669922,644622507
2024-03-11T00:00:00.000000Z,0.71715199947357178,0.78688299655914307,0.69598197937011719,0.77419000864028931,1342617498
2024-03-12T00:00:00.000000Z,0.77418899536132812,0.77500301599502563,0.71669799089431763,0.74805498123168945,998599295
2024-03-13T00:00:00.000000Z,0.74805498123168945,0.77214699983596802,0.73871898651123047,0.76458001136779785,824896066
2024-03-14T00:00:00.000000Z,0.76456201076507568,0.80698502063751221,0.71932601928710938,0.75047397613525391,1613619970
2024-03-15T00:00:00.000000Z,0.75047397613525391,0.76196199655532837,0.67885297536849976,0.72644102573394775,1420031176
2024-03-16T00:00:00.000000Z,0.72644698619842529,0.73365402221679688,0.65474098920822144,0.6595349907875061,959186468
2024-03-17T00:00:00.000000Z,0.6595349907875061,0.68679499626159668,0.63378697633743286,0.68109899759292603,802801116
2024-03-18T00:00:00.000000Z,0.68109899759292603,0.69641000032424927,0.64531898498535156,0.66125798225402832,802980597
2024-03-19T00:00:00.000000Z,0.66125798225402832,0.66448402404785156,0.5807110071182251,0.58691400289535522,1139892364
2024-03-20T00:00:00.000000Z,0.58691400289535522,0.64316099882125854,0.57249599695205688,0.63948100805282593,971939779
2024-03-21T00:00:00.000000Z,0.63948601484298706,0.64652198553085327,0.62002801895141602,0.63186800479888916,656574365
2024-03-22T00:00:00.000000Z,0.63187301158905029,0.64183199405670166,0.60091197490692139,0.61326301097869873,590758984
2024-03-23T00:00:00.000000Z,0.6133040189743042,0.6386299729347229,0.61301600933074951,0.6258620023727417,412657715
2024-03-24T00:00:00.000000Z,0.62585902214050293,0.6473039984703064,0.62554597854614258,0.64615702629089355,404827847
2024-03-25T00:00:00.000000Z,0.64615201950073242,0.66758501529693604,0.63990098237991333,0.65694898366928101,582546405
2024-03-26T00:00:00.000000Z,0.65694898366928101,0.68258702754974365,0.65407997369766235,0.66503399610519409,618252702
2024-03-27T00:00:00.000000Z,0.66502398252487183,0.6701580286026001,0.63270401954650879,0.64848297834396362,656276131
2024-03-28T00:00:00.000000Z,0.6484379768371582,0.65741598606109619,0.6363760232925415,0.65079402923583984,460284723
2024-03-29T00:00:00.000000Z,0.65079599618911743,0.66674900054931641,0.63802802562713623,0.66440302133560181,561835326
2024-03-30T00:00:00.000000Z,0.66442400217056274,0.66827100515365601,0.64306902885437012,0.64436602592468262,401576882
2024-03-31T00:00:00.000000Z,0.64436399936676025,0.65308302640914917,0.64324402809143066,0.65042698383331299,321124603
2024-04-01T00:00:00.000000Z,0.65042698383331299,0.65095597505569458,0.60771399736404419,0.62168401479721069,627776275
2024-04-02T00:00:00.000000Z,0.62168502807617188,0.62169599533081055,0.57567799091339111,0.58098697662353516,678945520
2024-04-03T00:00:00.000000Z,0.58098798990249634,0.59400302171707153,0.56675499677658081,0.57127797603607178,485562333
2024-04-04T00:00:00.000000Z,0.57127702236175537,0.5960729718208313,0.56202000379562378,0.582955002784729,495438691
2024-04-05T00:00:00.000000Z,0.582955002784729,0.58429998159408569,0.56202399730682373,0.57483398914337158,449048347
2024-04-06T00:00:00.000000Z,0.57484102249145508,0.58832299709320068,0.57328301668167114,0.58433800935745239,255666150
2024-04-07T00:00:00.000000Z,0.58437901735305786,0.59588199853897095,0.58268898725509644,0.58947402238845825,307767311
2024-04-08T00:00:00.000000Z,0.58947199583053589,0.61581200361251831,0.58035200834274292,0.6141589879989624,442630355
2024-04-09T00:00:00.000000Z,0.6141589879989624,0.62321299314498901,0.59136199951171875,0.59189301729202271,510684784
2024-04-10T00:00:00.000000Z,0.59189397096633911,0.59343802928924561,0.56481099128723145,0.58625501394271851,504006711
2024-04-11T00:00:00.000000Z,0.58625400066375732,0.59388202428817749,0.57735097408294678,0.58619099855422974,341309183
2024-04-12T00:00:00.000000Z,0.58619099855422974,0.59145599603652954,0.46119299530982971,0.50357502698898315,1135242920
2024-04-13T00:00:00.000000Z,0.50357902050018311,0.51550000905990601,0.40907299518585205,0.44790801405906677,1242820013
2024-04-14T00:00:00.000000Z,0.44791001081466675,0.47727400064468384,0.43827000260353088,0.46891099214553833,961018766
2024-04-15T00:00:00.000000Z,0.46891099214553833,0.49459400773048401,0.44213700294494629,0.46079498529434204,718712831
2024-04-16T00:00:00.000000Z,0.46079298853874207,0.47684699296951294,0.44047901034355164,0.45860499143600464,518202801
2024-04-17T00:00:00.000000Z,0.45860698819160461,0.46426799893379211,0.43091100454330444,0.44429498910903931,486409083
2024-04-18T00:00:00.000000Z,0.44429901242256165,0.4599049985408783,0.43642199039459229,0.45814400911331177,409488158
2024-04-19T00:00:00.000000Z,0.45814299583435059,0.47526198625564575,0.42570200562477112,0.46878400444984436,598092967
2024-04-20T00:00:00.000000Z,0.46878400444984436,0.50740700960159302,0.46677500009536743,0.50590801239013672,536707766
2024-04-21T00:00:00.000000Z,0.50590801239013672,0.51226598024368286,0.49157100915908813,0.49929198622703552,354417377
2024-04-22T00:00:00.000000Z,0.49928998947143555,0.52180701494216919,0.49684500694274902,0.51688498258590698,402921410
2024-04-23T00:00:00.000000Z,0.51688498258590698,0.52042102813720703,0.49859899282455444,0.50019598007202148,403597295
2024-04-24T00:00:00.000000Z,0.50019598007202148,0.50984001159667969,0.47068500518798828,0.47490999102592468,496433039
2024-04-25T00:00:00.000000Z,0.4749009907245636,0.47923299670219421,0.46356898546218872,0.47102001309394836,348258880
2024-04-26T00:00:00.000000Z,0.47102001309394836,0.47815001010894775,0.46223500370979309,0.46272900700569153,317917276
2024-04-27T00:00:00.000000Z,0.46272900700569153,0.46893501281738281,0.45088601112365723,0.46703198552131653,313367220
2024-04-28T00:00:00.000000Z,0.46703198552131653,0.47733500599861145,0.45991900563240051,0.46047401428222656,250671885
2024-04-29T00:00:00.000000Z,0.46048200130462646,0.46306100487709045,0.4481160044670105,0.4573650062084198,301014261
2024-04-30T00:00:00.000000Z,0.45736300945281982,0.46238499879837036,0.42774400115013123,0.44081199169158936,409016669
2024-05-01T00:00:00.000000Z,0.44081500172615051,0.45608299970626831,0.41950398683547974,0.44986599683761597,526114091
2024-05-02T00:00:00.000000Z,0.44986599683761597,0.46100699901580811,0.44086098670959473,0.4582819938659668,357372995
2024-05-03T00:00:00.000000Z,0.45828399062156677,0.47281500697135925,0.44736701250076294,0.46754398941993713,331867585
2024-05-04T00:00:00.000000Z,0.46754398941993713,0.47455200552940369,0.46336698532104492,0.46357700228691101,245730966
2024-05-05T00:00:00.000000Z,0.46357700228691101,0.4652009904384613,0.45355600118637085,0.45833399891853333,239700527
2024-05-06T00:00:00.000000Z,0.45833399891853333,0.4746440052986145,0.45309901237487793,0.45428800582885742,351154325
2024-05-07T00:00:00.000000Z,0.45428898930549622,0.4557110071182251,0.44181200861930847,0.44187301397323608,307476823
2024-05-08T00:00:00.000000Z,0.44187301397323608,0.46747300028800964,0.4380050003528595,0.45255300402641296,505082625
2024-05-09T00:00:00.000000Z,0.45255300402641296,0.46413600444793701,0.44843301177024841,0.46350100636482239,318406873
2024-05-10T00:00:00.000000Z,0.46350300312042236,0.46769899129867554,0.44446501135826111,0.44824999570846558,309333437
2024-05-11T00:00:00.000000Z,0.44824999570846558,0.45054700970649719,0.43854299187660217,0.43887600302696228,188484210
2024-05-12T00:00:00.000000Z,0.43887600302696228,0.44256401062011719,0.43525099754333496,0.43765300512313843,158134071
2024-05-13T00:00:00.000000Z,0.43765300512313843,0.45214501023292542,0.42615899443626404,0.43654000759124756,378773938
2024-05-14T00:00:00.000000Z,0.43654400110244751,0.43781399726867676,0.42699798941612244,0.42806899547576904,313435137
2024-05-15T00:00:00.000000Z,0.42806899547576904,0.45458799600601196,0.42675000429153442,0.45298799872398376,357450532
2024-05-16T00:00:00.000000Z,0.45299598574638367,0.46197599172592163,0.44955199956893921,0.45969501137733459,367462393
2024-05-17T00:00:00.000000Z,0.45969599485397339,0.48994499444961548,0.45597401261329651,0.48199999332427979,447612110
2024-05-18T00:00:00.000000Z,0.48199999332427979,0.48551398515701294,0.47655001282691956,0.48240798711776733,240076401
2024-05-19T00:00:00.000000Z,0.48240798711776733,0.48301801085472107,0.46560001373291016,0.46760201454162598,250323995
2024-05-20T00:00:00.000000Z,0.46760201454162598,0.50175797939300537,0.46221399307250977,0.50175797939300537,541119800
2024-05-21T00:00:00.000000Z,0.50174897909164429,0.50896799564361572,0.49110600352287292,0.49477401375770569,554313310
2024-05-22T00:00:00.000000Z,0.49477401375770569,0.49492400884628296,0.47609600424766541,0.48312699794769287,416480856
2024-05-23T00:00:00.000000Z,0.48313000798225403,0.48763498663902283,0.4485819935798645,0.46533000469207764,612724804
2024-05-24T00:00:00.000000Z,0.46533000469207764,0.46891599893569946,0.45553299784660339,0.45949399471282959,355406774
2024-05-25T00:00:00.000000Z,0.45949798822402954,0.46427100896835327,0.4581339955329895,0.46207201480865479,238476411
2024-05-26T00:00:00.000000Z,0.46207201480865479,0.46236398816108704,0.45642998814582825,0.45837500691413879,225636000
2024-05-27T00:00:00.000000Z,0.45837500691413879,0.47399899363517761,0.45719799399375916,0.46796301007270813,323304261
2024-05-28T00:00:00.000000Z,0.46796301007270813,0.46843698620796204,0.45311498641967773,0.45699000358581543,418594476
2024-05-29T00:00:00.000000Z,0.45699000358581543,0.46310698986053467,0.45091399550437927,0.45099499821662903,350482630
2024-05-30T00:00:00.000000Z,0.45099499821662903,0.4545460045337677,0.44380700588226318,0.44658100605010986,356151973
2024-05-31T00:00:00.000000Z,0.44658100605010986,0.45495700836181641,0.44446098804473877,0.44746100902557373,290913148
2024-06-01T00:00:00.000000Z,0.44746100902557373,0.45258399844169617,0.44525399804115295,0.44997501373291016,167918462
2024-06-02T00:00:00.000000Z,0.44997599720954895,0.45325499773025513,0.44242200255393982,0.44649401307106018,253094562
2024-06-03T00:00:00.000000Z,0.44649499654769897,0.46235701441764832,0.44444501399993896,0.45703598856925964,317221002
2024-06-04T00:00:00.000000Z,0.45703798532485962,0.46518000960350037,0.45311099290847778,0.46148499846458435,309168258
2024-06-05T00:00:00.000000Z,0.46148499846458435,0.464711993932724,0.45775699615478516,0.46117499470710754,300839736
2024-06-06T00:00:00.000000Z,0.46117499470710754,0.46186500787734985,0.45233899354934692,0.45810198783874512,281512944
2024-06-07T00:00:00.000000Z,0.45809999108314514,0.4884360134601593,0.43442299962043762,0.44964298605918884,864294102
2024-06-08T00:00:00.000000Z,0.44963899254798889,0.44963899254798889,0.4334540069103241,0.43657100200653076,384756660
2024-06-09T00:00:00.000000Z,0.43655601143836975,0.44571900367736816,0.43325701355934143,0.44410601258277893,331925354
2024-06-10T00:00:00.000000Z,0.4441010057926178,0.45008799433708191,0.43602699041366577,0.44046100974082947,477499641
2024-06-11T00:00:00.000000Z,0.44046500325202942,0.44093799591064453,0.41453099250793457,0.42189100384712219,600659902
2024-06-12T00:00:00.000000Z,0.42190098762512207,0.44380500912666321,0.41599300503730774,0.43779599666595459,451504328
2024-06-13T00:00:00.000000Z,0.43781799077987671,0.43864300847053528,0.41975298523902893,0.42118498682975769,385849589
2024-06-14T00:00:00.000000Z,0.42117801308631897,0.42412099242210388,0.40340998768806458,0.41168299317359924,370827765
2024-06-15T00:00:00.000000Z,0.4116860032081604,0.41505101323127747,0.40890499949455261,0.41369500756263733,209246354
2024-06-16T00:00:00.000000Z,0.41372400522232056,0.41812801361083984,0.41010499000549316,0.41637900471687317,172902870
2024-06-17T00:00:00.000000Z,0.41638800501823425,0.41998699307441711,0.39365500211715698,0.40175798535346985,385694374
2024-06-18T00:00:00.000000Z,0.40172600746154785,0.40221598744392395,0.36657699942588806,0.38357999920845032,593952964
2024-06-19T00:00:00.000000Z,0.38356500864028931,0.3972490131855011,0.38096201419830322,0.3837909996509552,295424813
2024-06-20T00:00:00.000000Z,0.3837909996509552,0.39678999781608582,0.37901398539543152,0.38424399495124817,286206619
2024-06-21T00:00:00.000000Z,0.38424798846244812,0.39034199714660645,0.37460801005363464,0.37605199217796326,272257203
2024-06-22T00:00:00.000000Z,0.37605100870132446,0.38959199190139771,0.37193700671195984,0.38481199741363525,241766850
2024-06-23T00:00:00.000000Z,0.38479399681091309,0.39229500293731689,0.38030299544334412,0.38030299544334412,202392727
2024-06-24T00:00:00.000000Z,0.38022500276565552,0.38089999556541443,0.36666300892829895,0.3777649998664856,385357807
2024-06-25T00:00:00.000000Z,0.37775498628616333,0.39673399925231934,0.37736698985099792,0.39185899496078491,262214296
2024-06-26T00:00:00.000000Z,0.39186099171638489,0.39453399181365967,0.38373300433158875,0.38475000858306885,258516129
2024-06-27T00:00:00.000000Z,0.38475099205970764,0.39320400357246399,0.37806901335716248,0.39070099592208862,254822331
2024-06-28T00:00:00.000000Z,0.39070901274681091,0.39517098665237427,0.38519200682640076,0.38542601466178894,296816495
2024-06-29T00:00:00.000000Z,0.38541498780250549,0.40202400088310242,0.38379499316215515,0.38396498560905457,230567794
2024-06-30T00:00:00.000000Z,0.38396799564361572,0.39323300123214722,0.3791939914226532,0.39219200611114502,194815973
2024-07-01T00:00:00.000000Z,0.39213499426841736,0.40756198763847351,0.39147201180458069,0.40290701389312744,256575826
2024-07-02T00:00:00.000000Z,0.40287700295448303,0.41878300905227661,0.40285000205039978,0.41777500510215759,260819618
2024-07-03T00:00:00.000000Z,0.41778400540351868,0.42190998792648315,0.40129798650741577,0.40673801302909851,391834481
2024-07-04T00:00:00.000000Z,0.40672099590301514,0.41263198852539062,0.36285901069641113,0.36285901069641113,575895856
2024-07-05T00:00:00.000000Z,0.36271300911903381,0.36271300911903381,0.32095500826835632,0.34988498687744141,772752357
2024-07-06T00:00:00.000000Z,0.34990799427032471,0.37293601036071777,0.34854200482368469,0.37122100591659546,288462471
2024-07-07T00:00:00.000000Z,0.37118399143218994,0.37118399143218994,0.34589299559593201,0.34661799669265747,254988837
2024-07-08T00:00:00.000000Z,0.34664499759674072,0.37887498736381531,0.33334299921989441,0.36900699138641357,506143395
2024-07-09T00:00:00.000000Z,0.36896499991416931,0.38054299354553223,0.36377799510955811,0.37532800436019897,272785226
2024-07-10T00:00:00.000000Z,0.37537100911140442,0.38962298631668091,0.37251299619674683,0.38883501291275024,251166038
2024-07-11T00:00:00.000000Z,0.38880300521850586,0.40413099527359009,0.38563799858093262,0.39581701159477234,313288172
2024-07-12T00:00:00.000000Z,0.3958359956741333,0.41765901446342468,0.3942590057849884,0.41652399301528931,354134954
2024-07-13T00:00:00.000000Z,0.41652700304985046,0.44517999887466431,0.41232100129127502,0.44141501188278198,365695869
2024-07-14T00:00:00.000000Z,0.4414370059967041,0.44449499249458313,0.42616501450538635,0.43234801292419434,355552828
2024-07-15T00:00:00.000000Z,0.43236899375915527,0.44558200240135193,0.43216601014137268,0.44558200240135193,466472243
2024-07-16T00:00:00.000000Z,0.44549199938774109,0.45219400525093079,0.42738598585128784,0.43818899989128113,485890791
2024-07-17T00:00:00.000000Z,0.43822601437568665,0.45522299408912659,0.43672400712966919,0.43674799799919128,389017769
2024-07-18T00:00:00.000000Z,0.43669000267982483,0.44866400957107544,0.42081400752067566,0.42390599846839905,338163499
2024-07-19T00:00:00.000000Z,0.42389801144599915,0.4427649974822998,0.41593098640441895,0.43903398513793945,340393258
2024-07-20T00:00:00.000000Z,0.43903300166130066,0.44167199730873108,0.42881301045417786,0.43763700127601624,250105075
2024-07-21T00:00:00.000000Z,0.43763700127601624,0.4484730064868927,0.41895800828933716,0.44607698917388916,333865949
2024-07-22T00:00:00.000000Z,0.44605699181556702,0.44940099120140076,0.42534399032592773,0.42654699087142944,546207226
2024-07-23T00:00:00.000000Z,0.42654699087142944,0.429298996925354,0.40462499856948853,0.41009700298309326,348574391
2024-07-24T00:00:00.000000Z,0.41008898615837097,0.42087298631668091,0.40468600392341614,0.40684700012207031,335809825
2024-07-25T00:00:00.000000Z,0.40684700012207031,0.40787398815155029,0.38282498717308044,0.3946709930896759,359539415
2024-07-26T00:00:00.000000Z,0.39467200636863708,0.41957199573516846,0.3945859968662262,0.41774699091911316,265380415
2024-07-27T00:00:00.000000Z,0.41774600744247437,0.42868500947952271,0.4141010046005249,0.41819798946380615,430162296
2024-07-28T00:00:00.000000Z,0.41819500923156738,0.42028701305389404,0.40560001134872437,0.40738698840141296,261455853
2024-07-29T00:00:00.000000Z,0.40738698840141296,0.42643699049949646,0.40378299355506897,0.404013991355896,328634235
2024-07-30T00:00:00.000000Z,0.40400800108909607,0.40697699785232544,0.39608201384544373,0.40167999267578125,277821308
2024-07-31T00:00:00.000000Z,0.40167701244354248,0.40740099549293518,0.38795998692512512,0.38877299427986145,282132846
2024-08-01T00:00:00.000000Z,0.38877400755882263,0.3950749933719635,0.36999601125717163,0.3927060067653656,348062632
2024-08-02T00:00:00.000000Z,0.3927060067653656,0.39426299929618835,0.36028900742530823,0.36382201313972473,391092412
2024-08-03T00:00:00.000000Z,0.36382201313972473,0.3724839985370636,0.35034999251365662,0.36409500241279602,309403901
2024-08-04T00:00:00.000000Z,0.36410599946975708,0.3669930100440979,0.33556899428367615,0.34393799304962158,317908629
2024-08-05T00:00:00.000000Z,0.34393799304962158,0.34546899795532227,0.27988600730895996,0.31315499544143677,1211794401
2024-08-06T00:00:00.000000Z,0.31315600872039795,0.33614000678062439,0.31251499056816101,0.33078199625015259,401715322
2024-08-07T00:00:00.000000Z,0.33078199625015259,0.34058201313018799,0.31707099080085754,0.3236980140209198,346795316
2024-08-08T00:00:00.000000Z,0.32370099425315857,0.35306298732757568,0.32031700015068054,0.35181400179862976,326623648
2024-08-09T00:00:00.000000Z,0.35181400179862976,0.35387000441551208,0.33750799298286438,0.34854701161384583,275869404
2024-08-10T00:00:00.000000Z,0.34854701161384583,0.35176500678062439,0.34527298808097839,0.3462890088558197,155114866
2024-08-11T00:00:00.000000Z,0.34629198908805847,0.35627499222755432,0.32803699374198914,0.32832199335098267,203353395
2024-08-12T00:00:00.000000Z,0.3283190131187439,0.34397798776626587,0.32805201411247253,0.33897700905799866,276146893
2024-08-13T00:00:00.000000Z,0.33897700905799866,0.34465599060058594,0.33188998699188232,0.34015399217605591,208538494
2024-08-14T00:00:00.000000Z,0.34014600515365601,0.345194011926651,0.33243700861930847,0.33545500040054321,206602286
2024-08-15T00:00:00.000000Z,0.33545601367950439,0.34136798977851868,0.32148399949073792,0.3253529965877533,243240095
2024-08-16T00:00:00.000000Z,0.3253529965877533,0.34495300054550171,0.32101899385452271,0.33047199249267578,333621595
2024-08-17T00:00:00.000000Z,0.33047199249267578,0.33860400319099426,0.32851499319076538,0.33688598871231079,164578014
2024-08-18T00:00:00.000000Z,0.33688700199127197,0.33959800004959106,0.33379599452018738,0.33483099937438965,147715225
2024-08-19T00:00:00.000000Z,0.33483099937438965,0.3375450074672699,0.32884201407432556,0.33675301074981689,205948260
2024-08-20T00:00:00.000000Z,0.3367840051651001,0.34815400838851929,0.33623200654983521,0.34368500113487244,232812455
2024-08-21T00:00:00.000000Z,0.34368500113487244,0.37726598978042603,0.3434779942035675,0.3690589964389801,369934783
2024-08-22T00:00:00.000000Z,0.36906000971794128,0.37719398736953735,0.36473900079727173,0.37653601169586182,253221746
2024-08-23T00:00:00.000000Z,0.37653800845146179,0.39228299260139465,0.37421700358390808,0.39153599739074707,360713833
2024-08-24T00:00:00.000000Z,0.39152601361274719,0.40117698907852173,0.38848400115966797,0.39400699734687805,259095804
2024-08-25T00:00:00.000000Z,0.39401000738143921,0.3940260112285614,0.378711998462677,0.3849790096282959,271365361
2024-08-26T00:00:00.000000Z,0.38497599959373474,0.38767600059509277,0.36695501208305359,0.36695700883865356,288310031
2024-08-27T00:00:00.000000Z,0.36695200204849243,0.37249100208282471,0.34626901149749756,0.35051101446151733,307613758
2024-08-28T00:00:00.000000Z,0.35051101446151733,0.36018899083137512,0.34202998876571655,0.35019201040267944,316985233
2024-08-29T00:00:00.000000Z,0.35019099712371826,0.36735498905181885,0.34987199306488037,0.35704100131988525,263189476
2024-08-30T00:00:00.000000Z,0.35704898834228516,0.3615800142288208,0.33882299065589905,0.34715399146080017,297382538
2024-08-31T00:00:00.000000Z,0.34715399146080017,0.35011500120162964,0.34503701329231262,0.34535199403762817,120909139
2024-09-01T00:00:00.000000Z,0.34535101056098938,0.34563401341438293,0.32886201143264771,0.33173999190330505,212136963
2024-09-02T00:00:00.000000Z,0.33173999190330505,0.3369620144367218,0.32570499181747437,0.33596798777580261,232651288
2024-09-03T00:00:00.000000Z,0.33596599102020264,0.3394089937210083,0.31855100393295288,0.31855100393295288,228558971
2024-09-04T00:00:00.000000Z,0.31854400038719177,0.32910200953483582,0.30829301476478577,0.32352399826049805,320645799
2024-09-05T00:00:00.000000Z,0.32352399826049805,0.33915099501609802,0.3201729953289032,0.32506200671195984,302516707
2024-09-06T00:00:00.000000Z,0.32506200671195984,0.33132100105285645,0.30510398745536804,0.31471800804138184,341107574
2024-09-07T00:00:00.000000Z,0.31471899151802063,0.3276199996471405,0.3147130012512207,0.3250730037689209,171441808
2024-09-08T00:00:00.000000Z,0.32507100701332092,0.34058099985122681,0.3241640031337738,0.33865898847579956,212278974
2024-09-09T00:00:00.000000Z,0.33865401148796082,0.34838199615478516,0.33851400017738342,0.34340599179267883,257206648
2024-09-10T00:00:00.000000Z,0.34340599179267883,0.34543699026107788,0.33787301182746887,0.34347701072692871,186507920
2024-09-11T00:00:00.000000Z,0.34347701072692871,0.35642498731613159,0.33050599694252014,0.3530539870262146,263880950
2024-09-12T00:00:00.000000Z,0.3530539870262146,0.36046299338340759,0.35278001427650452,0.35629299283027649,256108848
2024-09-13T00:00:00.000000Z,0.35629299283027649,0.36454799771308899,0.35078200697898865,0.36090001463890076,222228805
2024-09-14T00:00:00.000000Z,0.36090001463890076,0.36175400018692017,0.35256800055503845,0.35447999835014343,160253934
2024-09-15T00:00:00.000000Z,0.35447999835014343,0.3559969961643219,0.33572199940681458,0.33852300047874451,195851407
2024-09-16T00:00:00.000000Z,0.33852401375770569,0.33854600787162781,0.32696700096130371,0.33030599355697632,211465289
2024-09-17T00:00:00.000000Z,0.33030501008033752,0.34283798933029175,0.32889699935913086,0.33391299843788147,209019175
2024-09-18T00:00:00.000000Z,0.33391299843788147,0.34293600916862488,0.32808500528335571,0.34293600916862488,254109953
2024-09-19T00:00:00.000000Z,0.34293898940086365,0.35616698861122131,0.34293898940086365,0.35094499588012695,297282683
2024-09-20T00:00:00.000000Z,0.35094600915908813,0.36093100905418396,0.3495199978351593,0.3521139919757843,245398498
2024-09-21T00:00:00.000000Z,0.35211300849914551,0.35955598950386047,0.35107800364494324,0.35857599973678589,155658003
2024-09-22T00:00:00.000000Z,0.35859400033950806,0.35906299948692322,0.34373301267623901,0.3517720103263855,176346122
2024-09-23T00:00:00.000000Z,0.3517720103263855,0.36522001028060913,0.34713798761367798,0.36373099684715271,260276216
2024-09-24T00:00:00.000000Z,0.36373499035835266,0.39121800661087036,0.35897201299667358,0.38773301243782043,329591997
2024-09-25T00:00:00.000000Z,0.38773199915885925,0.39298200607299805,0.37939399480819702,0.38108301162719727,280504960
2024-09-26T00:00:00.000000Z,0.38108301162719727,0.40332299470901489,0.37877199053764343,0.40188199281692505,352325723
2024-09-27T00:00:00.000000Z,0.40188100934028625,0.41466900706291199,0.40044099092483521,0.4023280143737793,316360073
2024-09-28T00:00:00.000000Z,0.40232399106025696,0.40563899278640747,0.39357998967170715,0.40105199813842773,205321418
2024-09-29T00:00:00.000000Z,0.40105101466178894,0.40395000576972961,0.39362600445747375,0.39759698510169983,190459764
2024-09-30T00:00:00.000000Z,0.39759999513626099,0.39762100577354431,0.37182900309562683,0.3732140064239502,278179362
2024-10-01T00:00:00.000000Z,0.3732140064239502,0.38567501306533813,0.34733098745346069,0.35244101285934448,440800413
2024-10-02T00:00:00.000000Z,0.35244199633598328,0.36212098598480225,0.33662700653076172,0.34400498867034912,346156714
2024-10-03T00:00:00.000000Z,0.34398800134658813,0.34924900531768799,0.33325499296188354,0.34523698687553406,314859654
2024-10-04T00:00:00.000000Z,0.34523698687553406,0.35560500621795654,0.34338098764419556,0.35139799118041992,229796454
2024-10-05T00:00:00.000000Z,0.35139799118041992,0.35547798871994019,0.34598198533058167,0.35071998834609985,149913415
2024-10-06T00:00:00.000000Z,0.35071998834609985,0.35820299386978149,0.34835299849510193,0.35723000764846802,151061108
2024-10-07T00:00:00.000000Z,0.35723000764846802,0.3676770031452179,0.35105401277542114,0.35146701335906982,260641174
2024-10-08T00:00:00.000000Z,0.35146701335906982,0.35654199123382568,0.34162101149559021,0.34451699256896973,225110180
2024-10-09T00:00:00.000000Z,0.34451699256896973,0.34752300381660461,0.3345009982585907,0.33970201015472412,220051874
2024-10-10T00:00:00.000000Z,0.33969399333000183,0.34116598963737488,0.33207398653030396,0.33888998627662659,208411029
2024-10-11T00:00:00.000000Z,0.33889400959014893,0.35458898544311523,0.33857199549674988,0.35118499398231506,192684098
2024-10-12T00:00:00.000000Z,0.35118401050567627,0.35613098740577698,0.35118401050567627,0.35321500897407532,153558913
2024-10-13T00:00:00.000000Z,0.35321500897407532,0.35885399580001831,0.34465301036834717,0.34803399443626404,185274283
2024-10-14T00:00:00.000000Z,0.34803500771522522,0.36484599113464355,0.3428879976272583,0.36388900876045227,285258532
2024-10-15T00:00:00.000000Z,0.36388999223709106,0.36944898962974548,0.34905698895454407,0.35852700471878052,399757771
2024-10-16T00:00:00.000000Z,0.35852700471878052,0.3603920042514801,0.35141599178314209,0.35252499580383301,268878089
2024-10-17T00:00:00.000000Z,0.35252699255943298,0.35455799102783203,0.34034198522567749,0.34303200244903564,284797891
2024-10-18T00:00:00.000000Z,0.34302699565887451,0.35251501202583313,0.34290999174118042,0.35071000456809998,210521099
2024-10-19T00:00:00.000000Z,0.35070899128913879,0.35663300752639771,0.34964901208877563,0.35166099667549133,165288317
2024-10-20T00:00:00.000000Z,0.35166001319885254,0.36514800786972046,0.34862300753593445,0.36484101414680481,202078470
2024-10-21T00:00:00.000000Z,0.3648419976234436,0.37190499901771545,0.35349899530410767,0.36095601320266724,305820736
2024-10-22T00:00:00.000000Z,0.36095800995826721,0.36726799607276917,0.35586598515510559,0.36381998658180237,299403395
2024-10-23T00:00:00.000000Z,0.36381998658180237,0.36822101473808289,0.34332698583602905,0.34861400723457336,292449176
2024-10-24T00:00:00.000000Z,0.34990501403808594,0.35436400771141052,0.34019601345062256,0.34630998969078064,268150393
2024-10-25T00:00:00.000000Z,0.34632200002670288,0.34649199247360229,0.3204750120639801,0.32441198825836182,429399149
2024-10-26T00:00:00.000000Z,0.32441401481628418,0.33389401435852051,0.32156801223754883,0.33335000276565552,250257801
2024-10-27T00:00:00.000000Z,0.33335098624229431,0.34138000011444092,0.3313559889793396,0.33987200260162354,153581313
2024-10-28T00:00:00.000000Z,0.33987200260162354,0.34695801138877869,0.33123001456260681,0.3437960147857666,268428861
2024-10-29T00:00:00.000000Z,0.34379398822784424,0.3561910092830658,0.34324601292610168,0.35565099120140076,295107515
2024-10-30T00:00:00.000000Z,0.3556550145149231,0.36302599310874939,0.35130399465560913,0.35526400804519653,291553538
2024-10-31T00:00:00.000000Z,0.35526499152183533,0.36055201292037964,0.34109398722648621,0.34184500575065613,280824333
2024-11-01T00:00:00.000000Z,0.34184598922729492,0.36100700497627258,0.3354179859161377,0.35708999633789062,368246241
2024-11-02T00:00:00.000000Z,0.35709300637245178,0.36287099123001099,0.34630399942398071,0.34777098894119263,236242981
2024-11-03T00:00:00.000000Z,0.34776398539543152,0.34791100025177002,0.32923600077629089,0.33428499102592468,282268957
2024-11-04T00:00:00.000000Z,0.33428499102592468,0.3360849916934967,0.32139900326728821,0.32601898908615112,261938084
2024-11-05T00:00:00.000000Z,0.32602700591087341,0.33789399266242981,0.3260129988193512,0.33392399549484253,241884463
2024-11-06T00:00:00.000000Z,0.3339259922504425,0.36503198742866516,0.33392098546028137,0.36332300305366516,628391576
2024-11-07T00:00:00.000000Z,0.36332300305366516,0.40501299500465393,0.36203300952911377,0.40501299500465393,621558993
2024-11-08T00:00:00.000000Z,0.40501299500465393,0.45788899064064026,0.4047589898109436,0.44381499290466309,1438657272
2024-11-09T00:00:00.000000Z,0.44381698966026306,0.49389499425888062,0.42896899580955505,0.49368000030517578,721697726
2024-11-10T00:00:00.000000Z,0.49367800354957581,0.65230101346969604,0.48993700742721558,0.5903090238571167,5261440714
2024-11-11T00:00:00.000000Z,0.59030497074127197,0.62224900722503662,0.56780701875686646,0.61380797624588013,2987552596
2024-11-12T00:00:00.000000Z,0.61380797624588013,0.64963299036026001,0.55821198225021362,0.57391798496246338,2901745029
2024-11-13T00:00:00.000000Z,0.57394301891326904,0.60530102252960205,0.5213019847869873,0.57877498865127563,2297021923
2024-11-14T00:00:00.000000Z,0.57877498865127563,0.59805798530578613,0.54586201906204224,0.58011597394943237,1494813121
2024-11-15T00:00:00.000000Z,0.58013701438903809,0.6892160177230835,0.57854199409484863,0.67405998706817627,3850451584
2024-11-16T00:00:00.000000Z,0.70339798927307129,0.81165599822998047,0.70331597328186035,0.73873400688171387,5486835963
2024-11-17T00:00:00.000000Z,0.7387310266494751,0.76781201362609863,0.69702702760696411,0.70232498645782471,2319881888
2024-11-18T00:00:00.000000Z,0.702301025390625,0.77965801954269409,0.70226198434829712,0.73457998037338257,2244334039
2024-11-19T00:00:00.000000Z,0.73457998037338257,0.76352900266647339,0.72385799884796143,0.73964202404022217,1551275089
2024-11-20T00:00:00.000000Z,0.73963701725006104,0.84662902355194092,0.73947197198867798,0.80034500360488892,3799019828
2024-11-21T00:00:00.000000Z,0.80034202337265015,0.82054698467254639,0.7703859806060791,0.82047402858734131,2536610264
2024-11-22T00:00:00.000000Z,0.82048600912094116,1.0384249687194824,0.81523299217224121,1.010422945022583,6204396570
2024-11-23T00:00:00.000000Z,1.0104219913482666,1.1416820287704468,1.0104169845581055,1.0662369728088379,6544939547
2024-11-24T00:00:00.000000Z,1.0662000179290771,1.094539999961853,0.9483410120010376,1.0231059789657593,3863056160
2024-11-25T00:00:00.000000Z,1.0231120586395264,1.0699199438095093,0.93355000019073486,0.94568902254104614,3241380612
2024-11-26T00:00:00.000000Z,0.94568401575088501,0.98837697505950928,0.87972098588943481,0.96123200654983521,2875634851
2024-11-27T00:00:00.000000Z,0.96118402481079102,1.0367139577865601,0.93543797731399536,1.0133459568023682,2606240084
2024-11-28T00:00:00.000000Z,1.0133479833602905,1.0457689762115479,0.97703802585601807,1.0335079431533813,1563014326
2024-11-29T00:00:00.000000Z,1.0335079431533813,1.0977959632873535,1.0304570198059082,1.0768580436706543,2218813144
2024-11-30T00:00:00.000000Z,1.0768870115280151,1.1470849514007568,1.0538409948348999,1.0789419412612915,2395901131
2024-12-01T00:00:00.000000Z,1.078935980796814,1.1584930419921875,1.0409859418869019,1.1552519798278809,2300394616
2024-12-02T00:00:00.000000Z,1.1552859544754028,1.2306849956512451,1.0615969896316528,1.2017760276794434,5544891690
2024-12-03T00:00:00.000000Z,1.2017910480499268,1.318681001663208,1.1698290109634399,1.198125958442688,5770098588
2024-12-04T00:00:00.000000Z,1.1980830430984497,1.2401750087738037,1.1492049694061279,1.1873199939727783,2838477436
2024-12-05T00:00:00.000000Z,1.1872349977493286,1.238353967666626,1.1262869834899902,1.1847120523452759,3207578224
2024-12-06T00:00:00.000000Z,1.1631560325622559,1.2346420288085938,1.1430219411849976,1.2311069965362549,2258465650
2024-12-07T00:00:00.000000Z,1.2310810089111328,1.2345750331878662,1.1930210590362549,1.2141959667205811,1376386201
2024-12-08T00:00:00.000000Z,1.214480996131897,1.2221519947052002,1.176677942276001,1.1962909698486328,1699042879
2024-12-09T00:00:00.000000Z,1.1962959766387939,1.1964149475097656,0.95220500230789185,1.0075490474700928,3280181154
2024-12-10T00:00:00.000000Z,1.0075470209121704,1.0361729860305786,0.91496902704238892,1.0201610326766968,3443248478
2024-12-11T00:00:00.000000Z,1.0202920436859131,1.1092840433120728,0.97694599628448486,1.0888899564743042,2130336502
2024-12-12T00:00:00.000000Z,1.0888489484786987,1.1767499446868896,1.0772650241851807,1.1250159740447998,2209430802
2024-12-13T00:00:00.000000Z,1.1250059604644775,1.1274850368499756,1.0813519954681396,1.1196019649505615,1325815818
2024-12-14T00:00:00.000000Z,1.1196019649505615,1.1311299800872803,1.0459280014038086,1.0605119466781616,4239229343
2024-12-15T00:00:00.000000Z,1.0605109930038452,1.1070879697799683,1.042631983757019,1.1017080545425415,1008997536
2024-12-16T00:00:00.000000Z,1.1016659736633301,1.1157059669494629,1.052016019821167,1.0788559913635254,1536006595
2024-12-17T00:00:00.000000Z,1.0788459777832031,1.1090430021286011,1.0452890396118164,1.0515249967575073,1578564654
2024-12-18T00:00:00.000000Z,1.0515270233154297,1.0579450130462646,0.96837800741195679,0.96842002868652344,1979056656
2024-12-19T00:00:00.000000Z,0.96843898296356201,0.98718398809432983,0.85387599468231201,0.88550198078155518,2338441189
2024-12-20T00:00:00.000000Z,0.88548898696899414,0.95671302080154419,0.76588898897171021,0.95101100206375122,2803176930
2024-12-21T00:00:00.000000Z,0.95101100206375122,0.99590998888015747,0.88987600803375244,0.90469402074813843,1542881115
2024-12-22T00:00:00.000000Z,0.90468698740005493,0.92168498039245605,0.86309099197387695,0.8829759955406189,1112000307
2024-12-23T00:00:00.000000Z,0.8829839825630188,0.93954598903656006,0.86522698402404785,0.92424601316452026,1295330633
2024-12-24T00:00:00.000000Z,0.92424297332763672,0.94771301746368408,0.89283400774002075,0.93646001815795898,992442081
2024-12-25T00:00:00.000000Z,0.93646502494812012,0.93655097484588623,0.90409797430038452,0.916858971118927,646314883
2024-12-26T00:00:00.000000Z,0.91685402393341064,0.92463397979736328,0.85307902097702026,0.85978502035140991,789160826
2024-12-27T00:00:00.000000Z,0.85978001356124878,0.91133701801300049,0.857433021068573,0.87476801872253418,885820827
2024-12-28T00:00:00.000000Z,0.8747749924659729,0.89506900310516357,0.8678249716758728,0.88781702518463135,538128475
2024-12-29T00:00:00.000000Z,0.88781702518463135,0.9079430103302002,0.85228997468948364,0.85864001512527466,645859774
2024-12-30T00:00:00.000000Z,0.85864102840423584,0.89619499444961548,0.83098298311233521,0.86001700162887573,970303435
2024-12-31T00:00:00.000000Z,0.86002397537231445,0.87226301431655884,0.84174400568008423,0.8437650203704834,677089128
2025-01-01T00:00:00.000000Z,0.8437659740447998,0.92942202091217041,0.83892601728439331,0.91759198904037476,926095054
2025-01-02T00:00:00.000000Z,0.91765397787094116,0.97908198833465576,0.91759699583053589,0.96134501695632935,1199916914
2025-01-03T00:00:00.000000Z,0.96134698390960693,1.1160989999771118,0.96004402637481689,1.0903760194778442,2503146669
2025-01-04T00:00:00.000000Z,1.0903520584106445,1.1079189777374268,1.0588500499725342,1.0714000463485718,1175730814
2025-01-05T00:00:00.000000Z,1.0713969469070435,1.107867956161499,1.055279016494751,1.0934669971466064,1241263862
2025-01-06T00:00:00.000000Z,1.0934640169143677,1.1125869750976562,1.0680979490280151,1.0941239595413208,1303664168
2025-01-07T00:00:00.000000Z,1.0941230058670044,1.1501630544662476,0.9919620156288147,0.99200999736785889,2238100221
2025-01-08T00:00:00.000000Z,0.99201798439025879,1.0212819576263428,0.91359001398086548,0.94803100824356079,1978552965
2025-01-09T00:00:00.000000Z,0.94802302122116089,0.95827698707580566,0.88376098871231079,0.90599000453948975,1351715573
2025-01-10T00:00:00.000000Z,0.90599000453948975,0.97177302837371826,0.90564799308776855,0.93145298957824707,1252358898
2025-01-11T00:00:00.000000Z,0.93145102262496948,1.0129410028457642,0.91645300388336182,0.99452400207519531,888877434
2025-01-12T00:00:00.000000Z,0.99448698759078979,1.0345660448074341,0.96367299556732178,0.96855497360229492,1120377628
2025-01-13T00:00:00.000000Z,0.96853399276733398,0.99105298519134521,0.88933902978897095,0.94474202394485474,1532120555
2025-01-14T00:00:00.000000Z,0.94473600387573242,1.0069010257720947,0.94012397527694702,0.99490898847579956,1119015701
2025-01-15T00:00:00.000000Z,0.99491101503372192,1.0837650299072266,0.99098402261734009,1.0791540145874023,2210962210
2025-01-16T00:00:00.000000Z,1.0790940523147583,1.1396059989929199,1.0301799774169922,1.0900989770889282,2245926187
2025-01-17T00:00:00.000000Z,1.0900930166244507,1.1636749505996704,1.0882200002670288,1.1351219415664673,1819221213
2025-01-18T00:00:00.000000Z,1.1351089477539062,1.143610954284668,1.0526319742202759,1.10207200050354,1614350854
2025-01-19T00:00:00.000000Z,1.1020480394363403,1.1474610567092896,0.97811400890350342,0.99119102954864502,2978644563
2025-01-20T00:00:00.000000Z,0.99116897583007812,1.0967010259628296,0.96885198354721069,1.0086439847946167,2754988266
2025-01-21T00:00:00.000000Z,1.0086619853973389,1.0269290208816528,0.95509600639343262,1.0046540498733521,1689540931
2025-01-22T00:00:00.000000Z,1.0046540498733521,1.0159939527511597,0.97943001985549927,0.98164397478103638,973043309
2025-01-23T00:00:00.000000Z,0.98164397478103638,1.0066380500793457,0.9537469744682312,0.98749399185180664,1176052467
2025-01-24T00:00:00.000000Z,0.98746097087860107,1.0071090459823608,0.96619701385498047,0.97149401903152466,899623660
2025-01-25T00:00:00.000000Z,0.9714999794960022,0.9902070164680481,0.96618497371673584,0.97727197408676147,518321010
2025-01-26T00:00:00.000000Z,0.97727197408676147,0.99921202659606934,0.95485597848892212,0.95485597848892212,558478883
2025-01-27T00:00:00.000000Z,0.95482099056243896,0.95680797100067139,0.86876600980758667,0.93294298648834229,1388103697
2025-01-28T00:00:00.000000Z,0.93295198678970337,0.96707302331924438,0.90505498647689819,0.91611498594284058,768281216
2025-01-29T00:00:00.000000Z,0.91610902547836304,0.95836001634597778,0.90521997213363647,0.94112700223922729,819481985
2025-01-30T00:00:00.000000Z,0.9411429762840271,0.98624902963638306,0.93869799375534058,0.96101397275924683,626612172
2025-01-31T00:00:00.000000Z,0.96100699901580811,0.98189699649810791,0.93685901165008545,0.94222897291183472,700669655
2025-02-01T00:00:00.000000Z,0.94222897291183472,0.9560539722442627,0.89094001054763794,0.89794397354125977,576044613
2025-02-02T00:00:00.000000Z,0.89793497323989868,0.90972697734832764,0.77107501029968262,0.80173999071121216,1554294076
2025-02-03T00:00:00.000000Z,0.80175298452377319,0.82299500703811646,0.56483697891235352,0.81155902147293091,4694160143
2025-02-04T00:00:00.000000Z,0.81156200170516968,0.81843101978302002,0.71902501583099365,0.74634301662445068,1601678503
2025-02-05T00:00:00.000000Z,0.74633097648620605,0.77408802509307861,0.72894597053527832,0.73320901393890381,840128547
2025-02-06T00:00:00.000000Z,0.73312699794769287,0.76465302705764771,0.70213299989700317,0.70506197214126587,844784492
2025-02-07T00:00:00.000000Z,0.70505398511886597,0.75002002716064453,0.69247698783874512,0.7070930004119873,940384129
2025-02-08T00:00:00.000000Z,0.70709502696990967,0.71485698223114014,0.68475097417831421,0.70184898376464844,553879408
2025-02-09T00:00:00.000000Z,0.70177602767944336,0.71263700723648071,0.65405601263046265,0.6827009916305542,679645670
2025-02-10T00:00:00.000000Z,0.68277299404144287,0.71628099679946899,0.66560298204421997,0.71069300174713135,751114200
2025-02-11T00:00:00.000000Z,0.71074199676513672,0.81591898202896118,0.71074199676513672,0.77939897775650024,1813731044
2025-02-12T00:00:00.000000Z,0.77939498424530029,0.80507397651672363,0.75280302762985229,0.79922401905059814,1231175669
2025-02-13T00:00:00.000000Z,0.799235999584198,0.82690197229385376,0.77201700210571289,0.81074202060699463,840300501
2025-02-14T00:00:00.000000Z,0.81071001291275024,0.82707899808883667,0.7931399941444397,0.80050700902938843,787635175
2025-02-15T00:00:00.000000Z,0.80051398277282715,0.81293898820877075,0.77719998359680176,0.78110998868942261,493874835
2025-02-16T00:00:00.000000Z,0.78111100196838379,0.78680199384689331,0.76474100351333618,0.77200502157211304,448477194
2025-02-17T00:00:00.000000Z,0.77200102806091309,0.82691699266433716,0.77186298370361328,0.80802500247955322,1041802036
2025-02-18T00:00:00.000000Z,0.80810701847076416,0.8125380277633667,0.73818498849868774,0.75236302614212036,905917139
2025-02-19T00:00:00.000000Z,0.75236499309539795,0.77472001314163208,0.73724901676177979,0.77294301986694336,706077594
2025-02-20T00:00:00.000000Z,0.77293998003005981,0.81042999029159546,0.77171701192855835,0.80447399616241455,688006862
2025-02-21T00:00:00.000000Z,0.80446398258209229,0.81694000959396362,0.75211799144744873,0.76137101650238037,951661847
2025-02-22T00:00:00.000000Z,0.76137101650238037,0.78266000747680664,0.75859099626541138,0.77445197105407715,530696926
2025-02-23T00:00:00.000000Z,0.77445101737976074,0.78699702024459839,0.76146602630615234,0.77004098892211914,495111534
2025-02-24T00:00:00.000000Z,0.77003997564315796,0.7755889892578125,0.68066698312759399,0.68220198154449463,960897545
2025-02-25T00:00:00.000000Z,0.68221199512481689,0.69303798675537109,0.63381099700927734,0.68258202075958252,1317817123
2025-02-26T00:00:00.000000Z,0.68258601427078247,0.69357699155807495,0.63498198986053467,0.64503800868988037,869010894
2025-02-27T00:00:00.000000Z,0.64505302906036377,0.67810899019241333,0.62842202186584473,0.64558500051498413,683537664
2025-02-28T00:00:00.000000Z,0.64558100700378418,0.64560997486114502,0.58218801021575928,0.63305097818374634,1102255137
2025-03-01T00:00:00.000000Z,0.63305199146270752,0.67465102672576904,0.62673300504684448,0.65926498174667358,585631597
2025-03-02T00:00:00.000000Z,0.65928399562835693,1.134268045425415,0.64611899852752686,1.1295030117034912,7647921820
2025-03-03T00:00:00.000000Z,1.1295260190963745,1.1342129707336426,0.83819401264190674,0.85526400804519653,7028104831
2025-03-04T00:00:00.000000Z,0.85526198148727417,0.95025700330734253,0.76848900318145752,0.94127702713012695,5400303546
2025-03-05T00:00:00.000000Z,0.94124597311019897,1.0150569677352905,0.91965198516845703,0.97535598278045654,3945666181
2025-03-06T00:00:00.000000Z,0.97536402940750122,0.97846502065658569,0.88829100131988525,0.90755200386047363,2621972377
2025-03-07T00:00:00.000000Z,0.90755200386047363,0.9126889705657959,0.81159502267837524,0.81679999828338623,3480876480
2025-03-08T00:00:00.000000Z,0.81679999828338623,0.83621400594711304,0.79683202505111694,0.80469197034835815,1184834509
2025-03-09T00:00:00.000000Z,0.8046799898147583,0.81567597389221191,0.71282798051834106,0.72014898061752319,1597453600
2025-03-10T00:00:00.000000Z,0.72014898061752319,0.77376902103424072,0.66110700368881226,0.67259699106216431,1891557329
2025-03-11T00:00:00.000000Z,0.67259401082992554,0.74127000570297241,0.65364497900009155,0.722586989402771,1875965762
2025-03-12T00:00:00.000000Z,0.72263401746749878,0.76147300004959106,0.71258002519607544,0.73544400930404663,1355643740
2025-03-13T00:00:00.000000Z,0.73544400930404663,0.73838901519775391,0.69256001710891724,0.70228898525238037,1195241317
2025-03-14T00:00:00.000000Z,0.70228701829910278,0.74835300445556641,0.69985300302505493,0.73831599950790405,1015277074
2025-03-15T00:00:00.000000Z,0.73831099271774292,0.75841999053955078,0.73314201831817627,0.74828898906707764,720758317
2025-03-16T00:00:00.000000Z,0.74827700853347778,0.74827802181243896,0.69903898239135742,0.70576399564743042,807154727
2025-03-17T00:00:00.000000Z,0.70575398206710815,0.72912400960922241,0.70526999235153198,0.71809202432632446,756343011
2025-03-18T00:00:00.000000Z,0.7180899977684021,0.71813297271728516,0.68398100137710571,0.70208102464675903,697365412
2025-03-19T00:00:00.000000Z,0.7020840048789978,0.74602198600769043,0.70127201080322266,0.74419999122619629,1096739941
2025-03-20T00:00:00.000000Z,0.74423199892044067,0.75223499536514282,0.7135390043258667,0.71751701831817627,850609830
2025-03-21T00:00:00.000000Z,0.71748900413513184,0.72610199451446533,0.70175498723983765,0.70511698722839355,660902108
2025-03-22T00:00:00.000000Z,0.7051200270652771,0.71520501375198364,0.69912201166152954,0.70094102621078491,458125954
2025-03-23T00:00:00.000000Z,0.70094102621078491,0.71516501903533936,0.69325399398803711,0.70950800180435181,585188487
2025-03-24T00:00:00.000000Z,0.70950299501419067,0.74403399229049683,0.70674902200698853,0.73099499940872192,894622894
2025-03-25T00:00:00.000000Z,0.73099601268768311,0.76533997058868408,0.72223299741744995,0.74519997835159302,1066564498
2025-03-26T00:00:00.000000Z,0.7451930046081543,0.77278101444244385,0.72193098068237305,0.7280619740486145,937295461
2025-03-27T00:00:00.000000Z,0.7280769944190979,0.74359697103500366,0.72275900840759277,0.73767197132110596,574512540
2025-03-28T00:00:00.000000Z,0.73767298460006714,0.74484497308731079,0.69066500663757324,0.70555102825164795,789537387
2025-03-29T00:00:00.000000Z,0.70554900169372559,0.7111859917640686,0.66118502616882324,0.67392200231552124,643130134
2025-03-30T00:00:00.000000Z,0.67390900850296021,0.68672198057174683,0.65209901332855225,0.66070801019668579,489882249
2025-03-31T00:00:00.000000Z,0.66069698333740234,0.66372197866439819,0.63121002912521362,0.66144698858261108,754677195
2025-04-01T00:00:00.000000Z,0.6614459753036499,0.69262897968292236,0.6591150164604187,0.67765498161315918,688019564
2025-04-02T00:00:00.000000Z,0.67764800786972046,0.70562899112701416,0.63717800378799438,0.64163899421691895,969234908
2025-04-03T00:00:00.000000Z,0.64160197973251343,0.65623998641967773,0.6152229905128479,0.65005898475646973,873870076
2025-04-04T00:00:00.000000Z,0.65006297826766968,0.66853100061416626,0.62968599796295166,0.66044902801513672,934938981
2025-04-05T00:00:00.000000Z,0.66043597459793091,0.66640198230743408,0.64575499296188354,0.65467101335525513,403628594
2025-04-06T00:00:00.000000Z,0.65467101335525513,0.65476298332214355,0.56178700923919678,0.57279300689697266,943427756
2025-04-07T00:00:00.000000Z,0.57280302047729492,0.59661900997161865,0.51622599363327026,0.58543097972869873,1985606963
2025-04-08T00:00:00.000000Z,0.58543497323989868,0.61665701866149902,0.55442500114440918,0.5578879714012146,1249643862
2025-04-09T00:00:00.000000Z,0.55786901712417603,0.64382600784301758,0.5380139946937561,0.63167697191238403,1648147581
2025-04-10T00:00:00.000000Z,0.63169401884078979,0.63238400220870972,0.588096022605896,0.60938799381256104,921990046
2025-04-11T00:00:00.000000Z,0.60939502716064453,0.63665497303009033,0.60663902759552002,0.62416702508926392,837897601
2025-04-12T00:00:00.000000Z,0.62416601181030273,0.66591000556945801,0.61771798133850098,0.6588519811630249,676334951
2025-04-13T00:00:00.000000Z,0.65885502099990845,0.66631698608398438,0.63185900449752808,0.63807499408721924,664262311
2025-04-14T00:00:00.000000Z,0.63807201385498047,0.65569597482681274,0.63006699085235596,0.63487398624420166,702462762
2025-04-15T00:00:00.000000Z,0.63487499952316284,0.64749902486801147,0.60776299238204956,0.60916298627853394,729833314
2025-04-16T00:00:00.000000Z,0.60916298627853394,0.6225619912147522,0.59733098745346069,0.61041897535324097,660642294
2025-04-17T00:00:00.000000Z,0.61041897535324097,0.62923097610473633,0.60974901914596558,0.61630499362945557,459522026
2025-04-18T00:00:00.000000Z,0.61630499362945557,0.6313210129737854,0.61115598678588867,0.62744498252868652,385441968
2025-04-19T00:00:00.000000Z,0.62744498252868652,0.63408201932907104,0.61977297067642212,0.62795400619506836,343946478
2025-04-20T00:00:00.000000Z,0.62794697284698486,0.63391202688217163,0.61051797866821289,0.6197819709777832,366085065
2025-04-21T00:00:00.000000Z,0.6197819709777832,0.64920598268508911,0.61764901876449585,0.62393999099731445,657464744
2025-04-22T00:00:00.000000Z,0.6239359974861145,0.68387800455093384,0.61837601661682129,0.68040400743484497,857733017
2025-04-23T00:00:00.000000Z,0.68038702011108398,0.71526902914047241,0.67842197418212891,0.69756597280502319,971202640
2025-04-24T00:00:00.000000Z,0.69756698608398438,0.73909097909927368,0.67149102687835693,0.72182697057723999,1033424969
2025-04-25T00:00:00.000000Z,0.72197800874710083,0.72770601511001587,0.70335298776626587,0.71414101123809814,957571529
2025-04-26T00:00:00.000000Z,0.71411502361297607,0.73314201831817627,0.70236998796463013,0.70752102136611938,660103423
2025-04-27T00:00:00.000000Z,0.70751297473907471,0.71703201532363892,0.69246101379394531,0.70397502183914185,573620571
2025-04-28T00:00:00.000000Z,0.7039790153503418,0.72819101810455322,0.68434798717498779,0.70547997951507568,895129397
2025-04-29T00:00:00.000000Z,0.70547997951507568,0.71763402223587036,0.69031602144241333,0.69633001089096069,839231770
2025-04-30T00:00:00.000000Z,0.69633001089096069,0.702830970287323,0.66689401865005493,0.68193000555038452,664786586
2025-05-01T00:00:00.000000Z,0.68193501234054565,0.7138029932975769,0.68182599544525146,0.70543402433395386,602107137
2025-05-02T00:00:00.000000Z,0.70543497800827026,0.7243419885635376,0.69007301330566406,0.69804197549819946,690154754
2025-05-03T00:00:00.000000Z,0.69804197549819946,0.72835701704025269,0.69271498918533325,0.70102697610855103,778920755
2025-05-04T00:00:00.000000Z,0.70102697610855103,0.71337199211120605,0.6733899712562561,0.67669200897216797,704179966
2025-05-05T00:00:00.000000Z,0.67669200897216797,0.6897919774055481,0.65599799156188965,0.66297602653503418,699151297
2025-05-06T00:00:00.000000Z,0.66297602653503418,0.67997002601623535,0.64462900161743164,0.67838197946548462,592765534
2025-05-07T00:00:00.000000Z,0.678367018699646,0.68783998489379883,0.65653800964355469,0.67118597030639648,615619795
2025-05-08T00:00:00.000000Z,0.67120802402496338,0.76834100484848022,0.67077600955963135,0.76660400629043579,1352507618
2025-05-09T00:00:00.000000Z,0.76674097776412964,0.8161730170249939,0.75585901737213135,0.77771097421646118,1495123581
2025-05-10T00:00:00.000000Z,0.77771300077438354,0.84147799015045166,0.77303498983383179,0.84127300977706909,1434324472
2025-05-11T00:00:00.000000Z,0.84125697612762451,0.8435559868812561,0.78426897525787354,0.80498898029327393,1092674369
2025-05-12T00:00:00.000000Z,0.80498999357223511,0.86082500219345093,0.78724801540374756,0.81763797998428345,2013365721
2025-05-13T00:00:00.000000Z,0.81763499975204468,0.84076398611068726,0.77426797151565552,0.83156001567840576,1325631679
2025-05-14T00:00:00.000000Z,0.83157902956008911,0.83171701431274414,0.7907559871673584,0.79952001571655273,1149087779
2025-05-15T00:00:00.000000Z,0.79952698945999146,0.80968499183654785,0.74685001373291016,0.76124298572540283,1282600970
2025-05-16T00:00:00.000000Z,0.76127302646636963,0.78497898578643799,0.75290501117706299,0.75926798582077026,761962011
2025-05-17T00:00:00.000000Z,0.75926798582077026,0.78027600049972534,0.72946500778198242,0.74238502979278564,974561722
2025-05-18T00:00:00.000000Z,0.74238502979278564,0.77524697780609131,0.72461801767349243,0.76062601804733276,940509064
2025-05-19T00:00:00.000000Z,0.76059901714324951,0.7632330060005188,0.71201497316360474,0.74306297302246094,870207859
2025-05-20T00:00:00.000000Z,0.74306297302246094,0.75248998403549194,0.72382199764251709,0.74572902917861938,718031523
2025-05-21T00:00:00.000000Z,0.74572199583053589,0.78206998109817505,0.73946499824523926,0.77071899175643921,1107919947
2025-05-22T00:00:00.000000Z,0.77072298526763916,0.80985498428344727,0.76989400386810303,0.80813801288604736,1060144223
2025-05-23T00:00:00.000000Z,0.80815601348876953,0.8396180272102356,0.74501502513885498,0.74637997150421143,1438828552
2025-05-24T00:00:00.000000Z,0.74638497829437256,0.76593202352523804,0.74278402328491211,0.74719202518463135,606044855
2025-05-25T00:00:00.000000Z,0.74719202518463135,0.76000297069549561,0.72991400957107544,0.75998300313949585,665579932
2025-05-26T00:00:00.000000Z,0.75998300313949585,0.7756810188293457,0.75295501947402954,0.75955498218536377,648219927
2025-05-27T00:00:00.000000Z,0.75955498218536377,0.77496898174285889,0.74569499492645264,0.75868302583694458,707175899
2025-05-28T00:00:00.000000Z,0.75868302583694458,0.76033997535705566,0.73347097635269165,0.74689400196075439,597350861
2025-05-29T00:00:00.000000Z,0.74689400196075439,0.76449298858642578,0.72209399938583374,0.72234201431274414,722295527
2025-05-30T00:00:00.000000Z,0.72234201431274414,0.72709298133850098,0.68710601329803467,0.68932700157165527,1028958874
2025-05-31T00:00:00.000000Z,0.68932998180389404,0.69463902711868286,0.65809398889541626,0.68607401847839355,812725496
2025-06-01T00:00:00.000000Z,0.68607401847839355,0.68706601858139038,0.65670901536941528,0.68497401475906372,601446044
2025-06-02T00:00:00.000000Z,0.68497300148010254,0.69150000810623169,0.66526901721954346,0.68967700004577637,644713300
2025-06-03T00:00:00.000000Z,0.68967998027801514,0.70583200454711914,0.67720401287078857,0.68461400270462036,564411241
2025-06-04T00:00:00.000000Z,0.68461298942565918,0.70133799314498901,0.66391098499298096,0.66588997840881348,537207539
2025-06-05T00:00:00.000000Z,0.66588997840881348,0.68910199403762817,0.62103599309921265,0.62757402658462524,884135870
2025-06-06T00:00:00.000000Z,0.62757402658462524,0.67095202207565308,0.62379002571105957,0.6564059853553772,644957374
2025-06-07T00:00:00.000000Z,0.6564059853553772,0.67038297653198242,0.65172797441482544,0.66500997543334961,384375357
2025-06-08T00:00:00.000000Z,0.66500800848007202,0.67866498231887817,0.65398597717285156,0.66989898681640625,500556195
2025-06-09T00:00:00.000000Z,0.66990000009536743,0.706961989402771,0.65760898590087891,0.70505201816558838,623912687
2025-06-10T00:00:00.000000Z,0.70505398511886597,0.7187880277633667,0.68718099594116211,0.71591401100158691,854432526
2025-06-11T00:00:00.000000Z,0.71591800451278687,0.73036199808120728,0.69211000204086304,0.69815802574157715,762289525
2025-06-12T00:00:00.000000Z,0.69815802574157715,0.69912701845169067,0.65878397226333618,0.66383898258209229,693312281
2025-06-13T00:00:00.000000Z,0.66381901502609253,0.66381901502609253,0.62036401033401489,0.64213597774505615,1056842030
2025-06-14T00:00:00.000000Z,0.64213699102401733,0.64219999313354492,0.61489200592041016,0.62494897842407227,413673092
2025-06-15T00:00:00.000000Z,0.62495297193527222,0.63562899827957153,0.62169498205184937,0.63384902477264404,353272482
2025-06-16T00:00:00.000000Z,0.63384902477264404,0.65678101778030396,0.62598502635955811,0.63163101673126221,676555071
2025-06-17T00:00:00.000000Z,0.63143301010131836,0.6419140100479126,0.60097199678421021,0.61044901609420776,716747559
2025-06-18T00:00:00.000000Z,0.61045002937316895,0.62076497077941895,0.58974498510360718,0.60344898700714111,721275360
2025-06-19T00:00:00.000000Z,0.60345101356506348,0.61084401607513428,0.59108501672744751,0.60212498903274536,472917745
2025-06-20T00:00:00.000000Z,0.60212701559066772,0.60592198371887207,0.56297600269317627,0.57726401090621948,758958578
2025-06-21T00:00:00.000000Z,0.57726502418518066,0.58733898401260376,0.54665899276733398,0.55431497097015381,686354524
2025-06-22T00:00:00.000000Z,0.5543220043182373,0.56265497207641602,0.51318597793579102,0.54098302125930786,1168250598
2025-06-23T00:00:00.000000Z,0.54100501537322998,0.58538401126861572,0.53084897994995117,0.58327502012252808,1040285762
2025-06-24T00:00:00.000000Z,0.58327502012252808,0.59316498041152954,0.57759302854537964,0.58736902475357056,798539329
2025-06-25T00:00:00.000000Z,0.58737099170684814,0.58999300003051758,0.56451898813247681,0.56708097457885742,620996333
2025-06-26T00:00:00.000000Z,0.56708097457885742,0.58057302236557007,0.55154502391815186,0.55402100086212158,602838443
2025-06-27T00:00:00.000000Z,0.55402100086212158,0.56150901317596436,0.54602897167205811,0.55876398086547852,494464871
2025-06-28T00:00:00.000000Z,0.55876797437667847,0.56826800107955933,0.55617499351501465,0.56569701433181763,368639849
2025-06-29T00:00:00.000000Z,0.56569701433181763,0.58244001865386963,0.55575102567672729,0.57808601856231689,583426280
2025-06-30T00:00:00.000000Z,0.57808601856231689,0.58880800008773804,0.55824798345565796,0.5721210241317749,746847500
2025-07-01T00:00:00.000000Z,0.5721210241317749,0.57596397399902344,0.53842300176620483,0.54215800762176514,714647761
2025-07-02T00:00:00.000000Z,0.54215800762176514,0.59801197052001953,0.54051601886749268,0.58410102128982544,991825199
2025-07-03T00:00:00.000000Z,0.58410000801086426,0.61051201820373535,0.5833280086517334,0.59908801317214966,779890753
2025-07-04T00:00:00.000000Z,0.59908699989318848,0.60272401571273804,0.5643470287322998,0.5728909969329834,588008206
2025-07-05T00:00:00.000000Z,0.5728909969329834,0.58284902572631836,0.5707169771194458,0.57590800523757935,316451015
2025-07-06T00:00:00.000000Z,0.57590800523757935,0.59182697534561157,0.57149899005889893,0.58601301908493042,412178050
2025-07-07T00:00:00.000000Z,0.58600902557373047,0.59257298707962036,0.57475399971008301,0.5802379846572876,604232754
2025-07-08T00:00:00.000000Z,0.58023899793624878,0.59145098924636841,0.57349997758865356,0.58847397565841675,545842174
2025-07-09T00:00:00.000000Z,0.58847397565841675,0.62632697820663452,0.58448600769042969,0.62348902225494385,1024072721
2025-07-10T00:00:00.000000Z,0.62348902225494385,0.67879801988601685,0.61814898252487183,0.67664802074432373,1172708375
2025-07-11T00:00:00.000000Z,0.67664498090744019,0.77252000570297241,0.66955798864364624,0.7105259895324707,2869891976
2025-07-12T00:00:00.000000Z,0.7105259895324707,0.7336840033531189,0.69018799066543579,0.7082970142364502,1327152134
2025-07-13T00:00:00.000000Z,0.7082970142364502,0.75375401973724365,0.70608198642730713,0.73725301027297974,1559998665
2025-07-14T00:00:00.000000Z,0.73725098371505737,0.76547300815582275,0.72373098134994507,0.73433601856231689,1794877371
2025-07-15T00:00:00.000000Z,0.73432600498199463,0.74830001592636108,0.71172302961349487,0.7468230128288269,1523030830
2025-07-16T00:00:00.000000Z,0.7468230128288269,0.78355902433395386,0.7340729832649231,0.76454901695251465,1535471266
2025-07-17T00:00:00.000000Z,0.76454901695251465,0.83715802431106567,0.74279600381851196,0.82378500699996948,2647535949
2025-07-18T00:00:00.000000Z,0.82371097803115845,0.89217102527618408,0.80077499151229858,0.81585699319839478,3058416972
2025-07-19T00:00:00.000000Z,0.81586098670959473,0.83545798063278198,0.80569201707839966,0.83034002780914307,1047545712
2025-07-20T00:00:00.000000Z,0.83033299446105957,0.87579798698425293,0.82452899217605591,0.85874497890472412,1751415542
2025-07-21T00:00:00.000000Z,0.85874301195144653,0.92966002225875854,0.84414499998092651,0.89042502641677856,2494414873
2025-07-22T00:00:00.000000Z,0.89040601253509521,0.90701097249984741,0.85491901636123657,0.90294402837753296,2097520070
2025-07-23T00:00:00.000000Z,0.9029499888420105,0.90345501899719238,0.79334700107574463,0.81623101234436035,1971435839
2025-07-24T00:00:00.000000Z,0.8162270188331604,0.83670800924301147,0.76566100120544434,0.80557799339294434,2091907443
2025-07-25T00:00:00.000000Z,0.8055800199508667,0.81625199317932129,0.7776939868927002,0.81607401371002197,1448176900
2025-07-26T00:00:00.000000Z,0.81605398654937744,0.83747702836990356,0.81304001808166504,0.81980299949645996,869250145
2025-07-27T00:00:00.000000Z,0.8198009729385376,0.83815997838973999,0.81545501947402954,0.8320080041885376,969262242
2025-07-28T00:00:00.000000Z,0.8320080041885376,0.85400301218032837,0.78906601667404175,0.79089099168777466,1298724819
2025-07-29T00:00:00.000000Z,0.79088401794433594,0.80894702672958374,0.77150702476501465,0.78246802091598511,986793262
2025-07-30T00:00:00.000000Z,0.78246802091598511,0.78832000494003296,0.74261599779129028,0.76343899965286255,1181054301
2025-07-31T00:00:00.000000Z,0.76342201232910156,0.7876889705657959,0.73823899030685425,0.74005997180938721,977040210
2025-08-01T00:00:00.000000Z,0.74005597829818726,0.74005597829818726,0.70086300373077393,0.7156670093536377,1471507567
2025-08-02T00:00:00.000000Z,0.71563100814819336,0.72685199975967407,0.68651700019836426,0.69766998291015625,921584134
2025-08-03T00:00:00.000000Z,0.69766998291015625,0.72901898622512817,0.69103598594665527,0.72697597742080688,757511852
2025-08-04T00:00:00.000000Z,0.72697800397872925,0.75851297378540039,0.72590899467468262,0.75480800867080688,893498948
2025-08-05T00:00:00.000000Z,0.75480902194976807,0.7593119740486145,0.71523302793502808,0.72603601217269897,945408782
2025-08-06T00:00:00.000000Z,0.72604101896286011,0.74730002880096436,0.71143102645874023,0.74179399013519287,740545524
2025-08-07T00:00:00.000000Z,0.74179399013519287,0.78744101524353027,0.73492497205734253,0.78639501333236694,1066141350
2025-08-08T00:00:00.000000Z,0.78640800714492798,0.80442601442337036,0.77798199653625488,0.79118102788925171,1342179780
2025-08-09T00:00:00.000000Z,0.79117798805236816,0.81946498155593872,0.7907249927520752,0.80403602123260498,1023977315
2025-08-10T00:00:00.000000Z,0.80405497550964355,0.83274602890014648,0.78819197416305542,0.8022879958152771,1080500013
2025-08-11T00:00:00.000000Z,0.8022879958152771,0.83224302530288696,0.76838201284408569,0.77397698163986206,1413948082
2025-08-12T00:00:00.000000Z,0.77396899461746216,0.85373902320861816,0.76775598526000977,0.84120398759841919,1984793671
2025-08-13T00:00:00.000000Z,0.84120398759841919,0.91802197694778442,0.83404099941253662,0.90592402219772339,2355898692
2025-08-14T00:00:00.000000Z,0.90592300891876221,1.0164639949798584,0.88116598129272461,0.92538297176361084,6566984812
2025-08-15T00:00:00.000000Z,0.92539602518081665,0.96107697486877441,0.91417199373245239,0.94383597373962402,3727215369
2025-08-16T00:00:00.000000Z,0.94384199380874634,0.97525900602340698,0.90383398532867432,0.92128199338912964,2342325704
2025-08-17T00:00:00.000000Z,0.92129802703857422,0.98483800888061523,0.9068949818611145,0.96188902854919434,2190571305
2025-08-18T00:00:00.000000Z,0.96187001466751099,0.96599197387695312,0.89449000358581543,0.92325502634048462,2301661145
2025-08-19T00:00:00.000000Z,0.92323601245880127,0.9506000280380249,0.84493100643157959,0.8450390100479126,2803347062
2025-08-20T00:00:00.000000Z,0.84506702423095703,0.8909909725189209,0.83976602554321289,0.88082200288772583,2190768811
2025-08-21T00:00:00.000000Z,0.88082200288772583,0.89073401689529419,0.84852701425552368,0.85102099180221558,1294029938
2025-08-22T00:00:00.000000Z,0.85101801156997681,0.93902498483657837,0.82341897487640381,0.92992097139358521,2834699734
2025-08-23T00:00:00.000000Z,0.92991900444030762,0.93358802795410156,0.89229500293731689,0.91313302516937256,1485858765
2025-08-24T00:00:00.000000Z,0.91314798593521118,0.96008998155593872,0.88916301727294922,0.90960699319839478,2134094046
2025-08-25T00:00:00.000000Z,0.90960901975631714,0.92523497343063354,0.83304899930953979,0.83763301372528076,2362229556
2025-08-26T00:00:00.000000Z,0.83762699365615845,0.87382298707962036,0.83210301399230957,0.86668300628662109,1410119067
2025-08-27T00:00:00.000000Z,0.86667698621749878,0.87519299983978271,0.85009700059890747,0.85015600919723511,1323719490
2025-08-28T00:00:00.000000Z,0.85016000270843506,0.87784701585769653,0.84383398294448853,0.85774999856948853,1202927839
2025-08-29T00:00:00.000000Z,0.85775798559188843,0.86262398958206177,0.8121979832649231,0.82713699340820312,1678140344
2025-08-30T00:00:00.000000Z,0.82715398073196411,0.84185302257537842,0.80911201238632202,0.82240498065948486,795989685
2025-08-31T00:00:00.000000Z,0.82241201400756836,0.83693599700927734,0.81100201606750488,0.81136101484298706,686397615
2025-09-01T00:00:00.000000Z,0.81136399507522583,0.84268802404403687,0.78577399253845215,0.80018597841262817,1560962898
2025-09-02T00:00:00.000000Z,0.80018997192382812,0.83473300933837891,0.79932898283004761,0.83458101749420166,1225760452
2025-09-03T00:00:00.000000Z,0.83458000421524048,0.84301400184631348,0.8273550271987915,0.83653002977371216,873946795
2025-09-04T00:00:00.000000Z,0.83653002977371216,0.84134602546691895,0.80416697263717651,0.80988699197769165,865781781
2025-09-05T00:00:00.000000Z,0.80987000465393066,0.84606897830963135,0.80577999353408813,0.83106899261474609,1262808667
2025-09-06T00:00:00.000000Z,0.83106899261474609,0.83527302742004395,0.81543302536010742,0.81845098733901978,579154321
2025-09-07T00:00:00.000000Z,0.81845200061798096,0.84081500768661499,0.81844097375869751,0.83505898714065552,719398251
2025-09-08T00:00:00.000000Z,0.83505898714065552,0.86851298809051514,0.83119797706604004,0.86505299806594849,1398016818
2025-09-09T00:00:00.000000Z,0.86505699157714844,0.89363497495651245,0.85370701551437378,0.86503201723098755,1730015556
2025-09-10T00:00:00.000000Z,0.86502599716186523,0.89397001266479492,0.86062699556350708,0.88468801975250244,1204166506
2025-09-11T00:00:00.000000Z,0.88470101356506348,0.89544802904129028,0.87360399961471558,0.89420801401138306,1307050671
2025-09-12T00:00:00.000000Z,0.89420700073242188,0.91710102558135986,0.88484299182891846,0.91708701848983765,1586142736
2025-09-13T00:00:00.000000Z,0.91708499193191528,0.95257097482681274,0.91705101728439331,0.92984300851821899,2205805247
2025-09-14T00:00:00.000000Z,0.92984300851821899,0.93048197031021118,0.88136297464370728,0.88899099826812744,1388605835
2025-09-15T00:00:00.000000Z,0.88898801803588867,0.9021649956703186,0.85478097200393677,0.86350798606872559,1947621867
2025-09-16T00:00:00.000000Z,0.86350798606872559,0.88382399082183838,0.85602599382400513,0.88068997859954834,1267357116
2025-09-17T00:00:00.000000Z,0.88068699836730957,0.91831701993942261,0.86429297924041748,0.91309201717376709,1875277351
2025-09-18T00:00:00.000000Z,0.91310602426528931,0.93782198429107666,0.90101498365402222,0.92535597085952759,2009670534
2025-09-19T00:00:00.000000Z,0.92535597085952759,0.93637901544570923,0.88743197917938232,0.89093500375747681,1573603604
2025-09-20T00:00:00.000000Z,0.89093297719955444,0.90631699562072754,0.88869798183441162,0.8939329981803894,785758505
2025-09-21T00:00:00.000000Z,0.89393401145935059,0.90232902765274048,0.87790399789810181,0.88527500629425049,878284682
2025-09-22T00:00:00.000000Z,0.88525998592376709,0.8874809741973877,0.80602997541427612,0.82575201988220215,2389033730
2025-09-23T00:00:00.000000Z,0.82576698064804077,0.8291509747505188,0.80533099174499512,0.80761897563934326,1108855046
2025-09-24T00:00:00.000000Z,0.80762100219726562,0.82908302545547485,0.79489600658416748,0.81318598985671997,1067044180
2025-09-25T00:00:00.000000Z,0.81318902969360352,0.81440901756286621,0.75835102796554565,0.76278901100158691,1914562312
2025-09-26T00:00:00.000000Z,0.76278102397918701,0.79610002040863037,0.75925302505493164,0.79219299554824829,1170359717
2025-09-27T00:00:00.000000Z,0.79219001531600952,0.79414701461791992,0.77750700712203979,0.78170102834701538,554628951
2025-09-28T00:00:00.000000Z,0.78170198202133179,0.81125497817993164,0.7659270167350769,0.8081660270690918,744912865
2025-09-29T00:00:00.000000Z,0.80816501379013062,0.81496000289916992,0.78997498750686646,0.80679702758789062,1048602865
2025-09-30T00:00:00.000000Z,0.80679202079772949,0.81198400259017944,0.7799530029296875,0.80720299482345581,1095173989
2025-10-01T00:00:00.000000Z,0.80720299482345581,0.8500400185585022,0.79819601774215698,0.8500400185585022,1380143338
2025-10-02T00:00:00.000000Z,0.85003501176834106,0.87726998329162598,0.83911597728729248,0.87032002210617065,1417653094
2025-10-03T00:00:00.000000Z,0.87031501531600952,0.89099198579788208,0.85043901205062866,0.86631500720977783,1417255332
2025-10-04T00:00:00.000000Z,0.86631900072097778,0.86850500106811523,0.8346710205078125,0.83992201089859009,923179980
2025-10-05T00:00:00.000000Z,0.83992099761962891,0.88002699613571167,0.83013397455215454,0.83735197782516479,1432571585
2025-10-06T00:00:00.000000Z,0.83735501766204834,0.87971097230911255,0.83401602506637573,0.87181597948074341,1536337222
2025-10-07T00:00:00.000000Z,0.871815025806427,0.87692999839782715,0.81958699226379395,0.82090198993682861,1591420298
2025-10-08T00:00:00.000000Z,0.82090502977371216,0.84533298015594482,0.81172800064086914,0.83891600370407104,1135536629
2025-10-09T00:00:00.000000Z,0.83891099691390991,0.83911901712417603,0.79713898897171021,0.81564599275588989,1196536220
2025-10-10T00:00:00.000000Z,0.81564301252365112,0.82269501686096191,0.33296799659729004,0.63483500480651855,4203182760
2025-10-11T00:00:00.000000Z,0.63483500480651855,0.68195998668670654,0.61493200063705444,0.63217997550964355,2703054560
2025-10-12T00:00:00.000000Z,0.63214302062988281,0.70821601152420044,0.62152397632598877,0.70150500535964966,1600069384
2025-10-13T00:00:00.000000Z,0.70153099298477173,0.73505401611328125,0.69812500476837158,0.72925800085067749,1714657141
2025-10-14T00:00:00.000000Z,0.72926199436187744,0.73258697986602783,0.66572302579879761,0.6996920108795166,1861960330
2025-10-15T00:00:00.000000Z,0.69969302415847778,0.71332699060440063,0.66186702251434326,0.66880202293395996,1209547947
2025-10-16T00:00:00.000000Z,0.6687999963760376,0.68355399370193481,0.6358410120010376,0.64494401216506958,1359176043
2025-10-17T00:00:00.000000Z,0.64494401216506958,0.65394198894500732,0.59516900777816772,0.62484300136566162,1684167803
2025-10-18T00:00:00.000000Z,0.62484800815582275,0.6408190131187439,0.62435001134872437,0.63446098566055298,549396048
2025-10-19T00:00:00.000000Z,0.63446098566055298,0.66448700428009033,0.62341099977493286,0.65255099534988403,874038329
2025-10-20T00:00:00.000000Z,0.65254998207092285,0.67549902200698853,0.64068001508712769,0.66325098276138306,1048326206
2025-10-21T00:00:00.000000Z,0.66321402788162231,0.68462902307510376,0.63793200254440308,0.64291399717330933,1195836837
2025-10-22T00:00:00.000000Z,0.64292097091674805,0.64668399095535278,0.61135298013687134,0.62397199869155884,1083621498
2025-10-23T00:00:00.000000Z,0.62397199869155884,0.6529579758644104,0.62325400114059448,0.64284497499465942,786265376
2025-10-24T00:00:00.000000Z,0.64284902811050415,0.65882998704910278,0.63968700170516968,0.65589100122451782,838536144
2025-10-25T00:00:00.000000Z,0.65589398145675659,0.65864700078964233,0.64900702238082886,0.65466302633285522,469372495
2025-10-26T00:00:00.000000Z,0.65466398000717163,0.6842309832572937,0.64748197793960571,0.68106299638748169,788298972
2025-10-27T00:00:00.000000Z,0.68106001615524292,0.6918720006942749,0.66524899005889893,0.66736501455307007,909288252
2025-10-28T00:00:00.000000Z,0.66736298799514771,0.6745150089263916,0.63940900564193726,0.64627301692962646,1559874688
2025-10-29T00:00:00.000000Z,0.64626002311706543,0.65664201974868774,0.63426899909973145,0.64016497135162354,1145954584
2025-10-30T00:00:00.000000Z,0.64016199111938477,0.64764600992202759,0.5887799859046936,0.60112297534942627,1228514788
2025-10-31T00:00:00.000000Z,0.60114997625350952,0.61903297901153564,0.60034400224685669,0.6091650128364563,869785976
2025-11-01T00:00:00.000000Z,0.6091650128364563,0.6165509819984436,0.60482299327850342,0.612201988697052,496102908
2025-11-02T00:00:00.000000Z,0.612201988697052,0.61811798810958862,0.59486401081085205,0.61080402135848999,566990964
2025-11-03T00:00:00.000000Z,0.61079198122024536,0.61094897985458374,0.54146802425384521,0.55231398344039917,1542270537
2025-11-04T00:00:00.000000Z,0.55230700969696045,0.56244099140167236,0.49339300394058228,0.5214959979057312,1869312291
2025-11-05T00:00:00.000000Z,0.52148902416229248,0.54891502857208252,0.49752798676490784,0.54614502191543579,1137029829
2025-11-06T00:00:00.000000Z,0.54613798856735229,0.54613798856735229,0.51897901296615601,0.53098201751708984,872096877
2025-11-07T00:00:00.000000Z,0.53099197149276733,0.58550697565078735,0.52081102132797241,0.57601100206375122,1278710472
2025-11-08T00:00:00.000000Z,0.57596898078918457,0.59149402379989624,0.55501401424407959,0.56842297315597534,784247690
2025-11-09T00:00:00.000000Z,0.56844502687454224,0.58347201347351074,0.54947298765182495,0.57863497734069824,714096111
2025-11-10T00:00:00.000000Z,0.57866799831390381,0.60128098726272583,0.57648497819900513,0.59297001361846924,831314134
2025-11-11T00:00:00.000000Z,0.59298098087310791,0.60522001981735229,0.55478900671005249,0.55652797222137451,857150089
2025-11-12T00:00:00.000000Z,0.55652499198913574,0.58014398813247681,0.54058599472045898,0.54526102542877197,766808820
2025-11-13T00:00:00.000000Z,0.54526400566101074,0.5700870156288147,0.51721298694610596,0.53111499547958374,1056326483
2025-11-14T00:00:00.000000Z,0.53109800815582275,0.53209298849105835,0.49436798691749573,0.49842000007629395,1192463993
2025-11-15T00:00:00.000000Z,0.49842798709869385,0.51426702737808228,0.49808499217033386,0.50340002775192261,711753171
2025-11-16T00:00:00.000000Z,0.50340402126312256,0.50837397575378418,0.47608798742294312,0.48484501242637634,1034979545
2025-11-17T00:00:00.000000Z,0.48483198881149292,0.49720001220703125,0.45814201235771179,0.46553200483322144,1209943614
2025-11-18T00:00:00.000000Z,0.46553000807762146,0.48122501373291016,0.45866799354553223,0.47497999668121338,1101225671
2025-11-19T00:00:00.000000Z,0.47497200965881348,0.47617799043655396,0.43896898627281189,0.46323901414871216,1037561742
2025-11-20T00:00:00.000000Z,0.46323800086975098,0.46996599435806274,0.4296410083770752,0.43239900469779968,988316139
2025-11-21T00:00:00.000000Z,0.43233200907707214,0.43801799416542053,0.39111799001693726,0.4091469943523407,1770073071
2025-11-22T00:00:00.000000Z,0.40916600823402405,0.41175898909568787,0.39167198538780212,0.40460801124572754,553773916
2025-11-23T00:00:00.000000Z,0.40460899472236633,0.41769498586654663,0.40209499001502991,0.40854901075363159,646391172
2025-11-24T00:00:00.000000Z,0.40855801105499268,0.43358799815177917,0.40429899096488953,0.42784199118614197,814509902
2025-11-25T00:00:00.000000Z,0.42784300446510315,0.42862099409103394,0.40588301420211792,0.42161700129508972,652730619
2025-11-26T00:00:00.000000Z,0.42161700129508972,0.43657600879669189,0.41165900230407715,0.43562200665473938,582375709
2025-11-27T00:00:00.000000Z,0.43562200665473938,0.43846198916435242,0.42720699310302734,0.43368500471115112,482157613
2025-11-28T00:00:00.000000Z,0.4336790144443512,0.43524101376533508,0.41615700721740723,0.42023101449012756,624407301
2025-11-29T00:00:00.000000Z,0.4202289879322052,0.4215719997882843,0.41302698850631714,0.41538301110267639,379239805
2025-11-30T00:00:00.000000Z,0.41537600755691528,0.42709100246429443,0.4144589900970459,0.41588500142097473,397706532
2025-12-01T00:00:00.000000Z,0.41589298844337463,0.41589298844337463,0.37192898988723755,0.38571399450302124,965561899
2025-12-02T00:00:00.000000Z,0.38571399450302124,0.43836599588394165,0.38569098711013794,0.43396401405334473,837346960
2025-12-03T00:00:00.000000Z,0.43395400047302246,0.45315200090408325,0.42810600996017456,0.45080900192260742,817986188
2025-12-04T00:00:00.000000Z,0.45075100660324097,0.45466798543930054,0.43558099865913391,0.43945398926734924,642155044
2025-12-05T00:00:00.000000Z,0.43945199251174927,0.4423460066318512,0.41065898537635803,0.41627100110054016,590647098
2025-12-06T00:00:00.000000Z,0.41627100110054016,0.42084801197052002,0.41042101383209229,0.41393101215362549,326306941
2025-12-07T00:00:00.000000Z,0.41393300890922546,0.43431401252746582,0.40758401155471802,0.41681098937988281,609158162
2025-12-08T00:00:00.000000Z,0.41683301329612732,0.43998101353645325,0.41545099020004272,0.43219199776649475,627341088
2025-12-09T00:00:00.000000Z,0.43219199776649475,0.48286798596382141,0.42463600635528564,0.47000500559806824,1369159342
2025-12-10T00:00:00.000000Z,0.47000101208686829,0.47410398721694946,0.45348799228668213,0.45390000939369202,1065976755
2025-12-11T00:00:00.000000Z,0.45390200614929199,0.45451900362968445,0.41103100776672363,0.42534399032592773,1224577869
2025-12-12T00:00:00.000000Z,0.42536899447441101,0.42863300442695618,0.40445798635482788,0.40913501381874084,753251550
2025-12-13T00:00:00.000000Z,0.40913400053977966,0.41544100642204285,0.40757399797439575,0.4110569953918457,336899500
2025-12-14T00:00:00.000000Z,0.41105601191520691,0.41121900081634521,0.39479699730873108,0.39658400416374207,534338410
2025-12-15T00:00:00.000000Z,0.39656698703765869,0.40617099404335022,0.37913799285888672,0.38809099793434143,668504094
2025-12-16T00:00:00.000000Z,0.38809299468994141,0.39094701409339905,0.38012200593948364,0.38572698831558228,555939135
2025-12-17T00:00:00.000000Z,0.38572400808334351,0.39877200126647949,0.3653709888458252,0.36650198698043823,687147387
2025-12-18T00:00:00.000000Z,0.36651098728179932,0.37787601351737976,0.34771499037742615,0.35142499208450317,753416756
2025-12-19T00:00:00.000000Z,0.35142698884010315,0.37944400310516357,0.34727799892425537,0.37663000822067261,611822292
2025-12-20T00:00:00.000000Z,0.37663000822067261,0.37993499636650085,0.37227100133895874,0.37309500575065613,301429029
2025-12-21T00:00:00.000000Z,0.3730979859828949,0.37404400110244751,0.35831800103187561,0.36589100956916809,453364122
2025-12-22T00:00:00.000000Z,0.36590200662612915,0.38030600547790527,0.36327999830245972,0.3708069920539856,607043679
2025-12-23T00:00:00.000000Z,0.3708069920539856,0.37337601184844971,0.35627299547195435,0.36285200715065002,459660400
2025-12-24T00:00:00.000000Z,0.36284101009368896,0.36428499221801758,0.3531470000743866,0.35641199350357056,417768956
2025-12-25T00:00:00.000000Z,0.35641300678253174,0.36082598567008972,0.34260600805282593,0.34321600198745728,521736417
2025-12-26T00:00:00.000000Z,0.34322100877761841,0.35721001029014587,0.34204399585723877,0.34958198666572571,547530768
2025-12-27T00:00:00.000000Z,0.34957700967788696,0.36955401301383972,0.34898900985717773,0.36954200267791748,380207039
2025-12-28T00:00:00.000000Z,0.36955299973487854,0.37472701072692871,0.36189699172973633,0.36850199103355408,459983671
2025-12-29T00:00:00.000000Z,0.36849400401115417,0.38263800740242004,0.35059100389480591,0.35291498899459839,772916830
2025-12-30T00:00:00.000000Z,0.35291498899459839,0.35597100853919983,0.3490540087223053,0.35111701488494873,491744913
2025-12-31T00:00:00.000000Z,0.35111701488494873,0.3529210090637207,0.33037000894546509,0.33283001184463501,621775078
2026-01-01T00:00:00.000000Z,0.33283600211143494,0.35888698697090149,0.33177700638771057,0.35621199011802673,531808672
2026-01-02T00:00:00.000000Z,0.35621199011802673,0.39564201235771179,0.35475900769233704,0.39375799894332886,968787318
2026-01-03T00:00:00.000000Z,0.39376100897789001,0.39834201335906982,0.38362500071525574,0.3893750011920929,546995635
2026-01-04T00:00:00.000000Z,0.38938000798225403,0.40430799126625061,0.38919198513031006,0.40009099245071411,646307408
2026-01-05T00:00:00.000000Z,0.40009200572967529,0.42460998892784119,0.39565300941467285,0.42187398672103882,905549791
2026-01-06T00:00:00.000000Z,0.42187398672103882,0.43573498725891113,0.40191099047660828,0.41962599754333496,966955297
2026-01-07T00:00:00.000000Z,0.41961899399757385,0.42155200242996216,0.39871600270271301,0.40189000964164734,594668499
2026-01-08T00:00:00.000000Z,0.40189701318740845,0.40374800562858582,0.38588699698448181,0.39564499258995056,636564711
2026-01-09T00:00:00.000000Z,0.39564499258995056,0.40358099341392517,0.38903900980949402,0.3907029926776886,514902682
2026-01-10T00:00:00.000000Z,0.39073801040649414,0.39170598983764648,0.38494300842285156,0.38791799545288086,264122318
2026-01-11T00:00:00.000000Z,0.38795799016952515,0.39579001069068909,0.38543400168418884,0.39028498530387878,393425052
2026-01-12T00:00:00.000000Z,0.39027801156044006,0.40277299284934998,0.38212600350379944,0.38590499758720398,630973284
2026-01-13T00:00:00.000000Z,0.38590499758720398,0.42552301287651062,0.38490200042724609,0.42141899466514587,799417851
2026-01-14T00:00:00.000000Z,0.42141899466514587,0.42664998769760132,0.41063898801803589,0.41454699635505676,807866116
2026-01-15T00:00:00.000000Z,0.41453999280929565,0.41457098722457886,0.38992199301719666,0.39348199963569641,706173712
2026-01-16T00:00:00.000000Z,0.39348199963569641,0.39772599935531616,0.38077101111412048,0.39553400874137878,560998439
2026-01-17T00:00:00.000000Z,0.3955329954624176,0.40325701236724854,0.39367601275444031,0.39667001366615295,343097046
2026-01-18T00:00:00.000000Z,0.39667698740959167,0.39828398823738098,0.37553799152374268,0.37569299340248108,413105822
2026-01-19T00:00:00.000000Z,0.37566900253295898,0.37567898631095886,0.35604000091552734,0.37012499570846558,989768062
2026-01-20T00:00:00.000000Z,0.37012699246406555,0.37013199925422668,0.34985500574111938,0.35042798519134521,747741397
2026-01-21T00:00:00.000000Z,0.35041999816894531,0.3725849986076355,0.34796300530433655,0.36569699645042419,706807439
2026-01-22T00:00:00.000000Z,0.3656960129737854,0.36823400855064392,0.35578900575637817,0.35889700055122375,430454100
2026-01-23T00:00:00.000000Z,0.35889700055122375,0.3688490092754364,0.35332998633384705,0.36009898781776428,444642522
2026-01-24T00:00:00.000000Z,0.36009898781776428,0.36189699172973633,0.35681599378585815,0.35816299915313721,209406684
2026-01-25T00:00:00.000000Z,0.35815700888633728,0.35912901163101196,0.33337000012397766,0.33870500326156616,538358525
2026-01-26T00:00:00.000000Z,0.33871299028396606,0.35721799731254578,0.33868199586868286,0.35199800133705139,496874214
2026-01-27T00:00:00.000000Z,0.35199001431465149,0.36215800046920776,0.34786200523376465,0.36030399799346924,481944594
2026-01-28T00:00:00.000000Z,0.36029699444770813,0.36387699842453003,0.35489299893379211,0.35787901282310486,473021223
2026-01-29T00:00:00.000000Z,0.35787901282310486,0.35804098844528198,0.32741600275039673,0.33401000499725342,673373439
2026-01-30T00:00:00.000000Z,0.33401700854301453,0.33512300252914429,0.31684601306915283,0.32035499811172485,795904862
2026-01-31T00:00:00.000000Z,0.32035499811172485,0.32142901420593262,0.2792620062828064,0.29349601268768311,1423489119
2026-02-01T00:00:00.000000Z,0.29349300265312195,0.29829901456832886,0.28077599406242371,0.28603199124336243,757760258
2026-02-02T00:00:00.000000Z,0.28602901101112366,0.3027229905128479,0.27649399638175964,0.29890000820159912,924176904
2026-02-03T00:00:00.000000Z,0.29890000820159912,0.30366501212120056,0.28212898969650269,0.29078799486160278,758148474
2026-02-04T00:00:00.000000Z,0.29079800844192505,0.30180799961090088,0.28082999587059021,0.28630098700523376,761471782
2026-02-05T00:00:00.000000Z,0.286298006772995,0.28829601407051086,0.24488399922847748,0.24488499760627747,1441361930
2026-02-06T00:00:00.000000Z,0.2448820024728775,0.28355398774147034,0.22623799741268158,0.27623400092124939,1912967348
2026-02-07T00:00:00.000000Z,0.27623200416564941,0.27794799208641052,0.2665410041809082,0.27236500382423401,1265758299
2026-02-08T00:00:00.000000Z,0.27235999703407288,0.27554801106452942,0.26783400774002075,0.27026298642158508,799353237
2026-02-09T00:00:00.000000Z,0.27026098966598511,0.27330300211906433,0.25972899794578552,0.26970800757408142,629065654
2026-02-10T00:00:00.000000Z,0.2697100043296814,0.2701910138130188,0.26053100824356079,0.26166999340057373,400024186
2026-02-11T00:00:00.000000Z,0.26167100667953491,0.264382004737854,0.2514210045337677,0.25555199384689331,472246559
2026-02-12T00:00:00.000000Z,0.25554999709129333,0.26896199584007263,0.25554999709129333,0.26422399282455444,467092032
2026-02-13T00:00:00.000000Z,0.26421800255775452,0.27404400706291199,0.25840100646018982,0.2726919949054718,445201252
2026-02-14T00:00:00.000000Z,0.2726919949054718,0.29980099201202393,0.27268499135971069,0.29526600241661072,522403278
2026-02-15T00:00:00.000000Z,0.29526600241661072,0.30072200298309326,0.27779600024223328,0.28178000450134277,613711261
2026-02-16T00:00:00.000000Z,0.28178501129150391,0.28817999362945557,0.27779999375343323,0.28549098968505859,382494768
2026-02-17T00:00:00.000000Z,0.28549700975418091,0.28930899500846863,0.27787300944328308,0.28096699714660645,375377238
2026-02-18T00:00:00.000000Z,0.28096601366996765,0.28677999973297119,0.27246499061584473,0.27358600497245789,357622116
2026-02-19T00:00:00.000000Z,0.2735849916934967,0.27674698829650879,0.26829499006271362,0.27254700660705566,356975172
2026-02-20T00:00:00.000000Z,0.27255100011825562,0.29290398955345154,0.27052000164985657,0.2849070131778717,505182730
2026-02-21T00:00:00.000000Z,0.2849070131778717,0.28596299886703491,0.27947899699211121,0.28002199530601501,255703999
2026-02-22T00:00:00.000000Z,0.2800230085849762,0.28003498911857605,0.26924899220466614,0.27138599753379822,246018344
2026-02-23T00:00:00.000000Z,0.27138298749923706,0.27436500787734985,0.25860500335693359,0.26225501298904419,475338089
2026-02-24T00:00:00.000000Z,0.26225501298904419,0.26427200436592102,0.25456899404525757,0.25875800848007202,376723203
2026-02-25T00:00:00.000000Z,0.258760005235672,0.31238299608230591,0.25819998979568481,0.29667198657989502,1082297825
2026-02-26T00:00:00.000000Z,0.29666599631309509,0.30042099952697754,0.28301700949668884,0.28697299957275391,676669964
2026-02-27T00:00:00.000000Z,0.28697198629379272,0.29562801122665405,0.27468198537826538,0.27761998772621155,502932086
2026-02-28T00:00:00.000000Z,0.27762100100517273,0.28314000368118286,0.26012998819351196,0.2816149890422821,728039641
2026-03-01T00:00:00.000000Z,0.2816149890422821,0.29121801257133484,0.26965600252151489,0.27358001470565796,593823798
2026-03-02T00:00:00.000000Z,0.27358099818229675,0.28761199116706848,0.26918500661849976,0.27684101462364197,623168019
2026-03-03T00:00:00.000000Z,0.27684399485588074,0.27698001265525818,0.26082798838615417,0.26288801431655884,709762602
2026-03-04T00:00:00.000000Z,0.26288801431655884,0.28455701470375061,0.25913700461387634,0.27610200643539429,989185528
2026-03-05T00:00:00.000000Z,0.27610200643539429,0.27752199769020081,0.26600998640060425,0.26899099349975586,572697689
2026-03-06T00:00:00.000000Z,0.26899799704551697,0.27173298597335815,0.25589200854301453,0.25903698801994324,483282116
2026-03-07T00:00:00.000000Z,0.25903698801994324,0.26049500703811646,0.25249499082565308,0.25467300415039062,346080023
2026-03-08T00:00:00.000000Z,0.25467300415039062,0.25702199339866638,0.24698400497436523,0.24924999475479126,409213223
2026-03-09T00:00:00.000000Z,0.24924999475479126,0.26151901483535767,0.24923999607563019,0.25499400496482849,528757734
2026-03-10T00:00:00.000000Z,0.25499600172042847,0.27314800024032593,0.25499600172042847,0.26201200485229492,649635622
2026-03-11T00:00:00.000000Z,0.26201501488685608,0.26697701215744019,0.2572300136089325,0.26253700256347656,511020427
2026-03-12T00:00:00.000000Z,0.26253798604011536,0.26508799195289612,0.25817099213600159,0.26319798827171326,370857830
2026-03-13T00:00:00.000000Z,0.26319700479507446,0.28075999021530151,0.26318499445915222,0.26569399237632751,693568649
2026-03-14T00:00:00.000000Z,0.2656950056552887,0.26642400026321411,0.25896498560905457,0.26344400644302368,378198218
2026-03-15T00:00:00.000000Z,0.26344400644302368,0.27160599827766418,0.26162999868392944,0.26984700560569763,371686001
2026-03-16T00:00:00.000000Z,0.2698499858379364,0.29248198866844177,0.26893898844718933,0.29038000106811523,1117143611
2026-03-17T00:00:00.000000Z,0.29037800431251526,0.29256200790405273,0.28225699067115784,0.28906300663948059,642308000
2026-03-18T00:00:00.000000Z,0.28906399011611938,0.29413199424743652,0.27036699652671814,0.2741909921169281,608628446
2026-03-19T00:00:00.000000Z,0.27419000864028931,0.27612701058387756,0.26299700140953064,0.26735600829124451,452910427
2026-03-20T00:00:00.000000Z,0.26735401153564453,0.27276399731636047,0.26234298944473267,0.26611900329589844,394906233
2026-03-21T00:00:00.000000Z,0.26611900329589844,0.26704001426696777,0.25765898823738098,0.25776898860931396,271134338
2026-03-22T00:00:00.000000Z,0.25778898596763611,0.25962600111961365,0.2484699934720993,0.25059500336647034,476249791
2026-03-23T00:00:00.000000Z,0.25059500336647034,0.26615101099014282,0.24831600487232208,0.26160100102424622,683768851
2026-03-24T00:00:00.000000Z,0.26160299777984619,0.26756000518798828,0.25840398669242859,0.26618900895118713,449597944
2026-03-25T00:00:00.000000Z,0.26619300246238708,0.27610200643539429,0.26596501469612122,0.27030700445175171,496454725
2026-03-26T00:00:00.000000Z,0.27030700445175171,0.27042698860168457,0.25278499722480774,0.25477400422096252,504951606
2026-03-27T00:00:00.000000Z,0.25477099418640137,0.25583198666572571,0.24524900317192078,0.2460239976644516,494413325
2026-03-28T00:00:00.000000Z,0.2460239976644516,0.25214800238609314,0.24432100355625153,0.2456589937210083,304177659
2026-03-29T00:00:00.000000Z,0.24567000567913055,0.24687500298023224,0.23468300700187683,0.23956200480461121,417636387
2026-03-30T00:00:00.000000Z,0.23956699669361115,0.25102999806404114,0.23956300318241119,0.24319399893283844,426947961
2026-03-31T00:00:00.000000Z,0.24319200217723846,0.24859300255775452,0.23609699308872223,0.24156300723552704,507432165
2026-04-01T00:00:00.000000Z,0.24156300723552704,0.25297701358795166,0.24153600633144379,0.2480580061674118,511298140
2026-04-02T00:00:00.000000Z,0.24806000292301178,0.25009500980377197,0.23533600568771362,0.23935799300670624,609457229
2026-04-03T00:00:00.000000Z,0.23935799300670624,0.25049901008605957,0.23919199407100677,0.24616800248622894,404562980
2026-04-04T00:00:00.000000Z,0.24616900086402893,0.24919399619102478,0.24344800412654877,0.24794900417327881,245760598
2026-04-05T00:00:00.000000Z,0.24794900417327881,0.2505899965763092,0.24082000553607941,0.2504270076751709,293066988
2026-04-06T00:00:00.000000Z,0.25042900443077087,0.25954800844192505,0.24531300365924835,0.24608999490737915,523049791
2026-04-07T00:00:00.000000Z,0.24608799815177917,0.26556301116943359,0.24024300277233124,0.2637920081615448,591484629
2026-04-08T00:00:00.000000Z,0.26378399133682251,0.26403799653053284,0.25030699372291565,0.25071099400520325,517566999
2026-04-09T00:00:00.000000Z,0.25071099400520325,0.25948500633239746,0.24805499613285065,0.25381800532341003,370447027
2026-04-10T00:00:00.000000Z,0.25382199883460999,0.25854200124740601,0.2500700056552887,0.25425899028778076,421396108
2026-04-11T00:00:00.000000Z,0.25426000356674194,0.25508901476860046,0.24737399816513062,0.24966299533843994,482937735
2026-04-12T00:00:00.000000Z,0.24966199696063995,0.25040298700332642,0.23577000200748444,0.23627200722694397,571064165
2026-04-13T00:00:00.000000Z,0.23627200722694397,0.24863700568675995,0.23615500330924988,0.24857300519943237,534047240
2026-04-14T00:00:00.000000Z,0.24859200417995453,0.24879099428653717,0.23929199576377869,0.23966699838638306,519869550
2026-04-15T00:00:00.000000Z,0.23966799676418304,0.24996399879455566,0.23843500018119812,0.24590599536895752,471434089
2026-04-16T00:00:00.000000Z,0.24590399861335754,0.26038900017738342,0.24442499876022339,0.25924399495124817,733269165
2026-04-17T00:00:00.000000Z,0.25924599170684814,0.26739299297332764,0.25234600901603699,0.25886300206184387,713936059
2026-04-18T00:00:00.000000Z,0.25886398553848267,0.25931799411773682,0.24783900380134583,0.24950799345970154,424901598
2026-04-19T00:00:00.000000Z,0.24949899315834045,0.25066998600959778,0.24142700433731079,0.24252399802207947,558943066
2026-04-20T00:00:00.000000Z,0.24252599477767944,0.25125700235366821,0.24247199296951294,0.24828800559043884,507917359
2026-04-21T00:00:00.000000Z,0.24828599393367767,0.25153899192810059,0.24443599581718445,0.24965000152587891,426779608
2026-04-22T00:00:00.000000Z,0.24965299665927887,0.25711500644683838,0.24854999780654907,0.24855999648571014,478814218
2026-04-23T00:00:00.000000Z,0.24855999648571014,0.25063198804855347,0.24525800347328186,0.25000900030136108,462947981
2026-04-24T00:00:00.000000Z,0.25000900030136108,0.25275799632072449,0.24755799770355225,0.25044798851013184,330043372
2026-04-25T00:00:00.000000Z,0.25044399499893188,0.25375500321388245,0.24854899942874908,0.25027000904083252,317717858
2026-04-26T00:00:00.000000Z,0.25027000904083252,0.25413000583648682,0.2488040030002594,0.25232800841331482,281698725
2026-04-27T00:00:00.000000Z,0.25232800841331482,0.25591400265693665,0.24416700005531311,0.24815100431442261,421254372
2026-04-28T00:00:00.000000Z,0.24815300107002258,0.24837100505828857,0.24470700323581696,0.24680499732494354,281201653
2026-04-29T00:00:00.000000Z,0.24680599570274353,0.2537899911403656,0.23933100700378418,0.2445169985294342,548720750
2026-04-30T00:00:00.000000Z,0.2445169985294342,0.24778999388217926,0.24451600015163422,0.24617999792098999,299048849
2026-05-01T00:00:00.000000Z,0.24617899954319,0.25070101022720337,0.24614199995994568,0.24811899662017822,314341284
2026-05-02T00:00:00.000000Z,0.24811899662017822,0.25192299485206604,0.24722599983215332,0.25008198618888855,231090703
2026-05-03T00:00:00.000000Z,0.25008198618888855,0.25141200423240662,0.24761800467967987,0.24943499267101288,270078666
2026-05-04T00:00:00.000000Z,0.24943499267101288,0.25433599948883057,0.24748900532722473,0.24989399313926697,504053342
2026-05-05T00:00:00.000000Z,0.24989399313926697,0.26525399088859558,0.24982300400733948,0.2621380090713501,578079305
2026-05-06T00:00:00.000000Z,0.2621380090713501,0.27332401275634766,0.26047500967979431,0.26671299338340759,636443394
2026-05-07T00:00:00.000000Z,0.26671299338340759,0.26993799209594727,0.26075199246406555,0.26262301206588745,493012914
2026-05-08T00:00:00.000000Z,0.26262301206588745,0.27703800797462463,0.26052999496459961,0.27325999736785889,451859063
2026-05-09T00:00:00.000000Z,0.27325999736785889,0.27813699841499329,0.26976698637008667,0.27078899741172791,327895948
2026-05-10T00:00:00.000000Z,0.27079001069068909,0.28820401430130005,0.2686539888381958,0.28250101208686829,621326706
2026-05-11T00:00:00.000000Z,0.28250101208686829,0.28293099999427795,0.27493700385093689,0.28053399920463562,491338886
2026-05-12T00:00:00.000000Z,0.28053399920463562,0.28161799907684326,0.26740199327468872,0.2709139883518219,468807216
2026-05-13T00:00:00.000000Z,0.2709139883518219,0.27726098895072937,0.26191100478172302,0.26465898752212524,504848933
2026-05-14T00:00:00.000000Z,0.26465898752212524,0.27994701266288757,0.26261100172996521,0.27015900611877441,514445671
2026-05-15T00:00:00.000000Z,0.27015900611877441,0.27246099710464478,0.25771400332450867,0.26148799061775208,451445385
2026-05-16T00:00:00.000000Z,0.26148700714111328,0.2620689868927002,0.25258699059486389,0.25504100322723389,323935708
2026-05-17T00:00:00.000000Z,0.25504100322723389,0.25778499245643616,0.24806800484657288,0.25187599658966064,316840035
2026-05-18T00:00:00.000000Z,0.25187599658966064,0.25257200002670288,0.24663099646568298,0.25135400891304016,470711622
2026-05-19T00:00:00.000000Z,0.25135400891304016,0.25274300575256348,0.24755200743675232,0.24822400510311127,321271805
2026-05-20T00:00:00.000000Z,0.24821700155735016,0.25084200501441956,0.24695500731468201,0.24900099635124207,358236888
2026-05-21T00:00:00.000000Z,0.24900099635124207,0.25300699472427368,0.2462410032749176,0.2502569854259491,438963585
2026-05-22T00:00:00.000000Z,0.25025901198387146,0.25403198599815369,0.24160699546337128,0.24242299795150757,484228680
2026-05-23T00:00:00.000000Z,0.24242199957370758,0.24999600648880005,0.23686100542545319,0.2458759993314743,506391353
2026-05-24T00:00:00.000000Z,0.2458759993314743,0.24647100269794464,0.23883999884128571,0.24212899804115295,278691172
2026-05-25T00:00:00.000000Z,0.24212700128555298,0.24739199876785278,0.24039499461650848,0.2434609979391098,310864837
2026-05-26T00:00:00.000000Z,0.2434609979391098,0.24688099324703217,0.23826399445533752,0.23980100452899933,432644749
2026-05-27T00:00:00.000000Z,0.23980200290679932,0.24224400520324707,0.23604300618171692,0.237062007188797,421872879
2026-05-28T00:00:00.000000Z,0.23706099390983582,0.23790399730205536,0.22810199856758118,0.23441599309444427,520513722
2026-05-29T00:00:00.000000Z,0.23441599309444427,0.23740500211715698,0.23019799590110779,0.23259900510311127,360213113
2026-05-30T00:00:00.000000Z,0.23259800672531128,0.23856900632381439,0.23251000046730042,0.23544199764728546,351798466
2026-05-31T00:00:00.000000Z,0.23544299602508545,0.23829999566078186,0.23198799788951874,0.23528699576854706,291589615
2026-06-01T00:00:00.000000Z,0.23528799414634705,0.23697599768638611,0.22548000514507294,0.23055200278759003,492945357
2026-06-02T00:00:00.000000Z,0.23055200278759003,0.23081700503826141,0.21001200377941132,0.21255199611186981,658043120
2026-06-03T00:00:00.000000Z,0.21255500614643097,0.21796000003814697,0.2003760039806366,0.20045299828052521,643831979
2026-06-04T00:00:00.000000Z,0.20044900476932526,0.20114600658416748,0.17961500585079193,0.1796489953994751,946165886
2026-06-05T00:00:00.000000Z,0.1796489953994751,0.17965400218963623,0.1551470011472702,0.15662899613380432,1208509053
2026-06-06T00:00:00.000000Z,0.15662799775600433,0.16190299391746521,0.14922699332237244,0.15725600719451904,683251427
2026-06-07T00:00:00.000000Z,0.15725600719451904,0.16739299893379211,0.15691700577735901,0.16497400403022766,545023352
2026-06-08T00:00:00.000000Z,0.16497400403022766,0.17385199666023254,0.1601330041885376,0.17033499479293823,486559298
2026-06-09T00:00:00.000000Z,0.1703370064496994,0.17072799801826477,0.16117100417613983,0.16526700556278229,423198020
2026-06-10T00:00:00.000000Z,0.16526800394058228,0.16643500328063965,0.15881900489330292,0.16076700389385223,457510708
2026-06-11T00:00:00.000000Z,0.16076600551605225,0.17125199735164642,0.16064000129699707,0.17033599317073822,470482548
2026-06-12T00:00:00.000000Z,0.17033800482749939,0.17393699288368225,0.16781400144100189,0.16983999311923981,438278422
2026-06-13T00:00:00.000000Z,0.16982899606227875,0.17549300193786621,0.16924099624156952,0.17175100743770599,334776233
2026-06-14T00:00:00.000000Z,0.17175200581550598,0.18307699263095856,0.16587600111961365,0.18278500437736511,381601010
2026-06-15T00:00:00.000000Z,0.18277700245380402,0.18926399946212769,0.17744399607181549,0.17855800688266754,664256765
2026-06-16T00:00:00.000000Z,0.17855800688266754,0.18093599379062653,0.1720149964094162,0.17214800417423248,403655785
2026-06-17T00:00:00.000000Z,0.17214800417423248,0.17455700039863586,0.16479800641536713,0.16659100353717804,519578389
2026-06-18T00:00:00.000000Z,0.16659200191497803,0.16846500337123871,0.16009999811649323,0.16342799365520477,336500935
2026-06-19T00:00:00.000000Z,0.1634259968996048,0.16460700333118439,0.15881900489330292,0.16209399700164795,266241532
2026-06-20T00:00:00.000000Z,0.16209299862384796,0.16432100534439087,0.16004000604152679,0.1630759984254837,227223971
2026-06-21T00:00:00.000000Z,0.16308100521564484,0.16331499814987183,0.15662799775600433,0.15663400292396545,246967999
2026-06-22T00:00:00.000000Z,0.15663300454616547,0.16288299858570099,0.15653499960899353,0.15842199325561523,297545767
2026-06-23T00:00:00.000000Z,0.15842199325561523,0.15974099934101105,0.14933100342750549,0.15136200189590454,398295602
2026-06-24T00:00:00.000000Z,0.15136200189590454,0.1538739949464798,0.13986499607563019,0.1475130021572113,655127987
2026-06-25T00:00:00.000000Z,0.14751400053501129,0.15025100111961365,0.13951300084590912,0.1434289962053299,464230454
2026-06-26T00:00:00.000000Z,0.14342600107192993,0.14907999336719513,0.13869500160217285,0.14820599555969238,459782723
2026-06-27T00:00:00.000000Z,0.14820699393749237,0.14928899705410004,0.14407600462436676,0.14509999752044678,257755448
2026-06-28T00:00:00.000000Z,0.14510099589824677,0.146014004945755,0.14159099757671356,0.14366899430751801,215776788
2026-06-29T00:00:00.000000Z,0.14366799592971802,0.14818400144577026,0.14213000237941742,0.14558699727058411,307640288
2026-06-30T00:00:00.000000Z,0.14558699727058411,0.14594100415706635,0.14207200706005096,0.14416199922561646,299197952
2026-07-01T00:00:00.000000Z,0.14416100084781647,0.15750999748706818,0.14275999367237091,0.15403999388217926,600280916
2026-07-02T00:00:00.000000Z,0.15403899550437927,0.16244499385356903,0.15262399613857269,0.16129299998283386,440502940
2026-07-03T00:00:00.000000Z,0.16129200160503387,0.18255199491977692,0.16075800359249115,0.17991900444030762,751150969
2026-07-04T00:00:00.000000Z,0.17991800606250763,0.19931599497795105,0.17502699792385101,0.19203099608421326,827217332
2026-07-05T00:00:00.000000Z,0.19203099608421326,0.19404099881649017,0.18553100526332855,0.18936599791049957,567947115
2026-07-06T00:00:00.000000Z,0.18936799466609955,0.19008100032806396,0.17822800576686859,0.18403199315071106,496739022
2026-07-07T00:00:00.000000Z,0.18403099477291107,0.18460999429225922,0.17408700287342072,0.17449299991130829,337902381
2026-07-08T00:00:00.000000Z,0.17449299991130829,0.17588299512863159,0.16489300131797791,0.16689999401569366,339543624
2026-07-09T00:00:00.000000Z,0.16690200567245483,0.16970400512218475,0.16502800583839417,0.16651000082492828,311240084
2026-07-10T00:00:00.000000Z,0.16650800406932831,0.16944900155067444,0.16524000465869904,0.16651800274848938,335731129
2026-07-11T00:00:00.000000Z,0.16651800274848938,0.1738169938325882,0.16591799259185791,0.16596700251102448,261359245
2026-07-12T00:00:00.000000Z,0.16594900190830231,0.16627000272274017,0.16132499277591705,0.16195900738239288,218267221
2026-07-13T00:00:00.000000Z,0.16196000576019287,0.16402700543403625,0.15585200488567352,0.15723100304603577,258683692
2026-07-14T00:00:00.000000Z,0.15723100304603577,0.1672700047492981,0.15625,0.16522599756717682,318749406
2026-07-15T00:00:00.000000Z,0.16522599756717682,0.16870699822902679,0.16218900680541992,0.16509899497032166,309478890
2026-07-16T00:00:00.000000Z,0.1650950014591217,0.16619999706745148,0.16017800569534302,0.16067099571228027,242986450
2026-07-17T00:00:00.000000Z,0.16067099571228027,0.16694499552249908,0.15790699422359467,0.16664299368858337,380301500
2026-07-18T00:00:00.000000Z,0.16664199531078339,0.16902600228786469,0.1635420024394989,0.16662199795246124,241810290
2026-07-19T00:00:00.000000Z,0.16662099957466125,0.16831000149250031,0.16439099609851837,0.16598300635814667,160990172
2026-07-20T00:00:00.000000Z,0.16598400473594666,0.17137199640274048,0.16106000542640686,0.16978399455547333,404337279
2026-07-21T00:00:00.000000Z,0.16977900266647339,0.17719300091266632,0.16951200366020203,0.17334799468517303,399209624
2026-07-22T00:00:00.000000Z,0.17334899306297302,0.18009999394416809,0.17046000063419342,0.17420800030231476,297555174
2026-07-23T00:00:00.000000Z,0.17420700192451477,0.17604699730873108,0.16822099685668945,0.16832099854946136,227254470
2026-07-24T00:00:00.000000Z,0.16832299530506134,0.16833999752998352,0.16280600428581238,0.16382400691509247,202047884
2026-07-25T00:00:00.000000Z,0.16382700204849243,0.16647499799728394,0.16154000163078308,0.16463600099086761,140670459
2026-07-26T00:00:00.000000Z,0.16463600099086761,0.16633999347686768,0.16415999829769135,0.16571199893951416,132412639
2026-07-27T00:00:00.000000Z,0.16571700572967529,0.16670000553131104,0.15433399379253387,0.15542800724506378,273538955
2026-07-28T00:00:00.000000Z,0.15543399751186371,0.16287699341773987,0.15410099923610687,0.16158899664878845,320034342
2026-07-29T00:00:00.000000Z,0.16158999502658844,0.16816499829292297,0.16067899763584137,0.16201399266719818,361049305
2026-07-30T00:00:00.000000Z,0.16201500594615936,0.17520299553871155,0.16147799789905548,0.1696850061416626,390646940
2026-07-31T00:00:00.000000Z,0.1696850061416626,0.17228199541568756,0.16718299686908722,0.16796399652957916,319417569
2026-08-01T00:00:00.000000Z,0.16796499490737915,0.17611800134181976,0.16796199977397919,0.17421600222587585,302241056
2026-08-02T00:00:00.000000Z,0.17421600222587585,0.19131700694561005,0.17293499410152435,0.18935400247573853,691825197
2026-08-03T00:00:00.000000Z,0.18935300409793854,0.19542700052261353,0.18164899945259094,0.19359000027179718,645244278
2026-08-04T00:00:00.000000Z,0.19359000027179718,0.19817699491977692,0.19112099707126617,0.19279000163078308,507916080
2026-08-05T00:00:00.000000Z,0.19279100000858307,0.1975409984588623,0.18894700706005096,0.19127100706100464,420004299
2026-08-06T00:00:00.000000Z,0.19127100706100464,0.21073499321937561,0.18657800555229187,0.20078800618648529,778964361
2026-08-07T00:00:00.000000Z,0.20078800618648529,0.20335300266742706,0.19680100679397583,0.20110000669956207,425045744
2026-08-08T00:00:00.000000Z,0.20109899342060089,0.20202699303627014,0.1979449987411499,0.19921599328517914,194932580
2026-08-09T00:00:00.000000Z,0.19921599328517914,0.19934800267219543,0.19426099956035614,0.19465400278568268,207763448
2026-08-10T00:00:00.000000Z,0.19465500116348267,0.19884200394153595,0.19105499982833862,0.19105499982833862,237199960
2026-08-11T00:00:00.000000Z,0.1910569965839386,0.19117000699043274,0.18372499942779541,0.18691499531269073,274474857
2026-08-12T00:00:00.000000Z,0.1869170069694519,0.18803399801254272,0.18078799545764923,0.1824059933423996,219423729
2026-08-13T00:00:00.000000Z,0.18240700662136078,0.1862030029296875,0.18063600361347198,0.18225400149822235,197703303
2026-08-14T00:00:00.000000Z,0.18225400149822235,0.18323299288749695,0.17808599770069122,0.17985300719738007,186818089
2026-08-15T00:00:00.000000Z,0.17985199391841888,0.18126599490642548,0.17587199807167053,0.17613199353218079,120082621
2026-08-16T00:00:00.000000Z,0.17613300681114197,0.17882800102233887,0.17479600012302399,0.17484700679779053,160348989
2026-08-17T00:00:00.000000Z,0.17484700679779053,0.17756299674510956,0.17285999655723572,0.17401100695133209,197318873
2026-08-18T00:00:00.000000Z,0.17401100695133209,0.17655199766159058,0.17159700393676758,0.17426399886608124,179403037
2026-08-19T00:00:00.000000Z,0.17426499724388123,0.19140699505805969,0.17340999841690063,0.18687500059604645,469459755
2026-08-20T00:00:00.000000Z,0.18687400221824646,0.20271199941635132,0.18182100355625153,0.19904899597167969,705748854
2026-08-21T00:00:00.000000Z,0.19904600083827972,0.23270499706268311,0.19882799685001373,0.22921100258827209,1156944577
2026-08-22T00:00:00.000000Z,0.22921499609947205,0.25770300626754761,0.218517005443573,0.22625699639320374,1334074498
2026-08-23T00:00:00.000000Z,0.22626200318336487,0.2300260066986084,0.21408900618553162,0.22686199843883514,650953599
2026-08-24T00:00:00.000000Z,0.22687399387359619,0.22690600156784058,0.21707099676132202,0.22115999460220337,621164339
2026-08-25T00:00:00.000000Z,0.22116599977016449,0.22817100584506989,0.20788300037384033,0.20910200476646423,558508806
2026-08-26T00:00:00.000000Z,0.20909999310970306,0.21271799504756927,0.20297099649906158,0.21261300146579742,392649073
2026-08-27T00:00:00.000000Z,0.2126149982213974,0.21720199286937714,0.20799300074577332,0.21381500363349915,425701769
2026-08-28T00:00:00.000000Z,0.21381500363349915,0.21734000742435455,0.19984699785709381,0.2030629962682724,423234993
2026-08-29T00:00:00.000000Z,0.2030629962682724,0.203342005610466,0.1992889940738678,0.20157100260257721,185357194
2026-08-30T00:00:00.000000Z,0.20157100260257721,0.20581099390983582,0.19075599312782288,0.19270700216293335,321904022
2026-08-31T00:00:00.000000Z,0.1927029937505722,0.20013800263404846,0.19213899970054626,0.19776299595832825,338111310
2026-09-01T00:00:00.000000Z,0.1977660059928894,0.20279799401760101,0.19398699700832367,0.19651800394058228,352379517
2026-09-02T00:00:00.000000Z,0.19651800394058228,0.20066800713539124,0.19223299622535706,0.20066399872303009,316001388
2026-09-03T00:00:00.000000Z,0.20066399872303009,0.22449100017547607,0.19981199502944946,0.2212270051240921,734499869
2026-09-04T00:00:00.000000Z,0.2212270051240921,0.22629299759864807,0.20986199378967285,0.21127499639987946,680584315
2026-09-05T00:00:00.000000Z,0.21127499639987946,0.22166599333286285,0.20981200039386749,0.21853199601173401,451541564
2026-09-06T00:00:00.000000Z,0.21852999925613403,0.2234559953212738,0.21648700535297394,0.22312000393867493,411138699
2026-09-07T00:00:00.000000Z,0.22312100231647491,0.22584900259971619,0.21574400365352631,0.22062200307846069,524822170
2026-09-08T00:00:00.000000Z,0.22062100470066071,0.2309039980173111,0.21585400402545929,0.219309002161026,635529548
2026-09-09T00:00:00.000000Z,0.219309002161026,0.22274200618267059,0.20993000268936157,0.21194499731063843,527650001
2026-09-10T00:00:00.000000Z,0.21194499731063843,0.21481999754905701,0.2047010064125061,0.2047169953584671,434879282
2026-09-11T00:00:00.000000Z,0.20471499860286713,0.21516500413417816,0.2010129988193512,0.20616400241851807,662505733
2026-09-12T00:00:00.000000Z,0.20616400241851807,0.20941999554634094,0.20601299405097961,0.20741799473762512,213865707
2026-09-13T00:00:00.000000Z,0.20741799473762512,0.20938700437545776,0.20250800251960754,0.20360200107097626,230042792
2026-09-14T00:00:00.000000Z,0.20360299944877625,0.2153870016336441,0.20277500152587891,0.20857800543308258,439778509
2026-09-15T00:00:00.000000Z,0.20858399569988251,0.20858900249004364,0.19369600713253021,0.19542300701141357,490152020
2026-09-16T00:00:00.000000Z,0.19542400538921356,0.19633699953556061,0.19061000645160675,0.19607999920845032,416542511
2026-09-17T00:00:00.000000Z,0.19608399271965027,0.20370100438594818,0.19444599747657776,0.20260399580001831,363487914
2026-09-18T00:00:00.000000Z,0.20260599255561829,0.22649900615215302,0.20176100730895996,0.22453999519348145,752308249
2026-09-19T00:00:00.000000Z,0.22453300654888153,0.23429100215435028,0.22131000459194183,0.22776399552822113,613967887
2026-09-20T00:00:00.000000Z,0.22776499390602112,0.2322939932346344,0.21868699789047241,0.22796699404716492,484947040
2026-09-21T00:00:00.000000Z,0.22796599566936493,0.24814300239086151,0.22724199295043945,0.24481199681758881,916616801
2026-09-22T00:00:00.000000Z,0.24481500685214996,0.25704199075698853,0.2412170022726059,0.25412601232528687,1005950417
2026-09-23T00:00:00.000000Z,0.25412800908088684,0.26161599159240723,0.23532499372959137,0.23834800720214844,846349063
2026-09-25T00:00:00.000000Z,0.24800711870193481,0.25255522131919861,0.24682366847991943,0.24718999862670898,612633600
