timestamp_utc,Open,High,Low,Close,Volume
2017-11-09T00:00:00.000000Z,0.033792000263929367,0.040380001068115234,0.033743999898433685,0.039946001023054123,32813200
2017-11-10T00:00:00.000000Z,0.039833001792430878,0.039833001792430878,0.031366001814603806,0.033073000609874725,32634200
2017-11-11T00:00:00.000000Z,0.033082999289035797,0.035829000174999237,0.031881000846624374,0.033052999526262283,17914400
2017-11-12T00:00:00.000000Z,0.032965000718832016,0.033333998173475266,0.027468999847769737,0.028181999921798706,17002300
2017-11-13T00:00:00.000000Z,0.028115000575780869,0.031968001276254654,0.028040999546647072,0.030656000599265099,11245700
2017-11-14T00:00:00.000000Z,0.030609000474214554,0.037128999829292297,0.030381999909877777,0.03637399896979332,18880900
2017-11-15T00:00:00.000000Z,0.036471001803874969,0.037342999130487442,0.034680001437664032,0.037053000181913376,28206500
2017-11-16T00:00:00.000000Z,0.036986999213695526,0.037896998226642609,0.034634001553058624,0.037234000861644745,20597200
2017-11-17T00:00:00.000000Z,0.037144001573324203,0.037292998284101486,0.034894000738859177,0.035571999847888947,11612900
2017-11-18T00:00:00.000000Z,0.035493999719619751,0.036582998931407928,0.034651998430490494,0.036582998931407928,6979350
2017-11-19T00:00:00.000000Z,0.036481998860836029,0.039944998919963837,0.036038998514413834,0.036566000431776047,17796700
2017-11-20T00:00:00.000000Z,0.036619000136852264,0.039783000946044922,0.036173999309539795,0.038120999932289124,13726200
2017-11-21T00:00:00.000000Z,0.038127001374959946,0.039060000330209732,0.036212000995874405,0.037668000906705856,9113270
2017-11-22T00:00:00.000000Z,0.037668999284505844,0.042298998683691025,0.037565998733043671,0.042298998683691025,13859400
2017-11-23T00:00:00.000000Z,0.042674001306295395,0.044142000377178192,0.04014899954199791,0.040534999221563339,22012000
2017-11-24T00:00:00.000000Z,0.040437001734972,0.04118100181221962,0.038938999176025391,0.040192998945713043,11277900
2017-11-25T00:00:00.000000Z,0.040279999375343323,0.043942999094724655,0.040040001273155212,0.043639000505208969,10488700
2017-11-26T00:00:00.000000Z,0.043761998414993286,0.049111001193523407,0.043761998414993286,0.048895999789237976,30583700
2017-11-27T00:00:00.000000Z,0.048866000026464462,0.062059000134468079,0.048500999808311462,0.059843000024557114,45702000
2017-11-28T00:00:00.000000Z,0.056876998394727707,0.08498699963092804,0.056485999375581741,0.081414997577667236,142588992
2017-11-29T00:00:00.000000Z,0.081938996911048889,0.099881000816822052,0.060392998158931732,0.064424000680446625,232135008
2017-11-30T00:00:00.000000Z,0.065554000437259674,0.078905999660491943,0.063938997685909271,0.072870999574661255,66684900
2017-12-01T00:00:00.000000Z,0.072181001305580139,0.091458998620510101,0.071534000337123871,0.089882999658584595,102074000
2017-12-02T00:00:00.000000Z,0.090184003114700317,0.098518997430801392,0.08994700014591217,0.093815997242927551,82791104
2017-12-03T00:00:00.000000Z,0.093530997633934021,0.096905998885631561,0.08683999627828598,0.089034996926784515,55809800
2017-12-04T00:00:00.000000Z,0.089487001299858093,0.097609996795654297,0.087554000318050385,0.097609996795654297,37476600
2017-12-05T00:00:00.000000Z,0.09724000096321106,0.12759099900722504,0.093964003026485443,0.12352299690246582,152740992
2017-12-06T00:00:00.000000Z,0.12156300246715546,0.16793300211429596,0.11174599826335907,0.15162199735641479,384659008
2017-12-07T00:00:00.000000Z,0.15329700708389282,0.1771479994058609,0.13156799972057343,0.13304600119590759,312352992
2017-12-08T00:00:00.000000Z,0.13788700103759766,0.14576199650764465,0.12000200152397156,0.13726000487804413,188452000
2017-12-09T00:00:00.000000Z,0.14034600555896759,0.1477150022983551,0.12452100217342377,0.13512200117111206,102117000
2017-12-10T00:00:00.000000Z,0.13805299997329712,0.13805299997329712,0.10397499799728394,0.11926300078630447,91047600
2017-12-11T00:00:00.000000Z,0.11825200170278549,0.15184199810028076,0.11775100231170654,0.14495599269866943,117548000
2017-12-12T00:00:00.000000Z,0.14323100447654724,0.16220800578594208,0.13617600500583649,0.1564439982175827,135847008
2017-12-13T00:00:00.000000Z,0.15496599674224854,0.16284100711345673,0.14041000604629517,0.14934200048446655,107122000
2017-12-14T00:00:00.000000Z,0.14882899820804596,0.20977899432182312,0.14745800197124481,0.18890699744224548,281635008
2017-12-15T00:00:00.000000Z,0.19856500625610352,0.2046629935503006,0.16398799419403076,0.19586199522018433,260228992
2017-12-16T00:00:00.000000Z,0.19607700407505035,0.23664599657058716,0.19034099578857422,0.23212499916553497,234172992
2017-12-17T00:00:00.000000Z,0.23467199504375458,0.30067801475524902,0.22798199951648712,0.26662099361419678,423360992
2017-12-18T00:00:00.000000Z,0.27316701412200928,0.27807500958442688,0.2572380006313324,0.27628299593925476,201720992
2017-12-19T00:00:00.000000Z,0.27601701021194458,0.30050399899482727,0.24598599970340729,0.26431000232696533,212548992
2017-12-20T00:00:00.000000Z,0.26481300592422485,0.26520600914955139,0.21368999779224396,0.25238600373268127,250599008
2017-12-21T00:00:00.000000Z,0.25289401412010193,0.28078600764274597,0.24067200720310211,0.25720000267028809,199122000
2017-12-22T00:00:00.000000Z,0.25850600004196167,0.27619299292564392,0.16149400174617767,0.21671700477600098,229459008
2017-12-23T00:00:00.000000Z,0.22081199288368225,0.26345300674438477,0.21373599767684937,0.23417900502681732,116122000
2017-12-24T00:00:00.000000Z,0.23679299652576447,0.23718500137329102,0.19822899997234344,0.2244500070810318,71071600
2017-12-25T00:00:00.000000Z,0.22653800249099731,0.23451900482177734,0.21272200345993042,0.22851100564002991,71737296
2017-12-26T00:00:00.000000Z,0.22864900529384613,0.23291799426078796,0.21096900105476379,0.22601799666881561,96759296
2017-12-27T00:00:00.000000Z,0.22626100480556488,0.23326699435710907,0.21671900153160095,0.22922399640083313,78509400
2017-12-28T00:00:00.000000Z,0.22782100737094879,0.22836099565029144,0.20048099756240845,0.22354400157928467,75925400
2017-12-29T00:00:00.000000Z,0.22377799451351166,0.33575999736785889,0.22268000245094299,0.32294100522994995,387880000
2017-12-30T00:00:00.000000Z,0.31647300720214844,0.39037999510765076,0.28905600309371948,0.32320201396942139,537916032
2017-12-31T00:00:00.000000Z,0.31784600019454956,0.36430200934410095,0.30745398998260498,0.36075600981712341,183768000
2018-01-01T00:00:00.000000Z,0.36042198538780212,0.52359300851821899,0.36042198538780212,0.48000800609588623,669372032
2018-01-02T00:00:00.000000Z,0.49687600135803223,0.59364497661590576,0.47274801135063171,0.56476598978042603,676667008
2018-01-03T00:00:00.000000Z,0.56272000074386597,0.91999399662017822,0.56257200241088867,0.89622700214385986,1513270016
2018-01-04T00:00:00.000000Z,0.89239901304244995,0.9381440281867981,0.67749601602554321,0.72404998540878296,892268032
2018-01-05T00:00:00.000000Z,0.73945701122283936,0.79196697473526001,0.57750898599624634,0.6627119779586792,727409024
2018-01-06T00:00:00.000000Z,0.66306000947952271,0.78850698471069336,0.61430001258850098,0.70994502305984497,440182016
2018-01-07T00:00:00.000000Z,0.70973002910614014,0.7447350025177002,0.661080002784729,0.69964498281478882,347556992
2018-01-08T00:00:00.000000Z,0.69595199823379517,0.69595199823379517,0.55576902627944946,0.62932300567626953,249426000
2018-01-09T00:00:00.000000Z,0.62802600860595703,0.64955198764801025,0.56815898418426514,0.58565300703048706,208330000
2018-01-10T00:00:00.000000Z,0.58856499195098877,0.58856499195098877,0.48304399847984314,0.56692999601364136,249019008
2018-01-11T00:00:00.000000Z,0.56369000673294067,0.61340498924255371,0.437406986951828,0.55812597274780273,330878016
2018-01-12T00:00:00.000000Z,0.55886399745941162,0.71543997526168823,0.53475499153137207,0.67795997858047485,394376000
2018-01-13T00:00:00.000000Z,0.68185299634933472,0.72131597995758057,0.64323699474334717,0.67156398296356201,189183008
2018-01-14T00:00:00.000000Z,0.67219799757003784,0.67219799757003784,0.58281898498535156,0.6308559775352478,116460000
2018-01-15T00:00:00.000000Z,0.6255040168762207,0.67057901620864868,0.59913802146911621,0.59927099943161011,345561984
2018-01-16T00:00:00.000000Z,0.600117027759552,0.600117027759552,0.32340699434280396,0.44119700789451599,466139008
2018-01-17T00:00:00.000000Z,0.44194400310516357,0.50370597839355469,0.30503401160240173,0.47718700766563416,486788992
2018-01-18T00:00:00.000000Z,0.4795219898223877,0.57007002830505371,0.45359599590301514,0.50952297449111938,472047008
2018-01-19T00:00:00.000000Z,0.50336700677871704,0.53559398651123047,0.48128101229667664,0.50623202323913574,207275008
2018-01-20T00:00:00.000000Z,0.50994998216629028,0.54745298624038696,0.50215297937393188,0.53467702865600586,204012992
2018-01-21T00:00:00.000000Z,0.53434699773788452,0.53434699773788452,0.44511300325393677,0.46411699056625366,161687008
2018-01-22T00:00:00.000000Z,0.46590098738670349,0.5297660231590271,0.43283399939537048,0.48633798956871033,442542016
2018-01-23T00:00:00.000000Z,0.47503900527954102,0.51828098297119141,0.43485799431800842,0.48618501424789429,207031008
2018-01-24T00:00:00.000000Z,0.48651701211929321,0.58958899974822998,0.47356501221656799,0.56701397895812988,669318976
2018-01-25T00:00:00.000000Z,0.56786298751831055,0.64997100830078125,0.55616497993469238,0.60825300216674805,627336000
2018-01-26T00:00:00.000000Z,0.60216301679611206,0.64578002691268921,0.55319702625274658,0.63391602039337158,787644032
2018-01-27T00:00:00.000000Z,0.63149499893188477,0.63945001363754272,0.61008602380752563,0.61306101083755493,216912992
2018-01-28T00:00:00.000000Z,0.61591601371765137,0.64004600048065186,0.615447998046875,0.63442099094390869,194610000
2018-01-29T00:00:00.000000Z,0.63260197639465332,0.63260197639465332,0.58351200819015503,0.58928298950195312,118507000
2018-01-30T00:00:00.000000Z,0.59083098173141479,0.59083098173141479,0.47573599219322205,0.48964801430702209,178892992
2018-01-31T00:00:00.000000Z,0.48873099684715271,0.55521202087402344,0.44051998853683472,0.53979700803756714,288692992
2018-02-01T00:00:00.000000Z,0.54083400964736938,0.54297000169754028,0.4296799898147583,0.45645499229431152,172407008
2018-02-02T00:00:00.000000Z,0.45508700609207153,0.45508700609207153,0.28587800264358521,0.40507501363754272,396784000
2018-02-03T00:00:00.000000Z,0.40595000982284546,0.47867798805236816,0.34518399834632874,0.43005600571632385,282348992
2018-02-04T00:00:00.000000Z,0.42596998810768127,0.46749201416969299,0.36681801080703735,0.37723100185394287,231808000
2018-02-05T00:00:00.000000Z,0.38319098949432373,0.42533999681472778,0.31297498941421509,0.33119198679924011,339507008
2018-02-06T00:00:00.000000Z,0.3367379903793335,0.37424701452255249,0.26635199785232544,0.37081098556518555,518084992
2018-02-07T00:00:00.000000Z,0.36895599961280823,0.38092398643493652,0.33724400401115417,0.34212499856948853,188328000
2018-02-08T00:00:00.000000Z,0.34492999315261841,0.37389299273490906,0.34492999315261841,0.36356499791145325,121448000
2018-02-09T00:00:00.000000Z,0.36071100831031799,0.40232399106025696,0.34887200593948364,0.40106800198554993,144231008
2018-02-10T00:00:00.000000Z,0.39844000339508057,0.45392000675201416,0.38495299220085144,0.4068560004234314,227551008
2018-02-11T00:00:00.000000Z,0.4066149890422821,0.4066149890422821,0.35782501101493835,0.37000501155853271,85791696
2018-02-12T00:00:00.000000Z,0.37418100237846375,0.40182000398635864,0.37418100237846375,0.39564898610115051,61140000
2018-02-13T00:00:00.000000Z,0.3964189887046814,0.43554699420928955,0.37438800930976868,0.410614013671875,196175008
2018-02-14T00:00:00.000000Z,0.40987199544906616,0.4574739933013916,0.40207898616790771,0.45388799905776978,192628992
2018-02-15T00:00:00.000000Z,0.45204800367355347,0.46362298727035522,0.44426000118255615,0.45355600118637085,106142000
2018-02-16T00:00:00.000000Z,0.45179599523544312,0.45832699537277222,0.44177699089050293,0.45544600486755371,53289200
2018-02-17T00:00:00.000000Z,0.45510300993919373,0.48324400186538696,0.45158499479293823,0.47907501459121704,104733000
2018-02-18T00:00:00.000000Z,0.4798550009727478,0.48616498708724976,0.44198799133300781,0.4503990113735199,74452000
2018-02-19T00:00:00.000000Z,0.45043700933456421,0.46175301074981689,0.44899499416351318,0.45293200016021729,57015400
2018-02-20T00:00:00.000000Z,0.4528450071811676,0.45537298917770386,0.3993149995803833,0.4022890031337738,104842000
2018-02-21T00:00:00.000000Z,0.39971798658370972,0.4335620105266571,0.37984499335289001,0.39676499366760254,132189000
2018-02-22T00:00:00.000000Z,0.39389100670814514,0.4088979959487915,0.35848298668861389,0.36644700169563293,69561104
2018-02-23T00:00:00.000000Z,0.36413401365280151,0.39040800929069519,0.35262298583984375,0.38198500871658325,56829000
2018-02-24T00:00:00.000000Z,0.38268700242042542,0.38689899444580078,0.34615600109100342,0.35516300797462463,34738100
2018-02-25T00:00:00.000000Z,0.35454899072647095,0.36693999171257019,0.33671900629997253,0.35730201005935669,42268800
2018-02-26T00:00:00.000000Z,0.35868701338768005,0.37176498770713806,0.34650200605392456,0.36457899212837219,42535600
2018-02-27T00:00:00.000000Z,0.3646320104598999,0.37244999408721924,0.35483399033546448,0.36205101013183594,38136100
2018-02-28T00:00:00.000000Z,0.36041000485420227,0.36473798751831055,0.33391600847244263,0.33391600847244263,38961000
2018-03-01T00:00:00.000000Z,0.33411800861358643,0.34756600856781006,0.32155799865722656,0.33931401371955872,46631800
2018-03-02T00:00:00.000000Z,0.33869099617004395,0.34080499410629272,0.31885001063346863,0.32010701298713684,38378100
2018-03-03T00:00:00.000000Z,0.31902098655700684,0.35016798973083496,0.31336799263954163,0.35016798973083496,52827100
2018-03-04T00:00:00.000000Z,0.35403099656105042,0.36379200220108032,0.34239798784255981,0.36193001270294189,99892704
2018-03-05T00:00:00.000000Z,0.36377701163291931,0.39822399616241455,0.35203099250793457,0.35203099250793457,98523696
2018-03-06T00:00:00.000000Z,0.35175299644470215,0.36655399203300476,0.3352540135383606,0.33791100978851318,44141000
2018-03-07T00:00:00.000000Z,0.33781400322914124,0.34913700819015503,0.30038800835609436,0.32910299301147461,62389100
2018-03-08T00:00:00.000000Z,0.32984700798988342,0.34112700819969177,0.30621799826622009,0.31193798780441284,47233100
2018-03-09T00:00:00.000000Z,0.31123700737953186,0.31543999910354614,0.26745399832725525,0.31185901165008545,56838800
2018-03-10T00:00:00.000000Z,0.31561800837516785,0.32039201259613037,0.29006999731063843,0.29266101121902466,21963200
2018-03-11T00:00:00.000000Z,0.29186800122261047,0.30668801069259644,0.28004199266433716,0.30421701073646545,26023900
2018-03-12T00:00:00.000000Z,0.30430099368095398,0.31219300627708435,0.28633201122283936,0.2917650043964386,29443200
2018-03-13T00:00:00.000000Z,0.29015100002288818,0.30118298530578613,0.2822900116443634,0.29019299149513245,24814700
2018-03-14T00:00:00.000000Z,0.29185000061988831,0.29776298999786377,0.24071100354194641,0.24868899583816528,49138300
2018-03-15T00:00:00.000000Z,0.24885399639606476,0.25057500600814819,0.21706399321556091,0.24065500497817993,54358800
2018-03-16T00:00:00.000000Z,0.24098800122737885,0.24154500663280487,0.22754499316215515,0.22999100387096405,23756700
2018-03-17T00:00:00.000000Z,0.23027700185775757,0.2343209981918335,0.20098899304866791,0.20673100650310516,33001800
2018-03-18T00:00:00.000000Z,0.20640900731086731,0.22282800078392029,0.15891300141811371,0.22047300636768341,91400496
2018-03-19T00:00:00.000000Z,0.22236800193786621,0.25022599101066589,0.21295499801635742,0.25022599101066589,93820800
2018-03-20T00:00:00.000000Z,0.2499919980764389,0.28208199143409729,0.23557400703430176,0.26796799898147583,88101600
2018-03-21T00:00:00.000000Z,0.27066999673843384,0.27178901433944702,0.24978099763393402,0.25463598966598511,93970496
2018-03-22T00:00:00.000000Z,0.25516998767852783,0.25932800769805908,0.22871300578117371,0.24321199953556061,53777200
2018-03-23T00:00:00.000000Z,0.24299299716949463,0.24299299716949463,0.22458100318908691,0.23614700138568878,49937100
2018-03-24T00:00:00.000000Z,0.237745001912117,0.24577799439430237,0.23404400050640106,0.23542200028896332,37806800
2018-03-25T00:00:00.000000Z,0.23306199908256531,0.2427390068769455,0.23037800192832947,0.23995199799537659,31527600
2018-03-26T00:00:00.000000Z,0.23925800621509552,0.24614399671554565,0.21723799407482147,0.228861004114151,44406300
2018-03-27T00:00:00.000000Z,0.22856500744819641,0.22913800179958344,0.2052299976348877,0.21603299677371979,37693300
2018-03-28T00:00:00.000000Z,0.21588900685310364,0.22584299743175507,0.21508599817752838,0.21925100684165955,21717600
2018-03-29T00:00:00.000000Z,0.21922600269317627,0.2214599996805191,0.18785299360752106,0.19081899523735046,44352600
2018-03-30T00:00:00.000000Z,0.19058200716972351,0.19935700297355652,0.17493399977684021,0.18873299658298492,37767000
2018-03-31T00:00:00.000000Z,0.18903900682926178,0.22078000009059906,0.18903900682926178,0.20677800476551056,82895904
2018-04-01T00:00:00.000000Z,0.20772300660610199,0.21338999271392822,0.19068799912929535,0.20658199489116669,43075500
2018-04-02T00:00:00.000000Z,0.20713099837303162,0.23338299989700317,0.20469799637794495,0.22487799823284149,70195696
2018-04-03T00:00:00.000000Z,0.22599199414253235,0.23984499275684357,0.22506900131702423,0.23569099605083466,76510096
2018-04-04T00:00:00.000000Z,0.23372900485992432,0.23657700419425964,0.20238000154495239,0.20410799980163574,58482100
2018-04-05T00:00:00.000000Z,0.20712399482727051,0.20915299654006958,0.19190299510955811,0.19794000685214996,46694000
2018-04-06T00:00:00.000000Z,0.19778099656105042,0.19964499771595001,0.18908999860286713,0.1933169960975647,30056300
2018-04-07T00:00:00.000000Z,0.19354699552059174,0.2057500034570694,0.19289100170135498,0.2018589973449707,27242100
2018-04-08T00:00:00.000000Z,0.20181700587272644,0.20787699520587921,0.20127899944782257,0.20637699961662292,18973800
2018-04-09T00:00:00.000000Z,0.20671799778938293,0.21345500648021698,0.19283699989318848,0.19733299314975739,36684300
2018-04-10T00:00:00.000000Z,0.19744400680065155,0.20128899812698364,0.1964070051908493,0.19934399425983429,26841200
2018-04-11T00:00:00.000000Z,0.19952599704265594,0.21246500313282013,0.19892600178718567,0.21233700215816498,40041100
2018-04-12T00:00:00.000000Z,0.21125799417495728,0.24226400256156921,0.20699499547481537,0.24211999773979187,103292000
2018-04-13T00:00:00.000000Z,0.24111199378967285,0.26708000898361206,0.23292000591754913,0.24628999829292297,112587000
2018-04-14T00:00:00.000000Z,0.24533799290657043,0.25912100076675415,0.24259999394416809,0.2506679892539978,44754800
2018-04-15T00:00:00.000000Z,0.25097900629043579,0.29639500379562378,0.25097900629043579,0.29072201251983643,129731000
2018-04-16T00:00:00.000000Z,0.29023700952529907,0.30166700482368469,0.27260801196098328,0.28415599465370178,90408600
2018-04-17T00:00:00.000000Z,0.28474700450897217,0.31749799847602844,0.27977898716926575,0.30020201206207275,112255000
2018-04-18T00:00:00.000000Z,0.30033800005912781,0.35366100072860718,0.30033800005912781,0.35154399275779724,158384992
2018-04-19T00:00:00.000000Z,0.35472598671913147,0.37724900245666504,0.34902998805046082,0.36612001061439514,171820000
2018-04-20T00:00:00.000000Z,0.36655101180076599,0.39804801344871521,0.35649999976158142,0.39116498827934265,170282000
2018-04-21T00:00:00.000000Z,0.39151298999786377,0.3981269896030426,0.34839999675750732,0.37566301226615906,119787000
2018-04-22T00:00:00.000000Z,0.37520700693130493,0.38325300812721252,0.365541011095047,0.36813899874687195,64261400
2018-04-23T00:00:00.000000Z,0.36792099475860596,0.37505000829696655,0.36704400181770325,0.37212800979614258,57282000
2018-04-24T00:00:00.000000Z,0.3726310133934021,0.40752699971199036,0.37086400389671326,0.40066999197006226,120285000
2018-04-25T00:00:00.000000Z,0.39789700508117676,0.39840000867843628,0.32963499426841736,0.33951699733734131,130724000
2018-04-26T00:00:00.000000Z,0.34145501255989075,0.38859701156616211,0.3310140073299408,0.38755598664283752,152903008
2018-04-27T00:00:00.000000Z,0.3864389955997467,0.42515701055526733,0.38391000032424927,0.39108499884605408,177676992
2018-04-28T00:00:00.000000Z,0.3904469907283783,0.43581598997116089,0.3904469907283783,0.42891800403594971,105747000
2018-04-29T00:00:00.000000Z,0.42994499206542969,0.46151798963546753,0.42466899752616882,0.45840498805046082,156688992
2018-04-30T00:00:00.000000Z,0.45868799090385437,0.46012800931930542,0.41744598746299744,0.42465901374816895,81453296
2018-05-01T00:00:00.000000Z,0.42585301399230957,0.4512380063533783,0.3972260057926178,0.43973299860954285,152906000
2018-05-02T00:00:00.000000Z,0.43903699517250061,0.44680699706077576,0.43445500731468201,0.43922701478004456,68610896
2018-05-03T00:00:00.000000Z,0.43901601433753967,0.44287800788879395,0.42941099405288696,0.43737900257110596,83481296
2018-05-04T00:00:00.000000Z,0.43823400139808655,0.4396820068359375,0.42535600066184998,0.43114000558853149,51379800
2018-05-05T00:00:00.000000Z,0.43121600151062012,0.43566900491714478,0.42800500988960266,0.43087500333786011,44096200
2018-05-06T00:00:00.000000Z,0.43033799529075623,0.43213200569152832,0.40805000066757202,0.41294398903846741,43793500
2018-05-07T00:00:00.000000Z,0.41366499662399292,0.41485899686813354,0.38161599636077881,0.39570200443267822,48023200
2018-05-08T00:00:00.000000Z,0.39656800031661987,0.41119301319122314,0.37995201349258423,0.38637098670005798,50210900
2018-05-09T00:00:00.000000Z,0.38514399528503418,0.38897800445556641,0.35938099026679993,0.37797001004219055,54383500
2018-05-10T00:00:00.000000Z,0.37771400809288025,0.38657400012016296,0.3539620041847229,0.3539620041847229,39548400
2018-05-11T00:00:00.000000Z,0.35342898964881897,0.35549798607826233,0.30079999566078186,0.31425198912620544,80168200
2018-05-12T00:00:00.000000Z,0.3141619861125946,0.36469900608062744,0.30424100160598755,0.35993701219558716,93267504
2018-05-13T00:00:00.000000Z,0.35981398820877075,0.3813450038433075,0.35797101259231567,0.37585198879241943,73407904
2018-05-14T00:00:00.000000Z,0.37630400061607361,0.38331601023674011,0.35051301121711731,0.36967998743057251,58938400
2018-05-15T00:00:00.000000Z,0.36969900131225586,0.37329199910163879,0.34844499826431274,0.34844499826431274,39801700
2018-05-16T00:00:00.000000Z,0.34679800271987915,0.34767499566078186,0.32351800799369812,0.33467701077461243,43623300
2018-05-17T00:00:00.000000Z,0.33543100953102112,0.35048800706863403,0.31099399924278259,0.31349700689315796,31796700
2018-05-18T00:00:00.000000Z,0.3132689893245697,0.31952199339866638,0.30672299861907959,0.31948798894882202,31108600
2018-05-19T00:00:00.000000Z,0.31963899731636047,0.32910498976707458,0.31264600157737732,0.31723400950431824,23504200
2018-05-20T00:00:00.000000Z,0.31774899363517761,0.33438101410865784,0.31587499380111694,0.33281001448631287,30586700
2018-05-21T00:00:00.000000Z,0.33296000957489014,0.33342000842094421,0.31567099690437317,0.3181149959564209,27528600
2018-05-22T00:00:00.000000Z,0.31861200928688049,0.32145398855209351,0.3010840117931366,0.3010840117931366,31944800
2018-05-23T00:00:00.000000Z,0.30058300495147705,0.30191200971603394,0.27284500002861023,0.28035500645637512,39564300
2018-05-24T00:00:00.000000Z,0.2797510027885437,0.2964400053024292,0.27600699663162231,0.2913379967212677,45262500
2018-05-25T00:00:00.000000Z,0.29298600554466248,0.2985210120677948,0.28387698531150818,0.28806900978088379,45218800
2018-05-26T00:00:00.000000Z,0.28860101103782654,0.29488000273704529,0.28304800391197205,0.28469499945640564,40772900
2018-05-27T00:00:00.000000Z,0.28419399261474609,0.28437501192092896,0.27453801035881042,0.27637600898742676,45604600
2018-05-28T00:00:00.000000Z,0.27632901072502136,0.27893999218940735,0.2522050142288208,0.25358200073242188,48667900
2018-05-29T00:00:00.000000Z,0.25395199656486511,0.28332099318504333,0.24918699264526367,0.28284499049186707,62185300
2018-05-30T00:00:00.000000Z,0.28389298915863037,0.29586398601531982,0.27155399322509766,0.27774700522422791,59599500
2018-05-31T00:00:00.000000Z,0.27847298979759216,0.3025909960269928,0.27382698655128479,0.29665198922157288,78378600
2018-06-01T00:00:00.000000Z,0.29653498530387878,0.29918700456619263,0.28321599960327148,0.29002198576927185,62207300
2018-06-02T00:00:00.000000Z,0.29096099734306335,0.30306199193000793,0.28984999656677246,0.29841300845146179,58244800
2018-06-03T00:00:00.000000Z,0.29858100414276123,0.30932500958442688,0.29834899306297302,0.30291199684143066,64563800
2018-06-04T00:00:00.000000Z,0.30463600158691406,0.30908799171447754,0.28841599822044373,0.29215800762176514,56371200
2018-06-05T00:00:00.000000Z,0.29213398694992065,0.29798001050949097,0.28243398666381836,0.29431301355361938,48728900
2018-06-06T00:00:00.000000Z,0.29332500696182251,0.29995501041412354,0.28949999809265137,0.29826900362968445,51165000
2018-06-07T00:00:00.000000Z,0.29797399044036865,0.30581200122833252,0.29184100031852722,0.29420599341392517,49336800
2018-06-08T00:00:00.000000Z,0.2937760055065155,0.2962459921836853,0.28559699654579163,0.28796300292015076,47014400
2018-06-09T00:00:00.000000Z,0.28707098960876465,0.2932400107383728,0.28189399838447571,0.28189399838447571,44872900
2018-06-10T00:00:00.000000Z,0.28276500105857849,0.28276500105857849,0.24272799491882324,0.24765799939632416,54768500
2018-06-11T00:00:00.000000Z,0.2471030056476593,0.25648200511932373,0.24146400392055511,0.25648200511932373,47904600
2018-06-12T00:00:00.000000Z,0.25528600811958313,0.25556498765945435,0.22874799370765686,0.23168900609016418,47126900
2018-06-13T00:00:00.000000Z,0.23229700326919556,0.23391999304294586,0.21259599924087524,0.22169099748134613,48479300
2018-06-14T00:00:00.000000Z,0.22189000248908997,0.24370799958705902,0.21975800395011902,0.24242599308490753,53521800
2018-06-15T00:00:00.000000Z,0.24169500172138214,0.24208299815654755,0.23255899548530579,0.23424200713634491,37531000
2018-06-16T00:00:00.000000Z,0.2325270026922226,0.23507200181484222,0.22715300321578979,0.2340410053730011,34627700
2018-06-17T00:00:00.000000Z,0.23314599692821503,0.23594200611114502,0.2302979975938797,0.23210500180721283,31223300
2018-06-18T00:00:00.000000Z,0.2315170019865036,0.24006499350070953,0.2250789999961853,0.23437100648880005,36372000
2018-06-19T00:00:00.000000Z,0.23351499438285828,0.23948399722576141,0.23264400660991669,0.23530900478363037,34048000
2018-06-20T00:00:00.000000Z,0.2363789975643158,0.23816999793052673,0.22779400646686554,0.23218800127506256,43000600
2018-06-21T00:00:00.000000Z,0.23243699967861176,0.23606599867343903,0.2265080064535141,0.22799700498580933,38175500
2018-06-22T00:00:00.000000Z,0.2276570051908493,0.22846199572086334,0.19800400733947754,0.20340700447559357,41435400
2018-06-23T00:00:00.000000Z,0.20366999506950378,0.20693099498748779,0.19743600487709045,0.20351499319076538,33872100
2018-06-24T00:00:00.000000Z,0.20318800210952759,0.20322200655937195,0.17815099656581879,0.19363300502300262,43348500
2018-06-25T00:00:00.000000Z,0.19365200400352478,0.20045199990272522,0.18881300091743469,0.19775299727916718,38729400
2018-06-26T00:00:00.000000Z,0.19648900628089905,0.19784699380397797,0.18487699329853058,0.18648399412631989,31190300
2018-06-27T00:00:00.000000Z,0.18452300131320953,0.19343499839305878,0.18310700356960297,0.18963299691677094,34514300
2018-06-28T00:00:00.000000Z,0.1887499988079071,0.19228699803352356,0.17707100510597229,0.17895099520683289,32294900
2018-06-29T00:00:00.000000Z,0.17930899560451508,0.18782299757003784,0.17314800620079041,0.18671000003814697,39542800
2018-06-30T00:00:00.000000Z,0.18691499531269073,0.19929200410842896,0.18691499531269073,0.19342499971389771,47083800
2018-07-01T00:00:00.000000Z,0.19284999370574951,0.20130999386310577,0.19041399657726288,0.19857299327850342,41380400
2018-07-02T00:00:00.000000Z,0.20019599795341492,0.21381999552249908,0.19264599680900574,0.2131509929895401,49362900
2018-07-03T00:00:00.000000Z,0.21167199313640594,0.21899199485778809,0.20460599660873413,0.20631499588489532,49012200
2018-07-04T00:00:00.000000Z,0.20577600598335266,0.21654799580574036,0.20336200296878815,0.20973500609397888,33301500
2018-07-05T00:00:00.000000Z,0.21021300554275513,0.21418799459934235,0.19952799379825592,0.20297800004482269,37009800
2018-07-06T00:00:00.000000Z,0.20300100743770599,0.20969299972057343,0.19899100065231323,0.20638099312782288,37627900
2018-07-07T00:00:00.000000Z,0.20610399544239044,0.20937900245189667,0.20041300356388092,0.20845000445842743,36238600
2018-07-08T00:00:00.000000Z,0.20895299315452576,0.21620799601078033,0.20763300359249115,0.20978300273418427,40958600
2018-07-09T00:00:00.000000Z,0.21063700318336487,0.2134850025177002,0.20682600140571594,0.20792900025844574,38649000
2018-07-10T00:00:00.000000Z,0.20659500360488892,0.2073110044002533,0.19160300493240356,0.19188900291919708,36923400
2018-07-11T00:00:00.000000Z,0.19182500243186951,0.19424499571323395,0.18467999994754791,0.1895039975643158,33530700
2018-07-12T00:00:00.000000Z,0.19029800593852997,0.19043000042438507,0.17974300682544708,0.18571899831295013,35633800
2018-07-13T00:00:00.000000Z,0.1859859973192215,0.20427200198173523,0.18381600081920624,0.20427200198173523,49954700
2018-07-14T00:00:00.000000Z,0.20378899574279785,0.21142099797725677,0.19708399474620819,0.20787699520587921,43684700
2018-07-15T00:00:00.000000Z,0.20803099870681763,0.22230300307273865,0.20599600672721863,0.21987099945545197,51388000
2018-07-16T00:00:00.000000Z,0.21947799623012543,0.23792800307273865,0.21746000647544861,0.23792800307273865,51377800
2018-07-17T00:00:00.000000Z,0.23800399899482727,0.25349900126457214,0.22872400283813477,0.25296700000762939,60804000
2018-07-18T00:00:00.000000Z,0.25324898958206177,0.31800898909568787,0.25171199440956116,0.29840001463890076,238660000
2018-07-19T00:00:00.000000Z,0.29681798815727234,0.31627100706100464,0.2804889976978302,0.3025130033493042,190768000
2018-07-20T00:00:00.000000Z,0.30242100358009338,0.30316400527954102,0.26719799637794495,0.27149200439453125,132780000
2018-07-21T00:00:00.000000Z,0.27037999033927917,0.29449400305747986,0.25951299071311951,0.29225900769233704,103169000
2018-07-22T00:00:00.000000Z,0.29073899984359741,0.30445998907089233,0.28103101253509521,0.28353399038314819,98754600
2018-07-23T00:00:00.000000Z,0.28311899304389954,0.2988399863243103,0.281607985496521,0.28438401222229004,91948800
2018-07-24T00:00:00.000000Z,0.28492200374603271,0.30438101291656494,0.28088200092315674,0.30145600438117981,107505000
2018-07-25T00:00:00.000000Z,0.29733601212501526,0.34866398572921753,0.29435798525810242,0.33170598745346069,180428000
2018-07-26T00:00:00.000000Z,0.33230298757553101,0.34836301207542419,0.29846000671386719,0.30955201387405396,173806000
2018-07-27T00:00:00.000000Z,0.3082830011844635,0.32260799407958984,0.29682201147079468,0.31688201427459717,109249000
2018-07-28T00:00:00.000000Z,0.31778800487518311,0.32300099730491638,0.31101998686790466,0.31522899866104126,72393904
2018-07-29T00:00:00.000000Z,0.31640100479125977,0.3184719979763031,0.30514100193977356,0.30839899182319641,69073696
2018-07-30T00:00:00.000000Z,0.30864500999450684,0.30864500999450684,0.28106600046157837,0.29592299461364746,87990000
2018-07-31T00:00:00.000000Z,0.29547199606895447,0.29547199606895447,0.26782700419425964,0.27800899744033813,90072600
2018-08-01T00:00:00.000000Z,0.27812701463699341,0.28240400552749634,0.26544100046157837,0.27626800537109375,78075400
2018-08-02T00:00:00.000000Z,0.2769010066986084,0.28139999508857727,0.26119199395179749,0.26119199395179749,64773900
2018-08-03T00:00:00.000000Z,0.26176300644874573,0.26891800761222839,0.2467229962348938,0.25895598530769348,78914000
2018-08-04T00:00:00.000000Z,0.25776100158691406,0.2610430121421814,0.23650099337100983,0.24072399735450745,62650500
2018-08-05T00:00:00.000000Z,0.24110500514507294,0.24692299962043762,0.23608799278736115,0.24421800673007965,50833600
2018-08-06T00:00:00.000000Z,0.24501700699329376,0.24838800728321075,0.23203599452972412,0.23470500111579895,52688700
2018-08-07T00:00:00.000000Z,0.23409900069236755,0.24539700150489807,0.2289929986000061,0.23067200183868408,64467600
2018-08-08T00:00:00.000000Z,0.23000900447368622,0.23000900447368622,0.19593900442123413,0.20135100185871124,68469800
2018-08-09T00:00:00.000000Z,0.20165300369262695,0.22577600181102753,0.19873100519180298,0.22143499553203583,75813300
2018-08-10T00:00:00.000000Z,0.22108499705791473,0.23665900528430939,0.21570700407028198,0.22542999684810638,110186000
2018-08-11T00:00:00.000000Z,0.22494399547576904,0.22507999837398529,0.20285500586032867,0.21766500174999237,87523800
2018-08-12T00:00:00.000000Z,0.21822500228881836,0.2286749929189682,0.2164510041475296,0.22360099852085114,69114300
2018-08-13T00:00:00.000000Z,0.22339999675750732,0.24313700199127197,0.21970799565315247,0.22355900704860687,100249000
2018-08-14T00:00:00.000000Z,0.22263200581073761,0.22263200581073761,0.20029899477958679,0.21670599281787872,95074200
2018-08-15T00:00:00.000000Z,0.21828499436378479,0.23144100606441498,0.21643699705600739,0.21695399284362793,98247500
2018-08-16T00:00:00.000000Z,0.21588499844074249,0.22199100255966187,0.2091439962387085,0.2160319983959198,66979600
2018-08-17T00:00:00.000000Z,0.21555499732494354,0.2396949976682663,0.2153639942407608,0.23812000453472137,85576200
2018-08-18T00:00:00.000000Z,0.23912400007247925,0.24526999890804291,0.22059999406337738,0.22423499822616577,73536300
2018-08-19T00:00:00.000000Z,0.22362500429153442,0.23173999786376953,0.21724699437618256,0.22272300720214844,58941500
2018-08-20T00:00:00.000000Z,0.23002000153064728,0.23586399853229523,0.21358799934387207,0.21645699441432953,56916000
2018-08-21T00:00:00.000000Z,0.21787700057029724,0.22719499468803406,0.2105879932641983,0.21470800042152405,57619800
2018-08-22T00:00:00.000000Z,0.21922400593757629,0.23829099535942078,0.20514799654483795,0.20689600706100464,57593700
2018-08-23T00:00:00.000000Z,0.21364200115203857,0.22216199338436127,0.20624199509620667,0.22216199338436127,50407300
2018-08-24T00:00:00.000000Z,0.21487100422382355,0.22547000646591187,0.2111780047416687,0.2198060005903244,46565700
2018-08-25T00:00:00.000000Z,0.22134600579738617,0.22561599314212799,0.21393999457359314,0.2177949994802475,37623300
2018-08-26T00:00:00.000000Z,0.22386099398136139,0.22386099398136139,0.21049100160598755,0.21483999490737915,41019000
2018-08-27T00:00:00.000000Z,0.21391800045967102,0.22586600482463837,0.21359199285507202,0.22543700039386749,50597200
2018-08-28T00:00:00.000000Z,0.22490400075912476,0.23680600523948669,0.22315800189971924,0.23474499583244324,66510100
2018-08-29T00:00:00.000000Z,0.23424400389194489,0.23694700002670288,0.22381700575351715,0.22621099650859833,59888100
2018-08-30T00:00:00.000000Z,0.22685800492763519,0.22921499609947205,0.21316100656986237,0.22090199589729309,52981700
2018-08-31T00:00:00.000000Z,0.22180399298667908,0.22316199541091919,0.21496400237083435,0.22207599878311157,49383600
2018-09-01T00:00:00.000000Z,0.22230899333953857,0.23337699472904205,0.22197599709033966,0.22972199320793152,57559200
2018-09-02T00:00:00.000000Z,0.22971299290657043,0.23654499650001526,0.2214680016040802,0.22474400699138641,44368300
2018-09-03T00:00:00.000000Z,0.22467200458049774,0.23221899569034576,0.21913400292396545,0.22532500326633453,47867700
2018-09-04T00:00:00.000000Z,0.22180099785327911,0.23754400014877319,0.22011999785900116,0.23126800358295441,52972600
2018-09-05T00:00:00.000000Z,0.23195299506187439,0.23322600126266479,0.20743699371814728,0.20743699371814728,69435700
2018-09-06T00:00:00.000000Z,0.20590800046920776,0.20748400688171387,0.19550399482250214,0.20748400688171387,71466100
2018-09-07T00:00:00.000000Z,0.20684100687503815,0.2114730030298233,0.20072300732135773,0.20766200125217438,60828100
2018-09-08T00:00:00.000000Z,0.2079939991235733,0.21168400347232819,0.19316999614238739,0.19443699717521667,52306100
2018-09-09T00:00:00.000000Z,0.19429099559783936,0.20285199582576752,0.19019399583339691,0.192781001329422,54678800
2018-09-10T00:00:00.000000Z,0.1911190003156662,0.19537100195884705,0.18832899630069733,0.19083899259567261,51759700
2018-09-11T00:00:00.000000Z,0.19147999584674835,0.20693199336528778,0.18508400022983551,0.20107099413871765,77490400
2018-09-12T00:00:00.000000Z,0.20121400058269501,0.20700499415397644,0.18638400733470917,0.19829300045967102,81499500
2018-09-13T00:00:00.000000Z,0.19791500270366669,0.21113200485706329,0.19791500270366669,0.20780600607395172,68042900
2018-09-14T00:00:00.000000Z,0.20697799324989319,0.20951700210571289,0.19885499775409698,0.20174300670623779,49018400
2018-09-15T00:00:00.000000Z,0.20121100544929504,0.20563299953937531,0.20051099359989166,0.20320199429988861,37685700
2018-09-16T00:00:00.000000Z,0.2030860036611557,0.20848500728607178,0.19902800023555756,0.20651000738143921,41913100
2018-09-17T00:00:00.000000Z,0.20610800385475159,0.20878200232982635,0.19562999904155731,0.1968269944190979,42653700
2018-09-18T00:00:00.000000Z,0.19649499654769897,0.21475699543952942,0.19438500702381134,0.20841699838638306,55982400
2018-09-19T00:00:00.000000Z,0.20751200616359711,0.21115800738334656,0.1998170018196106,0.20656299591064453,48741100
2018-09-20T00:00:00.000000Z,0.20656800270080566,0.24143500626087189,0.20585200190544128,0.23189699649810791,89258100
2018-09-21T00:00:00.000000Z,0.23304200172424316,0.27553600072860718,0.23169399797916412,0.24921099841594696,182926000
2018-09-22T00:00:00.000000Z,0.24806399643421173,0.24950799345970154,0.23100300133228302,0.23922500014305115,76614200
2018-09-23T00:00:00.000000Z,0.23943300545215607,0.30027499794960022,0.23881499469280243,0.28147798776626587,317587000
2018-09-24T00:00:00.000000Z,0.27983298897743225,0.28250300884246826,0.2549540102481842,0.25904801487922668,135616000
2018-09-25T00:00:00.000000Z,0.2583949863910675,0.2583949863910675,0.23344899713993073,0.2523060142993927,118361000
2018-09-26T00:00:00.000000Z,0.25061899423599243,0.25795599818229675,0.23851500451564789,0.24476699531078339,89889500
2018-09-27T00:00:00.000000Z,0.24398499727249146,0.26467800140380859,0.24398499727249146,0.25921601057052612,99370800
2018-09-28T00:00:00.000000Z,0.25999701023101807,0.26294800639152527,0.24927300214767456,0.25412699580192566,63003000
2018-09-29T00:00:00.000000Z,0.25245299935340881,0.25933399796485901,0.24551799893379211,0.25390800833702087,54822100
2018-09-30T00:00:00.000000Z,0.25444799661636353,0.26269599795341492,0.25267699360847473,0.2595990002155304,64864600
2018-10-01T00:00:00.000000Z,0.25908100605010986,0.26354500651359558,0.25340399146080017,0.25840398669242859,67813900
2018-10-02T00:00:00.000000Z,0.25825700163841248,0.25978198647499084,0.24828599393367767,0.24828599393367767,50886900
2018-10-03T00:00:00.000000Z,0.2479339987039566,0.24917800724506378,0.23782899975776672,0.24113599956035614,47661800
2018-10-04T00:00:00.000000Z,0.24065400660037994,0.24839299917221069,0.24002000689506531,0.24427799880504608,36170200
2018-10-05T00:00:00.000000Z,0.2434999942779541,0.24762000143527985,0.24046899378299713,0.24519200623035431,38001100
2018-10-06T00:00:00.000000Z,0.24513700604438782,0.24791400134563446,0.23883700370788574,0.23977099359035492,34392600
2018-10-07T00:00:00.000000Z,0.24237200617790222,0.24678799510002136,0.23760600388050079,0.24513800442218781,33460000
2018-10-08T00:00:00.000000Z,0.24399100244045258,0.25400400161743164,0.24120000004768372,0.24900899827480316,41913600
2018-10-09T00:00:00.000000Z,0.24956899881362915,0.25028300285339355,0.24284599721431732,0.24391500651836395,40657100
2018-10-10T00:00:00.000000Z,0.24366399645805359,0.24579599499702454,0.23821200430393219,0.24159300327301025,40184400
2018-10-11T00:00:00.000000Z,0.24094100296497345,0.24094100296497345,0.20657800137996674,0.20703700184822083,75872400
2018-10-12T00:00:00.000000Z,0.20647700130939484,0.2183929979801178,0.20608299970626831,0.2160319983959198,48988300
2018-10-13T00:00:00.000000Z,0.2155890017747879,0.21956300735473633,0.21438699960708618,0.21480999886989594,46116600
2018-10-14T00:00:00.000000Z,0.21476499736309052,0.21931099891662598,0.20879299938678741,0.21014399826526642,36498700
2018-10-15T00:00:00.000000Z,0.20966200530529022,0.23035299777984619,0.20792999863624573,0.22300100326538086,71749600
2018-10-16T00:00:00.000000Z,0.22247500717639923,0.22981700301170349,0.22200199961662292,0.22797800600528717,42468100
2018-10-17T00:00:00.000000Z,0.22956299781799316,0.24327200651168823,0.22760899364948273,0.24040299654006958,74599800
2018-10-18T00:00:00.000000Z,0.24096900224685669,0.24597799777984619,0.23227499425411224,0.23945200443267822,59461700
2018-10-19T00:00:00.000000Z,0.23886899650096893,0.24623399972915649,0.23460599780082703,0.24285300076007843,45872300
2018-10-20T00:00:00.000000Z,0.24521900713443756,0.24919900298118591,0.24096100032329559,0.24418200552463531,60012800
2018-10-21T00:00:00.000000Z,0.24372200667858124,0.24825300276279449,0.23973000049591064,0.24172399938106537,46623600
2018-10-22T00:00:00.000000Z,0.24037399888038635,0.24409499764442444,0.23824399709701538,0.24236099421977997,40765500
2018-10-23T00:00:00.000000Z,0.24249100685119629,0.24698300659656525,0.2393680065870285,0.24221499264240265,39384600
2018-10-24T00:00:00.000000Z,0.24174900352954865,0.24442300200462341,0.2368910014629364,0.23776000738143921,39973400
2018-10-25T00:00:00.000000Z,0.23753499984741211,0.23906899988651276,0.23374100029468536,0.23564599454402924,39745700
2018-10-26T00:00:00.000000Z,0.23533199727535248,0.23692700266838074,0.23068700730800629,0.23401099443435669,35741700
2018-10-27T00:00:00.000000Z,0.23385800421237946,0.23520800471305847,0.22820000350475311,0.2287600040435791,38499600
2018-10-28T00:00:00.000000Z,0.22918799519538879,0.2340800017118454,0.22739200294017792,0.23287099599838257,39381600
2018-10-29T00:00:00.000000Z,0.23167799413204193,0.23271900415420532,0.22114300727844238,0.22235700488090515,45544800
2018-10-30T00:00:00.000000Z,0.22220000624656677,0.22632800042629242,0.22178199887275696,0.22509300708770752,43111300
2018-10-31T00:00:00.000000Z,0.22621800005435944,0.22794100642204285,0.2177480012178421,0.22347100079059601,42791700
2018-11-01T00:00:00.000000Z,0.22436000406742096,0.24052999913692474,0.22250999510288239,0.22294500470161438,38696300
2018-11-02T00:00:00.000000Z,0.22301399707794189,0.23629699647426605,0.22301399707794189,0.23424400389194489,50452100
2018-11-03T00:00:00.000000Z,0.23409800231456757,0.23984399437904358,0.2321619987487793,0.23570600152015686,50502800
2018-11-04T00:00:00.000000Z,0.2357880026102066,0.24459600448608398,0.23485299944877625,0.24163800477981567,57585400
2018-11-05T00:00:00.000000Z,0.24080699682235718,0.24675500392913818,0.23983100056648254,0.2465289980173111,54187000
2018-11-06T00:00:00.000000Z,0.24684900045394897,0.26703798770904541,0.24684900045394897,0.26559600234031677,101099000
2018-11-07T00:00:00.000000Z,0.26587501168251038,0.26587501168251038,0.25346499681472778,0.25671800971031189,78967900
2018-11-08T00:00:00.000000Z,0.25652700662612915,0.26357901096343994,0.24966500699520111,0.25604298710823059,88138000
2018-11-09T00:00:00.000000Z,0.25571098923683167,0.26420500874519348,0.2538590133190155,0.25554201006889343,71764800
2018-11-10T00:00:00.000000Z,0.25558799505233765,0.2612299919128418,0.25494301319122314,0.2612299919128418,53086500
2018-11-11T00:00:00.000000Z,0.2603830099105835,0.27495598793029785,0.25877100229263306,0.27360498905181885,109488000
2018-11-12T00:00:00.000000Z,0.27403900027275085,0.28402501344680786,0.26690599322319031,0.2673259973526001,98560700
2018-11-13T00:00:00.000000Z,0.26754799485206604,0.26993298530578613,0.25582700967788696,0.25778698921203613,71147400
2018-11-14T00:00:00.000000Z,0.25695499777793884,0.25695499777793884,0.2201170027256012,0.23304300010204315,100039000
2018-11-15T00:00:00.000000Z,0.2330549955368042,0.24473300576210022,0.21588599681854248,0.24194400012493134,97300800
2018-11-16T00:00:00.000000Z,0.2400670051574707,0.24769200384616852,0.23599499464035034,0.23884999752044678,116280000
2018-11-17T00:00:00.000000Z,0.23675300180912018,0.24679499864578247,0.23386800289154053,0.24492700397968292,95893400
2018-11-18T00:00:00.000000Z,0.24489399790763855,0.25356400012969971,0.24489399790763855,0.24975800514221191,101810000
2018-11-19T00:00:00.000000Z,0.24961400032043457,0.24961400032043457,0.22433499991893768,0.22441199421882629,130056000
2018-11-20T00:00:00.000000Z,0.22457300126552582,0.23049099743366241,0.18469800055027008,0.19319300353527069,154290000
2018-11-21T00:00:00.000000Z,0.19401499629020691,0.20837900042533875,0.18616299331188202,0.20368799567222595,108181000
2018-11-22T00:00:00.000000Z,0.2034589946269989,0.20510999858379364,0.18779699504375458,0.18779699504375458,81440600
2018-11-23T00:00:00.000000Z,0.18744100630283356,0.18944500386714935,0.17611199617385864,0.18121099472045898,101304000
2018-11-24T00:00:00.000000Z,0.18191200494766235,0.18499399721622467,0.14906300604343414,0.15420499444007874,98670200
2018-11-25T00:00:00.000000Z,0.15543000400066376,0.15961900353431702,0.13373400270938873,0.15960699319839478,137467000
2018-11-26T00:00:00.000000Z,0.15919500589370728,0.1632629930973053,0.13748699426651001,0.1447950005531311,105913000
2018-11-27T00:00:00.000000Z,0.14435499906539917,0.14666399359703064,0.13798700273036957,0.14437399804592133,81742500
2018-11-28T00:00:00.000000Z,0.14411099255084991,0.16760599613189697,0.14411099255084991,0.16223700344562531,101285000
2018-11-29T00:00:00.000000Z,0.16183100640773773,0.17210699617862701,0.15542300045490265,0.1650799959897995,88862064
2018-11-30T00:00:00.000000Z,0.16495700180530548,0.17241500318050385,0.1540369987487793,0.15862999856472015,95843387
2018-12-01T00:00:00.000000Z,0.15908800065517426,0.17011800408363342,0.15645299851894379,0.16633200645446777,83084025
2018-12-02T00:00:00.000000Z,0.16551400721073151,0.16980600357055664,0.15968999266624451,0.16030099987983704,75295614
2018-12-03T00:00:00.000000Z,0.16067899763584137,0.16121700406074524,0.14833000302314758,0.14953599870204926,76449399
2018-12-04T00:00:00.000000Z,0.14928700029850006,0.15454299747943878,0.14642499387264252,0.1476529985666275,71173373
2018-12-05T00:00:00.000000Z,0.14782099425792694,0.14789600670337677,0.13593600690364838,0.13593600690364838,68043240
2018-12-06T00:00:00.000000Z,0.13559100031852722,0.13922600448131561,0.11959400027990341,0.11959400027990341,152806952
2018-12-07T00:00:00.000000Z,0.1194709986448288,0.1194709986448288,0.10693100094795227,0.11526300013065338,174082644
2018-12-08T00:00:00.000000Z,0.11539100110530853,0.12520299851894379,0.1125670000910759,0.11899299919605255,157281952
2018-12-09T00:00:00.000000Z,0.11860000342130661,0.12653699517250061,0.11820600181818008,0.12432800233364105,184624488
2018-12-10T00:00:00.000000Z,0.12421800196170807,0.12544399499893188,0.11632200330495834,0.11825300008058548,92973561
2018-12-11T00:00:00.000000Z,0.11801700294017792,0.11916100233793259,0.11238899827003479,0.11283499747514725,198352456
2018-12-12T00:00:00.000000Z,0.11266399919986725,0.11623600125312805,0.11128199845552444,0.11368999630212784,90782295
2018-12-13T00:00:00.000000Z,0.11375399678945541,0.11375399678945541,0.10456299781799316,0.10580000281333923,51964279
2018-12-14T00:00:00.000000Z,0.10565599799156189,0.10565599799156189,0.095881000161170959,0.097740001976490021,75210407
2018-12-15T00:00:00.000000Z,0.097866997122764587,0.099413000047206879,0.093139998614788055,0.09543900191783905,80164249
2018-12-16T00:00:00.000000Z,0.095469996333122253,0.09958600252866745,0.095270000398159027,0.096277996897697449,64490415
2018-12-17T00:00:00.000000Z,0.096490003168582916,0.11273899674415588,0.096297003328800201,0.10969299823045731,103169894
2018-12-18T00:00:00.000000Z,0.10967099666595459,0.11433000117540359,0.1076119989156723,0.11433000117540359,96486763
2018-12-19T00:00:00.000000Z,0.11473099887371063,0.12659700214862823,0.11424499750137329,0.11424499750137329,113320280
2018-12-20T00:00:00.000000Z,0.11386500298976898,0.12765899300575256,0.11352399736642838,0.12655000388622284,125348361
2018-12-21T00:00:00.000000Z,0.12617899477481842,0.13344000279903412,0.11737900227308273,0.11991599947214127,140455598
2018-12-22T00:00:00.000000Z,0.11999700218439102,0.12358800321817398,0.11733099818229675,0.12274999916553497,131136807
2018-12-23T00:00:00.000000Z,0.12320800125598907,0.12849399447441101,0.12260399758815765,0.12658500671386719,128331036
2018-12-24T00:00:00.000000Z,0.12666800618171692,0.14135099947452545,0.12666800618171692,0.13252000510692596,169588599
2018-12-25T00:00:00.000000Z,0.1331229954957962,0.13334199786186218,0.11914300173521042,0.12168200314044952,111648903
2018-12-26T00:00:00.000000Z,0.12173499912023544,0.12553000450134277,0.11789300292730331,0.12060700356960297,105367076
2018-12-27T00:00:00.000000Z,0.12048699706792831,0.12064500153064728,0.11015699803829193,0.11048600077629089,84397745
2018-12-28T00:00:00.000000Z,0.11051300168037415,0.12275999784469604,0.10965800285339355,0.12138299643993378,122279839
2018-12-29T00:00:00.000000Z,0.12167699635028839,0.12235599756240845,0.11803600192070007,0.11803600192070007,99849382
2018-12-30T00:00:00.000000Z,0.11828400194644928,0.11934500187635422,0.11632899940013885,0.11743000149726868,87412670
2018-12-31T00:00:00.000000Z,0.11770900338888168,0.11788800358772278,0.11250600218772888,0.11281300336122513,101118303
2019-01-01T00:00:00.000000Z,0.1129319965839386,0.11850500106811523,0.11222299933433533,0.11592999845743179,91630088
2019-01-02T00:00:00.000000Z,0.1160539984703064,0.11936800181865692,0.11419700086116791,0.1193310022354126,106949561
2019-01-03T00:00:00.000000Z,0.11894600093364716,0.11897599697113037,0.11357100307941437,0.1138250008225441,90192344
2019-01-04T00:00:00.000000Z,0.1137780025601387,0.11709500104188919,0.11270900070667267,0.11536099761724472,80564462
2019-01-05T00:00:00.000000Z,0.11512800306081772,0.11661399900913239,0.11353600025177002,0.11404599994421005,88463994
2019-01-06T00:00:00.000000Z,0.1140730008482933,0.12152700126171112,0.11329299956560135,0.12038400024175644,93094440
2019-01-07T00:00:00.000000Z,0.12030299752950668,0.12410599738359451,0.12002100050449371,0.12321999669075012,95010988
2019-01-08T00:00:00.000000Z,0.12325999885797501,0.12919099628925323,0.12054099887609482,0.12311899662017822,104584394
2019-01-09T00:00:00.000000Z,0.12321300059556961,0.12440899759531021,0.12221399694681168,0.12377399951219559,94733730
2019-01-10T00:00:00.000000Z,0.12382999807596207,0.1283939927816391,0.10724800080060959,0.10987900197505951,128623288
2019-01-11T00:00:00.000000Z,0.10877600312232971,0.11190400272607803,0.10621099919080734,0.10733199864625931,102731220
2019-01-12T00:00:00.000000Z,0.10726899653673172,0.1077520027756691,0.10577800124883652,0.10676400363445282,103509557
2019-01-13T00:00:00.000000Z,0.1067579984664917,0.11177500337362289,0.10323099792003632,0.10360900312662125,119389904
2019-01-14T00:00:00.000000Z,0.10364899784326553,0.1101280003786087,0.10364899784326553,0.10964900255203247,110842789
2019-01-15T00:00:00.000000Z,0.1094219982624054,0.10995399951934814,0.10542699694633484,0.10568500310182571,89555967
2019-01-16T00:00:00.000000Z,0.10583700239658356,0.10806000232696533,0.10567899793386459,0.10689099878072739,92258083
2019-01-17T00:00:00.000000Z,0.10670799762010574,0.10885600000619888,0.10566700249910355,0.10846100002527237,110024544
2019-01-18T00:00:00.000000Z,0.10831200331449509,0.10893700271844864,0.10580199956893921,0.10682100057601929,84272978
2019-01-19T00:00:00.000000Z,0.10686299949884415,0.11006300151348114,0.10670699924230576,0.10830400139093399,111942030
2019-01-20T00:00:00.000000Z,0.10819499939680099,0.10890600085258484,0.10394400358200073,0.10470200330018997,123424390
2019-01-21T00:00:00.000000Z,0.10468299686908722,0.10485599935054779,0.10267599672079086,0.1033800020813942,111143574
2019-01-22T00:00:00.000000Z,0.10365000367164612,0.10498599708080292,0.10169000178575516,0.10410299897193909,129057418
2019-01-23T00:00:00.000000Z,0.10413400083780289,0.10434900224208832,0.10158400237560272,0.10257600247859955,97605045
2019-01-24T00:00:00.000000Z,0.1023700013756752,0.1026649996638298,0.10122200101613998,0.10221000015735626,109073513
2019-01-25T00:00:00.000000Z,0.10196900367736816,0.10196900367736816,0.10018999874591827,0.1017410010099411,102773915
2019-01-26T00:00:00.000000Z,0.10168900340795517,0.10444100201129913,0.098994001746177673,0.10001400113105774,142586255
2019-01-27T00:00:00.000000Z,0.099887996912002563,0.10035199671983719,0.095464996993541718,0.096316002309322357,134988476
2019-01-28T00:00:00.000000Z,0.096386998891830444,0.096542999148368835,0.086066998541355133,0.087903998792171478,135847055
2019-01-29T00:00:00.000000Z,0.088322997093200684,0.088322997093200684,0.082704998552799225,0.083922997117042542,155745244
2019-01-30T00:00:00.000000Z,0.083717003464698792,0.08718399703502655,0.082639999687671661,0.085634000599384308,174265317
2019-01-31T00:00:00.000000Z,0.085654996335506439,0.087895996868610382,0.082284003496170044,0.082630999386310577,148616345
2019-02-01T00:00:00.000000Z,0.082803003489971161,0.084435001015663147,0.08053000271320343,0.083580002188682556,143454405
2019-02-02T00:00:00.000000Z,0.083288997411727905,0.084420002996921539,0.081975996494293213,0.083089999854564667,142365606
2019-02-03T00:00:00.000000Z,0.083082996308803558,0.083375997841358185,0.080471999943256378,0.081347003579139709,106729578
2019-02-04T00:00:00.000000Z,0.081295996904373169,0.082248002290725708,0.079663999378681183,0.079729996621608734,83103229
2019-02-05T00:00:00.000000Z,0.079580999910831451,0.079744003713130951,0.076990999281406403,0.077881999313831329,93209184
2019-02-06T00:00:00.000000Z,0.078064002096652985,0.078359998762607574,0.073614999651908875,0.074386999011039734,153042575
2019-02-07T00:00:00.000000Z,0.074493996798992157,0.07699199765920639,0.073654003441333771,0.074688002467155457,121452716
2019-02-08T00:00:00.000000Z,0.074717000126838684,0.082528002560138702,0.073899000883102417,0.081224001944065094,137845934
2019-02-09T00:00:00.000000Z,0.081242002546787262,0.081955999135971069,0.079928003251552582,0.080807998776435852,128687271
2019-02-10T00:00:00.000000Z,0.080894000828266144,0.081390000879764557,0.077845998108386993,0.080393001437187195,133339149
2019-02-11T00:00:00.000000Z,0.080656997859477997,0.080656997859477997,0.07750999927520752,0.077595002949237823,193770299
2019-02-12T00:00:00.000000Z,0.07757200300693512,0.078941002488136292,0.075940996408462524,0.077615998685359955,181940100
2019-02-13T00:00:00.000000Z,0.077661000192165375,0.078840002417564392,0.07612299919128418,0.076990000903606415,151128267
2019-02-14T00:00:00.000000Z,0.076976001262664795,0.077315002679824829,0.075370997190475464,0.076635003089904785,230125007
2019-02-15T00:00:00.000000Z,0.076664999127388,0.080932997167110443,0.076297000050544739,0.079276002943515778,188673144
2019-02-16T00:00:00.000000Z,0.079207003116607666,0.079333998262882233,0.07793000340461731,0.07842099666595459,158123867
2019-02-17T00:00:00.000000Z,0.07840999960899353,0.079865001142024994,0.077733002603054047,0.079608000814914703,123466543
2019-02-18T00:00:00.000000Z,0.079603001475334167,0.084028996527194977,0.07949800044298172,0.083691000938415527,131352903
2019-02-19T00:00:00.000000Z,0.083815999329090118,0.092082001268863678,0.08340899646282196,0.089982002973556519,183733552
2019-02-20T00:00:00.000000Z,0.090029001235961914,0.091734997928142548,0.087043002247810364,0.091734997928142548,154754814
2019-02-21T00:00:00.000000Z,0.091789998114109039,0.093161001801490784,0.088247999548912048,0.089091002941131592,142797864
2019-02-22T00:00:00.000000Z,0.088946998119354248,0.091433003544807434,0.08819899708032608,0.090668000280857086,89852657
2019-02-23T00:00:00.000000Z,0.090721003711223602,0.095167003571987152,0.089777998626232147,0.094256997108459473,120783643
2019-02-24T00:00:00.000000Z,0.094385996460914612,0.096577003598213196,0.082806997001171112,0.084233999252319336,167217216
2019-02-25T00:00:00.000000Z,0.083897002041339874,0.08943600207567215,0.083897002041339874,0.08730500191450119,129415111
2019-02-26T00:00:00.000000Z,0.08716999739408493,0.087615996599197388,0.084843002259731293,0.086800001561641693,123369778
2019-02-27T00:00:00.000000Z,0.086928002536296844,0.087520003318786621,0.084697000682353973,0.086194999516010284,116962261
2019-02-28T00:00:00.000000Z,0.086014002561569214,0.086491003632545471,0.084702000021934509,0.085502997040748596,112773498
2019-03-01T00:00:00.000000Z,0.085505001246929169,0.087677001953125,0.084665000438690186,0.085832998156547546,115886661
2019-03-02T00:00:00.000000Z,0.085858002305030823,0.086745001375675201,0.083572998642921448,0.084459997713565826,103522009
2019-03-03T00:00:00.000000Z,0.084302999079227448,0.088583000004291534,0.083437003195285797,0.087235003709793091,121355279
2019-03-04T00:00:00.000000Z,0.086924001574516296,0.087056003510951996,0.081727996468544006,0.083539001643657684,133895180
2019-03-05T00:00:00.000000Z,0.083503998816013336,0.086621999740600586,0.082984000444412231,0.086299002170562744,162905354
2019-03-06T00:00:00.000000Z,0.086337998509407043,0.086609996855258942,0.084500998258590698,0.085565999150276184,139934665
2019-03-07T00:00:00.000000Z,0.085533998906612396,0.086222998797893524,0.084875002503395081,0.085541002452373505,121504120
2019-03-08T00:00:00.000000Z,0.085607998073101044,0.089432001113891602,0.085383996367454529,0.08724600076675415,142744836
2019-03-09T00:00:00.000000Z,0.087038002908229828,0.090924002230167389,0.086833000183105469,0.089744001626968384,138039148
2019-03-10T00:00:00.000000Z,0.090054996311664581,0.10157100111246109,0.089515998959541321,0.10003899782896042,206273829
2019-03-11T00:00:00.000000Z,0.09986499696969986,0.10783600062131882,0.09917999804019928,0.10226300358772278,233084341
2019-03-12T00:00:00.000000Z,0.10232199728488922,0.10638199746608734,0.097572997212409973,0.10459800064563751,155318737
2019-03-13T00:00:00.000000Z,0.10451199859380722,0.10954599827528,0.10210499912500381,0.10819900035858154,158665263
2019-03-14T00:00:00.000000Z,0.10810299962759018,0.11170899868011475,0.10691700130701065,0.10727199912071228,167089004
2019-03-15T00:00:00.000000Z,0.10721000283956528,0.10845299810171127,0.10510899871587753,0.10777299851179123,128011254
2019-03-16T00:00:00.000000Z,0.10783600062131882,0.11090400069952011,0.10766199976205826,0.10961899906396866,146002756
2019-03-17T00:00:00.000000Z,0.10958400368690491,0.10969100147485733,0.10816299915313721,0.10938499867916107,149591732
2019-03-18T00:00:00.000000Z,0.10948599874973297,0.11803500354290009,0.10835800319910049,0.1159140020608902,234881352
2019-03-19T00:00:00.000000Z,0.11619800329208374,0.1178399994969368,0.11267299950122833,0.11324799805879593,263893228
2019-03-20T00:00:00.000000Z,0.11358600109815598,0.11383000016212463,0.11079899966716766,0.11140300333499908,285900109
2019-03-21T00:00:00.000000Z,0.11150500178337097,0.11195199936628342,0.10523399710655212,0.10794699937105179,314783767
2019-03-22T00:00:00.000000Z,0.10794799774885178,0.11018899828195572,0.10668300092220306,0.10869300365447998,242127250
2019-03-23T00:00:00.000000Z,0.10852000117301941,0.1096469983458519,0.107014000415802,0.10828100144863129,214433790
2019-03-24T00:00:00.000000Z,0.10794399678707123,0.10831999778747559,0.10544800013303757,0.1060120016336441,207117072
2019-03-25T00:00:00.000000Z,0.10610699653625488,0.10632999986410141,0.10153099894523621,0.10246899724006653,213883511
2019-03-26T00:00:00.000000Z,0.10248500108718872,0.10420399904251099,0.098930001258850098,0.10337900370359421,243408090
2019-03-27T00:00:00.000000Z,0.10338100045919418,0.10825400054454803,0.10327000170946121,0.10806199908256531,306202676
2019-03-28T00:00:00.000000Z,0.10801699757575989,0.10894999653100967,0.10599400103092194,0.10744000226259232,215643532
2019-03-29T00:00:00.000000Z,0.10741599649190903,0.10845600068569183,0.10620599985122681,0.10757199674844742,289766754
2019-03-30T00:00:00.000000Z,0.10757800191640854,0.11229400336742401,0.10568500310182571,0.10735899955034256,328747048
2019-03-31T00:00:00.000000Z,0.10742300003767014,0.10808800160884857,0.10602399706840515,0.1076510027050972,268624667
2019-04-01T00:00:00.000000Z,0.10764200240373611,0.11019200086593628,0.1074099987745285,0.10961499810218811,301225293
2019-04-02T00:00:00.000000Z,0.10962799936532974,0.12204699963331223,0.10906799882650375,0.12190099805593491,574669736
2019-04-03T00:00:00.000000Z,0.12185899913311005,0.13216200470924377,0.11951100081205368,0.12133900076150894,342896672
2019-04-04T00:00:00.000000Z,0.12131399661302567,0.12536600232124329,0.11705700308084488,0.11878799647092819,335300168
2019-04-05T00:00:00.000000Z,0.11879000067710876,0.12792299687862396,0.11871399730443954,0.1263670027256012,443759813
2019-04-06T00:00:00.000000Z,0.12637799978256226,0.13014900684356689,0.12320899963378906,0.12472900003194809,309328452
2019-04-07T00:00:00.000000Z,0.12470699846744537,0.13214799761772156,0.12342700362205505,0.13030299544334412,349981246
2019-04-08T00:00:00.000000Z,0.13049499690532684,0.13470099866390228,0.12659899890422821,0.13199600577354431,356932080
2019-04-09T00:00:00.000000Z,0.13201500475406647,0.13201500475406647,0.12480399757623672,0.12538400292396545,317403406
2019-04-10T00:00:00.000000Z,0.12536199390888214,0.12842200696468353,0.12409999966621399,0.12546199560165405,315278613
2019-04-11T00:00:00.000000Z,0.12548500299453735,0.12587900459766388,0.11283700168132782,0.11668500304222107,367545646
2019-04-12T00:00:00.000000Z,0.11674699932336807,0.11674699932336807,0.1123490035533905,0.1146090030670166,298547662
2019-04-13T00:00:00.000000Z,0.1145860031247139,0.11761000007390976,0.11420200020074844,0.11589799821376801,274954171
2019-04-14T00:00:00.000000Z,0.11591800302267075,0.12428800016641617,0.11380899697542191,0.11666300147771835,233364143
2019-04-15T00:00:00.000000Z,0.11664699763059616,0.11947300285100937,0.11289799958467484,0.11362899839878082,244231543
2019-04-16T00:00:00.000000Z,0.11364000290632248,0.11750499904155731,0.11189299821853638,0.11750499904155731,228442393
2019-04-17T00:00:00.000000Z,0.11751200258731842,0.11751200258731842,0.11477299779653549,0.1166360005736351,299495677
2019-04-18T00:00:00.000000Z,0.11665499955415726,0.11923699826002121,0.1155880019068718,0.11736299842596054,281638808
2019-04-19T00:00:00.000000Z,0.11727699637413025,0.11731699854135513,0.11473599821329117,0.11573699861764908,274207136
2019-04-20T00:00:00.000000Z,0.11582700163125992,0.11733999848365784,0.11401599645614624,0.11553200334310532,231893390
2019-04-21T00:00:00.000000Z,0.1154789999127388,0.11582800000905991,0.11010900139808655,0.1124039962887764,244064678
2019-04-22T00:00:00.000000Z,0.11243800073862076,0.11432299762964249,0.11066599935293198,0.11349499970674515,247272040
2019-04-23T00:00:00.000000Z,0.11349999904632568,0.11463599652051926,0.11109600216150284,0.11182399839162827,249524440
2019-04-24T00:00:00.000000Z,0.11179299652576447,0.11179299652576447,0.10124199837446213,0.10325899720191956,296187705
2019-04-25T00:00:00.000000Z,0.10328400135040283,0.10581699758768082,0.098894000053405762,0.099074997007846832,257140761
2019-04-26T00:00:00.000000Z,0.099127002060413361,0.10105200111865997,0.09721200168132782,0.099140003323554993,253112252
2019-04-27T00:00:00.000000Z,0.099223002791404724,0.10105200111865997,0.098576001822948456,0.099950999021530151,201403658
2019-04-28T00:00:00.000000Z,0.099991999566555023,0.10077399760484695,0.097777999937534332,0.098736003041267395,184650540
2019-04-29T00:00:00.000000Z,0.098736003041267395,0.1004209965467453,0.095002003014087677,0.096474997699260712,193230516
2019-04-30T00:00:00.000000Z,0.096437998116016388,0.10028000175952911,0.096313998103141785,0.099953003227710724,195522092
2019-05-01T00:00:00.000000Z,0.099878996610641479,0.10214100033044815,0.099684000015258789,0.10135100036859512,193384688
2019-05-02T00:00:00.000000Z,0.10144100338220596,0.10211499780416489,0.098696000874042511,0.10027500241994858,206633883
2019-05-03T00:00:00.000000Z,0.10023999959230423,0.10485699772834778,0.098566003143787384,0.10229499638080597,251161108
2019-05-04T00:00:00.000000Z,0.10226500034332275,0.10365899652242661,0.098608002066612244,0.099676996469497681,239944327
2019-05-05T00:00:00.000000Z,0.099762998521327972,0.10175599902868271,0.097336001694202423,0.098926998674869537,205158493
2019-05-06T00:00:00.000000Z,0.099044002592563629,0.099588997662067413,0.095550999045372009,0.097809001803398132,216507559
2019-05-07T00:00:00.000000Z,0.097613997757434845,0.099226996302604675,0.094925999641418457,0.094925999641418457,212014101
2019-05-08T00:00:00.000000Z,0.094907999038696289,0.095035001635551453,0.093477003276348114,0.093696996569633484,205343058
2019-05-09T00:00:00.000000Z,0.09369099885225296,0.095656000077724457,0.088298000395298004,0.090231999754905701,220103357
2019-05-10T00:00:00.000000Z,0.090271003544330597,0.093524999916553497,0.088850997388362885,0.092451997101306915,241131699
2019-05-11T00:00:00.000000Z,0.092423997819423676,0.1057019978761673,0.092335999011993408,0.10422799736261368,377230951
2019-05-12T00:00:00.000000Z,0.10412800312042236,0.10610400140285492,0.09686800092458725,0.098866000771522522,347468949
2019-05-13T00:00:00.000000Z,0.098953001201152802,0.1030689999461174,0.09873499721288681,0.10041599720716476,388830187
2019-05-14T00:00:00.000000Z,0.1004360020160675,0.11527299880981445,0.099607996642589569,0.1129940003156662,803031426
2019-05-15T00:00:00.000000Z,0.11309599876403809,0.13700200617313385,0.1129240021109581,0.13700200617313385,570303022
2019-05-16T00:00:00.000000Z,0.13717199862003326,0.1583469957113266,0.13263699412345886,0.13728299736976624,837742777
2019-05-17T00:00:00.000000Z,0.13721300661563873,0.13891400396823883,0.11932200193405151,0.12656199932098389,539181496
2019-05-18T00:00:00.000000Z,0.12822400033473969,0.13517899811267853,0.12720000743865967,0.12883299589157104,433692513
2019-05-19T00:00:00.000000Z,0.12874600291252136,0.14291200041770935,0.12761799991130829,0.14148500561714172,526532031
2019-05-20T00:00:00.000000Z,0.14146199822425842,0.14149199426174164,0.13076899945735931,0.13554500043392181,502307578
2019-05-21T00:00:00.000000Z,0.13557599484920502,0.13639199733734131,0.13184800744056702,0.13432599604129791,411336483
2019-05-22T00:00:00.000000Z,0.13426700234413147,0.135235995054245,0.12301100045442581,0.12425699830055237,414103053
2019-05-23T00:00:00.000000Z,0.12424000352621078,0.12637500464916229,0.12003599852323532,0.12516699731349945,440656426
2019-05-24T00:00:00.000000Z,0.12519000470638275,0.12930800020694733,0.12337800115346909,0.12594400346279144,453216069
2019-05-25T00:00:00.000000Z,0.12600100040435791,0.12831500172615051,0.12509000301361084,0.12582099437713623,344507034
2019-05-26T00:00:00.000000Z,0.12579600512981415,0.13426400721073151,0.12393400073051453,0.13313500583171844,400434268
2019-05-27T00:00:00.000000Z,0.13326500356197357,0.14159700274467468,0.13230000436306,0.13686899840831757,508588037
2019-05-28T00:00:00.000000Z,0.13684099912643433,0.1390870064496994,0.13223400712013245,0.13896000385284424,516088336
2019-05-29T00:00:00.000000Z,0.13903899490833282,0.13906499743461609,0.13219000399112701,0.13649100065231323,495108156
2019-05-30T00:00:00.000000Z,0.13652500510215759,0.14319300651550293,0.12775099277496338,0.13006700575351715,634399476
2019-05-31T00:00:00.000000Z,0.13008800148963928,0.13388900458812714,0.12633199989795685,0.13366399705410004,429586829
2019-06-01T00:00:00.000000Z,0.13364499807357788,0.13425500690937042,0.12994299829006195,0.13310100138187408,463748030
2019-06-02T00:00:00.000000Z,0.13312600553035736,0.13786900043487549,0.13304400444030762,0.13762299716472626,428728158
2019-06-03T00:00:00.000000Z,0.13752399384975433,0.13966099917888641,0.1296519935131073,0.12998299300670624,451453721
2019-06-04T00:00:00.000000Z,0.13005399703979492,0.13005399703979492,0.11895400285720825,0.12207700312137604,472906605
2019-06-05T00:00:00.000000Z,0.12210100144147873,0.12540599703788757,0.12048400193452835,0.12128400057554245,364346501
2019-06-06T00:00:00.000000Z,0.12123599648475647,0.12453600019216537,0.11954700201749802,0.12438199669122696,426080833
2019-06-07T00:00:00.000000Z,0.12434700131416321,0.12918500602245331,0.12377600371837616,0.12754200398921967,437227118
2019-06-08T00:00:00.000000Z,0.12749999761581421,0.12823699414730072,0.12423799932003021,0.12627699971199036,395580903
2019-06-09T00:00:00.000000Z,0.12615799903869629,0.12648500502109528,0.11832399666309357,0.11991500109434128,369553778
2019-06-10T00:00:00.000000Z,0.11981099843978882,0.12465000152587891,0.11834800243377686,0.12393999844789505,351384678
2019-06-11T00:00:00.000000Z,0.12398400157690048,0.12428999692201614,0.11973199993371964,0.12282700091600418,379804245
2019-06-12T00:00:00.000000Z,0.12289399653673172,0.1269180029630661,0.1217539981007576,0.12644599378108978,438940968
2019-06-13T00:00:00.000000Z,0.12637299299240112,0.12703999876976013,0.12455999851226807,0.1247280016541481,458304561
2019-06-14T00:00:00.000000Z,0.12476400285959244,0.12542100250720978,0.1218779981136322,0.12532000243663788,352099385
2019-06-15T00:00:00.000000Z,0.12526200711727142,0.12764999270439148,0.12461800128221512,0.12674200534820557,322647447
2019-06-16T00:00:00.000000Z,0.12668499350547791,0.13188999891281128,0.12615799903869629,0.12981599569320679,330880314
2019-06-17T00:00:00.000000Z,0.12974800169467926,0.13149100542068481,0.12855899333953857,0.13103500008583069,248165709
2019-06-18T00:00:00.000000Z,0.1310579925775528,0.13158999383449554,0.12369199842214584,0.1245649978518486,277401410
2019-06-19T00:00:00.000000Z,0.1245260015130043,0.12638600170612335,0.12333899736404419,0.12430199980735779,230628666
2019-06-20T00:00:00.000000Z,0.1243550032377243,0.12460500001907349,0.12080699950456619,0.12150699645280838,274018148
2019-06-21T00:00:00.000000Z,0.12148299813270569,0.12567299604415894,0.12136500328779221,0.12404800206422806,265396330
2019-06-22T00:00:00.000000Z,0.12419600039720535,0.13481299579143524,0.12411999702453613,0.12905000150203705,500748608
2019-06-23T00:00:00.000000Z,0.12909600138664246,0.13216300308704376,0.12726600468158722,0.12737800180912018,393971399
2019-06-24T00:00:00.000000Z,0.12747199833393097,0.12899400293827057,0.12508599460124969,0.1277489960193634,387038340
2019-06-25T00:00:00.000000Z,0.12777300179004669,0.1290619969367981,0.12258899956941605,0.12449099868535995,504489450
2019-06-26T00:00:00.000000Z,0.1244800016283989,0.13185100257396698,0.12182699888944626,0.12262800335884094,691216184
2019-06-27T00:00:00.000000Z,0.12268999963998795,0.12382400035858154,0.10339199751615524,0.10749399662017822,614497106
2019-06-28T00:00:00.000000Z,0.10750800371170044,0.11227799952030182,0.10695400089025497,0.11202000081539154,490424131
2019-06-29T00:00:00.000000Z,0.11203700304031372,0.11672099679708481,0.10638099908828735,0.11450400203466415,452566257
2019-06-30T00:00:00.000000Z,0.11513099819421768,0.11513099819421768,0.10434500128030777,0.10434500128030777,402976986
2019-07-01T00:00:00.000000Z,0.10438700020313263,0.10875499993562698,0.10122299939393997,0.10528399795293808,435487154
2019-07-02T00:00:00.000000Z,0.10521099716424942,0.10591600090265274,0.099550001323223114,0.10339000076055527,475476536
2019-07-03T00:00:00.000000Z,0.10336600244045258,0.10682299733161926,0.10310900211334229,0.10672400146722794,427409681
2019-07-04T00:00:00.000000Z,0.10673999786376953,0.10691100358963013,0.099625997245311737,0.099725000560283661,377443850
2019-07-05T00:00:00.000000Z,0.099689997732639313,0.10199899971485138,0.099219001829624176,0.099890999495983124,347775554
2019-07-06T00:00:00.000000Z,0.099891997873783112,0.10421399772167206,0.099891997873783112,0.1028750017285347,255386488
2019-07-07T00:00:00.000000Z,0.10292699933052063,0.10579399764537811,0.10218299925327301,0.10505399852991104,235672563
2019-07-08T00:00:00.000000Z,0.10499399900436401,0.1062299981713295,0.10390900075435638,0.10502299666404724,265492741
2019-07-09T00:00:00.000000Z,0.10508199781179428,0.10596399754285812,0.10110499709844589,0.1018339991569519,382565280
2019-07-10T00:00:00.000000Z,0.10183600336313248,0.10248900204896927,0.09328799694776535,0.095057003200054169,423744161
2019-07-11T00:00:00.000000Z,0.095068998634815216,0.095118001103401184,0.08625900000333786,0.087007999420166016,439572687
2019-07-12T00:00:00.000000Z,0.087024003267288208,0.10010799765586853,0.086709998548030853,0.097962997853755951,495900791
2019-07-13T00:00:00.000000Z,0.097958996891975403,0.09942299872636795,0.091894999146461487,0.095467999577522278,284411670
2019-07-14T00:00:00.000000Z,0.095696002244949341,0.096290998160839081,0.086012996733188629,0.086249001324176788,257679688
2019-07-15T00:00:00.000000Z,0.086236998438835144,0.08809400349855423,0.082382999360561371,0.086489997804164886,264746575
2019-07-16T00:00:00.000000Z,0.086446002125740051,0.088593997061252594,0.077816002070903778,0.078317999839782715,371646281
2019-07-17T00:00:00.000000Z,0.078204996883869171,0.083683997392654419,0.075819998979568481,0.080627001821994781,405806844
2019-07-18T00:00:00.000000Z,0.080655999481678009,0.090424001216888428,0.079823002219200134,0.088881999254226685,370257694
2019-07-19T00:00:00.000000Z,0.088843002915382385,0.094898000359535217,0.087411999702453613,0.093768000602722168,251437101
2019-07-20T00:00:00.000000Z,0.093801997601985931,0.096845000982284546,0.091963000595569611,0.095110997557640076,202683212
2019-07-21T00:00:00.000000Z,0.095013000071048737,0.09507499635219574,0.089178003370761871,0.091201998293399811,171556898
2019-07-22T00:00:00.000000Z,0.091208003461360931,0.091741003096103668,0.086987003684043884,0.088876001536846161,147558601
2019-07-23T00:00:00.000000Z,0.088811002671718597,0.088868997991085052,0.083314001560211182,0.084467999637126923,139738992
2019-07-24T00:00:00.000000Z,0.084459997713565826,0.086308002471923828,0.081665001809597015,0.08600199967622757,149224673
2019-07-25T00:00:00.000000Z,0.086075000464916229,0.087720997631549835,0.08533100038766861,0.085689999163150787,127081012
2019-07-26T00:00:00.000000Z,0.085681997239589691,0.089248999953269958,0.083875000476837158,0.087964996695518494,114644440
2019-07-27T00:00:00.000000Z,0.08794199675321579,0.089107997715473175,0.08322799950838089,0.084322996437549591,115718523
2019-07-28T00:00:00.000000Z,0.084343999624252319,0.084784001111984253,0.081574998795986176,0.083677999675273895,70283125
2019-07-29T00:00:00.000000Z,0.08358599990606308,0.085372999310493469,0.082915998995304108,0.08351299911737442,80197266
2019-07-30T00:00:00.000000Z,0.08350999653339386,0.084385000169277191,0.082064002752304077,0.083562001585960388,94791854
2019-07-31T00:00:00.000000Z,0.083536997437477112,0.085061997175216675,0.083249002695083618,0.083931997418403625,93426573
2019-08-01T00:00:00.000000Z,0.083982996642589569,0.084205999970436096,0.081923000514507294,0.083025999367237091,89880668
2019-08-02T00:00:00.000000Z,0.083057001233100891,0.083503000438213348,0.081895999610424042,0.081988997757434845,84985502
2019-08-03T00:00:00.000000Z,0.081977002322673798,0.083322003483772278,0.081756003201007843,0.082395002245903015,75229978
2019-08-04T00:00:00.000000Z,0.082405999302864075,0.082736000418663025,0.080889001488685608,0.082129999995231628,74352871
2019-08-05T00:00:00.000000Z,0.082102999091148376,0.084320999681949615,0.081518001854419708,0.082618996500968933,102754847
2019-08-06T00:00:00.000000Z,0.082681998610496521,0.082681998610496521,0.077290996909141541,0.07821200042963028,97389157
2019-08-07T00:00:00.000000Z,0.078218996524810791,0.078988000750541687,0.077178001403808594,0.078640997409820557,78756128
2019-08-08T00:00:00.000000Z,0.078634999692440033,0.078699000179767609,0.076314002275466919,0.076857000589370728,88983461
2019-08-09T00:00:00.000000Z,0.076844997704029083,0.076883003115653992,0.072033002972602844,0.072203002870082855,84929047
2019-08-10T00:00:00.000000Z,0.072232000529766083,0.074185997247695923,0.071869000792503357,0.073749996721744537,86727143
2019-08-11T00:00:00.000000Z,0.073747999966144562,0.079732999205589294,0.073659002780914307,0.077840998768806458,78355614
2019-08-12T00:00:00.000000Z,0.077844999730587006,0.077982001006603241,0.075291998684406281,0.075415000319480896,59481832
2019-08-13T00:00:00.000000Z,0.075393997132778168,0.075488999485969543,0.072972998023033142,0.074161998927593231,66931104
2019-08-14T00:00:00.000000Z,0.074178002774715424,0.074251003563404083,0.068218998610973358,0.069182999432086945,120226159
2019-08-15T00:00:00.000000Z,0.069197997450828552,0.070785000920295715,0.066478997468948364,0.070261001586914062,90818716
2019-08-16T00:00:00.000000Z,0.070277996361255646,0.070313997566699982,0.067504003643989563,0.068920999765396118,78485093
2019-08-17T00:00:00.000000Z,0.068937003612518311,0.069280996918678284,0.067075997591018677,0.06788799911737442,55150617
2019-08-18T00:00:00.000000Z,0.067925997078418732,0.071503996849060059,0.067653998732566833,0.070785000920295715,66660569
2019-08-19T00:00:00.000000Z,0.070789001882076263,0.071923002600669861,0.070385001599788666,0.071795001626014709,58818263
2019-08-20T00:00:00.000000Z,0.071828998625278473,0.071980997920036316,0.069084003567695618,0.070200003683567047,89078888
2019-08-21T00:00:00.000000Z,0.070308998227119446,0.070325002074241638,0.066983997821807861,0.067697003483772278,110167826
2019-08-22T00:00:00.000000Z,0.067656002938747406,0.069495998322963715,0.063983000814914703,0.066137999296188354,110588268
2019-08-23T00:00:00.000000Z,0.066151000559329987,0.069458000361919403,0.065573997795581818,0.068925000727176666,111043772
2019-08-24T00:00:00.000000Z,0.068962998688220978,0.069600999355316162,0.0665849968791008,0.06726200133562088,116818090
2019-08-25T00:00:00.000000Z,0.067253999412059784,0.072535999119281769,0.06663300096988678,0.071676000952720642,116852501
2019-08-26T00:00:00.000000Z,0.071547001600265503,0.073149003088474274,0.066908001899719238,0.070188999176025391,118501191
2019-08-27T00:00:00.000000Z,0.070211000740528107,0.071919001638889313,0.067785002291202545,0.068786002695560455,104867452
2019-08-28T00:00:00.000000Z,0.068769000470638275,0.071973003447055817,0.065278999507427216,0.066325001418590546,114989102
2019-08-29T00:00:00.000000Z,0.066405996680259705,0.06656000018119812,0.060816999524831772,0.062954001128673553,99453293
2019-08-30T00:00:00.000000Z,0.063054002821445465,0.0638590008020401,0.061693999916315079,0.062298998236656189,83811218
2019-08-31T00:00:00.000000Z,0.062304001301527023,0.063776999711990356,0.062042001634836197,0.06293100118637085,94063205
2019-09-01T00:00:00.000000Z,0.062933996319770813,0.064001999795436859,0.061707999557256699,0.062469001859426498,72357367
2019-09-02T00:00:00.000000Z,0.062470000237226486,0.063505999743938446,0.06174900010228157,0.06323300302028656,77297229
2019-09-03T00:00:00.000000Z,0.063252002000808716,0.063951000571250916,0.062619999051094055,0.063208997249603271,116050340
2019-09-04T00:00:00.000000Z,0.063222996890544891,0.063266001641750336,0.06185000017285347,0.062178000807762146,110306691
2019-09-05T00:00:00.000000Z,0.062189001590013504,0.062330000102519989,0.060329999774694443,0.060460999608039856,115399204
2019-09-06T00:00:00.000000Z,0.060465998947620392,0.061016000807285309,0.058304999023675919,0.058644998818635941,131869517
2019-09-07T00:00:00.000000Z,0.058595001697540283,0.061563000082969666,0.058538001030683517,0.059404000639915466,163818895
2019-09-08T00:00:00.000000Z,0.059588000178337097,0.062387999147176743,0.057227998971939087,0.060881998389959335,162947637
2019-09-09T00:00:00.000000Z,0.060890998691320419,0.061726998537778854,0.058302998542785645,0.059845998883247375,174615382
2019-09-10T00:00:00.000000Z,0.059822000563144684,0.06112699955701828,0.057532999664545059,0.058373000472784042,138086880
2019-09-11T00:00:00.000000Z,0.058387000113725662,0.060274001210927963,0.056830000132322311,0.059783998876810074,148593461
2019-09-12T00:00:00.000000Z,0.059852000325918198,0.060086999088525772,0.055135998874902725,0.058469001203775406,100813826
2019-09-13T00:00:00.000000Z,0.055580999702215195,0.058591000735759735,0.055551998317241669,0.056940000504255295,147493877
2019-09-14T00:00:00.000000Z,0.056871000677347183,0.058717001229524612,0.056696001440286636,0.057739999145269394,154528513
2019-09-15T00:00:00.000000Z,0.057757999747991562,0.058797001838684082,0.056674998253583908,0.058122999966144562,92378655
2019-09-16T00:00:00.000000Z,0.058171000331640244,0.059172000735998154,0.058063998818397522,0.058621000498533249,134036403
2019-09-17T00:00:00.000000Z,0.058639999479055405,0.065108999609947205,0.058463998138904572,0.063744999468326569,206732127
2019-09-18T00:00:00.000000Z,0.063649997115135193,0.086516998708248138,0.06180499866604805,0.083117999136447906,483022972
2019-09-19T00:00:00.000000Z,0.083131998777389526,0.087906002998352051,0.073763996362686157,0.081386998295783997,576321168
2019-09-20T00:00:00.000000Z,0.08142399787902832,0.081468001008033752,0.070924997329711914,0.073912002146244049,354516894
2019-09-21T00:00:00.000000Z,0.073896996676921844,0.074955001473426819,0.070670999586582184,0.071119002997875214,253088729
2019-09-22T00:00:00.000000Z,0.071203999221324921,0.071892999112606049,0.065872997045516968,0.06892000138759613,205953711
2019-09-23T00:00:00.000000Z,0.068967998027801514,0.070165000855922699,0.062547996640205383,0.062547996640205383,250065644
2019-09-24T00:00:00.000000Z,0.062710002064704895,0.066435001790523529,0.054294999688863754,0.054503999650478363,291704554
2019-09-25T00:00:00.000000Z,0.05432799831032753,0.059121999889612198,0.053447000682353973,0.057018999010324478,256568953
2019-09-26T00:00:00.000000Z,0.057016000151634216,0.0618709996342659,0.055222000926733017,0.058506999164819717,301698501
2019-09-27T00:00:00.000000Z,0.058515999466180801,0.060121998190879822,0.056988999247550964,0.059900000691413879,233545826
2019-09-28T00:00:00.000000Z,0.059797000139951706,0.061278998851776123,0.05769599974155426,0.058660000562667847,205415431
2019-09-29T00:00:00.000000Z,0.058671001344919205,0.060263000428676605,0.057186998426914215,0.05812700092792511,162849827
2019-09-30T00:00:00.000000Z,0.058109000325202942,0.061680000275373459,0.057360999286174774,0.06143999844789505,214887043
2019-10-01T00:00:00.000000Z,0.061540000140666962,0.062059998512268066,0.058549001812934875,0.059103000909090042,163726395
2019-10-02T00:00:00.000000Z,0.059080999344587326,0.059799998998641968,0.05810600146651268,0.05979200080037117,143895582
2019-10-03T00:00:00.000000Z,0.059769999235868454,0.059838000684976578,0.058325998485088348,0.058874998241662979,125596787
2019-10-04T00:00:00.000000Z,0.058828998357057571,0.059937000274658203,0.05837700143456459,0.059094998985528946,111323954
2019-10-05T00:00:00.000000Z,0.05905500054359436,0.059337001293897629,0.058483999222517014,0.059048999100923538,101952263
2019-10-06T00:00:00.000000Z,0.05904800072312355,0.059564001858234406,0.058428999036550522,0.059092000126838684,166037941
2019-10-07T00:00:00.000000Z,0.059078998863697052,0.062233999371528625,0.058729998767375946,0.061397001147270203,257114961
2019-10-08T00:00:00.000000Z,0.061383001506328583,0.062593996524810791,0.061136998236179352,0.061886001378297806,214910502
2019-10-09T00:00:00.000000Z,0.061880998313426971,0.064030997455120087,0.061335999518632889,0.063354998826980591,277951501
2019-10-10T00:00:00.000000Z,0.063331000506877899,0.063403002917766571,0.061540998518466949,0.061946000903844833,193649301
2019-10-11T00:00:00.000000Z,0.062020998448133469,0.062770001590251923,0.059094998985528946,0.06082100048661232,188990156
2019-10-12T00:00:00.000000Z,0.060787998139858246,0.062004998326301575,0.059032998979091644,0.059629000723361969,160068975
2019-10-13T00:00:00.000000Z,0.059590999037027359,0.061948001384735107,0.059131000190973282,0.06013600155711174,168514765
2019-10-14T00:00:00.000000Z,0.060187000781297684,0.064943999052047729,0.06018500030040741,0.064925000071525574,212625324
2019-10-15T00:00:00.000000Z,0.06491900235414505,0.065526999533176422,0.06315399706363678,0.064263999462127686,231975480
2019-10-16T00:00:00.000000Z,0.064318999648094177,0.064837001264095306,0.061611000448465347,0.062401000410318375,234805479
2019-10-17T00:00:00.000000Z,0.062430001795291901,0.06457199901342392,0.061928000301122665,0.06454700231552124,258080003
2019-10-18T00:00:00.000000Z,0.064537003636360168,0.06460600346326828,0.062392998486757278,0.063717000186443329,258071462
2019-10-19T00:00:00.000000Z,0.063758000731468201,0.06381700187921524,0.062862999737262726,0.063089996576309204,212225225
2019-10-20T00:00:00.000000Z,0.063101999461650848,0.063675999641418457,0.062538996338844299,0.06324700266122818,228457502
2019-10-21T00:00:00.000000Z,0.063259996473789215,0.064158998429775238,0.063026003539562225,0.063974998891353607,189287650
2019-10-22T00:00:00.000000Z,0.064044997096061707,0.064511999487876892,0.062744997441768646,0.062811002135276794,191351126
2019-10-23T00:00:00.000000Z,0.062935002148151398,0.063606001436710358,0.05873500183224678,0.059983998537063599,257731071
2019-10-24T00:00:00.000000Z,0.060058001428842545,0.061739001423120499,0.059206001460552216,0.060612000524997711,235695883
2019-10-25T00:00:00.000000Z,0.060642000287771225,0.064598001539707184,0.060077998787164688,0.063761003315448761,302338874
2019-10-26T00:00:00.000000Z,0.063740000128746033,0.066609002649784088,0.06219799816608429,0.062556996941566467,347428869
2019-10-27T00:00:00.000000Z,0.062585003674030304,0.064588002860546112,0.06192300096154213,0.06451299786567688,287822040
2019-10-28T00:00:00.000000Z,0.064548999071121216,0.067162998020648956,0.064312003552913666,0.064778000116348267,325857618
2019-10-29T00:00:00.000000Z,0.064768001437187195,0.068254999816417694,0.064700998365879059,0.06618499755859375,279077969
2019-10-30T00:00:00.000000Z,0.066275998950004578,0.066610999405384064,0.063377998769283295,0.064567998051643372,271281036
2019-10-31T00:00:00.000000Z,0.064612001180648804,0.065444000065326691,0.062958002090454102,0.06521499902009964,279328071
2019-11-01T00:00:00.000000Z,0.065188996493816376,0.071221001446247101,0.06479799747467041,0.069231003522872925,412594573
2019-11-02T00:00:00.000000Z,0.069216996431350708,0.071289002895355225,0.06921599805355072,0.071263998746871948,287438284
2019-11-03T00:00:00.000000Z,0.071282997727394104,0.071870997548103333,0.068080998957157135,0.069090999662876129,310422869
2019-11-04T00:00:00.000000Z,0.069164998829364777,0.076389998197555542,0.067937001585960388,0.076389998197555542,347400349
2019-11-05T00:00:00.000000Z,0.076816998422145844,0.085213996469974518,0.07680799812078476,0.082163996994495392,762923850
2019-11-06T00:00:00.000000Z,0.082236997783184052,0.083190001547336578,0.077835001051425934,0.07843499630689621,352059614
2019-11-07T00:00:00.000000Z,0.078342996537685394,0.07849399745464325,0.074203997850418091,0.075014002621173859,332631177
2019-11-08T00:00:00.000000Z,0.075006000697612762,0.076302997767925262,0.070550002157688141,0.071887999773025513,271749982
2019-11-09T00:00:00.000000Z,0.071845002472400665,0.07343900203704834,0.071620002388954163,0.072811998426914215,187035481
2019-11-10T00:00:00.000000Z,0.072876997292041779,0.079768002033233643,0.072732999920845032,0.078227996826171875,343258930
2019-11-11T00:00:00.000000Z,0.078234001994132996,0.080632999539375305,0.076396003365516663,0.079809002578258514,290695867
2019-11-12T00:00:00.000000Z,0.079813003540039062,0.082018002867698669,0.07588600367307663,0.077072001993656158,359731187
2019-11-13T00:00:00.000000Z,0.077091999351978302,0.077628001570701599,0.076180003583431244,0.076576001942157745,240329082
2019-11-14T00:00:00.000000Z,0.076505996286869049,0.076610997319221497,0.074027001857757568,0.074740000069141388,217039030
2019-11-15T00:00:00.000000Z,0.074816003441810608,0.074972003698348999,0.071934998035430908,0.072334997355937958,222062024
2019-11-16T00:00:00.000000Z,0.072347000241279602,0.072805002331733704,0.071748003363609314,0.071906000375747681,173395847
2019-11-17T00:00:00.000000Z,0.071847997605800629,0.07309500128030777,0.071783997118473053,0.072136998176574707,197097974
2019-11-18T00:00:00.000000Z,0.072132997214794159,0.07226099818944931,0.066962003707885742,0.068304002285003662,245433022
2019-11-19T00:00:00.000000Z,0.06829100102186203,0.068678997457027435,0.064810000360012054,0.065751001238822937,287651893
2019-11-20T00:00:00.000000Z,0.065691001713275909,0.06632000207901001,0.064539998769760132,0.065502002835273743,219882275
2019-11-21T00:00:00.000000Z,0.065522000193595886,0.065701000392436981,0.06104699894785881,0.061682999134063721,251644441
2019-11-22T00:00:00.000000Z,0.061737000942230225,0.061868000775575638,0.056237000972032547,0.059502001851797104,304545334
2019-11-23T00:00:00.000000Z,0.059404999017715454,0.061716001480817795,0.057753000408411026,0.060364000499248505,262945614
2019-11-24T00:00:00.000000Z,0.060602001845836639,0.061783000826835632,0.056880999356508255,0.056880999356508255,795594528
2019-11-25T00:00:00.000000Z,0.056791000068187714,0.05938899889588356,0.053750000894069672,0.057594999670982361,548798088
2019-11-26T00:00:00.000000Z,0.057541999965906143,0.059103000909090042,0.056520000100135803,0.058552999049425125,218983844
2019-11-27T00:00:00.000000Z,0.058393001556396484,0.059951998293399811,0.056166000664234161,0.059057001024484634,260781107
2019-11-28T00:00:00.000000Z,0.059207998216152191,0.060486000031232834,0.058178998529911041,0.058224998414516449,224143848
2019-11-29T00:00:00.000000Z,0.058212000876665115,0.060931999236345291,0.058164998888969421,0.059151999652385712,241666196
2019-11-30T00:00:00.000000Z,0.059305999428033829,0.060414999723434448,0.057282999157905579,0.059640999883413315,228259886
2019-12-01T00:00:00.000000Z,0.059751000255346298,0.059877000749111176,0.056540001183748245,0.05808199942111969,214999370
2019-12-02T00:00:00.000000Z,0.058097999542951584,0.058214001357555389,0.05598599836230278,0.056078001856803894,204095722
2019-12-03T00:00:00.000000Z,0.056042000651359558,0.056820999830961227,0.055417001247406006,0.055980000644922256,150835452
2019-12-04T00:00:00.000000Z,0.055916998535394669,0.056421998888254166,0.054416000843048096,0.05541900172829628,207789246
2019-12-05T00:00:00.000000Z,0.055346999317407608,0.057624001055955887,0.054439999163150787,0.055518001317977905,190568914
2019-12-06T00:00:00.000000Z,0.055612001568078995,0.055822998285293579,0.054540000855922699,0.055027998983860016,177492285
2019-12-07T00:00:00.000000Z,0.055045001208782196,0.056187000125646591,0.054795000702142715,0.0550680011510849,161472546
2019-12-08T00:00:00.000000Z,0.055041000247001648,0.056543998420238495,0.054597999900579453,0.056131999939680099,159244878
2019-12-09T00:00:00.000000Z,0.056092001497745514,0.056386001408100128,0.054212998598814011,0.054450001567602158,184029266
2019-12-10T00:00:00.000000Z,0.054476000368595123,0.054951999336481094,0.053063999861478806,0.053606998175382614,187877398
2019-12-11T00:00:00.000000Z,0.053621001541614532,0.054756999015808105,0.052691999822854996,0.052691999822854996,200779620
2019-12-12T00:00:00.000000Z,0.052710000425577164,0.053803998976945877,0.052177000790834427,0.052721001207828522,207030753
2019-12-13T00:00:00.000000Z,0.052724000066518784,0.053720001131296158,0.052175998687744141,0.052990000694990158,166277796
2019-12-14T00:00:00.000000Z,0.053072001785039902,0.053335998207330704,0.051144998520612717,0.051672998815774918,178719118
2019-12-15T00:00:00.000000Z,0.051709000021219254,0.052398998290300369,0.049649998545646667,0.051398001611232758,184576351
2019-12-16T00:00:00.000000Z,0.051401998847723007,0.05200599879026413,0.048420999199151993,0.048549000173807144,188173197
2019-12-17T00:00:00.000000Z,0.048558000475168228,0.048895001411437988,0.042986001819372177,0.044052999466657639,223440074
2019-12-18T00:00:00.000000Z,0.044245999306440353,0.046732999384403229,0.043048001825809479,0.046013001352548599,253895323
2019-12-19T00:00:00.000000Z,0.046032998710870743,0.046427000313997269,0.044022001326084137,0.044964000582695007,210750075
2019-12-20T00:00:00.000000Z,0.044985000044107437,0.047143999487161636,0.044238999485969543,0.046268999576568604,196248519
2019-12-21T00:00:00.000000Z,0.04620400071144104,0.048312999308109283,0.044702999293804169,0.0462770015001297,178466491
2019-12-22T00:00:00.000000Z,0.046321999281644821,0.047520000487565994,0.044277001172304153,0.047295998781919479,192185818
2019-12-23T00:00:00.000000Z,0.047339998185634613,0.047669999301433563,0.044640999287366867,0.044849000871181488,188544968
2019-12-24T00:00:00.000000Z,0.04480699822306633,0.046287998557090759,0.04439999908208847,0.045083001255989075,190571245
2019-12-25T00:00:00.000000Z,0.045028999447822571,0.045591000467538834,0.043191000819206238,0.043441001325845718,160886227
2019-12-26T00:00:00.000000Z,0.043572001159191132,0.045710001140832901,0.043512001633644104,0.045101001858711243,159865552
2019-12-27T00:00:00.000000Z,0.045092001557350159,0.046746999025344849,0.044684998691082001,0.04608599841594696,186418572
2019-12-28T00:00:00.000000Z,0.046015001833438873,0.046535998582839966,0.04416700080037117,0.0451509989798069,158028356
2019-12-29T00:00:00.000000Z,0.045138001441955566,0.047111999243497849,0.044077001512050629,0.046215999871492386,148653161
2019-12-30T00:00:00.000000Z,0.046202998608350754,0.046902000904083252,0.044252000749111176,0.045954000204801559,167585185
2019-12-31T00:00:00.000000Z,0.046052999794483185,0.046114999800920486,0.043331999331712723,0.04522399976849556,157108041
2020-01-01T00:00:00.000000Z,0.045118000358343124,0.045768000185489655,0.043437998741865158,0.045451000332832336,168402204
2020-01-02T00:00:00.000000Z,0.045398000627756119,0.045604001730680466,0.043581999838352203,0.044112000614404678,151848963
2020-01-03T00:00:00.000000Z,0.044000998139381409,0.045906998217105865,0.043543998152017593,0.045233998447656631,168931018
2020-01-04T00:00:00.000000Z,0.045226998627185822,0.046275999397039413,0.044332001358270645,0.046271998435258865,152253766
2020-01-05T00:00:00.000000Z,0.046165000647306442,0.046691998839378357,0.04477199912071228,0.045359000563621521,165956087
2020-01-06T00:00:00.000000Z,0.045432001352310181,0.049291998147964478,0.045244000852108002,0.049123998731374741,248276598
2020-01-07T00:00:00.000000Z,0.049024999141693115,0.0502609983086586,0.047908000648021698,0.049837999045848846,239407286
2020-01-08T00:00:00.000000Z,0.049915999174118042,0.050092998892068863,0.046705998480319977,0.048716999590396881,213522156
2020-01-09T00:00:00.000000Z,0.047616001218557358,0.04924599826335907,0.045678000897169113,0.04645799845457077,171728899
2020-01-10T00:00:00.000000Z,0.046268001198768616,0.048291999846696854,0.04576599970459938,0.046401999890804291,211752195
2020-01-11T00:00:00.000000Z,0.046378001570701599,0.049198001623153687,0.04611700028181076,0.047547001391649246,216830961
2020-01-12T00:00:00.000000Z,0.047580000013113022,0.048950999975204468,0.046762000769376755,0.048319000750780106,207151685
2020-01-13T00:00:00.000000Z,0.048229001462459564,0.048457998782396317,0.046383000910282135,0.048121999949216843,224390629
2020-01-14T00:00:00.000000Z,0.048085000365972519,0.053479999303817749,0.048066001385450363,0.052115000784397125,325107091
2020-01-15T00:00:00.000000Z,0.052039999514818192,0.055470000952482224,0.051042001694440842,0.054788999259471893,334258693
2020-01-16T00:00:00.000000Z,0.054816998541355133,0.054992999881505966,0.051784001290798187,0.053748000413179398,316566307
2020-01-17T00:00:00.000000Z,0.053828001022338867,0.062762998044490814,0.0527149997651577,0.060051999986171722,519487809
2020-01-18T00:00:00.000000Z,0.059969998896121979,0.064649000763893127,0.057045001536607742,0.06115499883890152,619953488
2020-01-19T00:00:00.000000Z,0.06114400178194046,0.065618999302387238,0.058864999562501907,0.060044001787900925,557236013
2020-01-20T00:00:00.000000Z,0.059990998357534409,0.064640000462532043,0.059431001543998718,0.062043998390436172,570944249
2020-01-21T00:00:00.000000Z,0.062024999409914017,0.063942998647689819,0.061601001769304276,0.06241999939084053,404072680
2020-01-22T00:00:00.000000Z,0.062394998967647552,0.063778996467590332,0.059796001762151718,0.059888999909162521,334827929
2020-01-23T00:00:00.000000Z,0.059994999319314957,0.061170998960733414,0.056832000613212585,0.059238001704216003,383108495
2020-01-24T00:00:00.000000Z,0.059401001781225204,0.05945499986410141,0.054127000272274017,0.057303000241518021,382153105
2020-01-25T00:00:00.000000Z,0.057257000356912613,0.057879000902175903,0.055840998888015747,0.056039001792669296,319119540
2020-01-26T00:00:00.000000Z,0.05611100047826767,0.059546001255512238,0.055741999298334122,0.058572001755237579,325709373
2020-01-27T00:00:00.000000Z,0.058660000562667847,0.061461001634597778,0.057597998529672623,0.059645000845193863,354309858
2020-01-28T00:00:00.000000Z,0.059606000781059265,0.061764001846313477,0.059158999472856522,0.060302998870611191,435796280
2020-01-29T00:00:00.000000Z,0.060327000916004181,0.062595002353191376,0.05904499813914299,0.061739001423120499,408058902
2020-01-30T00:00:00.000000Z,0.061682000756263733,0.062990002334117889,0.060058001428842545,0.06120700016617775,382600193
2020-01-31T00:00:00.000000Z,0.061269000172615051,0.063646003603935242,0.05986500158905983,0.061553999781608582,365221348
2020-02-01T00:00:00.000000Z,0.061546001583337784,0.062643997371196747,0.059360001236200333,0.06046999990940094,351749271
2020-02-02T00:00:00.000000Z,0.060541998594999313,0.065759003162384033,0.060093000531196594,0.063367001712322235,459980666
2020-02-03T00:00:00.000000Z,0.063385002315044403,0.065443001687526703,0.0630979984998703,0.064061000943183899,386201629
2020-02-04T00:00:00.000000Z,0.064049996435642242,0.066702999174594879,0.062134999781847,0.066290996968746185,435813336
2020-02-05T00:00:00.000000Z,0.066319003701210022,0.069117002189159393,0.065880000591278076,0.068732999265193939,520288061
2020-02-06T00:00:00.000000Z,0.068763002753257751,0.071168996393680573,0.067605003714561462,0.070540003478527069,516539220
2020-02-07T00:00:00.000000Z,0.070525996387004852,0.072852000594139099,0.070224002003669739,0.071625001728534698,519263943
2020-02-08T00:00:00.000000Z,0.071612998843193054,0.072281002998352051,0.068437002599239349,0.070853002369403839,479921994
2020-02-09T00:00:00.000000Z,0.070817001163959503,0.07439500093460083,0.070069998502731323,0.072820998728275299,477162368
2020-02-10T00:00:00.000000Z,0.072989001870155334,0.073581002652645111,0.069325000047683716,0.070854999125003815,514592414
2020-02-11T00:00:00.000000Z,0.070890001952648163,0.074242003262042999,0.06933700293302536,0.073740996420383453,518483533
2020-02-12T00:00:00.000000Z,0.073732003569602966,0.081834003329277039,0.073732003569602966,0.080040000379085541,733460111
2020-02-13T00:00:00.000000Z,0.080040000379085541,0.086676999926567078,0.079144999384880066,0.082654997706413269,849232918
2020-02-14T00:00:00.000000Z,0.082616999745368958,0.086557000875473022,0.080312997102737427,0.085795998573303223,640075025
2020-02-15T00:00:00.000000Z,0.085813000798225403,0.087269999086856842,0.077926002442836761,0.079245999455451965,577812168
2020-02-16T00:00:00.000000Z,0.079401001334190369,0.081311002373695374,0.069216996431350708,0.075079001486301422,632562189
2020-02-17T00:00:00.000000Z,0.074904002249240875,0.075029000639915466,0.067948997020721436,0.071851000189781189,619668937
2020-02-18T00:00:00.000000Z,0.071920998394489288,0.077512003481388092,0.070712998509407043,0.074642002582550049,521725957
2020-02-19T00:00:00.000000Z,0.075470000505447388,0.078610002994537354,0.070006996393203735,0.070720002055168152,438696625
2020-02-20T00:00:00.000000Z,0.07067599892616272,0.071933001279830933,0.069081999361515045,0.071168996393680573,496888762
2020-02-21T00:00:00.000000Z,0.071128003299236298,0.073358997702598572,0.070784002542495728,0.071952998638153076,467029257
2020-02-22T00:00:00.000000Z,0.071964003145694733,0.07242400199174881,0.068986997008323669,0.069389998912811279,398582854
2020-02-23T00:00:00.000000Z,0.069468997418880463,0.073735997080802917,0.069058001041412354,0.073645003139972687,432366514
2020-02-24T00:00:00.000000Z,0.073507003486156464,0.073572002351284027,0.068738996982574463,0.069380000233650208,465871328
2020-02-25T00:00:00.000000Z,0.069408997893333435,0.070052996277809143,0.064963996410369873,0.065324999392032623,461517993
2020-02-26T00:00:00.000000Z,0.065339997410774231,0.065462999045848846,0.057433001697063446,0.059303000569343567,505300519
2020-02-27T00:00:00.000000Z,0.059303000569343567,0.062442999333143234,0.056770998984575272,0.060010999441146851,452957399
2020-02-28T00:00:00.000000Z,0.060022998601198196,0.061354998499155045,0.057018999010324478,0.058304999023675919,419431446
2020-02-29T00:00:00.000000Z,0.058279000222682953,0.059813998639583588,0.057390999048948288,0.05745600163936615,318679471
2020-03-01T00:00:00.000000Z,0.057362999767065048,0.058517001569271088,0.055482000112533569,0.056251998990774155,360604910
2020-03-02T00:00:00.000000Z,0.056221999228000641,0.059780001640319824,0.055922999978065491,0.059206001460552216,397777572
2020-03-03T00:00:00.000000Z,0.059222999960184097,0.060137998312711716,0.057870998978614807,0.058352001011371613,407088469
2020-03-04T00:00:00.000000Z,0.058357998728752136,0.059137001633644104,0.057902000844478607,0.058593001216650009,381787289
2020-03-05T00:00:00.000000Z,0.058575998991727829,0.060892999172210693,0.058575998991727829,0.059758000075817108,421868545
2020-03-06T00:00:00.000000Z,0.059764999896287918,0.061181001365184784,0.059455998241901398,0.061181001365184784,428300799
2020-03-07T00:00:00.000000Z,0.06116500124335289,0.061383001506328583,0.058400999754667282,0.058409001678228378,411529339
2020-03-08T00:00:00.000000Z,0.058432001620531082,0.058432001620531082,0.050744000822305679,0.050744000822305679,488233342
2020-03-09T00:00:00.000000Z,0.050650998950004578,0.052032999694347382,0.047901000827550888,0.051920000463724136,549172784
2020-03-10T00:00:00.000000Z,0.052198000252246857,0.053086999803781509,0.050898000597953796,0.051989000290632248,416858440
2020-03-11T00:00:00.000000Z,0.05200599879026413,0.052485998719930649,0.0482029989361763,0.050386998802423477,408137347
2020-03-12T00:00:00.000000Z,0.050379000604152679,0.050475001335144043,0.033440999686717987,0.033440999686717987,526211822
2020-03-13T00:00:00.000000Z,0.033475998789072037,0.041108999401330948,0.028491999953985214,0.039530999958515167,747877049
2020-03-14T00:00:00.000000Z,0.039554998278617859,0.04045499861240387,0.036958001554012299,0.037296999245882034,375613371
2020-03-15T00:00:00.000000Z,0.037246000021696091,0.040399998426437378,0.037011999636888504,0.038281999528408051,362487211
2020-03-16T00:00:00.000000Z,0.038320001214742661,0.03832399845123291,0.032717999070882797,0.035160999745130539,422559303
2020-03-17T00:00:00.000000Z,0.035216998308897018,0.037500999867916107,0.035216998308897018,0.036819998174905777,330129256
2020-03-18T00:00:00.000000Z,0.03674200177192688,0.037372000515460968,0.034912999719381332,0.035978998988866806,337020832
2020-03-19T00:00:00.000000Z,0.035939998924732208,0.042341001331806183,0.035927001386880875,0.04149400070309639,457344869
2020-03-20T00:00:00.000000Z,0.041473999619483948,0.04410799965262413,0.037032000720500946,0.039919000118970871,403266374
2020-03-21T00:00:00.000000Z,0.039958000183105469,0.040568999946117401,0.038520999252796173,0.039615999907255173,356478474
2020-03-22T00:00:00.000000Z,0.039622999727725983,0.040483999997377396,0.037060998380184174,0.037197999656200409,329105985
2020-03-23T00:00:00.000000Z,0.037190999835729599,0.039303999394178391,0.036364998668432236,0.039259999990463257,359628965
2020-03-24T00:00:00.000000Z,0.039239998906850815,0.040481001138687134,0.039005998522043228,0.040304999798536301,366272224
2020-03-25T00:00:00.000000Z,0.040311999619007111,0.040794000029563904,0.039377998560667038,0.040578998625278473,312768244
2020-03-26T00:00:00.000000Z,0.040580999106168747,0.042638000100851059,0.040267001837491989,0.042537998408079147,305069105
2020-03-27T00:00:00.000000Z,0.042562998831272125,0.042863998562097549,0.041172001510858536,0.041172001510858536,308504165
2020-03-28T00:00:00.000000Z,0.041143998503684998,0.041143998503684998,0.038975998759269714,0.039955999702215195,340909985
2020-03-29T00:00:00.000000Z,0.039953999221324921,0.040045998990535736,0.038084998726844788,0.03812900185585022,266559124
2020-03-30T00:00:00.000000Z,0.038100998848676682,0.040754999965429306,0.037971999496221542,0.040208999067544937,315377995
2020-03-31T00:00:00.000000Z,0.040196001529693604,0.040876999497413635,0.040144000202417374,0.040846001356840134,327644886
2020-04-01T00:00:00.000000Z,0.040855001658201218,0.040855001658201218,0.039280001074075699,0.04081600159406662,302527865
2020-04-02T00:00:00.000000Z,0.040777001529932022,0.04286700114607811,0.040527001023292542,0.041303001344203949,409126334
2020-04-03T00:00:00.000000Z,0.041326999664306641,0.042539998888969421,0.040881998836994171,0.041570998728275299,381441115
2020-04-04T00:00:00.000000Z,0.041416998952627182,0.041958000510931015,0.040993001312017441,0.041942998766899109,331158440
2020-04-05T00:00:00.000000Z,0.041944000869989395,0.043499000370502472,0.041590001434087753,0.043487999588251114,330675377
2020-04-06T00:00:00.000000Z,0.043499000370502472,0.04964200034737587,0.043480001389980316,0.049474000930786133,528856126
2020-04-07T00:00:00.000000Z,0.049504999071359634,0.051272999495267868,0.047680001705884933,0.048317000269889832,535973254
2020-04-08T00:00:00.000000Z,0.048330999910831451,0.051091000437736511,0.048069000244140625,0.050983000546693802,355554036
2020-04-09T00:00:00.000000Z,0.051027998328208923,0.052140999585390091,0.049125999212265015,0.052039001137018204,420784745
2020-04-10T00:00:00.000000Z,0.05200900137424469,0.052239999175071716,0.046073000878095627,0.047788001596927643,461485326
2020-04-11T00:00:00.000000Z,0.04785199835896492,0.049814999103546143,0.047694999724626541,0.049550998955965042,426515998
2020-04-12T00:00:00.000000Z,0.049543999135494232,0.051031999289989471,0.048673998564481735,0.049440998584032059,411810328
2020-04-13T00:00:00.000000Z,0.049529001116752625,0.049529001116752625,0.046583998948335648,0.048339001834392548,530770069
2020-04-14T00:00:00.000000Z,0.048331998288631439,0.049169000238180161,0.047784000635147095,0.048215001821517944,507234997
2020-04-15T00:00:00.000000Z,0.048007000237703323,0.048774000257253647,0.046332001686096191,0.046408999711275101,468836578
2020-04-16T00:00:00.000000Z,0.046365998685359955,0.049454998224973679,0.045400001108646393,0.049125000834465027,628082822
2020-04-17T00:00:00.000000Z,0.049208000302314758,0.049497999250888824,0.048608999699354172,0.049070000648498535,478450043
2020-04-18T00:00:00.000000Z,0.049040999263525009,0.050785001367330551,0.048974998295307159,0.050501000136137009,534672464
2020-04-19T00:00:00.000000Z,0.050498999655246735,0.050836000591516495,0.049029998481273651,0.049208998680114746,523219785
2020-04-20T00:00:00.000000Z,0.049199000000953674,0.05337199941277504,0.049019001424312592,0.049996998161077499,742154168
2020-04-21T00:00:00.000000Z,0.049924999475479126,0.051860999315977097,0.049662001430988312,0.051222000271081924,495416209
2020-04-22T00:00:00.000000Z,0.051208000630140305,0.055015001446008682,0.050969000905752182,0.054811999201774597,561155181
2020-04-23T00:00:00.000000Z,0.054834999144077301,0.064865998923778534,0.05478300154209137,0.061737000942230225,993914721
2020-04-24T00:00:00.000000Z,0.061824001371860504,0.065499000251293182,0.061021998524665833,0.061611998826265335,671248452
2020-04-25T00:00:00.000000Z,0.061611000448465347,0.063735000789165497,0.061308000236749649,0.062153000384569168,526584850
2020-04-26T00:00:00.000000Z,0.062008999288082123,0.06311199814081192,0.061521999537944794,0.0625,550894044
2020-04-27T00:00:00.000000Z,0.062086999416351318,0.068484999239444733,0.06174200028181076,0.067367002367973328,711801196
2020-04-28T00:00:00.000000Z,0.06727299839258194,0.07073800265789032,0.06703600287437439,0.06902100145816803,820842387
2020-04-29T00:00:00.000000Z,0.069040998816490173,0.07314000278711319,0.067567996680736542,0.072350002825260162,929790801
2020-04-30T00:00:00.000000Z,0.072384998202323914,0.073987998068332672,0.066767998039722443,0.067697003483772278,859662107
2020-05-01T00:00:00.000000Z,0.067781999707221985,0.073504999279975891,0.067781999707221985,0.073221996426582336,764134318
2020-05-02T00:00:00.000000Z,0.07310900092124939,0.076145000755786896,0.072102002799510956,0.075450003147125244,721153691
2020-05-03T00:00:00.000000Z,0.075576998293399811,0.076544001698493958,0.072521001100540161,0.073105998337268829,755013661
2020-05-04T00:00:00.000000Z,0.073083996772766113,0.074087999761104584,0.068667002022266388,0.07373800128698349,701073658
2020-05-05T00:00:00.000000Z,0.073743999004364014,0.074314996600151062,0.071736998856067657,0.072444997727870941,572848081
2020-05-06T00:00:00.000000Z,0.072387002408504486,0.073198996484279633,0.071194998919963837,0.071194998919963837,634319026
2020-05-07T00:00:00.000000Z,0.071195997297763824,0.073565997183322906,0.070758000016212463,0.072320997714996338,676902337
2020-05-08T00:00:00.000000Z,0.072364002466201782,0.074184998869895935,0.071013003587722778,0.073142997920513153,615940985
2020-05-09T00:00:00.000000Z,0.072925001382827759,0.073515996336936951,0.071598999202251434,0.071970999240875244,615949072
2020-05-10T00:00:00.000000Z,0.071966998279094696,0.071966998279094696,0.061108000576496124,0.064317002892494202,820471098
2020-05-11T00:00:00.000000Z,0.064306996762752533,0.065066002309322357,0.061184000223875046,0.062793001532554626,676862243
2020-05-12T00:00:00.000000Z,0.062794998288154602,0.070168003439903259,0.062352001667022705,0.069904997944831848,717258193
2020-05-13T00:00:00.000000Z,0.069929003715515137,0.070582002401351929,0.068297997117042542,0.069796003401279449,668016410
2020-05-14T00:00:00.000000Z,0.069645002484321594,0.070699997246265411,0.067377001047134399,0.069081999361515045,667445362
2020-05-15T00:00:00.000000Z,0.069084003567695618,0.069707997143268585,0.067102000117301941,0.067405998706817627,589459285
2020-05-16T00:00:00.000000Z,0.067403003573417664,0.068290002644062042,0.06684499979019165,0.068109996616840363,433441328
2020-05-17T00:00:00.000000Z,0.067965999245643616,0.071491003036499023,0.067937999963760376,0.069099999964237213,530947005
2020-05-18T00:00:00.000000Z,0.069062002003192902,0.071148000657558441,0.068723998963832855,0.0700950026512146,594262835
2020-05-19T00:00:00.000000Z,0.070058003067970276,0.070156998932361603,0.06861799955368042,0.069389000535011292,427647345
2020-05-20T00:00:00.000000Z,0.069407001137733459,0.071912996470928192,0.068613000214099884,0.07099200040102005,530728877
2020-05-21T00:00:00.000000Z,0.070996001362800598,0.071391001343727112,0.064558997750282288,0.066698998212814331,504379554
2020-05-22T00:00:00.000000Z,0.066728003323078156,0.069118000566959381,0.06579899787902832,0.068167001008987427,473521124
2020-05-23T00:00:00.000000Z,0.068159997463226318,0.069115996360778809,0.066711001098155975,0.067607998847961426,400282442
2020-05-24T00:00:00.000000Z,0.067548997700214386,0.068398997187614441,0.064795002341270447,0.06486000120639801,390536763
2020-05-25T00:00:00.000000Z,0.064645998179912567,0.066123001277446747,0.064209997653961182,0.06609799712896347,450549233
2020-05-26T00:00:00.000000Z,0.06621599942445755,0.066457003355026245,0.064150996506214142,0.065144002437591553,371589056
2020-05-27T00:00:00.000000Z,0.065118998289108276,0.067672997713088989,0.065026000142097473,0.066252000629901886,437929645
2020-05-28T00:00:00.000000Z,0.066295996308326721,0.069839999079704285,0.065978996455669403,0.068865001201629639,453361150
2020-05-29T00:00:00.000000Z,0.068824000656604767,0.069792002439498901,0.067134000360965729,0.067876003682613373,440276090
2020-05-30T00:00:00.000000Z,0.067841999232769012,0.072593003511428833,0.067041002213954926,0.072435997426509857,510303238
2020-05-31T00:00:00.000000Z,0.072398997843265533,0.076035000383853912,0.069486998021602631,0.070626996457576752,636177470
2020-06-01T00:00:00.000000Z,0.0706309974193573,0.076173998415470123,0.070165999233722687,0.075517997145652771,620504741
2020-06-02T00:00:00.000000Z,0.07541000097990036,0.083959996700286865,0.075340002775192261,0.079283997416496277,798043368
2020-06-03T00:00:00.000000Z,0.07934899628162384,0.083102002739906311,0.076995998620986938,0.082631997764110565,625675420
2020-06-04T00:00:00.000000Z,0.082708001136779785,0.08616899698972702,0.079758003354072571,0.082475997507572174,728954392
2020-06-05T00:00:00.000000Z,0.082405999302864075,0.083117000758647919,0.079276002943515778,0.079517997801303864,643282514
2020-06-06T00:00:00.000000Z,0.079493999481201172,0.081284001469612122,0.078731000423431396,0.079883001744747162,499450887
2020-06-07T00:00:00.000000Z,0.079862996935844421,0.080909997224807739,0.076095998287200928,0.079000003635883331,497548454
2020-06-08T00:00:00.000000Z,0.078974999487400055,0.080545000731945038,0.078276000916957855,0.080009996891021729,394984022
2020-06-09T00:00:00.000000Z,0.079980000853538513,0.080370999872684479,0.077688001096248627,0.078575998544692993,431553013
2020-06-10T00:00:00.000000Z,0.078538000583648682,0.079153001308441162,0.077708996832370758,0.078657001256942749,462922723
2020-06-11T00:00:00.000000Z,0.078713998198509216,0.079401999711990356,0.069981999695301056,0.071484997868537903,590529752
2020-06-12T00:00:00.000000Z,0.071428999304771423,0.074844002723693848,0.07091599702835083,0.073028996586799622,463002957
2020-06-13T00:00:00.000000Z,0.072993002831935883,0.074463002383708954,0.07199300080537796,0.074295997619628906,388991889
2020-06-14T00:00:00.000000Z,0.074385002255439758,0.074385002255439758,0.071092002093791962,0.071414001286029816,389719568
2020-06-15T00:00:00.000000Z,0.071414001286029816,0.071829997003078461,0.066147997975349426,0.07111000269651413,475868940
2020-06-16T00:00:00.000000Z,0.071024000644683838,0.072076000273227692,0.070118002593517303,0.071246996521949768,422477438
2020-06-17T00:00:00.000000Z,0.0713609978556633,0.073835998773574829,0.070160001516342163,0.071892999112606049,460635041
2020-06-18T00:00:00.000000Z,0.071901001036167145,0.072255998849868774,0.069862999022006989,0.070937000215053558,396472624
2020-06-19T00:00:00.000000Z,0.070940002799034119,0.071044996380805969,0.068844996392726898,0.069270998239517212,409199952
2020-06-20T00:00:00.000000Z,0.069270998239517212,0.070368997752666473,0.068705998361110687,0.069921001791954041,373213605
2020-06-21T00:00:00.000000Z,0.069830000400543213,0.070460997521877289,0.068699002265930176,0.068756997585296631,329921806
2020-06-22T00:00:00.000000Z,0.068755000829696655,0.071920998394489288,0.068732999265193939,0.071872003376483917,414440267
2020-06-23T00:00:00.000000Z,0.071889996528625488,0.072269000113010406,0.070069998502731323,0.071218997240066528,377047281
2020-06-24T00:00:00.000000Z,0.071292996406555176,0.072756998240947723,0.068580999970436096,0.069173000752925873,372491015
2020-06-25T00:00:00.000000Z,0.06931699812412262,0.070560000836849213,0.066312000155448914,0.067831002175807953,331356547
2020-06-26T00:00:00.000000Z,0.067852996289730072,0.068747997283935547,0.066501997411251068,0.067097000777721405,314879213
2020-06-27T00:00:00.000000Z,0.067087002098560333,0.06747099757194519,0.061250999569892883,0.063188999891281128,283951205
2020-06-28T00:00:00.000000Z,0.063188999891281128,0.06520400196313858,0.062203999608755112,0.064378000795841217,220022782
2020-06-29T00:00:00.000000Z,0.064466997981071472,0.065484002232551575,0.063158996403217316,0.065264001488685608,291925173
2020-06-30T00:00:00.000000Z,0.065076000988483429,0.067579001188278198,0.06423400342464447,0.067068003118038177,289552123
2020-07-01T00:00:00.000000Z,0.067105002701282501,0.06957700103521347,0.066242001950740814,0.068488001823425293,316808164
2020-07-02T00:00:00.000000Z,0.068525001406669617,0.070877999067306519,0.06724800169467926,0.068406000733375549,290632981
2020-07-03T00:00:00.000000Z,0.068410001695156097,0.068410001695156097,0.066771000623703003,0.067249000072479248,204165764
2020-07-04T00:00:00.000000Z,0.06723400205373764,0.068415999412536621,0.06654299795627594,0.067867003381252289,218498800
2020-07-05T00:00:00.000000Z,0.067854002118110657,0.068115003407001495,0.065755002200603485,0.067176997661590576,202429385
2020-07-06T00:00:00.000000Z,0.067176997661590576,0.071981996297836304,0.066643998026847839,0.071863003075122833,279337235
2020-07-07T00:00:00.000000Z,0.071670003235340118,0.073973000049591064,0.070344001054763794,0.073267996311187744,257005980
2020-07-08T00:00:00.000000Z,0.073287002742290497,0.085003003478050232,0.072658002376556396,0.085003003478050232,471290003
2020-07-09T00:00:00.000000Z,0.084873996675014496,0.09716399759054184,0.083337001502513885,0.090588003396987915,845893278
2020-07-10T00:00:00.000000Z,0.090524002909660339,0.090696997940540314,0.083007000386714935,0.088913001120090485,529828870
2020-07-11T00:00:00.000000Z,0.088926002383232117,0.1000249981880188,0.088754996657371521,0.09433099627494812,604044703
2020-07-12T00:00:00.000000Z,0.09433399885892868,0.097263999283313751,0.09074699878692627,0.095002003014087677,382865014
2020-07-13T00:00:00.000000Z,0.095002003014087677,0.097345001995563507,0.088453002274036407,0.09029100090265274,389748252
2020-07-14T00:00:00.000000Z,0.090219996869564056,0.092321999371051788,0.086237996816635132,0.092107996344566345,305049008
2020-07-15T00:00:00.000000Z,0.091955997049808502,0.095613002777099609,0.087782002985477448,0.094042003154754639,391047540
2020-07-16T00:00:00.000000Z,0.094063997268676758,0.10250499844551086,0.089316003024578094,0.10066899657249451,505630696
2020-07-17T00:00:00.000000Z,0.10075800120830536,0.10677299648523331,0.099676996469497681,0.10391899943351746,505735318
2020-07-18T00:00:00.000000Z,0.10377500206232071,0.10405600070953369,0.099308997392654419,0.10069099813699722,266646100
2020-07-19T00:00:00.000000Z,0.10070700198411942,0.10194899886846542,0.097390003502368927,0.099876999855041504,215208318
2020-07-20T00:00:00.000000Z,0.099898003041744232,0.10127300024032593,0.094054996967315674,0.094678997993469238,238907306
2020-07-21T00:00:00.000000Z,0.094599999487400055,0.097956001758575439,0.09408000111579895,0.096224002540111542,222225815
2020-07-22T00:00:00.000000Z,0.096170000731945038,0.09749399870634079,0.094478003680706024,0.097223997116088867,188477646
2020-07-23T00:00:00.000000Z,0.097260996699333191,0.10099899768829346,0.096909001469612122,0.097764000296592712,259146414
2020-07-24T00:00:00.000000Z,0.097764000296592712,0.097930997610092163,0.095256000757217407,0.095563001930713654,221044089
2020-07-25T00:00:00.000000Z,0.09566199779510498,0.10067299753427505,0.095329999923706055,0.10017900168895721,237008047
2020-07-26T00:00:00.000000Z,0.10011500120162964,0.10506699979305267,0.09744899719953537,0.098732002079486847,328857055
2020-07-27T00:00:00.000000Z,0.098681002855300903,0.09959699958562851,0.090113997459411621,0.094540998339653015,347516202
2020-07-28T00:00:00.000000Z,0.094529002904891968,0.097531996667385101,0.093606002628803253,0.097001999616622925,298863222
2020-07-29T00:00:00.000000Z,0.096977002918720245,0.099100999534130096,0.095059998333454132,0.095288001000881195,241946098
2020-07-30T00:00:00.000000Z,0.095302000641822815,0.097457997500896454,0.094837002456188202,0.096643000841140747,180339488
2020-07-31T00:00:00.000000Z,0.096671000123023987,0.097134001553058624,0.095435000956058502,0.096931003034114838,176835286
2020-08-01T00:00:00.000000Z,0.096931003034114838,0.10775399953126907,0.096879996359348297,0.10699500143527985,400852491
2020-08-02T00:00:00.000000Z,0.10700599849224091,0.11487899720668793,0.098981000483036041,0.10254999995231628,499258062
2020-08-03T00:00:00.000000Z,0.10264000296592712,0.10808499902486801,0.10172999650239944,0.10505899786949158,307978252
2020-08-04T00:00:00.000000Z,0.10505600273609161,0.11119700223207474,0.10505600273609161,0.10997100174427032,322228936
2020-08-05T00:00:00.000000Z,0.1099110022187233,0.11101400107145309,0.10740900039672852,0.10793499648571014,236900060
2020-08-06T00:00:00.000000Z,0.10786300152540207,0.108024001121521,0.10561499744653702,0.1064319983124733,217021091
2020-08-07T00:00:00.000000Z,0.10642699897289276,0.10772900283336639,0.10005299746990204,0.10312099754810333,425365420
2020-08-08T00:00:00.000000Z,0.10317700356245041,0.10434400290250778,0.1018339991569519,0.10295999795198441,179081363
2020-08-09T00:00:00.000000Z,0.10315100103616714,0.10683699697256088,0.10309799760580063,0.10508599877357483,219371826
2020-08-10T00:00:00.000000Z,0.10518600046634674,0.10690999776124954,0.10388500243425369,0.10599400103092194,235437880
2020-08-11T00:00:00.000000Z,0.10602600127458572,0.10849499702453613,0.097952999174594879,0.10093200206756592,531368379
2020-08-12T00:00:00.000000Z,0.10096500068902969,0.10365799814462662,0.097064003348350525,0.10217899829149246,223009012
2020-08-13T00:00:00.000000Z,0.10214599967002869,0.1032169982790947,0.098173998296260834,0.1021369993686676,231325307
2020-08-14T00:00:00.000000Z,0.1021760031580925,0.10818400233983994,0.10130199790000916,0.1049719974398613,269518943
2020-08-15T00:00:00.000000Z,0.10498800128698349,0.108583003282547,0.1036980003118515,0.10679899901151657,258271148
2020-08-16T00:00:00.000000Z,0.10676199942827225,0.11512500047683716,0.10440699756145477,0.11461900174617767,286171648
2020-08-17T00:00:00.000000Z,0.11461900174617767,0.11898700147867203,0.11073900014162064,0.1136540025472641,419680340
2020-08-18T00:00:00.000000Z,0.11364900320768356,0.11601799726486206,0.10794799774885178,0.10876999795436859,256529526
2020-08-19T00:00:00.000000Z,0.10880299657583237,0.1094990000128746,0.10010000318288803,0.10254800319671631,252993404
2020-08-20T00:00:00.000000Z,0.10251999646425247,0.1072319969534874,0.10122399777173996,0.10717500001192093,199755664
2020-08-21T00:00:00.000000Z,0.10722800344228745,0.10933300107717514,0.10038299858570099,0.10043799877166748,267403132
2020-08-22T00:00:00.000000Z,0.10043899714946747,0.10247799754142761,0.09850899875164032,0.10246200114488602,206985739
2020-08-23T00:00:00.000000Z,0.10239899903535843,0.10305000096559525,0.099210001528263092,0.10305000096559525,162138541
2020-08-24T00:00:00.000000Z,0.10297299921512604,0.10592400282621384,0.10146000236272812,0.10350199788808823,170036740
2020-08-25T00:00:00.000000Z,0.10351800173521042,0.10351800173521042,0.096649996936321259,0.098112002015113831,226110548
2020-08-26T00:00:00.000000Z,0.098079003393650055,0.10043700039386749,0.09669099748134613,0.098417997360229492,235648983
2020-08-27T00:00:00.000000Z,0.098361998796463013,0.098858997225761414,0.091609001159667969,0.093916997313499451,251313087
2020-08-28T00:00:00.000000Z,0.093925997614860535,0.096644997596740723,0.093185000121593475,0.095818996429443359,185494720
2020-08-29T00:00:00.000000Z,0.09579700231552124,0.097384996712207794,0.094889000058174133,0.096736997365951538,176461129
2020-08-30T00:00:00.000000Z,0.096712999045848846,0.098489999771118164,0.096602998673915863,0.098246999084949493,194696528
2020-08-31T00:00:00.000000Z,0.098315000534057617,0.098968997597694397,0.095454998314380646,0.097310997545719147,200377295
2020-09-01T00:00:00.000000Z,0.097282998263835907,0.10086199641227722,0.096515998244285583,0.099379003047943115,261417048
2020-09-02T00:00:00.000000Z,0.099352002143859863,0.099816001951694489,0.0903640016913414,0.092649996280670166,270916414
2020-09-03T00:00:00.000000Z,0.092603996396064758,0.093033000826835632,0.078769996762275696,0.079447001218795776,278190195
2020-09-04T00:00:00.000000Z,0.079314000904560089,0.083094000816345215,0.076200000941753387,0.08145199716091156,299460315
2020-09-05T00:00:00.000000Z,0.081373997032642365,0.083175003528594971,0.074043996632099152,0.075511999428272247,227987351
2020-09-06T00:00:00.000000Z,0.075511999428272247,0.079145997762680054,0.072576999664306641,0.077862001955509186,198268220
2020-09-07T00:00:00.000000Z,0.077858999371528625,0.079327002167701721,0.074666999280452728,0.078690998256206512,163474090
2020-09-08T00:00:00.000000Z,0.078682996332645416,0.079576998949050903,0.07575099915266037,0.077537000179290771,149705922
2020-09-09T00:00:00.000000Z,0.077540002763271332,0.079879000782966614,0.076021000742912292,0.078625999391078949,118253396
2020-09-10T00:00:00.000000Z,0.078611999750137329,0.083385996520519257,0.078583002090454102,0.081324003636837006,161477831
2020-09-11T00:00:00.000000Z,0.081324003636837006,0.084417998790740967,0.079397000372409821,0.083807997405529022,142072516
2020-09-12T00:00:00.000000Z,0.083890996873378754,0.085276998579502106,0.08300500363111496,0.084104999899864197,130594675
2020-09-13T00:00:00.000000Z,0.084104999899864197,0.084657996892929077,0.079566001892089844,0.080061003565788269,140385591
2020-09-14T00:00:00.000000Z,0.080063998699188232,0.082753002643585205,0.079432003200054169,0.080452002584934235,150757355
2020-09-15T00:00:00.000000Z,0.080485999584197998,0.081600002944469452,0.078106999397277832,0.078256003558635712,168607726
2020-09-16T00:00:00.000000Z,0.078295998275279999,0.08155900239944458,0.075960002839565277,0.080199003219604492,183746302
2020-09-17T00:00:00.000000Z,0.080303996801376343,0.082071997225284576,0.078419998288154602,0.080424003303050995,154219419
2020-09-18T00:00:00.000000Z,0.080424003303050995,0.080606997013092041,0.077935002744197845,0.078460998833179474,110248244
2020-09-19T00:00:00.000000Z,0.078475996851921082,0.081262998282909393,0.077788002789020538,0.078979998826980591,102880672
2020-09-20T00:00:00.000000Z,0.078979000449180603,0.079053997993469238,0.076007001101970673,0.07740599662065506,101725308
2020-09-21T00:00:00.000000Z,0.077418997883796692,0.077697999775409698,0.070173002779483795,0.070702999830245972,124951989
2020-09-22T00:00:00.000000Z,0.070662997663021088,0.072512000799179077,0.070015996694564819,0.071987003087997437,108176092
2020-09-23T00:00:00.000000Z,0.071786001324653625,0.072263002395629883,0.067281998693943024,0.067574001848697662,120676954
2020-09-24T00:00:00.000000Z,0.067483000457286835,0.070638000965118408,0.06702200323343277,0.070370003581047058,148195540
2020-09-25T00:00:00.000000Z,0.070445001125335693,0.075612001121044159,0.06937900185585022,0.074459001421928406,175265522
2020-09-26T00:00:00.000000Z,0.074574001133441925,0.076237998902797699,0.072801999747753143,0.073963001370429993,124619607
2020-09-27T00:00:00.000000Z,0.07396099716424942,0.074808001518249512,0.071808002889156342,0.073335997760295868,119041432
2020-09-28T00:00:00.000000Z,0.073423996567726135,0.075805000960826874,0.073302999138832092,0.073540002107620239,137705135
2020-09-29T00:00:00.000000Z,0.073398001492023468,0.07504899799823761,0.072439000010490417,0.074139997363090515,120859330
2020-09-30T00:00:00.000000Z,0.074135996401309967,0.074995003640651703,0.072370998561382294,0.074823997914791107,119624630
2020-10-01T00:00:00.000000Z,0.074896000325679779,0.076328001916408539,0.07194499671459198,0.073172003030776978,158828556
2020-10-02T00:00:00.000000Z,0.073202997446060181,0.073881998658180237,0.069783002138137817,0.071097001433372498,158118757
2020-10-03T00:00:00.000000Z,0.071074001491069794,0.072255000472068787,0.070814996957778931,0.071157000958919525,100791478
2020-10-04T00:00:00.000000Z,0.071221999824047089,0.073412001132965088,0.070753999054431915,0.072954997420310974,106843418
2020-10-05T00:00:00.000000Z,0.072991997003555298,0.074069000780582428,0.072564996778964996,0.073418997228145599,126663686
2020-10-06T00:00:00.000000Z,0.073370002210140228,0.074965000152587891,0.071969002485275269,0.072500996291637421,161623397
2020-10-07T00:00:00.000000Z,0.072515003383159637,0.073118001222610474,0.07099200040102005,0.072301000356674194,133649894
2020-10-08T00:00:00.000000Z,0.072383001446723938,0.073375999927520752,0.070657998323440552,0.07309500128030777,131279734
2020-10-09T00:00:00.000000Z,0.073128998279571533,0.075724996626377106,0.072621002793312073,0.075144000351428986,156460920
2020-10-10T00:00:00.000000Z,0.075096003711223602,0.078273996710777283,0.07507699728012085,0.077372997999191284,145849675
2020-10-11T00:00:00.000000Z,0.077350996434688568,0.078658998012542725,0.076982997357845306,0.077229000627994537,120268596
2020-10-12T00:00:00.000000Z,0.077163003385066986,0.07909499853849411,0.076176002621650696,0.077683001756668091,133171634
2020-10-13T00:00:00.000000Z,0.077646002173423767,0.077651999890804291,0.075698003172874451,0.076344996690750122,125542356
2020-10-14T00:00:00.000000Z,0.07636599987745285,0.076725997030735016,0.073965996503829956,0.074282996356487274,120454176
2020-10-15T00:00:00.000000Z,0.074198998510837555,0.074375003576278687,0.072213001549243927,0.074041001498699188,115219952
2020-10-16T00:00:00.000000Z,0.0740479975938797,0.078746996819972992,0.072507001459598541,0.078702002763748169,160931240
2020-10-17T00:00:00.000000Z,0.078953996300697327,0.083562999963760376,0.077892996370792389,0.081915996968746185,268590382
2020-10-18T00:00:00.000000Z,0.081742003560066223,0.082171998918056488,0.079374000430107117,0.079550996422767639,165059604
2020-10-19T00:00:00.000000Z,0.079580999910831451,0.087261997163295746,0.07950899749994278,0.085248999297618866,306021433
2020-10-20T00:00:00.000000Z,0.085282996296882629,0.086542002856731415,0.080747000873088837,0.080906003713607788,216687519
2020-10-21T00:00:00.000000Z,0.080914996564388275,0.086223997175693512,0.080806002020835876,0.083779998123645782,234581977
2020-10-22T00:00:00.000000Z,0.083740003407001495,0.087329000234603882,0.083740003407001495,0.085280001163482666,195477498
2020-10-23T00:00:00.000000Z,0.085441999137401581,0.086336001753807068,0.083135999739170074,0.083795003592967987,153182270
2020-10-24T00:00:00.000000Z,0.083796001970767975,0.08597099781036377,0.083477996289730072,0.085436999797821045,143789489
2020-10-25T00:00:00.000000Z,0.085436999797821045,0.085635997354984283,0.082587003707885742,0.083143003284931183,139158127
2020-10-26T00:00:00.000000Z,0.083143003284931183,0.0842289999127388,0.080218002200126648,0.080907002091407776,181364928
2020-10-27T00:00:00.000000Z,0.080906003713607788,0.083013996481895447,0.080906003713607788,0.081808999180793762,173073310
2020-10-28T00:00:00.000000Z,0.081808999180793762,0.082096002995967865,0.077678002417087555,0.078592002391815186,166210480
2020-10-29T00:00:00.000000Z,0.078592002391815186,0.078983001410961151,0.075769998133182526,0.077453002333641052,143150634
2020-10-30T00:00:00.000000Z,0.07745400071144104,0.07847200334072113,0.074960000813007355,0.07676299661397934,118612988
2020-10-31T00:00:00.000000Z,0.07676299661397934,0.079489000141620636,0.076600998640060425,0.077673003077507019,137580784
2020-11-01T00:00:00.000000Z,0.077673003077507019,0.078590996563434601,0.076655000448226929,0.078478001058101654,115500841
2020-11-02T00:00:00.000000Z,0.078474998474121094,0.079277999699115753,0.075580999255180359,0.075659997761249542,129525552
2020-11-03T00:00:00.000000Z,0.075659997761249542,0.076315999031066895,0.073550000786781311,0.075310997664928436,126769721
2020-11-04T00:00:00.000000Z,0.07531999796628952,0.075638003647327423,0.072921998798847198,0.074593000113964081,118999480
2020-11-05T00:00:00.000000Z,0.074593998491764069,0.082116000354290009,0.073702998459339142,0.080174997448921204,180475299
2020-11-06T00:00:00.000000Z,0.080168001353740692,0.085135996341705322,0.080164998769760132,0.08387400209903717,197958333
2020-11-07T00:00:00.000000Z,0.08387400209903717,0.085945002734661102,0.078584000468254089,0.079613998532295227,207531867
2020-11-08T00:00:00.000000Z,0.079613998532295227,0.08276599645614624,0.07888299971818924,0.081537999212741852,137449751
2020-11-09T00:00:00.000000Z,0.081540003418922424,0.082061998546123505,0.078254997730255127,0.079677000641822815,151868375
2020-11-10T00:00:00.000000Z,0.079686999320983887,0.08218800276517868,0.079318001866340637,0.07982800155878067,151230471
2020-11-11T00:00:00.000000Z,0.079827003180980682,0.082051001489162445,0.079691998660564423,0.080692000687122345,142374410
2020-11-12T00:00:00.000000Z,0.080688998103141785,0.0808819979429245,0.079325996339321136,0.080665998160839081,135597876
2020-11-13T00:00:00.000000Z,0.080663003027439117,0.082386001944541931,0.080020003020763397,0.082318000495433807,141302911
2020-11-14T00:00:00.000000Z,0.082318000495433807,0.084058001637458801,0.081032000482082367,0.081157997250556946,171038961
2020-11-15T00:00:00.000000Z,0.081157997250556946,0.082184001803398132,0.079228997230529785,0.080293998122215271,130851376
2020-11-16T00:00:00.000000Z,0.080293998122215271,0.0823030024766922,0.07958800345659256,0.081895999610424042,144088171
2020-11-17T00:00:00.000000Z,0.083962000906467438,0.087811000645160675,0.083461001515388489,0.086075000464916229,234814750
2020-11-18T00:00:00.000000Z,0.086071997880935669,0.086525999009609222,0.081960000097751617,0.083614997565746307,200409056
2020-11-19T00:00:00.000000Z,0.083616003394126892,0.085657000541687012,0.081630997359752655,0.083906002342700958,159838550
2020-11-20T00:00:00.000000Z,0.083907999098300934,0.088310003280639648,0.083774998784065247,0.088307000696659088,177052672
2020-11-21T00:00:00.000000Z,0.088307000696659088,0.10892999917268753,0.088307000696659088,0.10840500146150589,646627498
2020-11-22T00:00:00.000000Z,0.10840500146150589,0.11391899734735489,0.097502000629901886,0.10352600365877151,689900728
2020-11-23T00:00:00.000000Z,0.10352600365877151,0.13109999895095825,0.10174299776554108,0.1305990070104599,881252331
2020-11-24T00:00:00.000000Z,0.13065099716186523,0.19650000333786011,0.13065099716186523,0.19548000395298004,3759466315
2020-11-25T00:00:00.000000Z,0.19505800306797028,0.22978000342845917,0.18356199562549591,0.19520199298858643,3400050501
2020-11-26T00:00:00.000000Z,0.19496199488639832,0.20413400232791901,0.14794600009918213,0.16754800081253052,2426960775
2020-11-27T00:00:00.000000Z,0.16780500113964081,0.20640900731086731,0.16388000547885895,0.20640900731086731,2262645472
2020-11-28T00:00:00.000000Z,0.20666000247001648,0.21905699372291565,0.19640600681304932,0.20020300149917603,2016734578
2020-11-29T00:00:00.000000Z,0.2002979964017868,0.20233799517154694,0.18970799446105957,0.19422399997711182,987586583
2020-11-30T00:00:00.000000Z,0.19419500231742859,0.20453199744224548,0.18964500725269318,0.20209300518035889,1061790831
2020-12-01T00:00:00.000000Z,0.20216000080108643,0.20353400707244873,0.17794699966907501,0.1844249963760376,917146767
2020-12-02T00:00:00.000000Z,0.18447299301624298,0.1879819929599762,0.17835299670696259,0.18515099585056305,588076706
2020-12-03T00:00:00.000000Z,0.18524900078773499,0.18940700590610504,0.18033799529075623,0.18430399894714355,489435452
2020-12-04T00:00:00.000000Z,0.18432800471782684,0.18800799548625946,0.16072000563144684,0.16285499930381775,575389419
2020-12-05T00:00:00.000000Z,0.16270299255847931,0.17589700222015381,0.16052499413490295,0.17171800136566162,428643561
2020-12-06T00:00:00.000000Z,0.17172999680042267,0.17961999773979187,0.1680929958820343,0.17563000321388245,410343063
2020-12-07T00:00:00.000000Z,0.17563199996948242,0.17595499753952026,0.16577300429344177,0.16845999658107758,317729160
2020-12-08T00:00:00.000000Z,0.16847099363803864,0.16847099363803864,0.15018199384212494,0.15280300378799438,432945452
2020-12-09T00:00:00.000000Z,0.15277400612831116,0.17384800314903259,0.14044100046157837,0.17222400009632111,935284783
2020-12-10T00:00:00.000000Z,0.17229500412940979,0.17680999636650085,0.16110199689865112,0.16110199689865112,770957773
2020-12-11T00:00:00.000000Z,0.16111199557781219,0.16429699957370758,0.15117999911308289,0.15117999911308289,608768064
2020-12-12T00:00:00.000000Z,0.15113100409507751,0.1640390008687973,0.15071399509906769,0.15895000100135803,509594961
2020-12-13T00:00:00.000000Z,0.15895900130271912,0.1792059987783432,0.15590000152587891,0.17485199868679047,689055367
2020-12-14T00:00:00.000000Z,0.17520099878311157,0.17807500064373016,0.1669899970293045,0.16976200044155121,522592210
2020-12-15T00:00:00.000000Z,0.16978800296783447,0.17625999450683594,0.16549099981784821,0.16655699908733368,469193894
2020-12-16T00:00:00.000000Z,0.16650199890136719,0.19181500375270844,0.15991200506687164,0.19140100479125977,1059791080
2020-12-17T00:00:00.000000Z,0.19126999378204346,0.20646299421787262,0.18085899949073792,0.18593500554561615,1664078484
2020-12-18T00:00:00.000000Z,0.18597100675106049,0.18898600339889526,0.17764399945735931,0.18512700498104095,822786727
2020-12-19T00:00:00.000000Z,0.18507200479507446,0.18785600364208221,0.18046699464321136,0.18183700740337372,483210984
2020-12-20T00:00:00.000000Z,0.18183200061321259,0.18198700249195099,0.17573800683021545,0.17697900533676147,459139596
2020-12-21T00:00:00.000000Z,0.17697399854660034,0.17991399765014648,0.16105200350284576,0.16635699570178986,509445346
2020-12-22T00:00:00.000000Z,0.16617800295352936,0.16972500085830688,0.15408599376678467,0.16218499839305878,661299925
2020-12-23T00:00:00.000000Z,0.16221299767494202,0.16224099695682526,0.11317300051450729,0.12647099792957306,1192456990
2020-12-24T00:00:00.000000Z,0.12681999802589417,0.16528800129890442,0.12507300078868866,0.159620001912117,1571608569
2020-12-25T00:00:00.000000Z,0.15919500589370728,0.16656999289989471,0.14883700013160706,0.15258699655532837,864019522
2020-12-26T00:00:00.000000Z,0.15251900255680084,0.15512800216674805,0.14483100175857544,0.14704699814319611,532755621
2020-12-27T00:00:00.000000Z,0.14704400300979614,0.1549299955368042,0.13536100089550018,0.14497299492359161,758476186
2020-12-28T00:00:00.000000Z,0.14509899914264679,0.15421199798583984,0.14213399589061737,0.14437499642372131,578664860
2020-12-29T00:00:00.000000Z,0.14435899257659912,0.14876799285411835,0.12905199825763702,0.13881500065326691,762785956
2020-12-30T00:00:00.000000Z,0.13876000046730042,0.1392659991979599,0.12989099323749542,0.13191300630569458,555793351
2020-12-31T00:00:00.000000Z,0.1319890022277832,0.1321599930524826,0.12440799921751022,0.128370001912117,484196978
2021-01-01T00:00:00.000000Z,0.12832100689411163,0.13980099558830261,0.12736700475215912,0.13240799307823181,493194345
2021-01-02T00:00:00.000000Z,0.1324709951877594,0.13461799919605255,0.12756100296974182,0.12782000005245209,463295709
2021-01-03T00:00:00.000000Z,0.12784700095653534,0.13897399604320526,0.12453100085258484,0.13642300665378571,694141229
2021-01-04T00:00:00.000000Z,0.13664400577545166,0.16595099866390228,0.13088899850845337,0.16517999768257141,1650893150
2021-01-05T00:00:00.000000Z,0.16509400308132172,0.20996600389480591,0.15199799835681915,0.1948229968547821,2558465429
2021-01-06T00:00:00.000000Z,0.19467100501060486,0.38348099589347839,0.19423699378967285,0.34079301357269287,10408578427
2021-01-07T00:00:00.000000Z,0.34315800666809082,0.40233901143074036,0.29741400480270386,0.31579700112342834,6253336842
2021-01-08T00:00:00.000000Z,0.31562298536300659,0.33048999309539795,0.26922899484634399,0.30283600091934204,3650270362
2021-01-09T00:00:00.000000Z,0.30270999670028687,0.33017998933792114,0.2865149974822998,0.31193500757217407,2262748352
2021-01-10T00:00:00.000000Z,0.3121660053730011,0.32639199495315552,0.26736500859260559,0.28874900937080383,1949483668
2021-01-11T00:00:00.000000Z,0.28833100199699402,0.28833100199699402,0.21455900371074677,0.27223798632621765,2510439297
2021-01-12T00:00:00.000000Z,0.27209898829460144,0.31091699004173279,0.25687700510025024,0.28174299001693726,2951493960
2021-01-13T00:00:00.000000Z,0.28151801228523254,0.30794999003410339,0.27756598591804504,0.30402201414108276,1932760186
2021-01-14T00:00:00.000000Z,0.30419498682022095,0.31932801008224487,0.28818801045417786,0.30261999368667603,1746390818
2021-01-15T00:00:00.000000Z,0.30269700288772583,0.31072399020195007,0.26346001029014587,0.28494098782539368,1546747797
2021-01-16T00:00:00.000000Z,0.28478598594665527,0.30960500240325928,0.27884998917579651,0.29201900959014893,1576551021
2021-01-17T00:00:00.000000Z,0.29190799593925476,0.31839799880981445,0.28803500533103943,0.30356600880622864,1884116937
2021-01-18T00:00:00.000000Z,0.30336600542068481,0.30744200944900513,0.29503700137138367,0.30361101031303406,1011246742
2021-01-19T00:00:00.000000Z,0.30375200510025024,0.31740099191665649,0.29674398899078369,0.29940500855445862,1530976794
2021-01-20T00:00:00.000000Z,0.29908999800682068,0.30118700861930847,0.2771109938621521,0.2943510115146637,1160924328
2021-01-21T00:00:00.000000Z,0.29439699649810791,0.29469099640846252,0.24620300531387329,0.25260299444198608,1083947046
2021-01-22T00:00:00.000000Z,0.25239500403404236,0.28023600578308105,0.22939099371433258,0.27050098776817322,1392207582
2021-01-23T00:00:00.000000Z,0.26993399858474731,0.27792701125144958,0.26448199152946472,0.26975500583648682,875595181
2021-01-24T00:00:00.000000Z,0.26968398690223694,0.28191199898719788,0.26389500498771667,0.27155598998069763,806028759
2021-01-25T00:00:00.000000Z,0.2714729905128479,0.27646300196647644,0.2613770067691803,0.26217898726463318,713468709
2021-01-26T00:00:00.000000Z,0.262006014585495,0.26486501097679138,0.25042000412940979,0.26156699657440186,670565995
2021-01-27T00:00:00.000000Z,0.26159998774528503,0.2619209885597229,0.23178699612617493,0.23906999826431274,669146236
2021-01-28T00:00:00.000000Z,0.23892100155353546,0.30129501223564148,0.23380300402641296,0.29224100708961487,1470789190
2021-01-29T00:00:00.000000Z,0.30442500114440918,0.3667449951171875,0.28788301348686218,0.29467400908470154,5357767876
2021-01-30T00:00:00.000000Z,0.29414400458335876,0.35356000065803528,0.28014600276947021,0.32486599683761597,3891286887
2021-01-31T00:00:00.000000Z,0.32499301433563232,0.33686700463294983,0.29715600609779358,0.30570200085639954,2305438899
2021-02-01T00:00:00.000000Z,0.30574899911880493,0.35945001244544983,0.29517799615859985,0.32183501124382019,3711837885
2021-02-02T00:00:00.000000Z,0.32184299826622009,0.34609699249267578,0.3170430064201355,0.33662000298500061,2229603871
2021-02-03T00:00:00.000000Z,0.33689901232719421,0.34498998522758484,0.32876700162887573,0.3421509861946106,1486186863
2021-02-04T00:00:00.000000Z,0.34219399094581604,0.3452489972114563,0.31389701366424561,0.3252289891242981,1554404275
2021-02-05T00:00:00.000000Z,0.32513898611068726,0.3573479950428009,0.32506299018859863,0.34960699081420898,2146857567
2021-02-06T00:00:00.000000Z,0.34928598999977112,0.39180201292037964,0.336326003074646,0.37630000710487366,2538410914
2021-02-07T00:00:00.000000Z,0.37604600191116333,0.4165169894695282,0.36536499857902527,0.38347300887107849,5026694578
2021-02-08T00:00:00.000000Z,0.38333800435066223,0.39886900782585144,0.37293100357055664,0.39560601115226746,2542466582
2021-02-09T00:00:00.000000Z,0.39526298642158508,0.40081599354743958,0.38360100984573364,0.39673700928688049,1818075317
2021-02-10T00:00:00.000000Z,0.39662298560142517,0.43856000900268555,0.38383498787879944,0.41241899132728577,3501396594
2021-02-11T00:00:00.000000Z,0.41179099678993225,0.46421301364898682,0.41179099678993225,0.45291200280189514,3244799993
2021-02-12T00:00:00.000000Z,0.4528999924659729,0.53094899654388428,0.44078201055526733,0.52784299850463867,3705074297
2021-02-13T00:00:00.000000Z,0.52685397863388062,0.60082501173019409,0.51517099142074585,0.55994802713394165,5519338626
2021-02-14T00:00:00.000000Z,0.56092101335525513,0.57409399747848511,0.49873000383377075,0.51764398813247681,3078578193
2021-02-15T00:00:00.000000Z,0.51641601324081421,0.53708899021148682,0.43680500984191895,0.49376198649406433,3202896143
2021-02-16T00:00:00.000000Z,0.4934450089931488,0.51388901472091675,0.47262498736381531,0.48660999536514282,2101777439
2021-02-17T00:00:00.000000Z,0.48652699589729309,0.50795501470565796,0.45922499895095825,0.4970020055770874,1859433188
2021-02-18T00:00:00.000000Z,0.49683099985122681,0.51546698808670044,0.48629200458526611,0.49750798940658569,1663443587
2021-02-19T00:00:00.000000Z,0.49759700894355774,0.52130001783370972,0.48638701438903809,0.51360201835632324,1683567104
2021-02-20T00:00:00.000000Z,0.51354402303695679,0.53208202123641968,0.46773499250411987,0.48800599575042725,2152043635
2021-02-21T00:00:00.000000Z,0.48737001419067383,0.5084189772605896,0.47834700345993042,0.49876800179481506,1691495133
2021-02-22T00:00:00.000000Z,0.4986259937286377,0.52304297685623169,0.39972299337387085,0.46695700287818909,2952779389
2021-02-23T00:00:00.000000Z,0.46654200553894043,0.46654200553894043,0.32204899191856384,0.38653001189231873,2962479689
2021-02-24T00:00:00.000000Z,0.38679501414299011,0.43282398581504822,0.370402991771698,0.40724000334739685,1862049592
2021-02-25T00:00:00.000000Z,0.40708398818969727,0.42578598856925964,0.38126900792121887,0.38126900792121887,1320643982
2021-02-26T00:00:00.000000Z,0.38220500946044922,0.40109801292419434,0.35783699154853821,0.40067800879478455,1387062138
2021-02-27T00:00:00.000000Z,0.40101999044418335,0.47094199061393738,0.40101999044418335,0.44145798683166504,2799346118
2021-02-28T00:00:00.000000Z,0.44151300191879272,0.4516339898109436,0.38611900806427002,0.40665099024772644,1888502990
2021-03-01T00:00:00.000000Z,0.40694200992584229,0.43590900301933289,0.40350300073623657,0.43031799793243408,1390709358
2021-03-02T00:00:00.000000Z,0.4304090142250061,0.43654501438140869,0.39953300356864929,0.41956499218940735,1167447987
2021-03-03T00:00:00.000000Z,0.42012399435043335,0.43804299831390381,0.41465499997138977,0.42210501432418823,1195050006
2021-03-04T00:00:00.000000Z,0.42187601327896118,0.42728599905967712,0.40442100167274475,0.41322198510169983,1067768373
2021-03-05T00:00:00.000000Z,0.41279199719429016,0.41279199719429016,0.38826000690460205,0.40617001056671143,839856756
2021-03-06T00:00:00.000000Z,0.40586099028587341,0.40805399417877197,0.39410299062728882,0.40331000089645386,680865154
2021-03-07T00:00:00.000000Z,0.40336000919342041,0.42190900444984436,0.40336000919342041,0.41284400224685669,796240412
2021-03-08T00:00:00.000000Z,0.41299000382423401,0.42021501064300537,0.40318900346755981,0.41753199696540833,857074336
2021-03-09T00:00:00.000000Z,0.41748899221420288,0.43377500772476196,0.41294598579406738,0.43264999985694885,1048814189
2021-03-10T00:00:00.000000Z,0.43233001232147217,0.43262100219726562,0.40799498558044434,0.41076898574829102,975485394
2021-03-11T00:00:00.000000Z,0.41038799285888672,0.41295099258422852,0.39784398674964905,0.40590000152587891,952021130
2021-03-12T00:00:00.000000Z,0.40615901350975037,0.4078490138053894,0.38202100992202759,0.38787099719047546,932051704
2021-03-13T00:00:00.000000Z,0.38794100284576416,0.41178900003433228,0.37766000628471375,0.40826401114463806,1078554244
2021-03-14T00:00:00.000000Z,0.40805399417877197,0.40827000141143799,0.39086699485778809,0.39153298735618591,788965241
2021-03-15T00:00:00.000000Z,0.39137798547744751,0.39894700050354004,0.37112799286842346,0.38549900054931641,979911106
2021-03-16T00:00:00.000000Z,0.38533699512481689,0.41048601269721985,0.37569200992584229,0.39574700593948364,1172225532
2021-03-17T00:00:00.000000Z,0.39580100774765015,0.40640699863433838,0.3888620138168335,0.40474399924278259,931660142
2021-03-18T00:00:00.000000Z,0.40469199419021606,0.40954399108886719,0.38772198557853699,0.39760899543762207,857862584
2021-03-19T00:00:00.000000Z,0.3974510133266449,0.40375098586082458,0.39111700654029846,0.39832800626754761,779831001
2021-03-20T00:00:00.000000Z,0.39828601479530334,0.43922001123428345,0.39647200703620911,0.41748800873756409,1573144660
2021-03-21T00:00:00.000000Z,0.41762098670005798,0.42537099123001099,0.3954319953918457,0.40499898791313171,1202061273
2021-03-22T00:00:00.000000Z,0.40498200058937073,0.42593300342559814,0.39654600620269775,0.39673998951911926,1398256291
2021-03-23T00:00:00.000000Z,0.39663299918174744,0.41171500086784363,0.39216399192810059,0.40008598566055298,1103779839
2021-03-24T00:00:00.000000Z,0.39993500709533691,0.40602099895477295,0.36068499088287354,0.36863899230957031,976328018
2021-03-25T00:00:00.000000Z,0.36840000748634338,0.37374100089073181,0.35027098655700684,0.36590000987052917,1066307446
2021-03-26T00:00:00.000000Z,0.36599999666213989,0.38892599940299988,0.36491000652313232,0.38750499486923218,905696765
2021-03-27T00:00:00.000000Z,0.38745999336242676,0.39243701100349426,0.3755050003528595,0.38472199440002441,716032418
2021-03-28T00:00:00.000000Z,0.38472801446914673,0.41443398594856262,0.38136199116706848,0.39934098720550537,1322103231
2021-03-29T00:00:00.000000Z,0.39977899193763733,0.41298100352287292,0.39482900500297546,0.40788298845291138,932211824
2021-03-30T00:00:00.000000Z,0.4078029990196228,0.41518500447273254,0.40332400798797607,0.40594100952148438,883027112
2021-03-31T00:00:00.000000Z,0.40590998530387878,0.41239899396896362,0.38891100883483887,0.41089800000190735,1052641432
2021-04-01T00:00:00.000000Z,0.41113799810409546,0.43655800819396973,0.40860000252723694,0.43251198530197144,1465378533
2021-04-02T00:00:00.000000Z,0.43238899111747742,0.47232800722122192,0.43238899111747742,0.44658499956130981,2189259118
2021-04-03T00:00:00.000000Z,0.44604000449180603,0.46544799208641052,0.41784399747848511,0.4180540144443512,1617541085
2021-04-04T00:00:00.000000Z,0.41804501414299011,0.44278699159622192,0.41227099299430847,0.43780699372291565,1213059845
2021-04-05T00:00:00.000000Z,0.43782699108123779,0.55097198486328125,0.43393298983573914,0.53636699914932251,4476131328
2021-04-06T00:00:00.000000Z,0.53907400369644165,0.58104097843170166,0.48747500777244568,0.542743980884552,4717764852
2021-04-07T00:00:00.000000Z,0.54312598705291748,0.5480160117149353,0.45796498656272888,0.47328001260757446,2697133800
2021-04-08T00:00:00.000000Z,0.47369500994682312,0.5071600079536438,0.47122299671173096,0.50681602954864502,1584288709
2021-04-09T00:00:00.000000Z,0.50705301761627197,0.50705301761627197,0.47891399264335632,0.48638701438903809,1072231147
2021-04-10T00:00:00.000000Z,0.48693498969078064,0.59316098690032959,0.48330000042915344,0.56182897090911865,3632750033
2021-04-11T00:00:00.000000Z,0.56259298324584961,0.65493601560592651,0.55632799863815308,0.5888100266456604,5784803709
2021-04-12T00:00:00.000000Z,0.58527201414108276,0.60628199577331543,0.56761699914932251,0.59059202671051025,2677108329
2021-04-13T00:00:00.000000Z,0.59026598930358887,0.68377500772476196,0.57739698886871338,0.65535598993301392,4359650544
2021-04-14T00:00:00.000000Z,0.65547102689743042,0.68981397151947021,0.58887499570846558,0.63673502206802368,3686360458
2021-04-15T00:00:00.000000Z,0.63664597272872925,0.64946597814559937,0.61595302820205688,0.64104002714157104,1884434890
2021-04-16T00:00:00.000000Z,0.64049899578094482,0.65425002574920654,0.56764698028564453,0.61326301097869873,2279497102
2021-04-17T00:00:00.000000Z,0.61146801710128784,0.64414602518081665,0.5956839919090271,0.5992550253868103,1747763981
2021-04-18T00:00:00.000000Z,0.59858101606369019,0.60593897104263306,0.46371498703956604,0.54473400115966797,2642964343
2021-04-19T00:00:00.000000Z,0.5455939769744873,0.5660250186920166,0.49337801337242126,0.50123399496078491,1896493046
2021-04-20T00:00:00.000000Z,0.49965798854827881,0.52968502044677734,0.47013199329376221,0.5279499888420105,1793260649
2021-04-21T00:00:00.000000Z,0.52943497896194458,0.53781497478485107,0.4856019914150238,0.49208799004554749,1483729152
2021-04-22T00:00:00.000000Z,0.49061998724937439,0.51294898986816406,0.44653001427650452,0.45034599304199219,1696917155
2021-04-23T00:00:00.000000Z,0.45024600625038147,0.45645898580551147,0.36669400334358215,0.45089200139045715,2437398588
2021-04-24T00:00:00.000000Z,0.45102301239967346,0.46018299460411072,0.41371500492095947,0.42574599385261536,1406030264
2021-04-25T00:00:00.000000Z,0.42538300156593323,0.44466200470924377,0.40199398994445801,0.41643801331520081,1131194565
2021-04-26T00:00:00.000000Z,0.41665801405906677,0.48636600375175476,0.41484400629997253,0.48561000823974609,1580164878
2021-04-27T00:00:00.000000Z,0.48656299710273743,0.52211999893188477,0.47671800851821899,0.50947898626327515,1554353642
2021-04-28T00:00:00.000000Z,0.50985801219940186,0.52132099866867065,0.47605800628662109,0.49734899401664734,1117111605
2021-04-29T00:00:00.000000Z,0.49752300977706909,0.50847798585891724,0.47772499918937683,0.49179700016975403,879179804
2021-04-30T00:00:00.000000Z,0.49198099970817566,0.53969800472259521,0.48553699254989624,0.5295259952545166,1485447208
2021-05-01T00:00:00.000000Z,0.52951401472091675,0.53980201482772827,0.51359200477600098,0.53980201482772827,1056846205
2021-05-02T00:00:00.000000Z,0.54010701179504395,0.55981099605560303,0.51439499855041504,0.55949199199676514,1396734702
2021-05-03T00:00:00.000000Z,0.5555499792098999,0.57318902015686035,0.5405920147895813,0.55214202404022217,1414103796
2021-05-04T00:00:00.000000Z,0.55108100175857544,0.55108100175857544,0.4972350001335144,0.5033230185508728,1615564898
2021-05-05T00:00:00.000000Z,0.50194698572158813,0.60342901945114136,0.4971030056476593,0.60342901945114136,2837953135
2021-05-06T00:00:00.000000Z,0.60571497678756714,0.68880599737167358,0.59763801097869873,0.6510319709777832,4880860756
2021-05-07T00:00:00.000000Z,0.64981198310852051,0.68778800964355469,0.60575002431869507,0.63037699460983276,3018476550
2021-05-08T00:00:00.000000Z,0.63086098432540894,0.64080601930618286,0.60522401332855225,0.6165509819984436,1673520774
2021-05-09T00:00:00.000000Z,0.61491501331329346,0.63306701183319092,0.57750898599624634,0.6285889744758606,2060435745
2021-05-10T00:00:00.000000Z,0.62790900468826294,0.77810400724411011,0.61551898717880249,0.65957897901535034,6716066186
2021-05-11T00:00:00.000000Z,0.65742897987365723,0.73950999975204468,0.62057799100875854,0.72999602556228638,4500602885
2021-05-12T00:00:00.000000Z,0.73312199115753174,0.73624598979949951,0.58870500326156616,0.58870500326156616,2788838782
2021-05-13T00:00:00.000000Z,0.59269297122955322,0.66081202030181885,0.55061101913452148,0.64415097236633301,3672409153
2021-05-14T00:00:00.000000Z,0.64991599321365356,0.70633900165557861,0.6377289891242981,0.66804200410842896,3235407543
2021-05-15T00:00:00.000000Z,0.66611301898956299,0.7408139705657959,0.65072798728942871,0.67624098062515259,4130301427
2021-05-16T00:00:00.000000Z,0.68126398324966431,0.7964709997177124,0.66351199150085449,0.71430200338363647,5094441207
2021-05-17T00:00:00.000000Z,0.71132099628448486,0.71189802885055542,0.62114500999450684,0.64560097455978394,3497099452
2021-05-18T00:00:00.000000Z,0.64265400171279907,0.70061302185058594,0.63570499420166016,0.64711499214172363,2692243772
2021-05-19T00:00:00.000000Z,0.64686799049377441,0.65630799531936646,0.30350899696350098,0.45042699575424194,4216540503
2021-05-20T00:00:00.000000Z,0.44554498791694641,0.53417199850082397,0.40128698945045471,0.49759000539779663,2728401423
2021-05-21T00:00:00.000000Z,0.49583700299263,0.51103901863098145,0.3732210099697113,0.41935500502586365,2137903903
2021-05-22T00:00:00.000000Z,0.41991499066352844,0.4220530092716217,0.36798501014709473,0.38995298743247986,1654933818
2021-05-23T00:00:00.000000Z,0.38977798819541931,0.40229499340057373,0.27615299820899963,0.36780500411987305,2168248423
2021-05-24T00:00:00.000000Z,0.3650830090045929,0.44812500476837158,0.36080700159072876,0.43970200419425964,2433154244
2021-05-25T00:00:00.000000Z,0.43968299031257629,0.45946499705314636,0.40874800086021423,0.42881301045417786,1995356890
2021-05-26T00:00:00.000000Z,0.43008100986480713,0.47097200155258179,0.42173498868942261,0.44467398524284363,1739319175
2021-05-27T00:00:00.000000Z,0.44463598728179932,0.44705298542976379,0.41157498955726624,0.41859099268913269,1382884710
2021-05-28T00:00:00.000000Z,0.4201430082321167,0.42585599422454834,0.36485400795936584,0.39879199862480164,1567740989
2021-05-29T00:00:00.000000Z,0.39934000372886658,0.40859299898147583,0.34470000863075256,0.36715701222419739,1377823083
2021-05-30T00:00:00.000000Z,0.36725899577140808,0.3986009955406189,0.34786701202392578,0.37568798661231995,887569757
2021-05-31T00:00:00.000000Z,0.3749530017375946,0.40986299514770508,0.36591699719429016,0.40340700745582581,1054749322
2021-06-01T00:00:00.000000Z,0.40265300869941711,0.44784298539161682,0.3847070038318634,0.41771000623703003,1518957701
2021-06-02T00:00:00.000000Z,0.41851499676704407,0.43479201197624207,0.40606498718261719,0.41901001334190369,991387652
2021-06-03T00:00:00.000000Z,0.41910499334335327,0.43392598628997803,0.41305100917816162,0.42534300684928894,809908091
2021-06-04T00:00:00.000000Z,0.42561501264572144,0.42561501264572144,0.3705730140209198,0.38503900170326233,978141224
2021-06-05T00:00:00.000000Z,0.38522198796272278,0.40581700205802917,0.36632800102233887,0.3753800094127655,872412181
2021-06-06T00:00:00.000000Z,0.37549498677253723,0.38873198628425598,0.37231600284576416,0.38125500082969666,630132229
2021-06-07T00:00:00.000000Z,0.38131299614906311,0.39218300580978394,0.3440220057964325,0.34623199701309204,668258023
2021-06-08T00:00:00.000000Z,0.34684601426124573,0.35622799396514893,0.31113898754119873,0.35056701302528381,943710872
2021-06-09T00:00:00.000000Z,0.34970301389694214,0.36454001069068909,0.32528999447822571,0.36429101228713989,914569105
2021-06-10T00:00:00.000000Z,0.36561301350593567,0.36709201335906982,0.33217200636863708,0.33921000361442566,822163707
2021-06-11T00:00:00.000000Z,0.33939000964164734,0.34303799271583557,0.31522500514984131,0.31866100430488586,748666312
2021-06-12T00:00:00.000000Z,0.31860300898551941,0.34368601441383362,0.30020600557327271,0.32829698920249939,848257045
2021-06-13T00:00:00.000000Z,0.32822400331497192,0.34829899668693542,0.31154501438140869,0.34472998976707458,783830045
2021-06-14T00:00:00.000000Z,0.34497100114822388,0.34931999444961548,0.32835900783538818,0.34830200672149658,765281329
2021-06-15T00:00:00.000000Z,0.34402799606323242,0.3513759970664978,0.33089101314544678,0.34381398558616638,884436203
2021-06-16T00:00:00.000000Z,0.33417400717735291,0.34198999404907227,0.31549999117851257,0.31737300753593445,814399660
2021-06-17T00:00:00.000000Z,0.31782799959182739,0.33010399341583252,0.31111800670623779,0.31756100058555603,697753372
2021-06-18T00:00:00.000000Z,0.3179439902305603,0.31863999366760254,0.28591099381446838,0.29765599966049194,507029821
2021-06-19T00:00:00.000000Z,0.29774200916290283,0.30687001347541809,0.28982299566268921,0.29079899191856384,375747048
2021-06-20T00:00:00.000000Z,0.29007101058959961,0.29939201474189758,0.27067700028419495,0.29763001203536987,468555357
2021-06-21T00:00:00.000000Z,0.29746198654174805,0.30193701386451721,0.23581899702548981,0.23666700720787048,646879152
2021-06-22T00:00:00.000000Z,0.23621900379657745,0.25868898630142212,0.20015600323677063,0.23463000357151031,883152929
2021-06-23T00:00:00.000000Z,0.23497000336647034,0.26910600066184998,0.22533799707889557,0.25717499852180481,673254530
2021-06-24T00:00:00.000000Z,0.25592601299285889,0.27318999171257019,0.24378100037574768,0.26776900887489319,495390035
2021-06-25T00:00:00.000000Z,0.26857900619506836,0.27397000789642334,0.24120399355888367,0.24259400367736816,459649224
2021-06-26T00:00:00.000000Z,0.24171100556850433,0.2493090033531189,0.22914400696754456,0.2493090033531189,435631054
2021-06-27T00:00:00.000000Z,0.24942000210285187,0.25906699895858765,0.23987400531768799,0.25864800810813904,430864934
2021-06-28T00:00:00.000000Z,0.25941100716590881,0.26889699697494507,0.25617599487304688,0.26350799202919006,410516522
2021-06-29T00:00:00.000000Z,0.26373499631881714,0.2934660017490387,0.2628529965877533,0.28081798553466797,529269669
2021-06-30T00:00:00.000000Z,0.28264901041984558,0.28571900725364685,0.26652601361274719,0.28297799825668335,437817934
2021-07-01T00:00:00.000000Z,0.28318199515342712,0.28318199515342712,0.26018598675727844,0.26974600553512573,371285153
2021-07-02T00:00:00.000000Z,0.26914799213409424,0.27335900068283081,0.2528739869594574,0.26342698931694031,348779260
2021-07-03T00:00:00.000000Z,0.26330399513244629,0.2703309953212738,0.25971001386642456,0.26432400941848755,331006888
2021-07-04T00:00:00.000000Z,0.26425400376319885,0.27231401205062866,0.25911799073219299,0.26812800765037537,337619569
2021-07-05T00:00:00.000000Z,0.26827201247215271,0.26827201247215271,0.25229999423027039,0.25445601344108582,335924211
2021-07-06T00:00:00.000000Z,0.25393098592758179,0.26775699853897095,0.25354701280593872,0.26019001007080078,360426095
2021-07-07T00:00:00.000000Z,0.26059401035308838,0.26570799946784973,0.25614500045776367,0.25694000720977783,341283702
2021-07-08T00:00:00.000000Z,0.25706401467323303,0.25764301419258118,0.23974700272083282,0.24342100322246552,398257785
2021-07-09T00:00:00.000000Z,0.24295400083065033,0.24965199828147888,0.23332799971103668,0.24580200016498566,413022586
2021-07-10T00:00:00.000000Z,0.24595099687576294,0.25255298614501953,0.23944200575351715,0.2453169971704483,305321825
2021-07-11T00:00:00.000000Z,0.24525399506092072,0.24848900735378265,0.24098899960517883,0.24615700542926788,272218462
2021-07-12T00:00:00.000000Z,0.24640999734401703,0.25246500968933105,0.23659299314022064,0.23925399780273438,303323693
2021-07-13T00:00:00.000000Z,0.23893800377845764,0.2426459938287735,0.22814899682998657,0.23273999989032745,310476443
2021-07-14T00:00:00.000000Z,0.23274600505828857,0.24488300085067749,0.21979700028896332,0.24011600017547607,416234872
2021-07-15T00:00:00.000000Z,0.24028000235557556,0.24350200593471527,0.22683799266815186,0.24098299443721771,372008308
2021-07-16T00:00:00.000000Z,0.24073599278926849,0.25750899314880371,0.23360699415206909,0.23642300069332123,734377357
2021-07-17T00:00:00.000000Z,0.23535700142383575,0.23828199505805969,0.22871200740337372,0.23300200700759888,427315628
2021-07-18T00:00:00.000000Z,0.23304900527000427,0.24059000611305237,0.22810399532318115,0.23073799908161163,327137782
2021-07-19T00:00:00.000000Z,0.23049899935722351,0.231672003865242,0.21152299642562866,0.21152299642562866,306686285
2021-07-20T00:00:00.000000Z,0.21164299547672272,0.2155659943819046,0.19943700730800629,0.21239399909973145,400269220
2021-07-21T00:00:00.000000Z,0.21223799884319305,0.23003999888896942,0.20736299455165863,0.2278359979391098,409219916
2021-07-22T00:00:00.000000Z,0.22836799919605255,0.26775899529457092,0.22427499294281006,0.26359999179840088,967644367
2021-07-23T00:00:00.000000Z,0.26380699872970581,0.27700299024581909,0.2492540031671524,0.26945900917053223,833096764
2021-07-24T00:00:00.000000Z,0.26891800761222839,0.27196300029754639,0.26145601272583008,0.26768600940704346,464576174
2021-07-25T00:00:00.000000Z,0.26747000217437744,0.26756501197814941,0.25409099459648132,0.2617419958114624,348760886
2021-07-26T00:00:00.000000Z,0.26177498698234558,0.28411400318145752,0.25728398561477661,0.26147899031639099,710940974
2021-07-27T00:00:00.000000Z,0.26075899600982666,0.27002501487731934,0.2513279914855957,0.26312398910522461,466181632
2021-07-28T00:00:00.000000Z,0.26322600245475769,0.28110000491142273,0.25849699974060059,0.26893401145935059,693920024
2021-07-29T00:00:00.000000Z,0.26994699239730835,0.27495101094245911,0.262347012758255,0.27229699492454529,449501855
2021-07-30T00:00:00.000000Z,0.27249199151992798,0.28503501415252686,0.26306501030921936,0.27942100167274475,544526611
2021-07-31T00:00:00.000000Z,0.27930599451065063,0.2896760106086731,0.2737480103969574,0.28569701313972473,542423429
2021-08-01T00:00:00.000000Z,0.28465500473976135,0.30041301250457764,0.27368998527526855,0.27617698907852173,629418983
2021-08-02T00:00:00.000000Z,0.27558600902557373,0.28576800227165222,0.26912400126457214,0.27460899949073792,551800678
2021-08-03T00:00:00.000000Z,0.27462700009346008,0.27886301279067993,0.26527300477027893,0.27416801452636719,489501769
2021-08-04T00:00:00.000000Z,0.27478998899459839,0.28389701247215271,0.26575300097465515,0.28036800026893616,480114860
2021-08-05T00:00:00.000000Z,0.28059199452400208,0.28229600191116333,0.26639500260353088,0.28041800856590271,586814222
2021-08-06T00:00:00.000000Z,0.28038498759269714,0.28610700368881226,0.27472200989723206,0.28474900126457214,530329062
2021-08-07T00:00:00.000000Z,0.28517800569534302,0.31077998876571655,0.28241598606109619,0.30625900626182556,904795533
2021-08-08T00:00:00.000000Z,0.30723100900650024,0.31294599175453186,0.28584200143814087,0.28733599185943604,602492917
2021-08-09T00:00:00.000000Z,0.28715699911117554,0.30533498525619507,0.28021499514579773,0.29918798804283142,621594088
2021-08-10T00:00:00.000000Z,0.29899001121520996,0.31440100073814392,0.29558500647544861,0.31001698970794678,685222152
2021-08-11T00:00:00.000000Z,0.31015199422836304,0.35179799795150757,0.30964198708534241,0.33785799145698547,1181507981
2021-08-12T00:00:00.000000Z,0.33793500065803528,0.35292801260948181,0.31603100895881653,0.32733899354934692,1084259364
2021-08-13T00:00:00.000000Z,0.32892999053001404,0.36489701271057129,0.32453501224517822,0.36008501052856445,1043317676
2021-08-14T00:00:00.000000Z,0.36004999279975891,0.39931398630142212,0.35281598567962646,0.39504900574684143,1425323552
2021-08-15T00:00:00.000000Z,0.39543899893760681,0.40298798680305481,0.37091401219367981,0.39160901308059692,1219537031
2021-08-16T00:00:00.000000Z,0.39102700352668762,0.40977200865745544,0.37198400497436523,0.37321498990058899,1062173833
2021-08-17T00:00:00.000000Z,0.37203800678253174,0.38370999693870544,0.34000399708747864,0.34165000915527344,861963091
2021-08-18T00:00:00.000000Z,0.34119001030921936,0.35922700166702271,0.32734599709510803,0.34285798668861389,710374214
2021-08-19T00:00:00.000000Z,0.34248098731040955,0.36805799603462219,0.33230999112129211,0.36709600687026978,734464027
2021-08-20T00:00:00.000000Z,0.36695700883865356,0.38731101155281067,0.36075899004936218,0.3852899968624115,780181594
2021-08-21T00:00:00.000000Z,0.3850570023059845,0.3850570023059845,0.36930999159812927,0.37177899479866028,495958275
2021-08-22T00:00:00.000000Z,0.37176001071929932,0.38902398943901062,0.36214300990104675,0.37310901284217834,599795232
2021-08-23T00:00:00.000000Z,0.37264600396156311,0.38706600666046143,0.37085399031639099,0.3787040114402771,792003503
2021-08-24T00:00:00.000000Z,0.37935400009155273,0.38047501444816589,0.35075399279594421,0.35075399279594421,629936533
2021-08-25T00:00:00.000000Z,0.35094299912452698,0.35970500111579895,0.34201300144195557,0.35850399732589722,651572702
2021-08-26T00:00:00.000000Z,0.35908699035644531,0.36313501000404358,0.33190798759460449,0.33631399273872375,604899155
2021-08-27T00:00:00.000000Z,0.33575201034545898,0.35721901059150696,0.32976999878883362,0.35721901059150696,620642618
2021-08-28T00:00:00.000000Z,0.35734400153160095,0.3598330020904541,0.34322300553321838,0.34785398840904236,470959442
2021-08-29T00:00:00.000000Z,0.34777998924255371,0.35338801145553589,0.34174799919128418,0.34374099969863892,451759625
2021-08-30T00:00:00.000000Z,0.34374099969863892,0.34604901075363159,0.32931500673294067,0.32931500673294067,522192911
2021-08-31T00:00:00.000000Z,0.32993200421333313,0.35615798830986023,0.32756701111793518,0.34076800942420959,767428068
2021-09-01T00:00:00.000000Z,0.34025600552558899,0.35611298680305481,0.33610200881958008,0.35384398698806763,726573172
2021-09-02T00:00:00.000000Z,0.3534570038318634,0.3673500120639801,0.35226699709892273,0.36059299111366272,804429508
2021-09-03T00:00:00.000000Z,0.35931000113487244,0.37741899490356445,0.35190799832344055,0.36890301108360291,802448021
2021-09-04T00:00:00.000000Z,0.36864900588989258,0.38388499617576599,0.3653939962387085,0.3703010082244873,768620012
2021-09-05T00:00:00.000000Z,0.37012600898742676,0.3975830078125,0.36838200688362122,0.39739099144935608,889265975
2021-09-06T00:00:00.000000Z,0.39758101105690002,0.43112900853157043,0.38968700170516968,0.42343199253082275,1749823011
2021-09-07T00:00:00.000000Z,0.42389801144599915,0.42425000667572021,0.2796579897403717,0.33428698778152466,2284432865
2021-09-08T00:00:00.000000Z,0.33448100090026855,0.34295699000358582,0.30629399418830872,0.32953900098800659,1406502025
2021-09-09T00:00:00.000000Z,0.32956999540328979,0.34174999594688416,0.32547101378440857,0.33229899406433105,885354438
2021-09-10T00:00:00.000000Z,0.33193200826644897,0.35853499174118042,0.31211501359939575,0.31745201349258423,1068237830
2021-09-11T00:00:00.000000Z,0.3173309862613678,0.33255800604820251,0.31638100743293762,0.32527899742126465,596034945
2021-09-12T00:00:00.000000Z,0.32542601227760315,0.33858400583267212,0.31779998540878296,0.33315598964691162,555343786
2021-09-13T00:00:00.000000Z,0.33326399326324463,0.33640199899673462,0.31095299124717712,0.31927898526191711,690888123
2021-09-14T00:00:00.000000Z,0.31897100806236267,0.33108898997306824,0.31685000658035278,0.33108898997306824,490880617
2021-09-15T00:00:00.000000Z,0.33132600784301758,0.34195598959922791,0.32781299948692322,0.34147500991821289,535007934
2021-09-16T00:00:00.000000Z,0.34106600284576416,0.34181401133537292,0.32402700185775757,0.33061200380325317,635824152
2021-09-17T00:00:00.000000Z,0.33113700151443481,0.33309200406074524,0.31602001190185547,0.31955099105834961,603626051
2021-09-18T00:00:00.000000Z,0.31938999891281128,0.327892005443573,0.31570801138877869,0.32250198721885681,427858426
2021-09-19T00:00:00.000000Z,0.32232901453971863,0.32485398650169373,0.31174001097679138,0.31418299674987793,389059259
2021-09-20T00:00:00.000000Z,0.31420400738716125,0.31514298915863037,0.27131900191307068,0.28092798590660095,843972266
2021-09-21T00:00:00.000000Z,0.2822679877281189,0.28731799125671387,0.26188001036643982,0.26632198691368103,669120683
2021-09-22T00:00:00.000000Z,0.26601201295852661,0.29365000128746033,0.26117101311683655,0.29330599308013916,593808409
2021-09-23T00:00:00.000000Z,0.29306700825691223,0.30322098731994629,0.28918600082397461,0.30322098731994629,528205737
2021-09-24T00:00:00.000000Z,0.30333000421524048,0.30578500032424927,0.27058699727058411,0.28174200654029846,578996814
2021-09-25T00:00:00.000000Z,0.2815609872341156,0.2859019935131073,0.27142700552940369,0.27757799625396729,390119407
2021-09-26T00:00:00.000000Z,0.2775999903678894,0.28149598836898804,0.26173499226570129,0.27616500854492188,434181440
2021-09-27T00:00:00.000000Z,0.27683499455451965,0.28345900774002075,0.26553899049758911,0.26583400368690491,374654280
2021-09-28T00:00:00.000000Z,0.26553100347518921,0.27029898762702942,0.25534400343894958,0.25674000382423401,378922621
2021-09-29T00:00:00.000000Z,0.25698700547218323,0.27871799468994141,0.25549900531768799,0.270253986120224,476652882
2021-09-30T00:00:00.000000Z,0.27018401026725769,0.28059199452400208,0.26898801326751709,0.2788110077381134,422507688
2021-10-01T00:00:00.000000Z,0.2789900004863739,0.30049198865890503,0.27594000101089478,0.30039098858833313,599166723
2021-10-02T00:00:00.000000Z,0.30031800270080566,0.32640698552131653,0.2928139865398407,0.31697499752044678,644767899
2021-10-03T00:00:00.000000Z,0.31692200899124146,0.32271099090576172,0.31101900339126587,0.31509700417518616,599415325
2021-10-04T00:00:00.000000Z,0.31455901265144348,0.31533300876617432,0.29690900444984436,0.30965501070022583,572515716
2021-10-05T00:00:00.000000Z,0.31009900569915771,0.32052499055862427,0.30839800834655762,0.31908398866653442,628491274
2021-10-06T00:00:00.000000Z,0.31909298896789551,0.36394399404525757,0.30542999505996704,0.35444200038909912,1089704496
2021-10-07T00:00:00.000000Z,0.35769200325012207,0.36836901307106018,0.34229400753974915,0.3441070020198822,1284965239
2021-10-08T00:00:00.000000Z,0.34327700734138489,0.34940400719642639,0.3342210054397583,0.33581200242042542,715075457
2021-10-09T00:00:00.000000Z,0.33584100008010864,0.36670801043510437,0.33362698554992676,0.35286900401115417,842513413
2021-10-10T00:00:00.000000Z,0.35274899005889893,0.35800400376319885,0.33045798540115356,0.33251699805259705,587185000
2021-10-11T00:00:00.000000Z,0.33203500509262085,0.35711699724197388,0.32654601335525513,0.34455600380897522,743253215
2021-10-12T00:00:00.000000Z,0.34510600566864014,0.34510600566864014,0.32051399350166321,0.33314099907875061,606576387
2021-10-13T00:00:00.000000Z,0.33297500014305115,0.3742389976978302,0.33104300498962402,0.36766299605369568,1315956487
2021-10-14T00:00:00.000000Z,0.36775600910186768,0.38212200999259949,0.36496898531913757,0.36932599544525146,884709082
2021-10-15T00:00:00.000000Z,0.36950400471687317,0.37260198593139648,0.35181498527526855,0.36143401265144348,892639353
2021-10-16T00:00:00.000000Z,0.36125299334526062,0.41976898908615112,0.36125299334526062,0.39610299468040466,1904544943
2021-10-17T00:00:00.000000Z,0.3967289924621582,0.40247800946235657,0.36618098616600037,0.38265699148178101,1055192827
2021-10-18T00:00:00.000000Z,0.38292801380157471,0.39478200674057007,0.37693300843238831,0.37983700633049011,900463495
2021-10-19T00:00:00.000000Z,0.3797299861907959,0.38399800658226013,0.36763501167297363,0.37392398715019226,561883914
2021-10-20T00:00:00.000000Z,0.37403100728988647,0.39179500937461853,0.36857101321220398,0.39097699522972107,773851701
2021-10-21T00:00:00.000000Z,0.3917439877986908,0.39767900109291077,0.37246799468994141,0.37262201309204102,872728684
2021-10-22T00:00:00.000000Z,0.37340399622917175,0.38065099716186523,0.36640998721122742,0.37213501334190369,580788689
2021-10-23T00:00:00.000000Z,0.37214601039886475,0.37866699695587158,0.36862099170684814,0.37866699695587158,435009216
2021-10-24T00:00:00.000000Z,0.37832000851631165,0.38637998700141907,0.36733898520469666,0.37284299731254578,553801827
2021-10-25T00:00:00.000000Z,0.37255001068115234,0.3868040144443512,0.37134000658988953,0.3868040144443512,526688249
2021-10-26T00:00:00.000000Z,0.38783600926399231,0.38783600926399231,0.37000700831413269,0.37343299388885498,555780297
2021-10-27T00:00:00.000000Z,0.37317198514938354,0.37548598647117615,0.31451699137687683,0.33075600862503052,994505737
2021-10-28T00:00:00.000000Z,0.33074098825454712,0.348704993724823,0.32624998688697815,0.34280499815940857,848320375
2021-10-29T00:00:00.000000Z,0.34272900223731995,0.36299800872802734,0.3410860002040863,0.36164900660514832,643201164
2021-10-30T00:00:00.000000Z,0.36157000064849854,0.36548799276351929,0.35174000263214111,0.35861501097679138,616126735
2021-10-31T00:00:00.000000Z,0.35873600840568542,0.38864299654960632,0.35742700099945068,0.37285101413726807,1141283804
2021-11-01T00:00:00.000000Z,0.3728330135345459,0.3756600022315979,0.35857298970222473,0.36655199527740479,631127554
2021-11-02T00:00:00.000000Z,0.36609798669815063,0.3819270133972168,0.36318999528884888,0.38181999325752258,625727471
2021-11-03T00:00:00.000000Z,0.38228499889373779,0.39850801229476929,0.37185999751091003,0.38496699929237366,978825789
2021-11-04T00:00:00.000000Z,0.38520199060440063,0.39019399881362915,0.36583501100540161,0.36968401074409485,617166860
2021-11-05T00:00:00.000000Z,0.36998298764228821,0.37371999025344849,0.35903498530387878,0.35999599099159241,503402576
2021-11-06T00:00:00.000000Z,0.35953798890113831,0.36441001296043396,0.3506929874420166,0.35917100310325623,447494356
2021-11-07T00:00:00.000000Z,0.35940098762512207,0.36597698926925659,0.35739898681640625,0.36343398690223694,413751906
2021-11-08T00:00:00.000000Z,0.36394500732421875,0.37878701090812683,0.36339300870895386,0.37761399149894714,640416168
2021-11-09T00:00:00.000000Z,0.37806200981140137,0.42044299840927124,0.37395000457763672,0.41214901208877563,1338692934
2021-11-10T00:00:00.000000Z,0.41255098581314087,0.44027000665664673,0.36743000149726868,0.38525500893592834,1970017508
2021-11-11T00:00:00.000000Z,0.38443699479103088,0.40302899479866028,0.3761729896068573,0.39207500219345093,1026266028
2021-11-12T00:00:00.000000Z,0.39152398705482483,0.39456000924110413,0.36528700590133667,0.37947899103164673,775630899
2021-11-13T00:00:00.000000Z,0.37938100099563599,0.38275501132011414,0.37084299325942993,0.37891599535942078,493020779
2021-11-14T00:00:00.000000Z,0.37871599197387695,0.38207200169563293,0.36811700463294983,0.37742900848388672,464387096
2021-11-15T00:00:00.000000Z,0.37749698758125305,0.39381799101829529,0.37511199712753296,0.37594100832939148,667229793
2021-11-16T00:00:00.000000Z,0.37753701210021973,0.37753701210021973,0.33271801471710205,0.34405699372291565,948088990
2021-11-17T00:00:00.000000Z,0.34382501244544983,0.3494420051574707,0.3331800103187561,0.34639599919319153,727420599
2021-11-18T00:00:00.000000Z,0.34637901186943054,0.35515600442886353,0.31461501121520996,0.3281559944152832,880640903
2021-11-19T00:00:00.000000Z,0.32775598764419556,0.35668200254440308,0.32622799277305603,0.35402101278305054,721979989
2021-11-20T00:00:00.000000Z,0.35415700078010559,0.3586840033531189,0.33741900324821472,0.34873199462890625,541831702
2021-11-21T00:00:00.000000Z,0.34860000014305115,0.34912100434303284,0.33871600031852722,0.34415999054908752,455960879
2021-11-22T00:00:00.000000Z,0.3440839946269989,0.35635000467300415,0.33232000470161438,0.33660998940467834,777532438
2021-11-23T00:00:00.000000Z,0.33656400442123413,0.34239101409912109,0.32887899875640869,0.34072500467300415,638197000
2021-11-24T00:00:00.000000Z,0.34134998917579651,0.34149101376533508,0.32154899835586548,0.33326700329780579,585096905
2021-11-25T00:00:00.000000Z,0.3274880051612854,0.34758999943733215,0.32603099942207336,0.3319610059261322,535017346
2021-11-26T00:00:00.000000Z,0.34173598885536194,0.35023999214172363,0.30788099765777588,0.32793000340461731,1137172623
2021-11-27T00:00:00.000000Z,0.32891198992729187,0.33495399355888367,0.32139798998832703,0.32656899094581604,634035168
2021-11-28T00:00:00.000000Z,0.32630199193954468,0.3268280029296875,0.30267199873924255,0.32363998889923096,654631818
2021-11-29T00:00:00.000000Z,0.32383298873901367,0.33385598659515381,0.32320499420166016,0.32852301001548767,543953655
2021-11-30T00:00:00.000000Z,0.32846501469612122,0.35075598955154419,0.32837298512458801,0.33616399765014648,765495934
2021-12-01T00:00:00.000000Z,0.33568400144577026,0.34552401304244995,0.32632198929786682,0.32787999510765076,557755808
2021-12-02T00:00:00.000000Z,0.32796299457550049,0.34015101194381714,0.31817600131034851,0.33831000328063965,550972339
2021-12-03T00:00:00.000000Z,0.33967098593711853,0.36323300004005432,0.32390400767326355,0.32617300748825073,1347154478
2021-12-04T00:00:00.000000Z,0.32682698965072632,0.32682698965072632,0.23211599886417389,0.28915798664093018,1824623320
2021-12-05T00:00:00.000000Z,0.28957200050354004,0.29426300525665283,0.26003798842430115,0.28054499626159668,1051929731
2021-12-06T00:00:00.000000Z,0.27993100881576538,0.2967660129070282,0.24823400378227234,0.29603999853134155,1216160034
2021-12-07T00:00:00.000000Z,0.29599100351333618,0.29935801029205322,0.28235301375389099,0.28718400001525879,707957073
2021-12-08T00:00:00.000000Z,0.28694000840187073,0.30714300274848938,0.28386899828910828,0.30618101358413696,820595435
2021-12-09T00:00:00.000000Z,0.3057900071144104,0.30650699138641357,0.27405500411987305,0.27405500411987305,671983127
2021-12-10T00:00:00.000000Z,0.27429100871086121,0.28079700469970703,0.26028600335121155,0.26120299100875854,526491215
2021-12-11T00:00:00.000000Z,0.26121500134468079,0.27967500686645508,0.25707501173019409,0.27464601397514343,429024912
2021-12-12T00:00:00.000000Z,0.27442601323127747,0.28169000148773193,0.26726898550987244,0.27625998854637146,319633170
2021-12-13T00:00:00.000000Z,0.27623200416564941,0.27701601386070251,0.25191700458526611,0.25312501192092896,401585731
2021-12-14T00:00:00.000000Z,0.25321498513221741,0.26942598819732666,0.24865199625492096,0.26065599918365479,583635011
2021-12-15T00:00:00.000000Z,0.26773199439048767,0.27510601282119751,0.24688200652599335,0.27298799157142639,536910293
2021-12-16T00:00:00.000000Z,0.27295199036598206,0.27433401346206665,0.25535300374031067,0.25587001442909241,405880374
2021-12-17T00:00:00.000000Z,0.25576600432395935,0.26226699352264404,0.24661199748516083,0.25514701008796692,431554141
2021-12-18T00:00:00.000000Z,0.25510001182556152,0.26618099212646484,0.25105199217796326,0.25520101189613342,390164790
2021-12-19T00:00:00.000000Z,0.25554600358009338,0.2664409875869751,0.25217598676681519,0.25326499342918396,360812096
2021-12-20T00:00:00.000000Z,0.25354298949241638,0.27340099215507507,0.25120800733566284,0.25771701335906982,743523572
2021-12-21T00:00:00.000000Z,0.25752401351928711,0.26931700110435486,0.25321599841117859,0.26756298542022705,480382354
2021-12-22T00:00:00.000000Z,0.26764300465583801,0.27706798911094666,0.26718300580978394,0.26723900437355042,434602912
2021-12-23T00:00:00.000000Z,0.26739600300788879,0.28954499959945679,0.26525801420211792,0.28720301389694214,485730717
2021-12-24T00:00:00.000000Z,0.28755199909210205,0.2883409857749939,0.27617201209068298,0.27855199575424194,372761398
2021-12-25T00:00:00.000000Z,0.27837300300598145,0.29468199610710144,0.27685201168060303,0.28915300965309143,361103343
2021-12-26T00:00:00.000000Z,0.2891559898853302,0.29391101002693176,0.28506800532341003,0.2914699912071228,289305466
2021-12-27T00:00:00.000000Z,0.29151499271392822,0.30528900027275085,0.29126200079917908,0.29891100525856018,322738218
2021-12-28T00:00:00.000000Z,0.29861399531364441,0.29865500330924988,0.27384498715400696,0.27457401156425476,462409941
2021-12-29T00:00:00.000000Z,0.27444300055503845,0.27939200401306152,0.26565700769424438,0.26644200086593628,373052601
2021-12-30T00:00:00.000000Z,0.26700401306152344,0.27513399720191956,0.26137799024581909,0.26832500100135803,341379014
2021-12-31T00:00:00.000000Z,0.26840999722480774,0.27615299820899963,0.26027101278305054,0.26739400625228882,336363186
2022-01-01T00:00:00.000000Z,0.26740801334381104,0.27636599540710449,0.26687100529670715,0.27633500099182129,257588527
2022-01-02T00:00:00.000000Z,0.27631500363349915,0.29171699285507202,0.27594798803329468,0.2917029857635498,322943755
2022-01-03T00:00:00.000000Z,0.29173099994659424,0.29563999176025391,0.28654098510742188,0.29018101096153259,441514235
2022-01-04T00:00:00.000000Z,0.29031398892402649,0.29078400135040283,0.27962899208068848,0.27966699004173279,355236108
2022-01-05T00:00:00.000000Z,0.27969399094581604,0.29432100057601929,0.25822299718856812,0.26728001236915588,513227148
2022-01-06T00:00:00.000000Z,0.26729398965835571,0.27178999781608582,0.25959399342536926,0.26808398962020874,454884986
2022-01-07T00:00:00.000000Z,0.26803299784660339,0.26811400055885315,0.2526090145111084,0.2569580078125,474854447
2022-01-08T00:00:00.000000Z,0.25697898864746094,0.264055997133255,0.24855799973011017,0.25607401132583618,482029101
2022-01-09T00:00:00.000000Z,0.25608500838279724,0.26360300183296204,0.25459301471710205,0.26127400994300842,257543793
2022-01-10T00:00:00.000000Z,0.26126599311828613,0.26354300975799561,0.24093599617481232,0.25310799479484558,442391126
2022-01-11T00:00:00.000000Z,0.25309398770332336,0.26279199123382568,0.24905399978160858,0.26273199915885925,365495933
2022-01-12T00:00:00.000000Z,0.26278001070022583,0.29052901268005371,0.26278001070022583,0.28260898590087891,597727271
2022-01-13T00:00:00.000000Z,0.28263598680496216,0.2894270122051239,0.26996499300003052,0.26996499300003052,470587060
2022-01-14T00:00:00.000000Z,0.26992899179458618,0.2781749963760376,0.26307299733161926,0.2663399875164032,609155084
2022-01-15T00:00:00.000000Z,0.26632899045944214,0.26789999008178711,0.25813201069831848,0.25994300842285156,481735151
2022-01-16T00:00:00.000000Z,0.25988000631332397,0.2624019980430603,0.25595599412918091,0.25876700878143311,269067010
2022-01-17T00:00:00.000000Z,0.25880101323127747,0.2594510018825531,0.2508159875869751,0.25624799728393555,330982585
2022-01-18T00:00:00.000000Z,0.25626298785209656,0.25740298628807068,0.24977600574493408,0.25443100929260254,357600888
2022-01-19T00:00:00.000000Z,0.2544269859790802,0.25554698705673218,0.24471700191497803,0.24651500582695007,308832798
2022-01-20T00:00:00.000000Z,0.24645900726318359,0.25227499008178711,0.23159000277519226,0.23163700103759766,281044842
2022-01-21T00:00:00.000000Z,0.2317190021276474,0.23369699716567993,0.20072300732135773,0.20298600196838379,697731808
2022-01-22T00:00:00.000000Z,0.20305399596691132,0.20775599777698517,0.17209400236606598,0.19201800227165222,772768364
2022-01-23T00:00:00.000000Z,0.19209699332714081,0.20059199631214142,0.188850998878479,0.20059199631214142,427113217
2022-01-24T00:00:00.000000Z,0.20059199631214142,0.2007409930229187,0.17335799336433411,0.19765399396419525,551589772
2022-01-25T00:00:00.000000Z,0.19765600562095642,0.19851900637149811,0.18861700594425201,0.19681200385093689,363440655
2022-01-26T00:00:00.000000Z,0.19680400192737579,0.20695899426937103,0.19230599701404572,0.19713400304317474,405490280
2022-01-27T00:00:00.000000Z,0.19708099961280823,0.20015500485897064,0.1880200058221817,0.1938370019197464,294588163
2022-01-28T00:00:00.000000Z,0.19380000233650208,0.19931599497795105,0.18984100222587585,0.19872200489044189,232930533
2022-01-29T00:00:00.000000Z,0.19870400428771973,0.20426499843597412,0.19798800349235535,0.2027290016412735,190032044
2022-01-30T00:00:00.000000Z,0.20284299552440643,0.20619399845600128,0.19332399964332581,0.19550999999046326,183344638
2022-01-31T00:00:00.000000Z,0.19550499320030212,0.20043599605560303,0.19056099653244019,0.19983400404453278,237552709
2022-02-01T00:00:00.000000Z,0.19982899725437164,0.20596499741077423,0.19944499433040619,0.20184500515460968,287577364
2022-02-02T00:00:00.000000Z,0.2018360048532486,0.20561100542545319,0.19210000336170197,0.19296200573444366,258768448
2022-02-03T00:00:00.000000Z,0.19298499822616577,0.19470100104808807,0.18973200023174286,0.19426800310611725,220706092
2022-02-04T00:00:00.000000Z,0.19422100484371185,0.20913299918174744,0.19372999668121338,0.20888799428939819,263077538
2022-02-05T00:00:00.000000Z,0.20889100432395935,0.21600699424743652,0.20835199952125549,0.21339300274848938,239414729
2022-02-06T00:00:00.000000Z,0.21340799331665039,0.22407500445842743,0.2133059948682785,0.22368299961090088,249520319
2022-02-07T00:00:00.000000Z,0.22370800375938416,0.24160900712013245,0.21981899440288544,0.2392909973859787,522659623
2022-02-08T00:00:00.000000Z,0.23935399949550629,0.25615799427032471,0.23347300291061401,0.24280400574207306,692180158
2022-02-09T00:00:00.000000Z,0.24265800416469574,0.24341499805450439,0.23509000241756439,0.23878300189971924,378548242
2022-02-10T00:00:00.000000Z,0.23876999318599701,0.24247099459171295,0.22966399788856506,0.23242099583148956,387120530
2022-02-11T00:00:00.000000Z,0.23241999745368958,0.23241999745368958,0.21407799422740936,0.21555200219154358,327197014
2022-02-12T00:00:00.000000Z,0.21555300056934357,0.22392000257968903,0.21265499293804169,0.2181989997625351,261514982
2022-02-13T00:00:00.000000Z,0.21817700564861298,0.22167199850082397,0.21143500506877899,0.2116210013628006,228218610
2022-02-14T00:00:00.000000Z,0.21151299774646759,0.21361100673675537,0.20625400543212891,0.2110459953546524,256265259
2022-02-15T00:00:00.000000Z,0.21104300022125244,0.22173699736595154,0.20985899865627289,0.22106799483299255,288500463
2022-02-16T00:00:00.000000Z,0.22109299898147583,0.22124700248241425,0.21414799988269806,0.21927100419998169,284100730
2022-02-17T00:00:00.000000Z,0.21920399367809296,0.22586099803447723,0.20178699493408203,0.20243200659751892,358767623
2022-02-18T00:00:00.000000Z,0.20249499380588531,0.20852300524711609,0.19595600664615631,0.20110200345516205,302321719
2022-02-19T00:00:00.000000Z,0.20105299353599548,0.21010600030422211,0.19727100431919098,0.20423899590969086,342769286
2022-02-20T00:00:00.000000Z,0.20422999560832977,0.20538200438022614,0.1938910037279129,0.1949319988489151,308362363
2022-02-21T00:00:00.000000Z,0.19488100707530975,0.20061799883842468,0.17845200002193451,0.17881999909877777,427761247
2022-02-22T00:00:00.000000Z,0.17879499495029449,0.18659600615501404,0.17422999441623688,0.18587599694728851,340863445
2022-02-23T00:00:00.000000Z,0.18586799502372742,0.19342400133609772,0.18200300633907318,0.18200300633907318,269704720
2022-02-24T00:00:00.000000Z,0.18197900056838989,0.18513000011444092,0.16295899450778961,0.18250599503517151,613745631
2022-02-25T00:00:00.000000Z,0.18251599371433258,0.19069699943065643,0.17865300178527832,0.19069699943065643,308094245
2022-02-26T00:00:00.000000Z,0.19065000116825104,0.20118799805641174,0.19029800593852997,0.19278000295162201,266053910
2022-02-27T00:00:00.000000Z,0.19275599718093872,0.19372600317001343,0.17955100536346436,0.18126800656318665,243626115
2022-02-28T00:00:00.000000Z,0.18124200403690338,0.19688700139522552,0.17846499383449554,0.19688700139522552,346438963
2022-03-01T00:00:00.000000Z,0.19688400626182556,0.20222100615501404,0.19377100467681885,0.19853200018405914,366440538
2022-03-02T00:00:00.000000Z,0.19853000342845917,0.1991569995880127,0.19173599779605865,0.19349600374698639,278126307
2022-03-03T00:00:00.000000Z,0.19350500404834747,0.19480900466442108,0.18575300276279449,0.1879190057516098,242843709
2022-03-04T00:00:00.000000Z,0.1879429966211319,0.1883540004491806,0.17463399469852448,0.17593300342559814,276657264
2022-03-05T00:00:00.000000Z,0.17598700523376465,0.18032200634479523,0.17285799980163574,0.18009999394416809,223758638
2022-03-06T00:00:00.000000Z,0.1801149994134903,0.18130700290203094,0.17336699366569519,0.17336699366569519,202256641
2022-03-07T00:00:00.000000Z,0.17337700724601746,0.17834199965000153,0.16772699356079102,0.17045299708843231,304096054
2022-03-08T00:00:00.000000Z,0.17042699456214905,0.17384499311447144,0.16876199841499329,0.17298600077629089,285125715
2022-03-09T00:00:00.000000Z,0.17301900684833527,0.18960100412368774,0.17257000505924225,0.18902400135993958,386554005
2022-03-10T00:00:00.000000Z,0.18898800015449524,0.19094699621200562,0.17478199303150177,0.17903800308704376,453692643
2022-03-11T00:00:00.000000Z,0.17902599275112152,0.18500000238418579,0.17360700666904449,0.18390600383281708,424726400
2022-03-12T00:00:00.000000Z,0.18390299379825592,0.18975900113582611,0.18298499286174774,0.18528799712657928,293622842
2022-03-13T00:00:00.000000Z,0.18525099754333496,0.1886419951915741,0.17676399648189545,0.17722800374031067,248238949
2022-03-14T00:00:00.000000Z,0.17721199989318848,0.1806890070438385,0.17467199265956879,0.18012799322605133,283219657
2022-03-15T00:00:00.000000Z,0.18010200560092926,0.1834769994020462,0.17625099420547485,0.18254600465297699,257425036
2022-03-16T00:00:00.000000Z,0.18257300555706024,0.18930499255657196,0.1809380054473877,0.18927299976348877,311880263
2022-03-17T00:00:00.000000Z,0.18927599489688873,0.19073200225830078,0.18590700626373291,0.18967300653457642,232329053
2022-03-18T00:00:00.000000Z,0.18966099619865417,0.19339799880981445,0.1861329972743988,0.19304199516773224,234230334
2022-03-19T00:00:00.000000Z,0.193013995885849,0.20000499486923218,0.19124099612236023,0.20000499486923218,231310421
2022-03-20T00:00:00.000000Z,0.20004299283027649,0.20150600373744965,0.1930219978094101,0.19699099659919739,249485637
2022-03-21T00:00:00.000000Z,0.19696700572967529,0.20388799905776978,0.19346199929714203,0.20388799905776978,298846990
2022-03-22T00:00:00.000000Z,0.20386199653148651,0.2127469927072525,0.20199200510978699,0.20714999735355377,370409145
2022-03-23T00:00:00.000000Z,0.20712600648403168,0.211434006690979,0.2049030065536499,0.20947499573230743,297745592
2022-03-24T00:00:00.000000Z,0.2094539999961853,0.21640400588512421,0.20693600177764893,0.21476900577545166,341103883
2022-03-25T00:00:00.000000Z,0.21477299928665161,0.21986000239849091,0.21122099459171295,0.21156500279903412,364877309
2022-03-26T00:00:00.000000Z,0.21156400442123413,0.21548600494861603,0.20959700644016266,0.21546399593353271,191935808
2022-03-27T00:00:00.000000Z,0.21546800434589386,0.23036600649356842,0.21521000564098358,0.22978700697422028,414372026
2022-03-28T00:00:00.000000Z,0.22979499399662018,0.24045099318027496,0.22879399359226227,0.23042599856853485,572055650
2022-03-29T00:00:00.000000Z,0.23029200732707977,0.23912200331687927,0.22982700169086456,0.23336200416088104,458795630
2022-03-30T00:00:00.000000Z,0.23334899544715881,0.23736900091171265,0.22761799395084381,0.23481899499893188,411616459
2022-03-31T00:00:00.000000Z,0.2348330020904541,0.24085499346256256,0.22752299904823303,0.22827699780464172,519581167
2022-04-01T00:00:00.000000Z,0.2283170074224472,0.23260299861431122,0.22251099348068237,0.23253199458122253,414465408
2022-04-02T00:00:00.000000Z,0.23253600299358368,0.2369920015335083,0.23158299922943115,0.23330900073051453,343852672
2022-04-03T00:00:00.000000Z,0.23329000174999237,0.23805700242519379,0.23120200634002686,0.23704700171947479,257367114
2022-04-04T00:00:00.000000Z,0.23702399432659149,0.23702399432659149,0.22754000127315521,0.23214299976825714,339385999
2022-04-05T00:00:00.000000Z,0.23215499520301819,0.23374399542808533,0.22526699304580688,0.22532199323177338,288380942
2022-04-06T00:00:00.000000Z,0.22533799707889557,0.22533799707889557,0.20339800417423248,0.20339800417423248,399643172
2022-04-07T00:00:00.000000Z,0.20344899594783783,0.21417200565338135,0.20192199945449829,0.21293500065803528,279840753
2022-04-08T00:00:00.000000Z,0.21294000744819641,0.21310800313949585,0.20091399550437927,0.2017270028591156,280562596
2022-04-09T00:00:00.000000Z,0.20174300670623779,0.2060219943523407,0.20132599771022797,0.20501799881458282,206213142
2022-04-10T00:00:00.000000Z,0.20502099394798279,0.20758999884128571,0.20183899998664856,0.20183899998664856,594570237
2022-04-11T00:00:00.000000Z,0.20172099769115448,0.20172099769115448,0.18639299273490906,0.18679000437259674,327641211
2022-04-12T00:00:00.000000Z,0.18682600557804108,0.19365899264812469,0.18646900355815887,0.19261699914932251,276109945
2022-04-13T00:00:00.000000Z,0.19260199368000031,0.19697700440883636,0.19113700091838837,0.19653700292110443,259336927
2022-04-14T00:00:00.000000Z,0.1965080052614212,0.19935399293899536,0.1921599954366684,0.19388000667095184,293870421
2022-04-15T00:00:00.000000Z,0.19389200210571289,0.21137599647045135,0.19329799711704254,0.20419999957084656,484582124
2022-04-16T00:00:00.000000Z,0.20418800413608551,0.20757099986076355,0.20269200205802917,0.20560899376869202,221022876
2022-04-17T00:00:00.000000Z,0.20558400452136993,0.20670899748802185,0.19733600318431854,0.19738000631332397,261973119
2022-04-18T00:00:00.000000Z,0.19737499952316284,0.2060140073299408,0.19081300497055054,0.20509499311447144,404920433
2022-04-19T00:00:00.000000Z,0.2050970047712326,0.20574100315570831,0.20081999897956848,0.20403400063514709,385823376
2022-04-20T00:00:00.000000Z,0.2040179967880249,0.20608000457286835,0.19975000619888306,0.200422003865242,372570408
2022-04-21T00:00:00.000000Z,0.20040400326251984,0.2039559930562973,0.19413700699806213,0.1964620053768158,578702264
2022-04-22T00:00:00.000000Z,0.19646899402141571,0.1982479989528656,0.19438199698925018,0.19561399519443512,300555726
2022-04-23T00:00:00.000000Z,0.19560599327087402,0.1969819962978363,0.19175100326538086,0.19199100136756897,196016145
2022-04-24T00:00:00.000000Z,0.19198200106620789,0.19374300539493561,0.18973200023174286,0.18989700078964233,200008876
2022-04-25T00:00:00.000000Z,0.18994900584220886,0.19289800524711609,0.17949000000953674,0.19221100211143494,326748689
2022-04-26T00:00:00.000000Z,0.19219699501991272,0.19237500429153442,0.17875100672245026,0.18034300208091736,299404226
2022-04-27T00:00:00.000000Z,0.18038900196552277,0.18654200434684753,0.18007799983024597,0.18436999619007111,258619858
2022-04-28T00:00:00.000000Z,0.18437099456787109,0.18841400742530823,0.18304899334907532,0.18569299578666687,250839456
2022-04-29T00:00:00.000000Z,0.18568900227546692,0.18726000189781189,0.17708800733089447,0.17791999876499176,240601532
2022-04-30T00:00:00.000000Z,0.17792600393295288,0.1812330037355423,0.1685899943113327,0.16937899589538574,228819322
2022-05-01T00:00:00.000000Z,0.16933499276638031,0.17630800604820251,0.16926300525665283,0.17599000036716461,212244204
2022-05-02T00:00:00.000000Z,0.17595399916172028,0.17756600677967072,0.1715800017118454,0.17370599508285522,218925395
2022-05-03T00:00:00.000000Z,0.17369900643825531,0.17695599794387817,0.17052699625492096,0.17210699617862701,203067845
2022-05-04T00:00:00.000000Z,0.17207300662994385,0.18462599813938141,0.17194400727748871,0.18457099795341492,277227614
2022-05-05T00:00:00.000000Z,0.18456700444221497,0.18738800287246704,0.16842299699783325,0.17126399278640747,289549066
2022-05-06T00:00:00.000000Z,0.17125800251960754,0.17265400290489197,0.16573299467563629,0.17129400372505188,265368272
2022-05-07T00:00:00.000000Z,0.1713390052318573,0.17188400030136108,0.16577999293804169,0.16765299439430237,232274824
2022-05-08T00:00:00.000000Z,0.1676580011844635,0.16783300042152405,0.16119800508022308,0.16173799335956573,235290037
2022-05-09T00:00:00.000000Z,0.16173900663852692,0.16493600606918335,0.14140699803829193,0.14297400414943695,414553908
2022-05-10T00:00:00.000000Z,0.14242899417877197,0.15588399767875671,0.1377359926700592,0.14840500056743622,538883641
2022-05-11T00:00:00.000000Z,0.14837899804115295,0.15028099715709686,0.11936900019645691,0.12552300095558167,666385581
2022-05-12T00:00:00.000000Z,0.12552599608898163,0.1300089955329895,0.10666699707508087,0.12093000113964081,560231473
2022-05-13T00:00:00.000000Z,0.1208759993314743,0.13948999345302582,0.12029000371694565,0.13190999627113342,265923419
2022-05-14T00:00:00.000000Z,0.13194599747657776,0.13957199454307556,0.12803100049495697,0.13843600451946259,237326847
2022-05-15T00:00:00.000000Z,0.1383959949016571,0.14495299756526947,0.13457599282264709,0.14484299719333649,191580720
2022-05-16T00:00:00.000000Z,0.14486299455165863,0.14491499960422516,0.13443399965763092,0.13577799499034882,198693580
2022-05-17T00:00:00.000000Z,0.13578499853610992,0.1418749988079071,0.13471099734306335,0.14169800281524658,192271552
2022-05-18T00:00:00.000000Z,0.14169199764728546,0.1428460031747818,0.12876600027084351,0.12876600027084351,175200042
2022-05-19T00:00:00.000000Z,0.12871000170707703,0.13348299264907837,0.12394200265407562,0.13054400682449341,180731278
2022-05-20T00:00:00.000000Z,0.13053999841213226,0.13381099700927734,0.1250389963388443,0.12694099545478821,175032524
2022-05-21T00:00:00.000000Z,0.12691900134086609,0.13093000650405884,0.12459799647331238,0.13063199818134308,148214985
2022-05-22T00:00:00.000000Z,0.13063099980354309,0.13623400032520294,0.13040900230407715,0.13570299744606018,156845453
2022-05-23T00:00:00.000000Z,0.13567599654197693,0.13801500201225281,0.1289529949426651,0.12901799380779266,171784457
2022-05-24T00:00:00.000000Z,0.12904199957847595,0.13303999602794647,0.12511999905109406,0.13284100592136383,158294274
2022-05-25T00:00:00.000000Z,0.13285699486732483,0.13424499332904816,0.1288439929485321,0.13215899467468262,164368909
2022-05-26T00:00:00.000000Z,0.13216599822044373,0.13364699482917786,0.12186499685049057,0.12487299740314484,207611286
2022-05-27T00:00:00.000000Z,0.12484899908304214,0.12484899908304214,0.11898799985647202,0.12029000371694565,195310091
2022-05-28T00:00:00.000000Z,0.12187200039625168,0.12356700003147125,0.12027399986982346,0.12274699658155441,153604637
2022-05-29T00:00:00.000000Z,0.1227400004863739,0.13075999915599823,0.1222200021147728,0.13075999915599823,214128336
2022-05-30T00:00:00.000000Z,0.13076600432395935,0.14346000552177429,0.13076600432395935,0.14336000382900238,253152236
2022-05-31T00:00:00.000000Z,0.14337000250816345,0.15290200710296631,0.1416420042514801,0.15018799901008606,361759577
2022-06-01T00:00:00.000000Z,0.1501920074224472,0.15059800446033478,0.13429099321365356,0.13707299530506134,249828012
2022-06-02T00:00:00.000000Z,0.1370680034160614,0.14388200640678406,0.13576699793338776,0.14320799708366394,210752099
2022-06-03T00:00:00.000000Z,0.14319799840450287,0.15037499368190765,0.14005300402641296,0.14652299880981445,282916044
2022-06-04T00:00:00.000000Z,0.14655199646949768,0.14707599580287933,0.14118500053882599,0.14345699548721313,206373182
2022-06-05T00:00:00.000000Z,0.14346200227737427,0.14729399979114532,0.14157299697399139,0.14369599521160126,160459187
2022-06-06T00:00:00.000000Z,0.14370900392532349,0.15017400681972504,0.1429239958524704,0.14492699503898621,200734238
2022-06-07T00:00:00.000000Z,0.14494200050830841,0.14504800736904144,0.13499400019645691,0.14059799909591675,191202104
2022-06-08T00:00:00.000000Z,0.14059300720691681,0.1434590071439743,0.13648399710655212,0.14015600085258484,164498951
2022-06-09T00:00:00.000000Z,0.14017499983310699,0.14220699667930603,0.13881100714206696,0.13990400731563568,113974717
2022-06-10T00:00:00.000000Z,0.13991400599479675,0.14085899293422699,0.13259600102901459,0.1331460028886795,163133544
2022-06-11T00:00:00.000000Z,0.13313700258731842,0.1352979987859726,0.12309200316667557,0.12510399520397186,166703348
2022-06-12T00:00:00.000000Z,0.1251160055398941,0.12664699554443359,0.11783900111913681,0.11928699910640717,171019071
2022-06-13T00:00:00.000000Z,0.11925099790096283,0.11925099790096283,0.10441499948501587,0.10651999711990356,310164173
2022-06-14T00:00:00.000000Z,0.10654699802398682,0.11498399823904037,0.10080099850893021,0.11292000114917755,256922676
2022-06-15T00:00:00.000000Z,0.1129010021686554,0.12134700268507004,0.10416799783706665,0.1205269992351532,276561102
2022-06-16T00:00:00.000000Z,0.12053400278091431,0.12261100113391876,0.10724300146102905,0.10885699838399887,192385357
2022-06-17T00:00:00.000000Z,0.10887599736452103,0.11537099629640579,0.10779699683189392,0.11208300292491913,170389773
2022-06-18T00:00:00.000000Z,0.11207100003957748,0.11323300004005432,0.10082200169563293,0.10783299803733826,186007288
2022-06-19T00:00:00.000000Z,0.10779000073671341,0.11593999713659286,0.10501299798488617,0.11457099765539169,222696512
2022-06-20T00:00:00.000000Z,0.11456999927759171,0.11758299916982651,0.11057399958372116,0.11317899823188782,172788293
2022-06-21T00:00:00.000000Z,0.11316700279712677,0.11889000236988068,0.11191000044345856,0.11415000259876251,181843171
2022-06-22T00:00:00.000000Z,0.11419700086116791,0.11537300050258636,0.11015100032091141,0.11328800022602081,167247661
2022-06-23T00:00:00.000000Z,0.11327999830245972,0.11881399899721146,0.11310400068759918,0.11799199879169464,161075206
2022-06-24T00:00:00.000000Z,0.11798299849033356,0.12895600497722626,0.11794999986886978,0.12784600257873535,210683408
2022-06-25T00:00:00.000000Z,0.12783800065517426,0.12987999618053436,0.1230970025062561,0.12690199911594391,138928338
2022-06-26T00:00:00.000000Z,0.12687599658966064,0.12782199680805206,0.12020500004291534,0.12021899968385696,131745823
2022-06-27T00:00:00.000000Z,0.12022600322961807,0.12398900091648102,0.1172420009970665,0.118988998234272,144574714
2022-06-28T00:00:00.000000Z,0.11895299702882767,0.12104299664497375,0.11417099833488464,0.11444199830293655,150328461
2022-06-29T00:00:00.000000Z,0.11444400250911713,0.11539400368928909,0.10769999772310257,0.10981199890375137,166544765
2022-06-30T00:00:00.000000Z,0.10983099788427353,0.11195400357246399,0.10339900106191635,0.11195100098848343,191365275
2022-07-01T00:00:00.000000Z,0.11202999949455261,0.11446599662303925,0.10806900262832642,0.10935799777507782,164310601
2022-07-02T00:00:00.000000Z,0.10941199958324432,0.11058499664068222,0.10584399849176407,0.10864999890327454,143832220
2022-07-03T00:00:00.000000Z,0.10864699631929398,0.11094699800014496,0.10616700351238251,0.1089479997754097,115827369
2022-07-04T00:00:00.000000Z,0.10895899683237076,0.11121500283479691,0.10678599774837494,0.11118400096893311,128160650
2022-07-05T00:00:00.000000Z,0.11117599904537201,0.111285001039505,0.10532499849796295,0.10807099938392639,153636923
2022-07-06T00:00:00.000000Z,0.10808700323104858,0.11015500128269196,0.10693000257015228,0.10937099903821945,136378224
2022-07-07T00:00:00.000000Z,0.10936100035905838,0.11505799740552902,0.10917700082063675,0.11395499855279922,134788194
2022-07-08T00:00:00.000000Z,0.11395200341939926,0.11812499910593033,0.1121470034122467,0.11332400143146515,173028251
2022-07-09T00:00:00.000000Z,0.11332199722528458,0.11493399739265442,0.11223000288009644,0.11281099915504456,122697996
2022-07-10T00:00:00.000000Z,0.11280599981546402,0.11281199753284454,0.10615800321102142,0.10741200298070908,147251380
2022-07-11T00:00:00.000000Z,0.10740199685096741,0.10770399868488312,0.10136900097131729,0.10143300145864487,134856973
2022-07-12T00:00:00.000000Z,0.10143700242042542,0.10339800268411636,0.10053600370883942,0.10054700076580048,117798486
2022-07-13T00:00:00.000000Z,0.10055699944496155,0.10556700080633163,0.099276997148990631,0.10540500283241272,168350449
2022-07-14T00:00:00.000000Z,0.10541000217199326,0.10698500275611877,0.10212499648332596,0.10698500275611877,120399649
2022-07-15T00:00:00.000000Z,0.10700400173664093,0.10812799632549286,0.10544700175523758,0.10748899728059769,135346877
2022-07-16T00:00:00.000000Z,0.10747700184583664,0.11009000241756439,0.1055620014667511,0.10943000018596649,126183140
2022-07-17T00:00:00.000000Z,0.10944200307130814,0.1111299991607666,0.10650999844074249,0.10650999844074249,127526961
2022-07-18T00:00:00.000000Z,0.10652799904346466,0.11580000072717667,0.10652799904346466,0.11446300148963928,190351073
2022-07-19T00:00:00.000000Z,0.11438599973917007,0.11967899650335312,0.11121200025081635,0.11865200102329254,211382615
2022-07-20T00:00:00.000000Z,0.1186399981379509,0.12077300250530243,0.11153700202703476,0.11196199804544449,200654996
2022-07-21T00:00:00.000000Z,0.11196699738502502,0.11387400329113007,0.10966300219297409,0.11354699730873108,173029533
2022-07-22T00:00:00.000000Z,0.11355599761009216,0.11580000072717667,0.11080499738454819,0.11195199936628342,187196105
2022-07-23T00:00:00.000000Z,0.11192700266838074,0.1135139986872673,0.10948699712753296,0.11160899698734283,152994307
2022-07-24T00:00:00.000000Z,0.11161299794912338,0.11536700278520584,0.11159200221300125,0.11342699825763702,155714978
2022-07-25T00:00:00.000000Z,0.11340600252151489,0.11373099684715271,0.10619500279426575,0.10619500279426575,192522186
2022-07-26T00:00:00.000000Z,0.10616900026798248,0.10616900026798248,0.10257100313901901,0.1054610013961792,172029786
2022-07-27T00:00:00.000000Z,0.10548199713230133,0.11246199905872345,0.10368700325489044,0.11246199905872345,191273158
2022-07-28T00:00:00.000000Z,0.11247000098228455,0.11772699654102325,0.11076600104570389,0.11666599661111832,211563181
2022-07-29T00:00:00.000000Z,0.11666800081729889,0.1194859966635704,0.11477299779653549,0.11778300255537033,221479601
2022-07-30T00:00:00.000000Z,0.11776500195264816,0.12492399662733078,0.11649499833583832,0.11936599761247635,261547877
2022-07-31T00:00:00.000000Z,0.11938799917697906,0.12245900183916092,0.11711700260639191,0.11778700351715088,193432151
2022-08-01T00:00:00.000000Z,0.11778900027275085,0.12022899836301804,0.11702899634838104,0.11857999861240387,162458862
2022-08-02T00:00:00.000000Z,0.11855299770832062,0.11971399933099747,0.11387199908494949,0.11517299711704254,164759052
2022-08-03T00:00:00.000000Z,0.11518300324678421,0.11718700081110001,0.11337599903345108,0.11418599635362625,127258404
2022-08-04T00:00:00.000000Z,0.11418599635362625,0.11631900072097778,0.1129940003156662,0.11391200125217438,116364311
2022-08-05T00:00:00.000000Z,0.11389599740505219,0.11827400326728821,0.11389400064945221,0.11827400326728821,120447196
2022-08-06T00:00:00.000000Z,0.11827600002288818,0.12289199978113174,0.11820100247859955,0.1217230036854744,118039192
2022-08-07T00:00:00.000000Z,0.12172800302505493,0.12476900219917297,0.12028799951076508,0.12368600070476532,142333716
2022-08-08T00:00:00.000000Z,0.12369900196790695,0.13754600286483765,0.12363199889659882,0.13010799884796143,312426972
2022-08-09T00:00:00.000000Z,0.13012699782848358,0.13026100397109985,0.12158700078725815,0.12224499881267548,164518924
2022-08-10T00:00:00.000000Z,0.12223199754953384,0.12583200633525848,0.11982200294733047,0.1257299929857254,145704810
2022-08-11T00:00:00.000000Z,0.12574300169944763,0.12719899415969849,0.12472700327634811,0.12536199390888214,138626027
2022-08-12T00:00:00.000000Z,0.12536400556564331,0.12638199329376221,0.12361499667167664,0.12632100284099579,110049372
2022-08-13T00:00:00.000000Z,0.12631900608539581,0.1283780038356781,0.12591099739074707,0.12667900323867798,103362241
2022-08-14T00:00:00.000000Z,0.12669000029563904,0.12942700088024139,0.12476799637079239,0.12560500204563141,117860284
2022-08-15T00:00:00.000000Z,0.12561899423599243,0.12852899730205536,0.12212599813938141,0.12350799888372421,122980183
2022-08-16T00:00:00.000000Z,0.12348999828100204,0.12422499805688858,0.12135300040245056,0.12195199728012085,114373960
2022-08-17T00:00:00.000000Z,0.12194699794054031,0.12735900282859802,0.1196800023317337,0.1210940033197403,153882884
2022-08-18T00:00:00.000000Z,0.12110500037670135,0.12165199965238571,0.11592900007963181,0.11598099768161774,109032328
2022-08-19T00:00:00.000000Z,0.11600399762392044,0.11626700311899185,0.1073480024933815,0.10814200341701508,175614282
2022-08-20T00:00:00.000000Z,0.10812299698591232,0.11034899950027466,0.10773400217294693,0.10924500226974487,109498831
2022-08-21T00:00:00.000000Z,0.10921800136566162,0.11212199926376343,0.10818299651145935,0.11109700053930283,90010172
2022-08-22T00:00:00.000000Z,0.11109499633312225,0.11109499633312225,0.10644300282001495,0.10957200080156326,106285743
2022-08-23T00:00:00.000000Z,0.10959800332784653,0.11113700270652771,0.10753899812698364,0.11080600321292877,106370062
2022-08-24T00:00:00.000000Z,0.1107959970831871,0.11093199998140335,0.10845600068569183,0.10943900048732758,99891183
2022-08-25T00:00:00.000000Z,0.10944399982690811,0.11088699847459793,0.10914299637079239,0.11035399883985519,98602272
2022-08-26T00:00:00.000000Z,0.11034899950027466,0.11373200267553329,0.10323700308799744,0.10379999876022339,177849583
2022-08-27T00:00:00.000000Z,0.10380899906158447,0.10561099648475647,0.10288099944591522,0.10554800182580948,109455837
2022-08-28T00:00:00.000000Z,0.10554900020360947,0.10663200169801712,0.10285300016403198,0.10285300016403198,115756080
2022-08-29T00:00:00.000000Z,0.10289999842643738,0.10592900216579437,0.10143899917602539,0.10586600005626678,118284211
2022-08-30T00:00:00.000000Z,0.10587099939584732,0.10666099935770035,0.10086400061845779,0.10242199897766113,122694688
2022-08-31T00:00:00.000000Z,0.10243000090122223,0.10549499839544296,0.10243000090122223,0.10427600145339966,91852590
2022-09-01T00:00:00.000000Z,0.10428500175476074,0.10538099706172943,0.10226199775934219,0.10500899702310562,98886535
2022-09-02T00:00:00.000000Z,0.10500600188970566,0.10620299726724625,0.10333599895238876,0.10444500297307968,97579577
2022-09-03T00:00:00.000000Z,0.10444699972867966,0.10567300021648407,0.10413800179958344,0.1052820011973381,67323191
2022-09-04T00:00:00.000000Z,0.10527300089597702,0.10864300280809402,0.10500700026750565,0.10638900101184845,71590123
2022-09-05T00:00:00.000000Z,0.1063850000500679,0.1066650003194809,0.10381600260734558,0.10503800213336945,67953223
2022-09-06T00:00:00.000000Z,0.10504300147294998,0.1073710024356842,0.099817998707294464,0.099963001906871796,120319181
2022-09-07T00:00:00.000000Z,0.099950999021530151,0.10328300297260284,0.099007003009319305,0.10299400240182877,104275231
2022-09-08T00:00:00.000000Z,0.10299000144004822,0.10445100069046021,0.10107699781656265,0.10436999797821045,104455970
2022-09-09T00:00:00.000000Z,0.10436099767684937,0.11440800130367279,0.10423800349235535,0.11439400166273117,155213989
2022-09-10T00:00:00.000000Z,0.11438699811697006,0.11584799736738205,0.11342400312423706,0.1149429976940155,124809918
2022-09-11T00:00:00.000000Z,0.11496199667453766,0.11634200066328049,0.11329600214958191,0.11434999853372574,90190324
2022-09-12T00:00:00.000000Z,0.11434300243854523,0.11638599634170532,0.11235500127077103,0.11387000232934952,128269826
2022-09-13T00:00:00.000000Z,0.11387500166893005,0.11390099674463272,0.10441099852323532,0.10492900013923645,145253153
2022-09-14T00:00:00.000000Z,0.10471899807453156,0.10563500225543976,0.10321799665689468,0.10514800250530243,103726393
2022-09-15T00:00:00.000000Z,0.10515999794006348,0.10586699843406677,0.10178499668836594,0.1020750030875206,119683379
2022-09-16T00:00:00.000000Z,0.10208199918270111,0.10732699930667877,0.10169299691915512,0.10713999718427658,94714779
2022-09-17T00:00:00.000000Z,0.1071539968252182,0.11370500177145004,0.10590200126171112,0.11351899802684784,108261465
2022-09-18T00:00:00.000000Z,0.11349300295114517,0.11548399925231934,0.10722099989652634,0.10726100206375122,206136934
2022-09-19T00:00:00.000000Z,0.1072549968957901,0.1119299978017807,0.10378900170326233,0.11185300350189209,178542892
2022-09-20T00:00:00.000000Z,0.11185599863529205,0.11909099668264389,0.1105630025267601,0.1174440011382103,298873784
2022-09-21T00:00:00.000000Z,0.11744700372219086,0.11791799962520599,0.10953699797391891,0.11101000010967255,259136332
2022-09-22T00:00:00.000000Z,0.11093299835920334,0.12433400005102158,0.11060699820518494,0.12302699685096741,260155342
2022-09-23T00:00:00.000000Z,0.12301299721002579,0.13234800100326538,0.11719000339508057,0.12309499830007553,481757049
2022-09-24T00:00:00.000000Z,0.12309800088405609,0.12640999257564545,0.11797600239515305,0.11819999665021896,213652557
2022-09-25T00:00:00.000000Z,0.11821500211954117,0.12313099950551987,0.11660899966955185,0.11739400029182434,163529482
2022-09-26T00:00:00.000000Z,0.11740399897098541,0.11806199699640274,0.11288399994373322,0.11362600326538086,157175076
2022-09-27T00:00:00.000000Z,0.11364299803972244,0.11678600311279297,0.10988199710845947,0.11032599955797195,168583919
2022-09-28T00:00:00.000000Z,0.11031900346279144,0.11068300157785416,0.10719999670982361,0.1083419993519783,156352649
2022-09-29T00:00:00.000000Z,0.1083500012755394,0.11925899982452393,0.10685499757528305,0.11532899737358093,213957673
2022-09-30T00:00:00.000000Z,0.11531300097703934,0.116798996925354,0.11346700042486191,0.11443100124597549,198066092
2022-10-01T00:00:00.000000Z,0.11443900316953659,0.12205199897289276,0.11429899930953979,0.12135200202465057,267535245
2022-10-02T00:00:00.000000Z,0.12136500328779221,0.12250199913978577,0.11836200207471848,0.11857099831104279,189323590
2022-10-03T00:00:00.000000Z,0.11856299638748169,0.12031900137662888,0.11384899914264679,0.1169470027089119,156634613
2022-10-04T00:00:00.000000Z,0.11693400144577026,0.12188900262117386,0.11580999940633774,0.11914200335741043,172511476
2022-10-05T00:00:00.000000Z,0.11914400011301041,0.12032199651002884,0.11716300249099731,0.11894500255584717,141472256
2022-10-06T00:00:00.000000Z,0.11894399672746658,0.12117400020360947,0.11861000210046768,0.11943300068378448,142596499
2022-10-07T00:00:00.000000Z,0.11943899840116501,0.12349499762058258,0.11696500331163406,0.12232200056314468,172875158
2022-10-08T00:00:00.000000Z,0.12231600284576416,0.1269720047712326,0.1220259964466095,0.12625299394130707,213812931
2022-10-09T00:00:00.000000Z,0.12625199556350708,0.12926900386810303,0.12496799975633621,0.12883999943733215,149308940
2022-10-10T00:00:00.000000Z,0.12884500622749329,0.12909199297428131,0.12381300330162048,0.12381300330162048,145767564
2022-10-11T00:00:00.000000Z,0.12378899753093719,0.124379001557827,0.11569699645042419,0.11599200218915939,178505323
2022-10-12T00:00:00.000000Z,0.11599499732255936,0.11672099679708481,0.11523000150918961,0.11638999730348587,93890501
2022-10-13T00:00:00.000000Z,0.11638999730348587,0.11641500145196915,0.10737799853086472,0.11211500316858292,197485634
2022-10-14T00:00:00.000000Z,0.11211399734020233,0.11643200367689133,0.11148600280284882,0.11245100200176239,122876947
2022-10-15T00:00:00.000000Z,0.1124500036239624,0.11416299641132355,0.11162000149488449,0.11188899725675583,77632362
2022-10-16T00:00:00.000000Z,0.11190000176429749,0.11432500183582306,0.11190000176429749,0.11348699778318405,70520575
2022-10-17T00:00:00.000000Z,0.11347799748182297,0.1149509996175766,0.11237899959087372,0.11426699906587601,69765707
2022-10-18T00:00:00.000000Z,0.11426900327205658,0.11446099728345871,0.1106100007891655,0.11243399977684021,93520175
2022-10-19T00:00:00.000000Z,0.11243399977684021,0.11315599828958511,0.11057800054550171,0.11074899882078171,84191872
2022-10-20T00:00:00.000000Z,0.11075399816036224,0.11307100206613541,0.10947000235319138,0.11008500307798386,95260751
2022-10-21T00:00:00.000000Z,0.11008399724960327,0.11092499643564224,0.10760100185871124,0.11092499643564224,94558320
2022-10-22T00:00:00.000000Z,0.11092700064182281,0.11141499876976013,0.11015400290489197,0.1112539991736412,50247230
2022-10-23T00:00:00.000000Z,0.11125499755144119,0.11223000288009644,0.10929500311613083,0.11195400357246399,64009616
2022-10-24T00:00:00.000000Z,0.11196000128984451,0.11213000118732452,0.1093830019235611,0.11031900346279144,79500036
2022-10-25T00:00:00.000000Z,0.11031399667263031,0.11324100196361542,0.10929500311613083,0.11201400309801102,105309893
2022-10-26T00:00:00.000000Z,0.11198999732732773,0.11387400329113007,0.1116660013794899,0.11359599977731705,101810453
2022-10-27T00:00:00.000000Z,0.11360500007867813,0.11539699882268906,0.11079800128936768,0.11124599725008011,120094958
2022-10-28T00:00:00.000000Z,0.11124700307846069,0.11323899775743484,0.10960199683904648,0.11264699697494507,96194088
2022-10-29T00:00:00.000000Z,0.11264800280332565,0.1151140034198761,0.11190599948167801,0.11350300163030624,131309210
2022-10-30T00:00:00.000000Z,0.11350700259208679,0.1147880032658577,0.11084000021219254,0.11121899634599686,100536344
2022-10-31T00:00:00.000000Z,0.11122699826955795,0.11230599880218506,0.10971599817276001,0.11141599714756012,89219495
2022-11-01T00:00:00.000000Z,0.11141200363636017,0.11194200068712234,0.10925699770450592,0.1099260002374649,76900645
2022-11-02T00:00:00.000000Z,0.1099189966917038,0.11056800186634064,0.10666900128126144,0.10763800144195557,108751988
2022-11-03T00:00:00.000000Z,0.10763499885797501,0.11029700189828873,0.10754500329494476,0.10872399806976318,75672027
2022-11-04T00:00:00.000000Z,0.10872899740934372,0.115665003657341,0.10841500014066696,0.11564400047063828,159007344
2022-11-05T00:00:00.000000Z,0.11563999950885773,0.1162630021572113,0.11313699930906296,0.11360500007867813,111383116
2022-11-06T00:00:00.000000Z,0.11359799653291702,0.11417599767446518,0.10916399955749512,0.1091649979352951,82513332
2022-11-07T00:00:00.000000Z,0.10917499661445618,0.11080899834632874,0.10820300132036209,0.10979499667882919,89495271
2022-11-08T00:00:00.000000Z,0.10978200286626816,0.11055699735879898,0.09513700008392334,0.098976999521255493,314215734
2022-11-09T00:00:00.000000Z,0.098977997899055481,0.09964500367641449,0.081766001880168915,0.082814998924732208,302402374
2022-11-10T00:00:00.000000Z,0.082863003015518188,0.10060200095176697,0.082711003720760345,0.097222000360488892,243182547
2022-11-11T00:00:00.000000Z,0.09721200168132782,0.098338998854160309,0.092494003474712372,0.095243997871875763,118307595
2022-11-12T00:00:00.000000Z,0.095246002078056335,0.095307998359203339,0.090570002794265747,0.090870998799800873,85831067
2022-11-13T00:00:00.000000Z,0.090878002345561981,0.092464998364448547,0.087232001125812531,0.088315002620220184,75108788
2022-11-14T00:00:00.000000Z,0.088303998112678528,0.091158002614974976,0.08365900069475174,0.091113999485969543,125988435
2022-11-15T00:00:00.000000Z,0.091113999485969543,0.09445200115442276,0.090645000338554382,0.092418000102043152,85032567
2022-11-16T00:00:00.000000Z,0.092430002987384796,0.093312002718448639,0.088944002985954285,0.089876003563404083,66183841
2022-11-17T00:00:00.000000Z,0.089873000979423523,0.090949997305870056,0.088996000587940216,0.090410999953746796,59662824
2022-11-18T00:00:00.000000Z,0.090411998331546783,0.091273002326488495,0.088515996932983398,0.089355997741222382,49552274
2022-11-19T00:00:00.000000Z,0.089340999722480774,0.090908996760845184,0.088147997856140137,0.090426996350288391,40096369
2022-11-20T00:00:00.000000Z,0.09042300283908844,0.091418996453285217,0.086503997445106506,0.086577996611595154,51988913
2022-11-21T00:00:00.000000Z,0.08657199889421463,0.087237998843193054,0.083022996783256531,0.084326997399330139,79452376
2022-11-22T00:00:00.000000Z,0.084326997399330139,0.087155997753143311,0.08281400054693222,0.087007001042366028,65272228
2022-11-23T00:00:00.000000Z,0.087029002606868744,0.088752001523971558,0.086713001132011414,0.088578000664710999,55341196
2022-11-24T00:00:00.000000Z,0.088587000966072083,0.08998899906873703,0.087654002010822296,0.08998899906873703,55435803
2022-11-25T00:00:00.000000Z,0.089980997145175934,0.090695999562740326,0.087906002998352051,0.089312002062797546,58226474
2022-11-26T00:00:00.000000Z,0.089309997856616974,0.090380996465682983,0.087674997746944427,0.088168002665042877,46124177
2022-11-27T00:00:00.000000Z,0.088165998458862305,0.091807000339031219,0.088124997913837433,0.090143002569675446,71932328
2022-11-28T00:00:00.000000Z,0.090127997100353241,0.090848997235298157,0.085849002003669739,0.087334997951984406,79379109
2022-11-29T00:00:00.000000Z,0.08733300119638443,0.089174002408981323,0.086837001144886017,0.088641002774238586,46060378
2022-11-30T00:00:00.000000Z,0.088647998869419098,0.09030500054359436,0.08787199854850769,0.089795999228954315,60809851
2022-12-01T00:00:00.000000Z,0.089800000190734863,0.089984998106956482,0.087263002991676331,0.087530001997947693,46242586
2022-12-02T00:00:00.000000Z,0.087540999054908752,0.088141001760959625,0.086557000875473022,0.088106997311115265,45596066
2022-12-03T00:00:00.000000Z,0.088123001158237457,0.088757000863552094,0.086329996585845947,0.086424000561237335,45065499
2022-12-04T00:00:00.000000Z,0.086436003446578979,0.087915003299713135,0.086401000618934631,0.087847001850605011,31731567
2022-12-05T00:00:00.000000Z,0.087837003171443939,0.088775001466274261,0.086131997406482697,0.086874999105930328,41711473
2022-12-06T00:00:00.000000Z,0.086882002651691437,0.08722899854183197,0.085284002125263214,0.086107000708580017,39095890
2022-12-07T00:00:00.000000Z,0.086110003292560577,0.086110003292560577,0.083559997379779816,0.084283001720905304,42437133
2022-12-08T00:00:00.000000Z,0.084285996854305267,0.085643000900745392,0.083756998181343079,0.085573002696037292,39932375
2022-12-09T00:00:00.000000Z,0.08557099848985672,0.085890002548694611,0.084815002977848053,0.085156001150608063,37724780
2022-12-10T00:00:00.000000Z,0.085157997906208038,0.085799999535083771,0.084864996373653412,0.085225999355316162,31055667
2022-12-11T00:00:00.000000Z,0.085228003561496735,0.085476003587245941,0.083788998425006866,0.083917997777462006,35042647
2022-12-12T00:00:00.000000Z,0.083911001682281494,0.084611997008323669,0.082345999777317047,0.084279000759124756,46022907
2022-12-13T00:00:00.000000Z,0.084285996854305267,0.084780000150203705,0.081546999514102936,0.083994001150131226,70334082
2022-12-14T00:00:00.000000Z,0.083995997905731201,0.084568001329898834,0.082379996776580811,0.083013996481895447,46514963
2022-12-15T00:00:00.000000Z,0.083015002310276031,0.084064997732639313,0.081372998654842377,0.081845998764038086,64921345
2022-12-16T00:00:00.000000Z,0.081854000687599182,0.082267999649047852,0.074564002454280853,0.074564002454280853,63975105
2022-12-17T00:00:00.000000Z,0.074528999626636505,0.075854003429412842,0.072893999516963959,0.075778000056743622,42453929
2022-12-18T00:00:00.000000Z,0.075781002640724182,0.077046997845172882,0.075544998049736023,0.076596997678279877,25751299
2022-12-19T00:00:00.000000Z,0.076609000563621521,0.077085003256797791,0.07327599823474884,0.073386996984481812,47270201
2022-12-20T00:00:00.000000Z,0.073385998606681824,0.076131001114845276,0.073337003588676453,0.075997002422809601,48710105
2022-12-21T00:00:00.000000Z,0.075989000499248505,0.075989000499248505,0.074174001812934875,0.075092002749443054,38734448
2022-12-22T00:00:00.000000Z,0.07509399950504303,0.075731001794338226,0.073964998126029968,0.075721003115177155,34853252
2022-12-23T00:00:00.000000Z,0.075722001492977142,0.076136000454425812,0.075299002230167389,0.075367003679275513,34375090
2022-12-24T00:00:00.000000Z,0.075373001396656036,0.075690001249313354,0.074242003262042999,0.074389003217220306,26403141
2022-12-25T00:00:00.000000Z,0.074386999011039734,0.074501998722553253,0.072985999286174774,0.07385600358247757,27720364
2022-12-26T00:00:00.000000Z,0.073853000998497009,0.075251996517181396,0.073757000267505646,0.075191996991634369,32654992
2022-12-27T00:00:00.000000Z,0.075190998613834381,0.075346998870372772,0.07373499870300293,0.074137002229690552,41785694
2022-12-28T00:00:00.000000Z,0.074137002229690552,0.074474997818470001,0.071630001068115234,0.071778997778892517,62353994
2022-12-29T00:00:00.000000Z,0.071777001023292542,0.072517998516559601,0.070863001048564911,0.07203199714422226,81160229
2022-12-30T00:00:00.000000Z,0.072026997804641724,0.07236500084400177,0.071194998919963837,0.072342999279499054,53942462
2022-12-31T00:00:00.000000Z,0.072346001863479614,0.072369001805782318,0.071107000112533569,0.071147002279758453,32982439
2023-01-01T00:00:00.000000Z,0.071143999695777893,0.072687000036239624,0.070840999484062195,0.072524003684520721,34017236
2023-01-02T00:00:00.000000Z,0.072518996894359589,0.074293002486228943,0.071319997310638428,0.07371799647808075,59178367
2023-01-03T00:00:00.000000Z,0.073719002306461334,0.074354998767375946,0.07295999675989151,0.073648996651172638,41886099
2023-01-04T00:00:00.000000Z,0.07365100085735321,0.07448200136423111,0.072881996631622314,0.073835998773574829,55137728
2023-01-05T00:00:00.000000Z,0.073844999074935913,0.074225999414920807,0.072708003222942352,0.072889998555183411,44495591
2023-01-06T00:00:00.000000Z,0.072890996932983398,0.075317002832889557,0.07203499972820282,0.075043000280857086,46645563
2023-01-07T00:00:00.000000Z,0.075042001903057098,0.075856998562812805,0.074652999639511108,0.075658001005649567,33268080
2023-01-08T00:00:00.000000Z,0.075654998421669006,0.077261000871658325,0.074886001646518707,0.07716900110244751,40492640
2023-01-09T00:00:00.000000Z,0.077177003026008606,0.080701999366283417,0.077164001762866974,0.079465001821517944,74040999
2023-01-10T00:00:00.000000Z,0.079453997313976288,0.080150000751018524,0.078348003327846527,0.079553999006748199,56806127
2023-01-11T00:00:00.000000Z,0.079562000930309296,0.081518001854419708,0.078460000455379486,0.081403002142906189,87202663
2023-01-12T00:00:00.000000Z,0.08179900050163269,0.082406997680664062,0.079138003289699554,0.081643998622894287,77734140
2023-01-13T00:00:00.000000Z,0.081638999283313751,0.085061997175216675,0.080715999007225037,0.084582000970840454,78033542
2023-01-14T00:00:00.000000Z,0.084578000009059906,0.090480998158454895,0.084578000009059906,0.087297998368740082,113102803
2023-01-15T00:00:00.000000Z,0.087296001613140106,0.088165998458862305,0.085158996284008026,0.08806300163269043,72040393
2023-01-16T00:00:00.000000Z,0.088059999048709869,0.090410001575946808,0.086497001349925995,0.087777003645896912,73559156
2023-01-17T00:00:00.000000Z,0.087782002985477448,0.088117003440856934,0.086306996643543243,0.086396999657154083,57706349
2023-01-18T00:00:00.000000Z,0.086409002542495728,0.088930003345012665,0.082498997449874878,0.082583002746105194,80965057
2023-01-19T00:00:00.000000Z,0.082572996616363525,0.084518000483512878,0.082350999116897583,0.084389999508857727,50986509
2023-01-20T00:00:00.000000Z,0.084394998848438263,0.088896997272968292,0.083433002233505249,0.088886000216007233,70760039
2023-01-21T00:00:00.000000Z,0.088891997933387756,0.092923000454902649,0.088241003453731537,0.090386003255844116,96407621
2023-01-22T00:00:00.000000Z,0.09037800133228302,0.093473002314567566,0.09006199985742569,0.091035999357700348,78358378
2023-01-23T00:00:00.000000Z,0.09103800356388092,0.095490999519824982,0.09095899760723114,0.094478003680706024,92698305
2023-01-24T00:00:00.000000Z,0.094461001455783844,0.095955997705459595,0.090107999742031097,0.090504996478557587,80298218
2023-01-25T00:00:00.000000Z,0.090512000024318695,0.093828000128269196,0.089176997542381287,0.09246399998664856,71658730
2023-01-26T00:00:00.000000Z,0.092448003590106964,0.092967003583908081,0.091008000075817108,0.091986000537872314,61754311
2023-01-27T00:00:00.000000Z,0.091986000537872314,0.093121998012065887,0.090276002883911133,0.092511996626853943,55775721
2023-01-28T00:00:00.000000Z,0.092515997588634491,0.094039998948574066,0.091978996992111206,0.092759996652603149,47094050
2023-01-29T00:00:00.000000Z,0.092750996351242065,0.094498001039028168,0.092375002801418304,0.094439998269081116,54571772
2023-01-30T00:00:00.000000Z,0.09443800151348114,0.094645000994205475,0.088959001004695892,0.089942999184131622,69768802
2023-01-31T00:00:00.000000Z,0.089951001107692719,0.091473996639251709,0.089463002979755402,0.09074699878692627,57213806
2023-02-01T00:00:00.000000Z,0.090737000107765198,0.092445999383926392,0.087825000286102295,0.092275999486446381,70731137
2023-02-02T00:00:00.000000Z,0.092271000146865845,0.094544000923633575,0.091498002409934998,0.091633997857570648,73101973
2023-02-03T00:00:00.000000Z,0.091631002724170685,0.093179002404212952,0.091631002724170685,0.092808999121189117,54056017
2023-02-04T00:00:00.000000Z,0.092827998101711273,0.093979001045227051,0.092307999730110168,0.093033000826835632,43999885
2023-02-05T00:00:00.000000Z,0.093038000166416168,0.0937189981341362,0.089996002614498138,0.090985998511314392,57939190
2023-02-06T00:00:00.000000Z,0.090984001755714417,0.0916609987616539,0.088858999311923981,0.088858999311923981,48047787
2023-02-07T00:00:00.000000Z,0.088868997991085052,0.092040002346038818,0.088838003575801849,0.092014998197555542,64731385
2023-02-08T00:00:00.000000Z,0.092008002102375031,0.092635996639728546,0.089947998523712158,0.090983003377914429,70159611
2023-02-09T00:00:00.000000Z,0.090992003679275513,0.091300003230571747,0.084879003465175629,0.0855259969830513,90603465
2023-02-10T00:00:00.000000Z,0.0855259969830513,0.086934000253677368,0.085263997316360474,0.085680998861789703,50834850
2023-02-11T00:00:00.000000Z,0.085684001445770264,0.086717002093791962,0.085302002727985382,0.086273998022079468,34026038
2023-02-12T00:00:00.000000Z,0.08627600222826004,0.087160997092723846,0.084675997495651245,0.085065998136997223,41728132
2023-02-13T00:00:00.000000Z,0.085070997476577759,0.085610002279281616,0.082388997077941895,0.085135996341705322,69528829
2023-02-14T00:00:00.000000Z,0.085124999284744263,0.085934996604919434,0.083373002707958221,0.085929997265338898,54486776
2023-02-15T00:00:00.000000Z,0.085929997265338898,0.090166002511978149,0.084881998598575592,0.090155996382236481,74014673
2023-02-16T00:00:00.000000Z,0.090167000889778137,0.091069996356964111,0.086608998477458954,0.086626999080181122,86773947
2023-02-17T00:00:00.000000Z,0.086595997214317322,0.09064900130033493,0.086198002099990845,0.09064900130033493,65603934
2023-02-18T00:00:00.000000Z,0.090663999319076538,0.09306199848651886,0.089859001338481903,0.09210599958896637,77919524
2023-02-19T00:00:00.000000Z,0.092069998383522034,0.093428000807762146,0.09022899717092514,0.090579003095626831,71468382
2023-02-20T00:00:00.000000Z,0.090604998171329498,0.094820000231266022,0.089420996606349945,0.094480998814105988,86473798
2023-02-21T00:00:00.000000Z,0.09448300302028656,0.097710996866226196,0.093973003327846527,0.094843000173568726,129504219
2023-02-22T00:00:00.000000Z,0.094850003719329834,0.095028996467590332,0.090539999306201935,0.092433996498584747,83783596
2023-02-23T00:00:00.000000Z,0.09242500364780426,0.093147002160549164,0.090590000152587891,0.09101799875497818,59519121
2023-02-24T00:00:00.000000Z,0.09100399911403656,0.091568998992443085,0.087978996336460114,0.089112997055053711,71973563
2023-02-25T00:00:00.000000Z,0.089110001921653748,0.089501000940799713,0.086845003068447113,0.088041998445987701,52848594
2023-02-26T00:00:00.000000Z,0.08803199976682663,0.08895699679851532,0.087278001010417938,0.088927000761032104,39743916
2023-02-27T00:00:00.000000Z,0.088927999138832092,0.089285999536514282,0.087416000664234161,0.088373996317386627,55434132
2023-02-28T00:00:00.000000Z,0.088375002145767212,0.088476002216339111,0.086121000349521637,0.08703400194644928,52625408
2023-03-01T00:00:00.000000Z,0.087039999663829803,0.088482998311519623,0.086829997599124908,0.088101997971534729,48844692
2023-03-02T00:00:00.000000Z,0.088100999593734741,0.088215000927448273,0.086461998522281647,0.087452001869678497,46858868
2023-03-03T00:00:00.000000Z,0.087452001869678497,0.087595999240875244,0.083282999694347382,0.085617996752262115,73070519
2023-03-04T00:00:00.000000Z,0.0856190025806427,0.08581099659204483,0.082333996891975403,0.083604000508785248,38283169
2023-03-05T00:00:00.000000Z,0.083604998886585236,0.084411002695560455,0.082658998668193817,0.082753002643585205,35262802
2023-03-06T00:00:00.000000Z,0.08275199681520462,0.083521999418735504,0.081978999078273773,0.083507999777793884,40799663
2023-03-07T00:00:00.000000Z,0.083507001399993896,0.084114000201225281,0.08185499906539917,0.082799002528190613,55842843
2023-03-08T00:00:00.000000Z,0.082792997360229492,0.084375999867916107,0.080817997455596924,0.081789001822471619,79690107
2023-03-09T00:00:00.000000Z,0.081785000860691071,0.082185998558998108,0.076503999531269073,0.077086001634597778,67133528
2023-03-10T00:00:00.000000Z,0.07709299772977829,0.078515000641345978,0.074777998030185699,0.078155003488063812,68859084
2023-03-11T00:00:00.000000Z,0.0781560018658638,0.079562999308109283,0.075888998806476593,0.079395003616809845,72247390
2023-03-12T00:00:00.000000Z,0.079392999410629272,0.083116002380847931,0.079062998294830322,0.083066999912261963,70929099
2023-03-13T00:00:00.000000Z,0.083029001951217651,0.085473001003265381,0.080568999052047729,0.084755003452301025,91063377
2023-03-14T00:00:00.000000Z,0.084758996963500977,0.089680999517440796,0.083802998065948486,0.088436000049114227,112204719
2023-03-15T00:00:00.000000Z,0.088458001613616943,0.088806003332138062,0.083047002553939819,0.083925001323223114,82785899
2023-03-16T00:00:00.000000Z,0.083949998021125793,0.085390001535415649,0.083710998296737671,0.084757000207901001,55790623
2023-03-17T00:00:00.000000Z,0.084760002791881561,0.088111996650695801,0.084095001220703125,0.08809400349855423,75763682
2023-03-18T00:00:00.000000Z,0.088113002479076385,0.088735997676849365,0.085491999983787537,0.085611000657081604,70470052
2023-03-19T00:00:00.000000Z,0.085616998374462128,0.089180000126361847,0.085616998374462128,0.087930001318454742,73532360
2023-03-20T00:00:00.000000Z,0.08792799711227417,0.08961699903011322,0.086480997502803802,0.086520001292228699,75753303
2023-03-21T00:00:00.000000Z,0.086531996726989746,0.099129997193813324,0.086053997278213501,0.096542999148368835,209527484
2023-03-22T00:00:00.000000Z,0.096532002091407776,0.097067996859550476,0.088711000978946686,0.090894997119903564,138765126
2023-03-23T00:00:00.000000Z,0.090893998742103577,0.093653000891208649,0.090195998549461365,0.092551000416278839,89012764
2023-03-24T00:00:00.000000Z,0.092560000717639923,0.092639997601509094,0.087760001420974731,0.088884003460407257,73703391
2023-03-25T00:00:00.000000Z,0.088885001838207245,0.092877998948097229,0.088687002658843994,0.090759001672267914,73901718
2023-03-26T00:00:00.000000Z,0.090760998427867889,0.092509999871253967,0.090672001242637634,0.091962002217769623,50915861
2023-03-27T00:00:00.000000Z,0.091960996389389038,0.094902999699115753,0.09003700315952301,0.092598997056484222,102659135
2023-03-28T00:00:00.000000Z,0.092597000300884247,0.09801899641752243,0.091191001236438751,0.097713999450206757,125708243
2023-03-29T00:00:00.000000Z,0.097713001072406769,0.107184998691082,0.097699999809265137,0.1018889993429184,194182902
2023-03-30T00:00:00.000000Z,0.10188800096511841,0.10670500248670578,0.10044699907302856,0.10626900196075439,168548645
2023-03-31T00:00:00.000000Z,0.10627900063991547,0.11273600161075592,0.10530900210142136,0.11208400130271912,202981746
2023-04-01T00:00:00.000000Z,0.1121010035276413,0.11384200304746628,0.10706699639558792,0.10775899887084961,96970945
2023-04-02T00:00:00.000000Z,0.10830000042915344,0.1110370010137558,0.10596500337123871,0.106625996530056,82570532
2023-04-03T00:00:00.000000Z,0.10662700235843658,0.11031000316143036,0.10526499897241592,0.10678800195455551,100240480
2023-04-04T00:00:00.000000Z,0.10678199678659439,0.10695800185203552,0.10475599765777588,0.10616700351238251,72497227
2023-04-05T00:00:00.000000Z,0.10616599768400192,0.10867100208997726,0.10554400086402893,0.10728400200605392,69695907
2023-04-06T00:00:00.000000Z,0.10729300230741501,0.10729300230741501,0.10437999665737152,0.10578099638223648,57518982
2023-04-07T00:00:00.000000Z,0.10578099638223648,0.10646100342273712,0.10431600362062454,0.10646100342273712,49747027
2023-04-08T00:00:00.000000Z,0.10645099729299545,0.10653399676084518,0.10408200323581696,0.10441400110721588,36450518
2023-04-09T00:00:00.000000Z,0.10441400110721588,0.10548300296068192,0.10291700065135956,0.10481300204992294,39384506
2023-04-10T00:00:00.000000Z,0.10481599718332291,0.10586699843406677,0.10260500013828278,0.10572800040245056,45568049
2023-04-11T00:00:00.000000Z,0.10572399944067001,0.10722900182008743,0.1050340011715889,0.10518400371074677,54624727
2023-04-12T00:00:00.000000Z,0.10518400371074677,0.10527300089597702,0.10269699990749359,0.1045759990811348,47520838
2023-04-13T00:00:00.000000Z,0.1036050021648407,0.10572300106287003,0.10337500274181366,0.10544800013303757,51344898
2023-04-14T00:00:00.000000Z,0.10544800013303757,0.10892599821090698,0.10542500019073486,0.10706300288438797,88879571
2023-04-15T00:00:00.000000Z,0.10706999897956848,0.10753600299358368,0.1060120016336441,0.10660199820995331,44548088
2023-04-16T00:00:00.000000Z,0.10659199953079224,0.10793700069189072,0.10572099685668945,0.10745400190353394,46503020
2023-04-17T00:00:00.000000Z,0.10745099931955338,0.1075190007686615,0.10350500047206879,0.10407499969005585,52147828
2023-04-18T00:00:00.000000Z,0.10407699644565582,0.10617399960756302,0.10367800295352936,0.10558400303125381,56115086
2023-04-19T00:00:00.000000Z,0.10558299720287323,0.10590600222349167,0.09714999794960022,0.097690001130104065,88172361
2023-04-20T00:00:00.000000Z,0.097696997225284576,0.09843900054693222,0.094492003321647644,0.095761001110076904,61887159
2023-04-21T00:00:00.000000Z,0.095760002732276917,0.09661400318145752,0.092378996312618256,0.093013003468513489,61295675
2023-04-22T00:00:00.000000Z,0.093011997640132904,0.095625996589660645,0.09216800332069397,0.095592997968196869,40935033
2023-04-23T00:00:00.000000Z,0.095597997307777405,0.095597997307777405,0.092982999980449677,0.094572998583316803,36491436
2023-04-24T00:00:00.000000Z,0.094573996961116791,0.096083000302314758,0.092193998396396637,0.093479998409748077,54456245
2023-04-25T00:00:00.000000Z,0.093464002013206482,0.095002003014087677,0.09215100109577179,0.094916000962257385,44013691
2023-04-26T00:00:00.000000Z,0.094916999340057373,0.096923999488353729,0.091124996542930603,0.093557998538017273,67946115
2023-04-27T00:00:00.000000Z,0.093570001423358917,0.09497399628162384,0.092771001160144806,0.09436500072479248,44281715
2023-04-28T00:00:00.000000Z,0.09436500072479248,0.095702998340129852,0.093805998563766479,0.094749003648757935,40362467
2023-04-29T00:00:00.000000Z,0.094755999743938446,0.095795996487140656,0.09443800151348114,0.095795996487140656,30670613
2023-04-30T00:00:00.000000Z,0.095795996487140656,0.095872998237609863,0.094315998256206512,0.094648003578186035,31657551
2023-05-01T00:00:00.000000Z,0.094645000994205475,0.094645000994205475,0.091868996620178223,0.092637002468109131,43612450
2023-05-02T00:00:00.000000Z,0.092638999223709106,0.09375,0.091995000839233398,0.093551002442836761,35579709
2023-05-03T00:00:00.000000Z,0.093560002744197845,0.093795999884605408,0.091899998486042023,0.093587003648281097,38954411
2023-05-04T00:00:00.000000Z,0.093595996499061584,0.094176001846790314,0.092927999794483185,0.09347900003194809,35717026
2023-05-05T00:00:00.000000Z,0.093477003276348114,0.094531998038291931,0.092473998665809631,0.094384998083114624,43622945
2023-05-06T00:00:00.000000Z,0.094383999705314636,0.094756998121738434,0.091870002448558807,0.092587001621723175,39786942
2023-05-07T00:00:00.000000Z,0.092579998075962067,0.093203999102115631,0.092036999762058258,0.092046000063419342,27416558
2023-05-08T00:00:00.000000Z,0.092024996876716614,0.092405997216701508,0.087963998317718506,0.089519001543521881,64344918
2023-05-09T00:00:00.000000Z,0.089519001543521881,0.089519001543521881,0.088324002921581268,0.089120998978614807,37622033
2023-05-10T00:00:00.000000Z,0.08912300318479538,0.089934997260570526,0.087355002760887146,0.089129000902175903,49383632
2023-05-11T00:00:00.000000Z,0.089135996997356415,0.089882999658584595,0.087739996612071991,0.089505001902580261,46005054
2023-05-12T00:00:00.000000Z,0.089502997696399689,0.089933000504970551,0.08755899965763092,0.08910900354385376,51395499
2023-05-13T00:00:00.000000Z,0.089112997055053711,0.089240998029708862,0.088336996734142303,0.088336996734142303,24625387
2023-05-14T00:00:00.000000Z,0.0883449986577034,0.088725000619888306,0.087806999683380127,0.088722996413707733,27508195
2023-05-15T00:00:00.000000Z,0.08872000128030777,0.089364998042583466,0.088067002594470978,0.088082998991012573,36429642
2023-05-16T00:00:00.000000Z,0.088082998991012573,0.08867499977350235,0.086894996464252472,0.087902002036571503,35693896
2023-05-17T00:00:00.000000Z,0.087901003658771515,0.088972002267837524,0.087402001023292542,0.088578999042510986,38258444
2023-05-18T00:00:00.000000Z,0.088593997061252594,0.089849002659320831,0.087728999555110931,0.088739998638629913,36965821
2023-05-19T00:00:00.000000Z,0.088739998638629913,0.089639998972415924,0.088489003479480743,0.089203998446464539,30117924
2023-05-20T00:00:00.000000Z,0.089207999408245087,0.08929000049829483,0.088264003396034241,0.088848002254962921,22393642
2023-05-21T00:00:00.000000Z,0.088841997087001801,0.089133001863956451,0.087901003658771515,0.088127002120018005,24394042
2023-05-22T00:00:00.000000Z,0.088132999837398529,0.088602997362613678,0.087507002055644989,0.088141001760959625,30219854
2023-05-23T00:00:00.000000Z,0.088142998516559601,0.089031003415584564,0.087806001305580139,0.088146999478340149,30148195
2023-05-24T00:00:00.000000Z,0.088152997195720673,0.0882439985871315,0.085721999406814575,0.086510002613067627,33968555
2023-05-25T00:00:00.000000Z,0.086508996784687042,0.087085999548435211,0.085703998804092407,0.087026998400688171,28910737
2023-05-26T00:00:00.000000Z,0.087036997079849243,0.088249996304512024,0.086846999824047089,0.087830998003482819,31708977
2023-05-27T00:00:00.000000Z,0.087831996381282806,0.088357999920845032,0.08764299750328064,0.088136002421379089,25535443
2023-05-28T00:00:00.000000Z,0.088137999176979065,0.088936999440193176,0.087906002998352051,0.088697999715805054,31987029
2023-05-29T00:00:00.000000Z,0.088702000677585602,0.089432999491691589,0.088524997234344482,0.08931499719619751,34472812
2023-05-30T00:00:00.000000Z,0.089313000440597534,0.091046996414661407,0.088895998895168304,0.090842999517917633,64372769
2023-05-31T00:00:00.000000Z,0.090838000178337097,0.092868000268936157,0.089611001312732697,0.092578001320362091,61172703
2023-06-01T00:00:00.000000Z,0.092580996453762054,0.092685997486114502,0.090833000838756561,0.091086998581886292,48257729
2023-06-02T00:00:00.000000Z,0.09109099954366684,0.092398002743721008,0.090838998556137085,0.092045001685619354,33233748
2023-06-03T00:00:00.000000Z,0.092044003307819366,0.093295998871326447,0.091692999005317688,0.091991998255252838,31057867
2023-06-04T00:00:00.000000Z,0.091996997594833374,0.092793002724647522,0.091326996684074402,0.091388002038002014,38129675
2023-06-05T00:00:00.000000Z,0.091392002999782562,0.09175100177526474,0.086097002029418945,0.087906002998352051,63121745
2023-06-06T00:00:00.000000Z,0.08789999783039093,0.089748002588748932,0.086796998977661133,0.089685000479221344,46764076
2023-06-07T00:00:00.000000Z,0.089677996933460236,0.089868001639842987,0.086942002177238464,0.087352998554706573,43941794
2023-06-08T00:00:00.000000Z,0.087362997233867645,0.087898001074790955,0.086805000901222229,0.087150000035762787,34844133
2023-06-09T00:00:00.000000Z,0.087145999073982239,0.088992998003959656,0.086700998246669769,0.088990002870559692,38657219
2023-06-10T00:00:00.000000Z,0.088991999626159668,0.089020997285842896,0.079447999596595764,0.082332000136375427,104329017
2023-06-11T00:00:00.000000Z,0.082318998873233795,0.084564000368118286,0.081234000623226166,0.083513997495174408,41452054
2023-06-12T00:00:00.000000Z,0.083511002361774445,0.083571001887321472,0.082129999995231628,0.083089999854564667,40250558
2023-06-13T00:00:00.000000Z,0.083097003400325775,0.086106002330780029,0.082445003092288971,0.082530997693538666,56837112
2023-06-14T00:00:00.000000Z,0.082529999315738678,0.082919001579284668,0.077813997864723206,0.079250998795032501,44127110
2023-06-15T00:00:00.000000Z,0.079250998795032501,0.079461999237537384,0.07534799724817276,0.076316997408866882,49315223
2023-06-16T00:00:00.000000Z,0.076318003237247467,0.078763999044895172,0.076076000928878784,0.07740599662065506,43170835
2023-06-17T00:00:00.000000Z,0.077408000826835632,0.080438002943992615,0.077065996825695038,0.079668000340461731,35019334
2023-06-18T00:00:00.000000Z,0.079659998416900635,0.080914996564388275,0.079319998621940613,0.07949800044298172,31606182
2023-06-19T00:00:00.000000Z,0.079502001404762268,0.08047100156545639,0.079154998064041138,0.079968996345996857,30468382
2023-06-20T00:00:00.000000Z,0.079971998929977417,0.083049997687339783,0.078346997499465942,0.082864001393318176,41483142
2023-06-21T00:00:00.000000Z,0.082861997187137604,0.086972996592521667,0.082408003509044647,0.086795002222061157,58779301
2023-06-22T00:00:00.000000Z,0.086790002882480621,0.089197002351284027,0.086010001599788666,0.086696997284889221,55362946
2023-06-23T00:00:00.000000Z,0.086699999868869781,0.090080998837947845,0.086689002811908722,0.089468002319335938,49455021
2023-06-24T00:00:00.000000Z,0.089470997452735901,0.091228000819683075,0.089013002812862396,0.090525001287460327,44185433
2023-06-25T00:00:00.000000Z,0.090525001287460327,0.092252001166343689,0.090433001518249512,0.091646000742912292,42349104
2023-06-26T00:00:00.000000Z,0.091640003025531769,0.092583000659942627,0.090700998902320862,0.092124000191688538,44934642
2023-06-27T00:00:00.000000Z,0.092122003436088562,0.10316699743270874,0.092122003436088562,0.10213500261306763,134561551
2023-06-28T00:00:00.000000Z,0.10214799642562866,0.1056009978055954,0.099180996417999268,0.10041099786758423,213064721
2023-06-29T00:00:00.000000Z,0.10040999948978424,0.10439600050449371,0.10040999948978424,0.10236400365829468,88599069
2023-06-30T00:00:00.000000Z,0.10236100107431412,0.11638700217008591,0.10161399841308594,0.1106949970126152,223097200
2023-07-01T00:00:00.000000Z,0.11068899929523468,0.11150000244379044,0.10615800321102142,0.10741599649190903,75381293
2023-07-02T00:00:00.000000Z,0.10741099715232849,0.10789100080728531,0.10476899892091751,0.107294000685215,64747054
2023-07-03T00:00:00.000000Z,0.10729300230741501,0.10934600234031677,0.10501299798488617,0.10573499649763107,63383769
2023-07-04T00:00:00.000000Z,0.10575199872255325,0.10638099908828735,0.10324200242757797,0.10343199968338013,45796729
2023-07-05T00:00:00.000000Z,0.10344000160694122,0.10450399667024612,0.099692001938819885,0.1005999967455864,52031775
2023-07-06T00:00:00.000000Z,0.1005920022726059,0.10215300321578979,0.096000999212265015,0.096000999212265015,57050713
2023-07-07T00:00:00.000000Z,0.095999002456665039,0.097413003444671631,0.095146998763084412,0.097217001020908356,48206491
2023-07-08T00:00:00.000000Z,0.097218997776508331,0.099720001220703125,0.096837997436523438,0.099532999098300934,48633791
2023-07-09T00:00:00.000000Z,0.099546998739242554,0.099858000874519348,0.098601996898651123,0.099010996520519257,32556225
2023-07-10T00:00:00.000000Z,0.099013000726699829,0.10053300112485886,0.097415998578071594,0.099887996912002563,44760948
2023-07-11T00:00:00.000000Z,0.099887996912002563,0.10074099898338318,0.098495997488498688,0.09859900176525116,38675780
2023-07-12T00:00:00.000000Z,0.09859900176525116,0.09859900176525116,0.095574997365474701,0.096262000501155853,46201787
2023-07-13T00:00:00.000000Z,0.09625600278377533,0.18301799893379211,0.095536999404430389,0.15487900376319885,1004593480
2023-07-14T00:00:00.000000Z,0.1550000011920929,0.15702199935913086,0.12773899734020233,0.13491299748420715,557059364
2023-07-15T00:00:00.000000Z,0.13491100072860718,0.13511799275875092,0.12768800556659698,0.12787599861621857,193013205
2023-07-16T00:00:00.000000Z,0.12790599465370178,0.13739000260829926,0.12540599703788757,0.13167999684810638,269828641
2023-07-17T00:00:00.000000Z,0.1316789984703064,0.13431200385093689,0.12528200447559357,0.12894999980926514,148257834
2023-07-18T00:00:00.000000Z,0.12894900143146515,0.13304699957370758,0.12542100250720978,0.1329369992017746,174862280
2023-07-19T00:00:00.000000Z,0.13285699486732483,0.16495500504970551,0.1318420022726059,0.15598499774932861,756411125
2023-07-20T00:00:00.000000Z,0.1559939980506897,0.17933300137519836,0.13583999872207642,0.16328799724578857,929268801
2023-07-21T00:00:00.000000Z,0.16326899826526642,0.17038199305534363,0.15422900021076202,0.15708500146865845,355570699
2023-07-22T00:00:00.000000Z,0.15707600116729736,0.1673939973115921,0.1553100049495697,0.1557839959859848,293617821
2023-07-23T00:00:00.000000Z,0.15578299760818481,0.16062299907207489,0.15291400253772736,0.15607999265193939,202625789
2023-07-24T00:00:00.000000Z,0.15608899295330048,0.15608899295330048,0.14464199542999268,0.14577700197696686,198033733
2023-07-25T00:00:00.000000Z,0.14578999578952789,0.14919100701808929,0.14161799848079681,0.14517800509929657,190775293
2023-07-26T00:00:00.000000Z,0.14516499638557434,0.16159500181674957,0.14061599969863892,0.15582500398159027,277022451
2023-07-27T00:00:00.000000Z,0.15582099556922913,0.16328699886798859,0.15375100076198578,0.15905700623989105,310493227
2023-07-28T00:00:00.000000Z,0.1590459942817688,0.16649100184440613,0.15821599960327148,0.15991500020027161,279109361
2023-07-29T00:00:00.000000Z,0.15990200638771057,0.1610260009765625,0.15785899758338928,0.15858900547027588,121938513
2023-07-30T00:00:00.000000Z,0.15858800709247589,0.16132700443267822,0.15404100716114044,0.1566849946975708,200993020
2023-07-31T00:00:00.000000Z,0.15667800605297089,0.15760700404644012,0.14905500411987305,0.15036399662494659,139055383
2023-08-01T00:00:00.000000Z,0.15036399662494659,0.15334500372409821,0.14647200703620911,0.15334500372409821,156392245
2023-08-02T00:00:00.000000Z,0.15335899591445923,0.15439599752426147,0.14382000267505646,0.14403000473976135,134312007
2023-08-03T00:00:00.000000Z,0.14403599500656128,0.14547200500965118,0.13878999650478363,0.13916000723838806,149554727
2023-08-04T00:00:00.000000Z,0.13915799558162689,0.14161400496959686,0.13644500076770782,0.13644500076770782,124632455
2023-08-05T00:00:00.000000Z,0.13644300401210785,0.13905100524425507,0.13359600305557251,0.13905000686645508,104782605
2023-08-06T00:00:00.000000Z,0.13903699815273285,0.14466999471187592,0.13866500556468964,0.13912999629974365,122923949
2023-08-07T00:00:00.000000Z,0.13912500441074371,0.14313800632953644,0.13779400289058685,0.14297699928283691,153941332
2023-08-08T00:00:00.000000Z,0.14295500516891479,0.1435369998216629,0.1384660005569458,0.14313499629497528,133145825
2023-08-09T00:00:00.000000Z,0.1431100070476532,0.14568200707435608,0.13991600275039673,0.14149600267410278,130594629
2023-08-10T00:00:00.000000Z,0.14149999618530273,0.14160799980163574,0.13835899531841278,0.13884299993515015,94363290
2023-08-11T00:00:00.000000Z,0.1388469934463501,0.14109599590301514,0.13843899965286255,0.13948999345302582,82463389
2023-08-12T00:00:00.000000Z,0.13950000703334808,0.14017599821090698,0.13702599704265594,0.13785000145435333,65575070
2023-08-13T00:00:00.000000Z,0.13784599304199219,0.1404850035905838,0.1376429945230484,0.1378989964723587,68337199
2023-08-14T00:00:00.000000Z,0.13789099454879761,0.13816699385643005,0.13474400341510773,0.1360740065574646,74889965
2023-08-15T00:00:00.000000Z,0.13607899844646454,0.13628299534320831,0.1263280063867569,0.13025900721549988,108202961
2023-08-16T00:00:00.000000Z,0.13025499880313873,0.1323540061712265,0.12412700057029724,0.12658399343490601,102645819
2023-08-17T00:00:00.000000Z,0.12658399343490601,0.12730300426483154,0.10755400359630585,0.11342199891805649,140498894
2023-08-18T00:00:00.000000Z,0.11345899850130081,0.11775600165128708,0.11152300238609314,0.1167600005865097,116776528
2023-08-19T00:00:00.000000Z,0.11676099896430969,0.12488000094890594,0.11670199781656265,0.12363100051879883,101967515
2023-08-20T00:00:00.000000Z,0.1236329972743988,0.13234800100326538,0.12276700139045715,0.12983499467372894,176159088
2023-08-21T00:00:00.000000Z,0.12983399629592896,0.13012200593948364,0.1225769966840744,0.12480200082063675,121778058
2023-08-22T00:00:00.000000Z,0.12478700280189514,0.12484899908304214,0.11775700002908707,0.12073499709367752,98239656
2023-08-23T00:00:00.000000Z,0.12073399871587753,0.12886300683021545,0.11995799839496613,0.1273760050535202,123807063
2023-08-24T00:00:00.000000Z,0.1273840069770813,0.12855899333953857,0.122018001973629,0.12376599758863449,90769932
2023-08-25T00:00:00.000000Z,0.12377800047397614,0.12482400238513947,0.12092199921607971,0.12385900318622589,89277309
2023-08-26T00:00:00.000000Z,0.12386000156402588,0.12445499747991562,0.120728999376297,0.1211479976773262,63778577
2023-08-27T00:00:00.000000Z,0.12114600092172623,0.12225700169801712,0.11983799934387207,0.12089899927377701,64849304
2023-08-28T00:00:00.000000Z,0.12090100347995758,0.1210390031337738,0.11904499679803848,0.11986800283193588,67282635
2023-08-29T00:00:00.000000Z,0.11986900120973587,0.12767800688743591,0.11694300174713135,0.1243090033531189,129642099
2023-08-30T00:00:00.000000Z,0.12431400269269943,0.12441299855709076,0.12041399627923965,0.12041600048542023,73424469
2023-08-31T00:00:00.000000Z,0.12042199820280075,0.12083999812602997,0.1141199991106987,0.11498499661684036,90982467
2023-09-01T00:00:00.000000Z,0.11499299854040146,0.11726000159978867,0.11304000020027161,0.11403799802064896,80175461
2023-09-02T00:00:00.000000Z,0.11405099928379059,0.11433000117540359,0.11164099723100662,0.11350499838590622,62611315
2023-09-03T00:00:00.000000Z,0.11351300030946732,0.12036199867725372,0.11320699751377106,0.11906199902296066,110207263
2023-09-04T00:00:00.000000Z,0.11901800334453583,0.12595400214195251,0.11863700300455093,0.12437400221824646,158899355
2023-09-05T00:00:00.000000Z,0.12438199669122696,0.12913599610328674,0.1216220036149025,0.12241599708795547,129162821
2023-09-06T00:00:00.000000Z,0.12241800129413605,0.12393300235271454,0.11783800274133682,0.12393300235271454,101135784
2023-09-07T00:00:00.000000Z,0.12393300235271454,0.12548500299453735,0.12197200208902359,0.12548500299453735,89315560
2023-09-08T00:00:00.000000Z,0.12548500299453735,0.12714900076389313,0.12274699658155441,0.12687699496746063,90698828
2023-09-09T00:00:00.000000Z,0.12687699496746063,0.13282300531864166,0.12622199952602386,0.13164299726486206,127839636
2023-09-10T00:00:00.000000Z,0.13163399696350098,0.13428600132465363,0.12803900241851807,0.13372300565242767,153034541
2023-09-11T00:00:00.000000Z,0.13371700048446655,0.13435600697994232,0.12434600293636322,0.12840600311756134,144155407
2023-09-12T00:00:00.000000Z,0.12840400636196136,0.13180699944496155,0.12059500068426132,0.12134800106287003,141173725
2023-09-13T00:00:00.000000Z,0.12134499847888947,0.12232299894094467,0.1195250004529953,0.12080699950456619,86100457
2023-09-14T00:00:00.000000Z,0.12081000208854675,0.12172000110149384,0.11841899901628494,0.12020599842071533,70297091
2023-09-15T00:00:00.000000Z,0.12020699679851532,0.12151200324296951,0.11791999638080597,0.12034899741411209,67892665
2023-09-16T00:00:00.000000Z,0.12034200131893158,0.12117300182580948,0.11823700368404388,0.11935999989509583,46945222
2023-09-17T00:00:00.000000Z,0.11935999989509583,0.11936700344085693,0.11580199748277664,0.11617700010538101,52685605
2023-09-18T00:00:00.000000Z,0.11617700010538101,0.11933600157499313,0.11556699872016907,0.11805299669504166,57489207
2023-09-19T00:00:00.000000Z,0.11805299669504166,0.12010499835014343,0.11746300011873245,0.11847700178623199,52431783
2023-09-20T00:00:00.000000Z,0.11847999691963196,0.1191290020942688,0.11643899977207184,0.11697199940681458,60132012
2023-09-21T00:00:00.000000Z,0.11696600168943405,0.11696600168943405,0.11182600259780884,0.1138480007648468,339899784
2023-09-22T00:00:00.000000Z,0.11384899914264679,0.11544699966907501,0.11354000121355057,0.11445900052785873,50531885
2023-09-23T00:00:00.000000Z,0.11447799950838089,0.11519899964332581,0.11313600093126297,0.11421199887990952,33244195
2023-09-24T00:00:00.000000Z,0.11421100050210953,0.11421100050210953,0.11215200275182724,0.11226200312376022,38961766
2023-09-25T00:00:00.000000Z,0.11226200312376022,0.1132500022649765,0.11096499860286713,0.11299599707126617,50541695
2023-09-26T00:00:00.000000Z,0.11298800259828568,0.11299999803304672,0.11097700148820877,0.11184500157833099,39565995
2023-09-27T00:00:00.000000Z,0.11184500157833099,0.11429499834775925,0.1114640012383461,0.11248400062322617,48532437
2023-09-28T00:00:00.000000Z,0.11248099803924561,0.11435800045728683,0.11227700114250183,0.11419100314378738,42137987
2023-09-29T00:00:00.000000Z,0.11418700218200684,0.11846599727869034,0.11278299987316132,0.11283999681472778,110501869
2023-09-30T00:00:00.000000Z,0.11284100264310837,0.11284100264310837,0.11113099753856659,0.11233100295066833,49527677
2023-10-01T00:00:00.000000Z,0.11232499778270721,0.11460199952125549,0.11209499835968018,0.11438799649477005,48343486
2023-10-02T00:00:00.000000Z,0.11438500136137009,0.11493600159883499,0.11069200187921524,0.11172500252723694,75778896
2023-10-03T00:00:00.000000Z,0.11170800030231476,0.11576399952173233,0.11023800075054169,0.11443299800157547,108082140
2023-10-04T00:00:00.000000Z,0.11445699632167816,0.11517000198364258,0.11170999705791473,0.11255499720573425,88962628
2023-10-05T00:00:00.000000Z,0.11256200075149536,0.11256200075149536,0.11054900288581848,0.11072500050067902,43138023
2023-10-06T00:00:00.000000Z,0.11071600019931793,0.11230599880218506,0.10999800264835358,0.11178400367498398,38742768
2023-10-07T00:00:00.000000Z,0.11178400367498398,0.11206000298261642,0.11057999730110168,0.11116699874401093,31098527
2023-10-08T00:00:00.000000Z,0.11117000132799149,0.11142999678850174,0.11040899902582169,0.11075499653816223,33199892
2023-10-09T00:00:00.000000Z,0.11075499653816223,0.11100900173187256,0.10494399815797806,0.1060200035572052,71482943
2023-10-10T00:00:00.000000Z,0.10601700097322464,0.10609299689531326,0.10366199910640717,0.10432200133800507,47600915
2023-10-11T00:00:00.000000Z,0.10432499647140503,0.1048939973115921,0.10197299718856812,0.10329300165176392,52987221
2023-10-12T00:00:00.000000Z,0.10328800231218338,0.10331299901008606,0.10125000029802322,0.1024319976568222,52694765
2023-10-13T00:00:00.000000Z,0.10243400186300278,0.10347799956798553,0.10222399979829788,0.10292500257492065,48952432
2023-10-14T00:00:00.000000Z,0.10293599963188171,0.10443200170993805,0.10293599963188171,0.10430099815130234,38056921
2023-10-15T00:00:00.000000Z,0.10429900139570236,0.10632199794054031,0.10410100221633911,0.10629399865865707,44558879
2023-10-16T00:00:00.000000Z,0.10629600286483765,0.11007600277662277,0.10622899979352951,0.10766100138425827,83759155
2023-10-17T00:00:00.000000Z,0.10763999819755554,0.10763999819755554,0.10303100198507309,0.10310699790716171,65523096
2023-10-18T00:00:00.000000Z,0.10310500115156174,0.10464700311422348,0.10275799781084061,0.10327599942684174,54759971
2023-10-19T00:00:00.000000Z,0.10327599942684174,0.10758800059556961,0.1024869978427887,0.10735899955034256,82404950
2023-10-20T00:00:00.000000Z,0.10735800117254257,0.10976900160312653,0.10655000060796738,0.10759399831295013,95593686
2023-10-21T00:00:00.000000Z,0.10759700089693069,0.11230400204658508,0.10751499980688095,0.11070699989795685,74881594
2023-10-22T00:00:00.000000Z,0.1107110008597374,0.11193399876356125,0.10846100002527237,0.11068899929523468,72617298
2023-10-23T00:00:00.000000Z,0.11101199686527252,0.11586599797010422,0.11070100218057632,0.11586599797010422,139182468
2023-10-24T00:00:00.000000Z,0.11586099863052368,0.12027599662542343,0.11317600309848785,0.11432100087404251,200961754
2023-10-25T00:00:00.000000Z,0.11434300243854523,0.11555100232362747,0.11246799677610397,0.11430700123310089,106391770
2023-10-26T00:00:00.000000Z,0.11430799961090088,0.11656799912452698,0.11093699932098389,0.11314100027084351,108893076
2023-10-27T00:00:00.000000Z,0.11314799636602402,0.1133980005979538,0.11043400317430496,0.11209999769926071,78763664
2023-10-28T00:00:00.000000Z,0.11207299679517746,0.11420100182294846,0.11195100098848343,0.11401999741792679,45089517
2023-10-29T00:00:00.000000Z,0.11401599645614624,0.11679799854755402,0.11285799741744995,0.11578600108623505,54991781
2023-10-30T00:00:00.000000Z,0.11577499657869339,0.11974299699068069,0.11477000266313553,0.11904600262641907,94692855
2023-10-31T00:00:00.000000Z,0.11903899908065796,0.12442900240421295,0.11625800281763077,0.12127800285816193,161975487
2023-11-01T00:00:00.000000Z,0.12127500027418137,0.1230039969086647,0.11789699643850327,0.12246199697256088,133124086
2023-11-02T00:00:00.000000Z,0.12246999889612198,0.12348300218582153,0.11807599663734436,0.11978700011968613,130414613
2023-11-03T00:00:00.000000Z,0.11977700144052505,0.12394600361585617,0.11681599915027618,0.12253600358963013,117947727
2023-11-04T00:00:00.000000Z,0.12253600358963013,0.12426900118589401,0.12141600251197815,0.12359999865293503,60022945
2023-11-05T00:00:00.000000Z,0.12359700351953506,0.12800000607967377,0.12315099686384201,0.12589800357818604,125374188
2023-11-06T00:00:00.000000Z,0.12588499486446381,0.13469000160694122,0.12554199993610382,0.13103799521923065,174429741
2023-11-07T00:00:00.000000Z,0.13104599714279175,0.13112300634384155,0.12297800183296204,0.12669500708580017,119800472
2023-11-08T00:00:00.000000Z,0.12668800354003906,0.12872900068759918,0.12571099400520325,0.12791000306606293,103803323
2023-11-09T00:00:00.000000Z,0.12792100012302399,0.13012699782848358,0.11940699815750122,0.12295900285243988,211926293
2023-11-10T00:00:00.000000Z,0.12297499924898148,0.12430199980735779,0.12055700272321701,0.12387300282716751,131650824
2023-11-11T00:00:00.000000Z,0.12387000024318695,0.1271979957818985,0.12108500301837921,0.1249219998717308,135023519
2023-11-12T00:00:00.000000Z,0.12493299692869186,0.12651899456977844,0.1223829984664917,0.1242000013589859,101812974
2023-11-13T00:00:00.000000Z,0.12421700358390808,0.13591699302196503,0.12044999748468399,0.12240699678659439,217876840
2023-11-14T00:00:00.000000Z,0.1224059984087944,0.12253399938344955,0.11574599891901016,0.11795400083065033,134626489
2023-11-15T00:00:00.000000Z,0.11796300113201141,0.12180099636316299,0.11719900369644165,0.12167199701070786,101534409
2023-11-16T00:00:00.000000Z,0.12166299670934677,0.12312299758195877,0.11712700128555298,0.11854200065135956,121240373
2023-11-17T00:00:00.000000Z,0.11855199933052063,0.12035299837589264,0.11483799666166306,0.11816100031137466,110101032
2023-11-18T00:00:00.000000Z,0.11818800121545792,0.11940299719572067,0.11498799920082092,0.11921899765729904,65443512
2023-11-19T00:00:00.000000Z,0.11922100186347961,0.12125799804925919,0.11793199926614761,0.12115699797868729,58629818
2023-11-20T00:00:00.000000Z,0.12115900218486786,0.12183400243520737,0.11863899976015091,0.1197659969329834,65066388
2023-11-21T00:00:00.000000Z,0.1197659969329834,0.12031999975442886,0.11314199864864349,0.11382400244474411,89608883
2023-11-22T00:00:00.000000Z,0.11381500214338303,0.1183909997344017,0.11352699995040894,0.11813099682331085,67368477
2023-11-23T00:00:00.000000Z,0.11812900006771088,0.11872699856758118,0.11565099656581879,0.11723999679088593,71437084
2023-11-24T00:00:00.000000Z,0.11724100261926651,0.11895299702882767,0.11691000312566757,0.11800999939441681,60575792
2023-11-25T00:00:00.000000Z,0.11800800263881683,0.12137000262737274,0.11765799671411514,0.12095800042152405,54679912
2023-11-26T00:00:00.000000Z,0.12096299976110458,0.12307699769735336,0.11958099901676178,0.12000600248575211,96113154
2023-11-27T00:00:00.000000Z,0.11999300122261047,0.12055700272321701,0.11492999643087387,0.11651899665594101,82859029
2023-11-28T00:00:00.000000Z,0.11651600152254105,0.11876299977302551,0.11522600054740906,0.11841499805450439,78375089
2023-11-29T00:00:00.000000Z,0.11842600256204605,0.12007100135087967,0.11824300140142441,0.11858200281858444,65246839
2023-11-30T00:00:00.000000Z,0.11858499795198441,0.11961500346660614,0.11803799867630005,0.11831200122833252,69537285
2023-12-01T00:00:00.000000Z,0.11831600219011307,0.11990399658679962,0.11797899752855301,0.11979400366544724,59601664
2023-12-02T00:00:00.000000Z,0.1197889968752861,0.12172599881887436,0.11948099732398987,0.12163300067186356,64446469
2023-12-03T00:00:00.000000Z,0.12163300067186356,0.122919000685215,0.12095600366592407,0.12203200161457062,67354763
2023-12-04T00:00:00.000000Z,0.12202800065279007,0.12521100044250488,0.12033499777317047,0.12222699820995331,134691570
2023-12-05T00:00:00.000000Z,0.12222900241613388,0.12287300080060959,0.11985599994659424,0.12244600057601929,104055604
2023-12-06T00:00:00.000000Z,0.12244799733161926,0.12565000355243683,0.12134300172328949,0.12544000148773193,112772898
2023-12-07T00:00:00.000000Z,0.12545900046825409,0.12725499272346497,0.12321099638938904,0.12617400288581848,112710407
2023-12-08T00:00:00.000000Z,0.12617599964141846,0.13296599686145782,0.12612700462341309,0.13232499361038208,123656968
2023-12-09T00:00:00.000000Z,0.1323309987783432,0.13806000351905823,0.13172900676727295,0.13369199633598328,159872333
2023-12-10T00:00:00.000000Z,0.13369500637054443,0.13673099875450134,0.13209199905395508,0.13298599421977997,101653351
2023-12-11T00:00:00.000000Z,0.13299199938774109,0.134552001953125,0.12082800269126892,0.1234930008649826,149544632
2023-12-12T00:00:00.000000Z,0.12350299954414368,0.12532000243663788,0.1209309995174408,0.12308099865913391,90181627
2023-12-13T00:00:00.000000Z,0.12308000028133392,0.1255510002374649,0.11882299929857254,0.12489599734544754,98981270
2023-12-14T00:00:00.000000Z,0.12489499896764755,0.1280750036239624,0.12353599816560745,0.12750400602817535,89984886
2023-12-15T00:00:00.000000Z,0.12751099467277527,0.12796899676322937,0.12280700355768204,0.12293899804353714,81536878
2023-12-16T00:00:00.000000Z,0.12294600158929825,0.1260329931974411,0.12196800112724304,0.12470100075006485,64562936
2023-12-17T00:00:00.000000Z,0.12470100075006485,0.12488199770450592,0.12203600257635117,0.12223300337791443,67552065
2023-12-18T00:00:00.000000Z,0.12221899628639221,0.12238600105047226,0.11678300052881241,0.12116199731826782,99986158
2023-12-19T00:00:00.000000Z,0.12117899954319,0.12234500050544739,0.11890999972820282,0.11956000328063965,78548040
2023-12-20T00:00:00.000000Z,0.11955100297927856,0.12285099923610687,0.11905600130558014,0.12174200266599655,82170496
2023-12-21T00:00:00.000000Z,0.12177900224924088,0.12445099651813507,0.12128999829292297,0.12438700348138809,76994686
2023-12-22T00:00:00.000000Z,0.12438900023698807,0.12669900059700012,0.12356100231409073,0.12664499878883362,88392627
2023-12-23T00:00:00.000000Z,0.12664699554443359,0.12701299786567688,0.12395600229501724,0.12668900191783905,63597155
2023-12-24T00:00:00.000000Z,0.12668700516223907,0.12791599333286285,0.12478899955749512,0.12612900137901306,81224039
2023-12-25T00:00:00.000000Z,0.126133993268013,0.1315310001373291,0.12539200484752655,0.13103599846363068,104029800
2023-12-26T00:00:00.000000Z,0.13102999329566956,0.13106100261211395,0.1229339987039566,0.1260019987821579,111557323
2023-12-27T00:00:00.000000Z,0.12600399553775787,0.13352400064468384,0.12418200075626373,0.13085299730300903,110942799
2023-12-28T00:00:00.000000Z,0.13085499405860901,0.1356080025434494,0.12983900308609009,0.1323619931936264,149298600
2023-12-29T00:00:00.000000Z,0.13235099613666534,0.13255700469017029,0.12746700644493103,0.12961900234222412,93900237
2023-12-30T00:00:00.000000Z,0.12962600588798523,0.13797000050544739,0.12930899858474731,0.13261100649833679,127553699
2023-12-31T00:00:00.000000Z,0.1325950026512146,0.13326799869537354,0.12804199755191803,0.12895900011062622,74755180
2024-01-01T00:00:00.000000Z,0.12893100082874298,0.13237400352954865,0.12742899358272552,0.13190500438213348,60178270
2024-01-02T00:00:00.000000Z,0.13191999495029449,0.13326799869537354,0.12881100177764893,0.1292870044708252,86906416
2024-01-03T00:00:00.000000Z,0.12928600609302521,0.13273000717163086,0.1165509968996048,0.12055200338363647,161549407
2024-01-04T00:00:00.000000Z,0.1205499991774559,0.12215100228786469,0.11979199945926666,0.12164399772882462,93818934
2024-01-05T00:00:00.000000Z,0.12164100259542465,0.12193199992179871,0.11518199741840363,0.1191290020942688,118917219
2024-01-06T00:00:00.000000Z,0.11913599818944931,0.12045600265264511,0.11626400053501129,0.12014199793338776,89252964
2024-01-07T00:00:00.000000Z,0.12014299631118774,0.1204880028963089,0.11490999907255173,0.11523099988698959,76439412
2024-01-08T00:00:00.000000Z,0.11523400247097015,0.12005600333213806,0.11297000199556351,0.11961600184440613,134586804
2024-01-09T00:00:00.000000Z,0.11962299793958664,0.12016499787569046,0.11423099786043167,0.11632999777793884,109023089
2024-01-10T00:00:00.000000Z,0.11632999777793884,0.12230099737644196,0.11354699730873108,0.12060599774122238,134600618
2024-01-11T00:00:00.000000Z,0.12063200026750565,0.12604300677776337,0.12059400230646133,0.12361100316047668,138334658
2024-01-12T00:00:00.000000Z,0.12358099967241287,0.12531700730323792,0.11717099696397781,0.11910700052976608,120905958
2024-01-13T00:00:00.000000Z,0.11907599866390228,0.12046200037002563,0.11789099872112274,0.12018299847841263,68151891
2024-01-14T00:00:00.000000Z,0.12018000334501266,0.12069100141525269,0.11803700029850006,0.11811500042676926,69840845
2024-01-15T00:00:00.000000Z,0.11812400072813034,0.12076099961996078,0.11790300160646439,0.11820100247859955,67233455
2024-01-16T00:00:00.000000Z,0.11819200217723846,0.11922399699687958,0.11676900088787079,0.11853999644517899,65533820
2024-01-17T00:00:00.000000Z,0.11852999776601791,0.11924500018358231,0.11716499924659729,0.11874800175428391,65803467
2024-01-18T00:00:00.000000Z,0.11874700337648392,0.11877299845218658,0.11273200064897537,0.11417800188064575,70892932
2024-01-19T00:00:00.000000Z,0.11417999863624573,0.11469999700784683,0.10922300070524216,0.11390700191259384,79408992
2024-01-20T00:00:00.000000Z,0.11390899866819382,0.11545400321483612,0.11312200129032135,0.1153699979186058,53832147
2024-01-21T00:00:00.000000Z,0.11537999659776688,0.11660400032997131,0.11520799994468689,0.11551299691200256,50234233
2024-01-22T00:00:00.000000Z,0.11552699655294418,0.11595200002193451,0.11211200058460236,0.11253699660301208,76399602
2024-01-23T00:00:00.000000Z,0.11253800243139267,0.11412700265645981,0.10712400078773499,0.11157599836587906,85309561
2024-01-24T00:00:00.000000Z,0.11157099902629852,0.11268900334835052,0.11060900241136551,0.11264099925756454,72231595
2024-01-25T00:00:00.000000Z,0.11264000087976456,0.11264000087976456,0.11051599681377411,0.11175999790430069,61402386
2024-01-26T00:00:00.000000Z,0.11176300048828125,0.11636699736118317,0.11172399669885635,0.11579299718141556,68168496
2024-01-27T00:00:00.000000Z,0.11579199880361557,0.1169779971241951,0.1154009997844696,0.11625400185585022,47430817
2024-01-28T00:00:00.000000Z,0.11625699698925018,0.11653400212526321,0.11309099942445755,0.11375799775123596,58099831
2024-01-29T00:00:00.000000Z,0.11375299841165543,0.11644700169563293,0.11329100281000137,0.11644600331783295,59572760
2024-01-30T00:00:00.000000Z,0.11644600331783295,0.11682599782943726,0.11264999955892563,0.11274100095033646,70296598
2024-01-31T00:00:00.000000Z,0.11275000125169754,0.11358600109815598,0.10912200063467026,0.10988999903202057,79261404
2024-02-01T00:00:00.000000Z,0.10988199710845947,0.11071400344371796,0.1080700010061264,0.10986799746751785,63804070
2024-02-02T00:00:00.000000Z,0.10986299812793732,0.11088799685239792,0.10902699828147888,0.11035999655723572,59801501
2024-02-03T00:00:00.000000Z,0.11036299914121628,0.11220499873161316,0.10943300276994705,0.11098899692296982,64327566
2024-02-04T00:00:00.000000Z,0.11099299788475037,0.11120299994945526,0.10859300196170807,0.10931199789047241,43423966
2024-02-05T00:00:00.000000Z,0.10931199789047241,0.10974899679422379,0.10772500187158585,0.10841699689626694,53425185
2024-02-06T00:00:00.000000Z,0.10840699821710587,0.10891799628734589,0.10751599818468094,0.10815100371837616,58910178
2024-02-07T00:00:00.000000Z,0.10815200209617615,0.10909599810838699,0.10695300251245499,0.10909000039100647,61152793
2024-02-08T00:00:00.000000Z,0.10909800231456757,0.11005599796772003,0.10873900353908539,0.10986900329589844,62567423
2024-02-09T00:00:00.000000Z,0.10985700041055679,0.11219900101423264,0.10983800143003464,0.11203400045633316,68410578
2024-02-10T00:00:00.000000Z,0.11202900111675262,0.11290299892425537,0.11073999851942062,0.11163599789142609,52655700
2024-02-11T00:00:00.000000Z,0.11164599657058716,0.11304199695587158,0.11077000200748444,0.11115200072526932,58720085
2024-02-12T00:00:00.000000Z,0.11115899682044983,0.11322599649429321,0.10975199937820435,0.11322599649429321,74982567
2024-02-13T00:00:00.000000Z,0.11320800334215164,0.11425500363111496,0.1098409965634346,0.11105299741029739,85317790
2024-02-14T00:00:00.000000Z,0.11104600131511688,0.11463700234889984,0.11037299782037735,0.11441600322723389,80938474
2024-02-15T00:00:00.000000Z,0.11441700160503387,0.11737900227308273,0.11416900157928467,0.11674699932336807,114694337
2024-02-16T00:00:00.000000Z,0.11674799770116806,0.11812599748373032,0.11419399827718735,0.11552800238132477,83446160
2024-02-17T00:00:00.000000Z,0.11552699655294418,0.11589600145816803,0.11194899678230286,0.11419499665498734,61441536
2024-02-18T00:00:00.000000Z,0.1141899973154068,0.11655200272798538,0.11356499791145325,0.11586699634790421,61786919
2024-02-19T00:00:00.000000Z,0.11587800085544586,0.118927001953125,0.11587800085544586,0.11848500370979309,78810665
2024-02-20T00:00:00.000000Z,0.11848700046539307,0.12098000198602676,0.11456800252199173,0.11768999695777893,139532672
2024-02-21T00:00:00.000000Z,0.11769499629735947,0.11786500364542007,0.11113200336694717,0.11434400081634521,94857878
2024-02-22T00:00:00.000000Z,0.11434099823236465,0.11744199693202972,0.11344599723815918,0.11525800079107285,81531313
2024-02-23T00:00:00.000000Z,0.11527100205421448,0.1162709966301918,0.1133119985461235,0.11486099660396576,82800114
2024-02-24T00:00:00.000000Z,0.11486099660396576,0.11734800040721893,0.11380600184202194,0.11644700169563293,62766877
2024-02-25T00:00:00.000000Z,0.11645500361919403,0.1168769970536232,0.1155330017209053,0.1164420023560524,63244380
2024-02-26T00:00:00.000000Z,0.11644800007343292,0.11805400252342224,0.11421000212430954,0.11796700209379196,86168634
2024-02-27T00:00:00.000000Z,0.11795499920845032,0.12338200211524963,0.11723099648952484,0.12297199666500092,146219812
2024-02-28T00:00:00.000000Z,0.1229889988899231,0.1250469982624054,0.11639399826526642,0.12108100205659866,202345039
2024-02-29T00:00:00.000000Z,0.12108799815177917,0.12803399562835693,0.11946199834346771,0.12193900346755981,221870195
2024-03-01T00:00:00.000000Z,0.12192700058221817,0.12735000252723694,0.12192700058221817,0.12714900076389313,129425515
2024-03-02T00:00:00.000000Z,0.12714999914169312,0.13839000463485718,0.12696899473667145,0.13834899663925171,264655700
2024-03-03T00:00:00.000000Z,0.13834799826145172,0.13986599445343018,0.13103200495243073,0.1356319934129715,188228753
2024-03-04T00:00:00.000000Z,0.1356469988822937,0.1576790064573288,0.13435700535774231,0.14587500691413879,440411880
2024-03-05T00:00:00.000000Z,0.14588199555873871,0.15292100608348846,0.12038800120353699,0.13239899277687073,617142413
2024-03-06T00:00:00.000000Z,0.13239899277687073,0.13846099376678467,0.12819899618625641,0.13816000521183014,324526992
2024-03-07T00:00:00.000000Z,0.13816200196743011,0.14317600429058075,0.1378919929265976,0.14219099283218384,229646366
2024-03-08T00:00:00.000000Z,0.14218999445438385,0.14555299282073975,0.13722699880599976,0.14196999371051788,248822462
2024-03-09T00:00:00.000000Z,0.14196999371051788,0.14387999475002289,0.14052499830722809,0.14252899587154388,139036384
2024-03-10T00:00:00.000000Z,0.14252899587154388,0.14497800171375275,0.13721799850463867,0.13984300196170807,151697354
2024-03-11T00:00:00.000000Z,0.13984599709510803,0.1621289998292923,0.13581599295139313,0.15698899328708649,535232758
2024-03-12T00:00:00.000000Z,0.15698899328708649,0.15929900109767914,0.14379599690437317,0.14939300715923309,259162027
2024-03-13T00:00:00.000000Z,0.14939300715923309,0.15351299941539764,0.1467369943857193,0.15086500346660614,171661665
2024-03-14T00:00:00.000000Z,0.15086500346660614,0.15201300382614136,0.13868199288845062,0.1445470005273819,266590270
2024-03-15T00:00:00.000000Z,0.1445470005273819,0.14539399743080139,0.12898199260234833,0.13681900501251221,269079451
2024-03-16T00:00:00.000000Z,0.13681900501251221,0.14292499423027039,0.12702900171279907,0.12927199900150299,193693394
2024-03-17T00:00:00.000000Z,0.12927299737930298,0.13306300342082977,0.12468700110912323,0.13215599954128265,131504690
2024-03-18T00:00:00.000000Z,0.13215599954128265,0.13711799681186676,0.12499599903821945,0.13531899452209473,187395712
2024-03-19T00:00:00.000000Z,0.13531999289989471,0.13531999289989471,0.11875200271606445,0.12077199667692184,274266807
2024-03-20T00:00:00.000000Z,0.12077199667692184,0.13120700418949127,0.11753799766302109,0.13091599941253662,178905718
2024-03-21T00:00:00.000000Z,0.13091599941253662,0.13523699343204498,0.1282690018415451,0.13321299850940704,146681501
2024-03-22T00:00:00.000000Z,0.13321299850940704,0.1339540034532547,0.12578199803829193,0.12807199358940125,123072897
2024-03-23T00:00:00.000000Z,0.12807199358940125,0.13631600141525269,0.12784199416637421,0.13284499943256378,88250146
2024-03-24T00:00:00.000000Z,0.13284499943256378,0.13535700738430023,0.13191400468349457,0.13500499725341797,81373818
2024-03-25T00:00:00.000000Z,0.13500499725341797,0.13916599750518799,0.13422000408172607,0.13668300211429596,116681609
2024-03-26T00:00:00.000000Z,0.13668300211429596,0.13992099463939667,0.13574400544166565,0.13818299770355225,121040181
2024-03-27T00:00:00.000000Z,0.13818299770355225,0.13968800008296967,0.13233500719070435,0.13377000391483307,128181863
2024-03-28T00:00:00.000000Z,0.13377000391483307,0.13878199458122253,0.13264499604701996,0.13805399835109711,112205020
2024-03-29T00:00:00.000000Z,0.13805399835109711,0.14587099850177765,0.13729099929332733,0.14286300539970398,200801695
2024-03-30T00:00:00.000000Z,0.14286300539970398,0.14347900450229645,0.13827699422836304,0.13927599787712097,91989525
2024-03-31T00:00:00.000000Z,0.13927599787712097,0.1412770003080368,0.13862699270248413,0.14111800491809845,67648387
2024-04-01T00:00:00.000000Z,0.14111800491809845,0.14254200458526611,0.1324400007724762,0.13570000231266022,147975756
2024-04-02T00:00:00.000000Z,0.13570000231266022,0.13583500683307648,0.12733699381351471,0.12866100668907166,137807362
2024-04-03T00:00:00.000000Z,0.12865999341011047,0.13073499500751495,0.12441299855709076,0.12640100717544556,121845636
2024-04-04T00:00:00.000000Z,0.12640100717544556,0.13170799612998962,0.12439300119876862,0.12888799607753754,114400077
2024-04-05T00:00:00.000000Z,0.12888799607753754,0.12962399423122406,0.12448199838399887,0.12753200531005859,91632139
2024-04-06T00:00:00.000000Z,0.12753200531005859,0.12978599965572357,0.12713700532913208,0.12924100458621979,52171448
2024-04-07T00:00:00.000000Z,0.12924200296401978,0.13029499351978302,0.12808099389076233,0.12933899462223053,55691799
2024-04-08T00:00:00.000000Z,0.12933899462223053,0.134319007396698,0.12775799632072449,0.13335500657558441,99555660
2024-04-09T00:00:00.000000Z,0.13335500657558441,0.13673800230026245,0.13090500235557556,0.13216300308704376,127975884
2024-04-10T00:00:00.000000Z,0.13216400146484375,0.13216400146484375,0.12650300562381744,0.12965300679206848,103040259
2024-04-11T00:00:00.000000Z,0.12965300679206848,0.13135899603366852,0.12833599746227264,0.13030000030994415,67600788
2024-04-12T00:00:00.000000Z,0.13030000030994415,0.1310880035161972,0.10679499804973602,0.11529900133609772,228777165
2024-04-13T00:00:00.000000Z,0.11529900133609772,0.11545500159263611,0.095335997641086578,0.1056860014796257,331911442
2024-04-14T00:00:00.000000Z,0.1056860014796257,0.11144399642944336,0.10201899707317352,0.11076299846172333,239005618
2024-04-15T00:00:00.000000Z,0.11076299846172333,0.11393599957227707,0.10417699813842773,0.10762500017881393,135893831
2024-04-16T00:00:00.000000Z,0.10762400180101395,0.1100120022892952,0.10479400306940079,0.10960599780082703,106422102
2024-04-17T00:00:00.000000Z,0.10960599780082703,0.1100350022315979,0.10521599650382996,0.10755299776792526,89314927
2024-04-18T00:00:00.000000Z,0.10755299776792526,0.11104500293731689,0.10532400012016296,0.11050999909639359,81052154
2024-04-19T00:00:00.000000Z,0.11050999909639359,0.11351499706506729,0.10398899763822556,0.11185599863529205,106328861
2024-04-20T00:00:00.000000Z,0.11185599863529205,0.1168690025806427,0.11108200252056122,0.11590699851512909,66207002
2024-04-21T00:00:00.000000Z,0.11590699851512909,0.11658500134944916,0.11300499737262726,0.11385499686002731,57864228
2024-04-22T00:00:00.000000Z,0.11385499686002731,0.11903999745845795,0.1137159988284111,0.1182280033826828,73848044
2024-04-23T00:00:00.000000Z,0.1182280033826828,0.11875899881124496,0.11573400348424911,0.11740899831056595,71434516
2024-04-24T00:00:00.000000Z,0.11740899831056595,0.12027599662542343,0.11342599987983704,0.11446800082921982,94103764
2024-04-25T00:00:00.000000Z,0.11446999758481979,0.11554499715566635,0.11160799860954285,0.11374899744987488,73035657
2024-04-26T00:00:00.000000Z,0.11374899744987488,0.11511900275945663,0.11215800046920776,0.11400599777698517,65902171
2024-04-27T00:00:00.000000Z,0.11400900036096573,0.11479199677705765,0.11153300106525421,0.1143919974565506,61644990
2024-04-28T00:00:00.000000Z,0.1143919974565506,0.11588399857282639,0.11208199709653854,0.11228600144386292,55038698
2024-04-29T00:00:00.000000Z,0.11228799819946289,0.11351999640464783,0.10982300341129303,0.11208800226449966,72040928
2024-04-30T00:00:00.000000Z,0.11208699643611908,0.11276800185441971,0.10475099831819534,0.10771500319242477,91934242
2024-05-01T00:00:00.000000Z,0.10771500319242477,0.11106900125741959,0.10331600159406662,0.11103499680757523,99567176
2024-05-02T00:00:00.000000Z,0.11103499680757523,0.11114799976348877,0.10709799826145172,0.11035999655723572,74766755
2024-05-03T00:00:00.000000Z,0.11035999655723572,0.11262500286102295,0.10894700139760971,0.11178199946880341,62383004
2024-05-04T00:00:00.000000Z,0.11178199946880341,0.11250700056552887,0.11080200225114822,0.11100800335407257,49329923
2024-05-05T00:00:00.000000Z,0.11100800335407257,0.11130400002002716,0.10939600318670273,0.11096200346946716,44733799
2024-05-06T00:00:00.000000Z,0.11096200346946716,0.11353400349617004,0.10933700203895569,0.1098489984869957,90614457
2024-05-07T00:00:00.000000Z,0.10984999686479568,0.11074399948120117,0.10807599872350693,0.10808700323104858,67824229
2024-05-08T00:00:00.000000Z,0.10808700323104858,0.1097479984164238,0.10695300251245499,0.10739299654960632,60981422
2024-05-09T00:00:00.000000Z,0.10739299654960632,0.1086840033531189,0.10600899904966354,0.10845000296831131,55951790
2024-05-10T00:00:00.000000Z,0.10844500362873077,0.10972999781370163,0.10549099743366241,0.10634700208902359,54021437
2024-05-11T00:00:00.000000Z,0.10634700208902359,0.10702499747276306,0.10555499792098999,0.10582900047302246,34493997
2024-05-12T00:00:00.000000Z,0.10582900047302246,0.10624299943447113,0.10418400168418884,0.10465600341558456,34220501
2024-05-13T00:00:00.000000Z,0.10465600341558456,0.10567600280046463,0.10109999775886536,0.10394000262022018,58871423
2024-05-14T00:00:00.000000Z,0.10394000262022018,0.10437799990177155,0.10175299644470215,0.1018500030040741,56211815
2024-05-15T00:00:00.000000Z,0.1018500030040741,0.10721000283956528,0.10166300088167191,0.10679999738931656,58807592
2024-05-16T00:00:00.000000Z,0.10680299997329712,0.10786399990320206,0.10509300231933594,0.10669299960136414,56455774
2024-05-17T00:00:00.000000Z,0.10669299960136414,0.10978899896144867,0.10611899942159653,0.10881000012159348,53476331
2024-05-18T00:00:00.000000Z,0.10881000012159348,0.10949599742889404,0.10754700005054474,0.10812000185251236,43713238
2024-05-19T00:00:00.000000Z,0.1081169992685318,0.10854899883270264,0.10535900294780731,0.10559800267219543,41112226
2024-05-20T00:00:00.000000Z,0.10559800267219543,0.11228200048208237,0.10477799922227859,0.1122720018029213,71654077
2024-05-21T00:00:00.000000Z,0.11226899921894073,0.11396899819374084,0.11147899925708771,0.11223699897527695,81334886
2024-05-22T00:00:00.000000Z,0.11223699897527695,0.11246100068092346,0.10930699855089188,0.11061199754476547,71919210
2024-05-23T00:00:00.000000Z,0.11061199754476547,0.11145099997520447,0.10505300015211105,0.1090800017118454,115764849
2024-05-24T00:00:00.000000Z,0.1090800017118454,0.11053399741649628,0.10748100280761719,0.11021599918603897,67141615
2024-05-25T00:00:00.000000Z,0.11021599918603897,0.11163000017404556,0.11010400205850601,0.11091200262308121,40545031
2024-05-26T00:00:00.000000Z,0.11091200262308121,0.11137700080871582,0.10810399800539017,0.10868600010871887,41886956
2024-05-27T00:00:00.000000Z,0.10868600010871887,0.11144900321960449,0.1080780029296875,0.11044999957084656,63776627
2024-05-28T00:00:00.000000Z,0.11044999957084656,0.11054900288581848,0.10684700310230255,0.10778599977493286,75543515
2024-05-29T00:00:00.000000Z,0.10778599977493286,0.10930900275707245,0.10651800036430359,0.10659199953079224,66976036
2024-05-30T00:00:00.000000Z,0.10659699887037277,0.10771799832582474,0.10476300120353699,0.10677800327539444,70589064
2024-05-31T00:00:00.000000Z,0.10677800327539444,0.10710400342941284,0.10473000258207321,0.10636299848556519,61501284
2024-06-01T00:00:00.000000Z,0.10636299848556519,0.10678800195455551,0.1061289981007576,0.10631799697875977,33842691
2024-06-02T00:00:00.000000Z,0.10631799697875977,0.10666999965906143,0.10463999956846237,0.10519800335168839,44169589
2024-06-03T00:00:00.000000Z,0.10519800335168839,0.10702399909496307,0.10476800054311752,0.10532700270414352,55966949
2024-06-04T00:00:00.000000Z,0.10532700270414352,0.10680100321769714,0.10413400083780289,0.10642900317907333,60026803
2024-06-05T00:00:00.000000Z,0.10642900317907333,0.10744000226259232,0.10595200210809708,0.10697200149297714,56311038
2024-06-06T00:00:00.000000Z,0.10697200149297714,0.10698000341653824,0.10482700169086456,0.1052820011973381,50610952
2024-06-07T00:00:00.000000Z,0.1052820011973381,0.10669299960136414,0.094066999852657318,0.10026100277900696,111110827
2024-06-08T00:00:00.000000Z,0.10024400055408478,0.10024400055408478,0.096825003623962402,0.098273999989032745,56286304
2024-06-09T00:00:00.000000Z,0.098264999687671661,0.099816001951694489,0.098182998597621918,0.099815003573894501,37251187
2024-06-10T00:00:00.000000Z,0.099817000329494476,0.10120999813079834,0.099290996789932251,0.099968999624252319,49009384
2024-06-11T00:00:00.000000Z,0.099970996379852295,0.10018400102853775,0.095734000205993652,0.096749000251293182,65056424
2024-06-12T00:00:00.000000Z,0.096750997006893158,0.10094500333070755,0.095659002661705017,0.10010900348424911,62534472
2024-06-13T00:00:00.000000Z,0.10011900216341019,0.10022799670696259,0.097268000245094299,0.097480997443199158,48972057
2024-06-14T00:00:00.000000Z,0.097474001348018646,0.09882800281047821,0.094498999416828156,0.096773996949195862,58558201
2024-06-15T00:00:00.000000Z,0.096771001815795898,0.09864400327205658,0.096412003040313721,0.098237000405788422,33676354
2024-06-16T00:00:00.000000Z,0.098245002329349518,0.099142998456954956,0.097646996378898621,0.098995000123977661,33153627
2024-06-17T00:00:00.000000Z,0.099005997180938721,0.099279001355171204,0.095564998686313629,0.096911996603012085,89787741
2024-06-18T00:00:00.000000Z,0.096900999546051025,0.096946999430656433,0.088100001215934753,0.091371998190879822,133004372
2024-06-19T00:00:00.000000Z,0.09137299656867981,0.094100996851921082,0.09073600172996521,0.093304999172687531,51932569
2024-06-20T00:00:00.000000Z,0.093304999172687531,0.095393002033233643,0.09306199848651886,0.093912996351718903,51643502
2024-06-21T00:00:00.000000Z,0.093915000557899475,0.094351001083850861,0.091224998235702515,0.092031002044677734,61032699
2024-06-22T00:00:00.000000Z,0.092028997838497162,0.092028997838497162,0.090714998543262482,0.090841002762317657,31231252
2024-06-23T00:00:00.000000Z,0.090836003422737122,0.091908998787403107,0.089417003095149994,0.089547000825405121,33893869
2024-06-24T00:00:00.000000Z,0.089551001787185669,0.0896340012550354,0.086216002702713013,0.089235998690128326,86719589
2024-06-25T00:00:00.000000Z,0.089245997369289398,0.092840000987052917,0.089245997369289398,0.09183800220489502,54552534
2024-06-26T00:00:00.000000Z,0.091834001243114471,0.092501997947692871,0.089809000492095947,0.090139001607894897,46677214
2024-06-27T00:00:00.000000Z,0.090136997401714325,0.091526001691818237,0.088716000318527222,0.091375000774860382,41893989
2024-06-28T00:00:00.000000Z,0.091381996870040894,0.092984996736049652,0.090773999691009521,0.090915001928806305,48914015
2024-06-29T00:00:00.000000Z,0.090912997722625732,0.091779999434947968,0.089948996901512146,0.090014003217220306,27531076
2024-06-30T00:00:00.000000Z,0.090020999312400818,0.091594003140926361,0.089460998773574829,0.091087996959686279,37944906
2024-07-01T00:00:00.000000Z,0.09109099954366684,0.092589996755123138,0.090559996664524078,0.091450996696949005,51342729
2024-07-02T00:00:00.000000Z,0.091450996696949005,0.094089001417160034,0.09144899994134903,0.093506000936031342,46767592
2024-07-03T00:00:00.000000Z,0.093503996729850769,0.093593001365661621,0.089455001056194305,0.09031900018453598,58093562
2024-07-04T00:00:00.000000Z,0.090311996638774872,0.090594999492168427,0.086450003087520599,0.087132997810840607,87663626
2024-07-05T00:00:00.000000Z,0.087087996304035187,0.087087996304035187,0.077279999852180481,0.085522003471851349,187119451
2024-07-06T00:00:00.000000Z,0.085505999624729156,0.090836003422737122,0.085206001996994019,0.090571999549865723,48738444
2024-07-07T00:00:00.000000Z,0.090571001172065735,0.090594001114368439,0.083604998886585236,0.083889998495578766,49157841
2024-07-08T00:00:00.000000Z,0.08388800173997879,0.087180003523826599,0.080889999866485596,0.085496000945568085,83653145
2024-07-09T00:00:00.000000Z,0.085482001304626465,0.088183999061584473,0.085253000259399414,0.087954998016357422,53565646
2024-07-10T00:00:00.000000Z,0.087966002523899078,0.08919999748468399,0.086768001317977905,0.087536998093128204,45129580
2024-07-11T00:00:00.000000Z,0.087540999054908752,0.090383000671863556,0.0870169997215271,0.088775001466274261,46739903
2024-07-12T00:00:00.000000Z,0.088767997920513153,0.092194996774196625,0.088307000696659088,0.09135899692773819,75330190
2024-07-13T00:00:00.000000Z,0.091369003057479858,0.10582999885082245,0.091369003057479858,0.10244400054216385,195156989
2024-07-14T00:00:00.000000Z,0.10241799801588058,0.10668499767780304,0.099684000015258789,0.10464899986982346,107843981
2024-07-15T00:00:00.000000Z,0.10466200113296509,0.10571099817752838,0.10273399949073792,0.10487899929285049,96930050
2024-07-16T00:00:00.000000Z,0.10485299676656723,0.10893499851226807,0.10133100301027298,0.10692799836397171,180892908
2024-07-17T00:00:00.000000Z,0.10693000257015228,0.11222799867391586,0.10620400309562683,0.10994099825620651,154457710
2024-07-18T00:00:00.000000Z,0.10996700078248978,0.11114799976348877,0.10147300362586975,0.1032010018825531,112040274
2024-07-19T00:00:00.000000Z,0.10319899767637253,0.10558400303125381,0.10118000209331512,0.10538099706172943,75421249
2024-07-20T00:00:00.000000Z,0.1053680032491684,0.10683500021696091,0.10416100174188614,0.10532599687576294,62925789
2024-07-21T00:00:00.000000Z,0.10532599687576294,0.1059499979019165,0.10202399641275406,0.10530900210142136,72589625
2024-07-22T00:00:00.000000Z,0.10530900210142136,0.10621300339698792,0.10240299999713898,0.10349299758672714,297178319
2024-07-23T00:00:00.000000Z,0.10349299758672714,0.10472100228071213,0.099784001708030701,0.10099499672651291,78180460
2024-07-24T00:00:00.000000Z,0.10099700093269348,0.10577499866485596,0.10029000043869019,0.10294999927282333,73214374
2024-07-25T00:00:00.000000Z,0.10294999927282333,0.10408499836921692,0.10006900131702423,0.1022069975733757,103301178
2024-07-26T00:00:00.000000Z,0.10220800340175629,0.10439600050449371,0.10161799937486649,0.1031619980931282,55405537
2024-07-27T00:00:00.000000Z,0.1031619980931282,0.10352099686861038,0.10056599974632263,0.10153300315141678,54700302
2024-07-28T00:00:00.000000Z,0.10153300315141678,0.10220500081777573,0.099714003503322601,0.10024300217628479,42591306
2024-07-29T00:00:00.000000Z,0.10024300217628479,0.10193800181150436,0.098932996392250061,0.099187001585960388,57159986
2024-07-30T00:00:00.000000Z,0.099187001585960388,0.10332900285720825,0.098737999796867371,0.10249000042676926,82273695
2024-07-31T00:00:00.000000Z,0.10249000042676926,0.10634300112724304,0.10057999938726425,0.10064200311899185,103348683
2024-08-01T00:00:00.000000Z,0.10064200311899185,0.10095900297164917,0.095780998468399048,0.099342003464698792,81459832
2024-08-02T00:00:00.000000Z,0.099342003464698792,0.099420003592967987,0.093574002385139465,0.095509998500347137,74776367
2024-08-03T00:00:00.000000Z,0.095509998500347137,0.095888003706932068,0.09176500141620636,0.093411996960639954,57242439
2024-08-04T00:00:00.000000Z,0.093411996960639954,0.093415997922420502,0.086719997227191925,0.088189996778964996,62605222
2024-08-05T00:00:00.000000Z,0.088188998401165009,0.089142002165317535,0.075917996466159821,0.088085003197193146,225147367
2024-08-06T00:00:00.000000Z,0.088082998991012573,0.093032002449035645,0.088004998862743378,0.09246399998664856,85566323
2024-08-07T00:00:00.000000Z,0.09246399998664856,0.10354200005531311,0.092013001441955566,0.10139500349760056,223152341
2024-08-08T00:00:00.000000Z,0.10139399766921997,0.10352600365877151,0.098592996597290039,0.10310100018978119,194980934
2024-08-09T00:00:00.000000Z,0.10310100018978119,0.10314100235700607,0.098674997687339783,0.099991001188755035,88934334
2024-08-10T00:00:00.000000Z,0.099990002810955048,0.10197900235652924,0.099742002785205841,0.10132499784231186,78529071
2024-08-11T00:00:00.000000Z,0.10132499784231186,0.10300199687480927,0.097254998981952667,0.097883999347686768,84957621
2024-08-12T00:00:00.000000Z,0.097883999347686768,0.10049799829721451,0.097309000790119171,0.098875001072883606,93315893
2024-08-13T00:00:00.000000Z,0.098875001072883606,0.099715001881122589,0.097759000957012177,0.099319003522396088,47375027
2024-08-14T00:00:00.000000Z,0.099320001900196075,0.099480003118515015,0.096588000655174255,0.096711002290248871,46656577
2024-08-15T00:00:00.000000Z,0.096709996461868286,0.098277002573013306,0.094780996441841125,0.095625996589660645,52019202
2024-08-16T00:00:00.000000Z,0.095625996589660645,0.096051998436450958,0.093295000493526459,0.094857998192310333,50397754
2024-08-17T00:00:00.000000Z,0.094858996570110321,0.096382997930049896,0.094581000506877899,0.095592997968196869,26859120
2024-08-18T00:00:00.000000Z,0.095592997968196869,0.096222996711730957,0.093517996370792389,0.093520000576972961,32695718
2024-08-19T00:00:00.000000Z,0.093519002199172974,0.096184000372886658,0.09316600114107132,0.096184000372886658,52677707
2024-08-20T00:00:00.000000Z,0.096184000372886658,0.099127002060413361,0.096175998449325562,0.097745999693870544,48549974
2024-08-21T00:00:00.000000Z,0.097745999693870544,0.099077999591827393,0.096385002136230469,0.098567001521587372,49155340
2024-08-22T00:00:00.000000Z,0.098567001521587372,0.099688000977039337,0.097428001463413239,0.099016003310680389,42402073
2024-08-23T00:00:00.000000Z,0.099016003310680389,0.10237400233745575,0.098953999578952789,0.10185600072145462,58890230
2024-08-24T00:00:00.000000Z,0.10185600072145462,0.10363800078630447,0.10092300176620483,0.10257700085639954,48823527
2024-08-25T00:00:00.000000Z,0.10257700085639954,0.10287600010633469,0.099830999970436096,0.10096000134944916,54930758
2024-08-26T00:00:00.000000Z,0.10096000134944916,0.10121600329875946,0.096688002347946167,0.09712199866771698,50765300
2024-08-27T00:00:00.000000Z,0.09712199866771698,0.097684003412723541,0.092629000544548035,0.093884997069835663,62617799
2024-08-28T00:00:00.000000Z,0.093884997069835663,0.094787001609802246,0.090894997119903564,0.092872001230716705,71943235
2024-08-29T00:00:00.000000Z,0.092871002852916718,0.094364002346992493,0.092082999646663666,0.093122996389865875,42764966
2024-08-30T00:00:00.000000Z,0.093122996389865875,0.094035997986793518,0.091250002384185791,0.093271002173423767,46772580
2024-08-31T00:00:00.000000Z,0.093271002173423767,0.093617998063564301,0.091994002461433411,0.092559002339839935,26081702
2024-09-01T00:00:00.000000Z,0.092559002339839935,0.092569001019001007,0.08951299637556076,0.09004800021648407,40375174
2024-09-02T00:00:00.000000Z,0.09004800021648407,0.092524997889995575,0.090017996728420258,0.092390000820159912,43104627
2024-09-03T00:00:00.000000Z,0.092390000820159912,0.094437003135681152,0.091471001505851746,0.091471001505851746,38625062
2024-09-04T00:00:00.000000Z,0.091468997299671173,0.092418000102043152,0.08896300196647644,0.091675996780395508,54496246
2024-09-05T00:00:00.000000Z,0.091675996780395508,0.092004001140594482,0.089775003492832184,0.090277001261711121,39170588
2024-09-06T00:00:00.000000Z,0.090277001261711121,0.0903950035572052,0.085808001458644867,0.088132001459598541,65567473
2024-09-07T00:00:00.000000Z,0.088132001459598541,0.08975200355052948,0.087623998522758484,0.08861900120973587,35731761
2024-09-08T00:00:00.000000Z,0.08861900120973587,0.090141996741294861,0.088544003665447235,0.089950002729892731,36022746
2024-09-09T00:00:00.000000Z,0.089951001107692719,0.093621999025344849,0.08994399756193161,0.093135997653007507,45864717
2024-09-10T00:00:00.000000Z,0.093135997653007507,0.094516001641750336,0.092546999454498291,0.094039998948574066,37289389
2024-09-11T00:00:00.000000Z,0.094039998948574066,0.09404599666595459,0.091502003371715546,0.092772997915744781,43228230
2024-09-12T00:00:00.000000Z,0.092772997915744781,0.095068000257015228,0.09240800142288208,0.094940997660160065,64885972
2024-09-13T00:00:00.000000Z,0.094940997660160065,0.096980996429920197,0.09413599967956543,0.096430003643035889,44556843
2024-09-14T00:00:00.000000Z,0.096430003643035889,0.097272999584674835,0.095895998179912567,0.097193002700805664,38982483
2024-09-15T00:00:00.000000Z,0.097193002700805664,0.097312003374099731,0.09482099860906601,0.095192000269889832,35281622
2024-09-16T00:00:00.000000Z,0.095192000269889832,0.095659002661705017,0.09384000301361084,0.094980999827384949,45574713
2024-09-17T00:00:00.000000Z,0.094980999827384949,0.096364997327327728,0.09409099817276001,0.094604000449180603,45014072
2024-09-18T00:00:00.000000Z,0.094603002071380615,0.095926001667976379,0.093011997640132904,0.095926001667976379,49119999
2024-09-19T00:00:00.000000Z,0.095926001667976379,0.096989996731281281,0.09476800262928009,0.09601999819278717,59599003
2024-09-20T00:00:00.000000Z,0.09601999819278717,0.09711100161075592,0.095297999680042267,0.096198000013828278,49961029
2024-09-21T00:00:00.000000Z,0.096198000013828278,0.099036000669002533,0.095830000936985016,0.098090000450611115,46692701
2024-09-22T00:00:00.000000Z,0.098090000450611115,0.098090000450611115,0.094884000718593597,0.096049003303050995,45293117
2024-09-23T00:00:00.000000Z,0.096049003303050995,0.096758000552654266,0.095280997455120087,0.09633299708366394,45845779
2024-09-24T00:00:00.000000Z,0.09633299708366394,0.09685099869966507,0.095121003687381744,0.096832998096942902,45425530
2024-09-25T00:00:00.000000Z,0.096832998096942902,0.0971359983086586,0.095732003450393677,0.095969997346401215,47611034
2024-09-26T00:00:00.000000Z,0.095968998968601227,0.099178999662399292,0.094752997159957886,0.097997002303600311,63439636
2024-09-27T00:00:00.000000Z,0.097997002303600311,0.099472001194953918,0.097658999264240265,0.099458999931812286,52736262
2024-09-28T00:00:00.000000Z,0.099458999931812286,0.10181199759244919,0.098534002900123596,0.09955800324678421,79471511
2024-09-29T00:00:00.000000Z,0.09955800324678421,0.10364600270986557,0.0984949991106987,0.10170499980449677,78088234
2024-09-30T00:00:00.000000Z,0.10170499980449677,0.10355100035667419,0.098405003547668457,0.098523996770381927,80349139
2024-10-01T00:00:00.000000Z,0.098523996770381927,0.10071299970149994,0.092906996607780457,0.093796998262405396,103046287
2024-10-02T00:00:00.000000Z,0.093796998262405396,0.09506399929523468,0.090195998549461365,0.090674996376037598,78634738
2024-10-03T00:00:00.000000Z,0.090674996376037598,0.091179996728897095,0.088326998054981232,0.090295001864433289,77983432
2024-10-04T00:00:00.000000Z,0.090295001864433289,0.091941997408866882,0.089853003621101379,0.091815002262592316,51278513
2024-10-05T00:00:00.000000Z,0.091815002262592316,0.092674002051353455,0.091155998408794403,0.09206099808216095,30817693
2024-10-06T00:00:00.000000Z,0.09206099808216095,0.093181997537612915,0.091603003442287445,0.092454999685287476,27309433
2024-10-07T00:00:00.000000Z,0.092454999685287476,0.093231998383998871,0.090907000005245209,0.091237001121044159,46153150
2024-10-08T00:00:00.000000Z,0.091237001121044159,0.092184998095035553,0.089670002460479736,0.089905999600887299,42283213
2024-10-09T00:00:00.000000Z,0.089905999600887299,0.09069100022315979,0.088866002857685089,0.089787997305393219,39385178
2024-10-10T00:00:00.000000Z,0.089787997305393219,0.090145997703075409,0.088353000581264496,0.09001699835062027,52492836
2024-10-11T00:00:00.000000Z,0.09001699835062027,0.092125996947288513,0.089962996542453766,0.091623999178409576,37718703
2024-10-12T00:00:00.000000Z,0.091623999178409576,0.092501997947692871,0.091623999178409576,0.0918240025639534,32857637
2024-10-13T00:00:00.000000Z,0.0918240025639534,0.091854996979236603,0.0896650031208992,0.090328000485897064,31560040
2024-10-14T00:00:00.000000Z,0.090328000485897064,0.093560002744197845,0.089855000376701355,0.093267001211643219,49584556
2024-10-15T00:00:00.000000Z,0.093267001211643219,0.093966998159885406,0.091261997818946838,0.092914998531341553,72090355
2024-10-16T00:00:00.000000Z,0.092914998531341553,0.096110999584197998,0.092343002557754517,0.095461003482341766,58484674
2024-10-17T00:00:00.000000Z,0.09546399861574173,0.096579000353813171,0.094123996794223785,0.095007002353668213,54952879
2024-10-18T00:00:00.000000Z,0.095007002353668213,0.096867002546787262,0.094480000436306,0.096649996936321259,40083481
2024-10-19T00:00:00.000000Z,0.096648998558521271,0.097456000745296478,0.095914997160434723,0.097070001065731049,33732838
2024-10-20T00:00:00.000000Z,0.097070001065731049,0.097226999700069427,0.096229001879692078,0.09719499945640564,33411425
2024-10-21T00:00:00.000000Z,0.097195997834205627,0.097437001764774323,0.094812996685504913,0.095450997352600098,48041821
2024-10-22T00:00:00.000000Z,0.09544999897480011,0.096630997955799103,0.094888001680374146,0.095132999122142792,55742485
2024-10-23T00:00:00.000000Z,0.095132999122142792,0.095628999173641205,0.092793002724647522,0.094360999763011932,50820112
2024-10-24T00:00:00.000000Z,0.094466999173164368,0.096720002591609955,0.094305001199245453,0.096652001142501831,47493034
2024-10-25T00:00:00.000000Z,0.096652001142501831,0.097175002098083496,0.091812998056411743,0.093353003263473511,73628208
2024-10-26T00:00:00.000000Z,0.093353003263473511,0.094801999628543854,0.092881999909877777,0.094146996736526489,45815135
2024-10-27T00:00:00.000000Z,0.094146996736526489,0.094737999141216278,0.093425996601581573,0.094180002808570862,32736829
2024-10-28T00:00:00.000000Z,0.094180002808570862,0.094521999359130859,0.092881001532077789,0.094241000711917877,44992634
2024-10-29T00:00:00.000000Z,0.094235002994537354,0.096823997795581818,0.09421200305223465,0.096634998917579651,49796520
2024-10-30T00:00:00.000000Z,0.096634998917579651,0.096717000007629395,0.094589002430438995,0.094875998795032501,47314949
2024-10-31T00:00:00.000000Z,0.094875998795032501,0.094894997775554657,0.091865003108978271,0.092449001967906952,52752724
2024-11-01T00:00:00.000000Z,0.092449001967906952,0.093608997762203217,0.090879000723361969,0.093088001012802124,51536298
2024-11-02T00:00:00.000000Z,0.093088001012802124,0.093558996915817261,0.091729998588562012,0.092637002468109131,29565440
2024-11-03T00:00:00.000000Z,0.092637002468109131,0.092702001333236694,0.089523002505302429,0.090664997696876526,47280490
2024-11-04T00:00:00.000000Z,0.090664997696876526,0.092100001871585846,0.090204000473022461,0.091110996901988983,44436107
2024-11-05T00:00:00.000000Z,0.091110996901988983,0.093892000615596771,0.090796999633312225,0.093469999730587006,43255269
2024-11-06T00:00:00.000000Z,0.093469999730587006,0.097644001245498657,0.093466997146606445,0.097120001912117004,111558691
2024-11-07T00:00:00.000000Z,0.097120001912117004,0.10220900177955627,0.096671000123023987,0.1020520031452179,113474662
2024-11-08T00:00:00.000000Z,0.1020520031452179,0.10320699959993362,0.10013999789953232,0.10129500180482864,100881654
2024-11-09T00:00:00.000000Z,0.10129500180482864,0.10229700058698654,0.099722996354103088,0.10218500345945358,75927711
2024-11-10T00:00:00.000000Z,0.10218500345945358,0.11275099962949753,0.10178200155496597,0.10847199708223343,270858510
2024-11-11T00:00:00.000000Z,0.10847199708223343,0.11478500068187714,0.10769099742174149,0.1144540011882782,260040997
2024-11-12T00:00:00.000000Z,0.1144540011882782,0.14104600250720978,0.11160299926996231,0.13495400547981262,752300194
2024-11-13T00:00:00.000000Z,0.13495400547981262,0.1377909928560257,0.12108100205659866,0.12432499974966049,418191620
2024-11-14T00:00:00.000000Z,0.12432099878787994,0.14023900032043457,0.12200400233268738,0.13086000084877014,425704967
2024-11-15T00:00:00.000000Z,0.13086900115013123,0.14628799259662628,0.12857699394226074,0.14625699818134308,582518288
2024-11-16T00:00:00.000000Z,0.14625699818134308,0.23868699371814728,0.14086699485778809,0.218640998005867,2504313507
2024-11-17T00:00:00.000000Z,0.21862199902534485,0.22329699993133545,0.1897599995136261,0.19641600549221039,1403572059
2024-11-18T00:00:00.000000Z,0.19640299677848816,0.25413799285888672,0.19640100002288818,0.2326509952545166,2449869158
2024-11-19T00:00:00.000000Z,0.2326509952545166,0.24293799698352814,0.22292500734329224,0.23200899362564087,1066314048
2024-11-20T00:00:00.000000Z,0.23200899362564087,0.26733499765396118,0.22790700197219849,0.24751900136470795,1609136032
2024-11-21T00:00:00.000000Z,0.24751900136470795,0.26325398683547974,0.23012800514698029,0.26325398683547974,1395609232
2024-11-22T00:00:00.000000Z,0.26321101188659668,0.35087999701499939,0.26280400156974792,0.34106600284576416,3669384984
2024-11-23T00:00:00.000000Z,0.34106600284576416,0.54487097263336182,0.34031099081039429,0.51539099216461182,9867682534
2024-11-24T00:00:00.000000Z,0.51539099216461182,0.63424801826477051,0.44137400388717651,0.53742098808288574,11123965941
2024-11-25T00:00:00.000000Z,0.53742098808288574,0.55374699831008911,0.47882899641990662,0.4831329882144928,4416468306
2024-11-26T00:00:00.000000Z,0.48311999440193176,0.51215201616287231,0.41867101192474365,0.43976399302482605,3441096149
2024-11-27T00:00:00.000000Z,0.43976399302482605,0.52936601638793945,0.42044699192047119,0.48250499367713928,4427402354
2024-11-28T00:00:00.000000Z,0.48250499367713928,0.50298601388931274,0.46478399634361267,0.4973829984664917,1937783670
2024-11-29T00:00:00.000000Z,0.4973829984664917,0.55573701858520508,0.48830899596214294,0.54713600873947144,3580399875
2024-11-30T00:00:00.000000Z,0.54713600873947144,0.55834901332855225,0.52189397811889648,0.52413398027420044,2745570352
2024-12-01T00:00:00.000000Z,0.52413201332092285,0.57360899448394775,0.49452701210975647,0.56938797235488892,2809650253
2024-12-02T00:00:00.000000Z,0.56938797235488892,0.60119497776031494,0.50018900632858276,0.53664398193359375,5166656956
2024-12-03T00:00:00.000000Z,0.53679102659225464,0.59430599212646484,0.49437698721885681,0.50933200120925903,3961711349
2024-12-04T00:00:00.000000Z,0.50933200120925903,0.5219230055809021,0.47910600900650024,0.4902769923210144,1647285873
2024-12-05T00:00:00.000000Z,0.4902769923210144,0.50102198123931885,0.46575701236724854,0.4738290011882782,1491192255
2024-12-06T00:00:00.000000Z,0.47083801031112671,0.49891701340675354,0.45857501029968262,0.49599599838256836,1008468347
2024-12-07T00:00:00.000000Z,0.49599599838256836,0.50953501462936401,0.48102399706840515,0.50526398420333862,842939538
2024-12-08T00:00:00.000000Z,0.50526398420333862,0.50526797771453857,0.47624599933624268,0.49435201287269592,623058554
2024-12-09T00:00:00.000000Z,0.49432700872421265,0.49432700872421265,0.37277999520301819,0.41211700439453125,1269173910
2024-12-10T00:00:00.000000Z,0.4121130108833313,0.43842598795890808,0.36395499110221863,0.43658599257469177,1527052936
2024-12-11T00:00:00.000000Z,0.43658599257469177,0.44599899649620056,0.4039359986782074,0.43607801198959351,1073044314
2024-12-12T00:00:00.000000Z,0.43600800633430481,0.44988900423049927,0.41944399476051331,0.42534199357032776,848192870
2024-12-13T00:00:00.000000Z,0.42534199357032776,0.45237699151039124,0.41286998987197876,0.43764999508857727,713812175
2024-12-14T00:00:00.000000Z,0.43764999508857727,0.45010799169540405,0.41140499711036682,0.42443698644638062,560104441
2024-12-15T00:00:00.000000Z,0.42443698644638062,0.43476098775863647,0.41667601466178894,0.43012800812721252,447174715
2024-12-16T00:00:00.000000Z,0.43015700578689575,0.44245800375938416,0.40753200650215149,0.41920900344848633,684246738
2024-12-17T00:00:00.000000Z,0.41921898722648621,0.4701240062713623,0.41102901101112366,0.42884901165962219,1446745044
2024-12-18T00:00:00.000000Z,0.42884999513626099,0.44579300284385681,0.39269798994064331,0.3958359956741333,1430219927
2024-12-19T00:00:00.000000Z,0.3958359956741333,0.41376599669456482,0.35488098859786987,0.37059900164604187,1118656151
2024-12-20T00:00:00.000000Z,0.37059399485588074,0.38293901085853577,0.31301099061965942,0.37443199753761292,1341963318
2024-12-21T00:00:00.000000Z,0.37443199753761292,0.38944399356842041,0.35174700617790222,0.35630899667739868,585382664
2024-12-22T00:00:00.000000Z,0.35631099343299866,0.37112000584602356,0.34417799115180969,0.35593900084495544,429234017
2024-12-23T00:00:00.000000Z,0.35593900084495544,0.373649001121521,0.3479439914226532,0.36992499232292175,467022633
2024-12-24T00:00:00.000000Z,0.36992499232292175,0.41257700324058533,0.36053100228309631,0.40197399258613586,597682034
2024-12-25T00:00:00.000000Z,0.40197399258613586,0.40245500206947327,0.37891900539398193,0.38282400369644165,353069740
2024-12-26T00:00:00.000000Z,0.38282400369644165,0.38592299818992615,0.35102799534797668,0.35425800085067749,329942217
2024-12-27T00:00:00.000000Z,0.35425698757171631,0.36745598912239075,0.3447130024433136,0.349263995885849,305847519
2024-12-28T00:00:00.000000Z,0.34926500916481018,0.35798698663711548,0.34474098682403564,0.35566601157188416,195555327
2024-12-29T00:00:00.000000Z,0.35566699504852295,0.35569098591804504,0.3350909948348999,0.33789798617362976,175702921
2024-12-30T00:00:00.000000Z,0.33789798617362976,0.34694099426269531,0.32101601362228394,0.33173498511314392,336984914
2024-12-31T00:00:00.000000Z,0.33173498511314392,0.34449601173400879,0.32387199997901917,0.3316589891910553,325128946
2025-01-01T00:00:00.000000Z,0.3316589891910553,0.43530699610710144,0.3316589891910553,0.42377600073814392,1812934891
2025-01-02T00:00:00.000000Z,0.4237770140171051,0.45755499601364136,0.41444900631904602,0.43290600180625916,1742890194
2025-01-03T00:00:00.000000Z,0.43290600180625916,0.4589729905128479,0.43103900551795959,0.44843399524688721,1270182532
2025-01-04T00:00:00.000000Z,0.44843098521232605,0.48424398899078369,0.44548600912094116,0.45072200894355774,1156225297
2025-01-05T00:00:00.000000Z,0.45072200894355774,0.45401999354362488,0.43315801024436951,0.44069001078605652,554743055
2025-01-06T00:00:00.000000Z,0.44069001078605652,0.46273499727249146,0.43337699770927429,0.4458250105381012,657697613
2025-01-07T00:00:00.000000Z,0.44582599401473999,0.46748200058937073,0.41587400436401367,0.41804701089859009,1038903089
2025-01-08T00:00:00.000000Z,0.41804701089859009,0.43815800547599792,0.39204999804496765,0.42576900124549866,1115698912
2025-01-09T00:00:00.000000Z,0.42576900124549866,0.4278469979763031,0.38786399364471436,0.3914870023727417,642813493
2025-01-10T00:00:00.000000Z,0.39148899912834167,0.42431798577308655,0.38837999105453491,0.41476601362228394,651336244
2025-01-11T00:00:00.000000Z,0.41476601362228394,0.4579319953918457,0.40389201045036316,0.44589298963546753,739624026
2025-01-12T00:00:00.000000Z,0.44589298963546753,0.44589400291442871,0.41977900266647339,0.42258098721504211,450324276
2025-01-13T00:00:00.000000Z,0.42258098721504211,0.43758600950241089,0.39498001337051392,0.41958001255989075,791022314
2025-01-14T00:00:00.000000Z,0.41957199573516846,0.43575701117515564,0.4158329963684082,0.43010100722312927,545833592
2025-01-15T00:00:00.000000Z,0.43010100722312927,0.49293699860572815,0.42712700366973877,0.48931699991226196,2154147036
2025-01-16T00:00:00.000000Z,0.48932400345802307,0.51374101638793945,0.46521300077438354,0.4823090136051178,1967692227
2025-01-17T00:00:00.000000Z,0.48230499029159546,0.4984239935874939,0.47556298971176147,0.4884369969367981,1014111040
2025-01-18T00:00:00.000000Z,0.4884369969367981,0.49108800292015076,0.45269501209259033,0.49095100164413452,928394243
2025-01-19T00:00:00.000000Z,0.49095401167869568,0.4934450089931488,0.42330598831176758,0.43288999795913696,1178973781
2025-01-20T00:00:00.000000Z,0.43273800611495972,0.47681701183319092,0.42445901036262512,0.44650501012802124,1389850389
2025-01-21T00:00:00.000000Z,0.44650000333786011,0.45387899875640869,0.42862999439239502,0.44165500998497009,587061217
2025-01-22T00:00:00.000000Z,0.44165500998497009,0.44487699866294861,0.42685699462890625,0.42802900075912476,455978898
2025-01-23T00:00:00.000000Z,0.4280250072479248,0.43643400073051453,0.41265898942947388,0.43184000253677368,472588384
2025-01-24T00:00:00.000000Z,0.43183401226997375,0.44766199588775635,0.4204849898815155,0.43092301487922668,416442185
2025-01-25T00:00:00.000000Z,0.43092399835586548,0.43656700849533081,0.41635599732398987,0.41704800724983215,299909973
2025-01-26T00:00:00.000000Z,0.41705399751663208,0.42609399557113647,0.40676099061965942,0.40677899122238159,274650764
2025-01-27T00:00:00.000000Z,0.4067780077457428,0.40900400280952454,0.36676999926567078,0.40707701444625854,711184897
2025-01-28T00:00:00.000000Z,0.40707701444625854,0.42022201418876648,0.39056500792503357,0.39368200302124023,385573356
2025-01-29T00:00:00.000000Z,0.3936769962310791,0.40503799915313721,0.38296601176261902,0.39273199439048767,330777425
2025-01-30T00:00:00.000000Z,0.39274299144744873,0.44334098696708679,0.38982400298118591,0.43001699447631836,577243744
2025-01-31T00:00:00.000000Z,0.43001300096511841,0.43001401424407959,0.4077180027961731,0.41408601403236389,333601270
2025-02-01T00:00:00.000000Z,0.41408398747444153,0.41995000839233398,0.38949999213218689,0.39330899715423584,268987849
2025-02-02T00:00:00.000000Z,0.39330899715423584,0.40086901187896729,0.33899098634719849,0.35395699739456177,650185465
2025-02-03T00:00:00.000000Z,0.35395199060440063,0.37233200669288635,0.27712398767471313,0.3704339861869812,1721235850
2025-02-04T00:00:00.000000Z,0.3704339861869812,0.37450200319290161,0.33400699496269226,0.34160301089286804,539781017
2025-02-05T00:00:00.000000Z,0.34160301089286804,0.34859299659729004,0.32353800535202026,0.32731300592422485,287981790
2025-02-06T00:00:00.000000Z,0.32730299234390259,0.34056299924850464,0.31459701061248779,0.31847301125526428,316043946
2025-02-07T00:00:00.000000Z,0.31847301125526428,0.34384900331497192,0.31723999977111816,0.32695299386978149,383334258
2025-02-08T00:00:00.000000Z,0.32696598768234253,0.3342680037021637,0.32125198841094971,0.33198800683021545,199082689
2025-02-09T00:00:00.000000Z,0.33198800683021545,0.33807000517845154,0.30381700396537781,0.31458398699760437,285771798
2025-02-10T00:00:00.000000Z,0.31458398699760437,0.32199299335479736,0.30376800894737244,0.31290501356124878,313937333
2025-02-11T00:00:00.000000Z,0.3129349946975708,0.33855399489402771,0.31273800134658813,0.31841400265693665,422347676
2025-02-12T00:00:00.000000Z,0.31841498613357544,0.33617401123046875,0.30990898609161377,0.3329710066318512,339839205
2025-02-13T00:00:00.000000Z,0.3329710066318512,0.34207499027252197,0.32338601350784302,0.33761900663375854,279921101
2025-02-14T00:00:00.000000Z,0.33759599924087524,0.36114999651908875,0.33404898643493652,0.35094299912452698,419637884
2025-02-15T00:00:00.000000Z,0.35093799233436584,0.36554500460624695,0.34604600071907043,0.34902000427246094,266924488
2025-02-16T00:00:00.000000Z,0.34901800751686096,0.35179099440574646,0.34084698557853699,0.34260699152946472,166849495
2025-02-17T00:00:00.000000Z,0.34260600805282593,0.34847301244735718,0.33183500170707703,0.33372199535369873,221323545
2025-02-18T00:00:00.000000Z,0.33372199535369873,0.33489799499511719,0.31662800908088684,0.32318499684333801,216196316
2025-02-19T00:00:00.000000Z,0.32318499684333801,0.34234100580215454,0.32168099284172058,0.34227299690246582,237673170
2025-02-20T00:00:00.000000Z,0.34227299690246582,0.34930500388145447,0.33635100722312927,0.34472700953483582,225055449
2025-02-21T00:00:00.000000Z,0.34472700953483582,0.34626099467277527,0.32119598984718323,0.32577499747276306,268275214
2025-02-22T00:00:00.000000Z,0.32577499747276306,0.3396579921245575,0.32455998659133911,0.33459201455116272,170185108
2025-02-23T00:00:00.000000Z,0.33459201455116272,0.33580800890922546,0.32680600881576538,0.33350598812103271,146842265
2025-02-24T00:00:00.000000Z,0.33350399136543274,0.33453398942947388,0.29702600836753845,0.29797199368476868,319644633
2025-02-25T00:00:00.000000Z,0.29796698689460754,0.30294299125671387,0.2714419960975647,0.29527300596237183,503809010
2025-02-26T00:00:00.000000Z,0.29526200890541077,0.29869198799133301,0.27858099341392517,0.28548800945281982,241323578
2025-02-27T00:00:00.000000Z,0.28548499941825867,0.29313701391220093,0.27731001377105713,0.28312098979949951,205057496
2025-02-28T00:00:00.000000Z,0.28312000632286072,0.28771600127220154,0.2528730034828186,0.28635799884796143,304286663
2025-03-01T00:00:00.000000Z,0.28635901212692261,0.31823700666427612,0.28361698985099792,0.31185299158096313,315740078
2025-03-02T00:00:00.000000Z,0.31184399127960205,0.37161499261856079,0.31074699759483337,0.35044199228286743,890674339
2025-03-03T00:00:00.000000Z,0.35044199228286743,0.3601900041103363,0.29015898704528809,0.29212298989295959,573975883
2025-03-04T00:00:00.000000Z,0.29212298989295959,0.30018401145935059,0.27465099096298218,0.29502600431442261,395106866
2025-03-05T00:00:00.000000Z,0.29502499103546143,0.30864799022674561,0.29062798619270325,0.29976999759674072,286300213
2025-03-06T00:00:00.000000Z,0.29977300763130188,0.30877599120140076,0.29586499929428101,0.29644399881362915,283721159
2025-03-07T00:00:00.000000Z,0.29644399881362915,0.30280399322509766,0.28138101100921631,0.28327998518943787,388410830
2025-03-08T00:00:00.000000Z,0.28327900171279907,0.28469499945640564,0.27271699905395508,0.27575001120567322,180869870
2025-03-09T00:00:00.000000Z,0.27575099468231201,0.27898800373077393,0.26183199882507324,0.26276698708534241,275066148
2025-03-10T00:00:00.000000Z,0.26276698708534241,0.27408900856971741,0.24119700491428375,0.24230200052261353,369719206
2025-03-11T00:00:00.000000Z,0.24230000376701355,0.26058399677276611,0.22946499288082123,0.25502499938011169,337787563
2025-03-12T00:00:00.000000Z,0.25502499938011169,0.26257500052452087,0.24766699969768524,0.25958898663520813,263283291
2025-03-13T00:00:00.000000Z,0.25958898663520813,0.29356399178504944,0.2588370144367218,0.27325999736785889,481579480
2025-03-14T00:00:00.000000Z,0.27327200770378113,0.2830510139465332,0.27165600657463074,0.27636700868606567,293081521
2025-03-15T00:00:00.000000Z,0.27636399865150452,0.28384301066398621,0.27198898792266846,0.27478000521659851,206207704
2025-03-16T00:00:00.000000Z,0.27478000521659851,0.27592200040817261,0.26150301098823547,0.26325801014900208,155971751
2025-03-17T00:00:00.000000Z,0.26325699687004089,0.27700400352478027,0.26277598738670349,0.27315300703048706,208897868
2025-03-18T00:00:00.000000Z,0.27315399050712585,0.27336400747299194,0.26292100548744202,0.27318298816680908,172113818
2025-03-19T00:00:00.000000Z,0.27320298552513123,0.29708299040794373,0.27304598689079285,0.29071000218391418,414605173
2025-03-20T00:00:00.000000Z,0.29070499539375305,0.29206100106239319,0.27808499336242676,0.28114300966262817,215417439
2025-03-21T00:00:00.000000Z,0.28114300966262817,0.28729599714279175,0.2745710015296936,0.27673700451850891,190002738
2025-03-22T00:00:00.000000Z,0.27673900127410889,0.27967599034309387,0.27364298701286316,0.27404600381851196,114803656
2025-03-23T00:00:00.000000Z,0.27404600381851196,0.28355801105499268,0.27333900332450867,0.28291800618171692,162782532
2025-03-24T00:00:00.000000Z,0.28292199969291687,0.29472100734710693,0.27882799506187439,0.29025998711585999,188963565
2025-03-25T00:00:00.000000Z,0.29026800394058228,0.29549899697303772,0.2865070104598999,0.29387301206588745,169257874
2025-03-26T00:00:00.000000Z,0.29387301206588745,0.30160599946975708,0.28377500176429749,0.28578799962997437,201634077
2025-03-27T00:00:00.000000Z,0.28578498959541321,0.29455798864364624,0.28228899836540222,0.28614598512649536,186603630
2025-03-28T00:00:00.000000Z,0.28614598512649536,0.28873300552368164,0.26998099684715271,0.27438899874687195,188614887
2025-03-29T00:00:00.000000Z,0.27439099550247192,0.27674698829650879,0.2624480128288269,0.26755398511886597,136518017
2025-03-30T00:00:00.000000Z,0.26754999160766602,0.27215999364852905,0.26373600959777832,0.26673701405525208,104168640
2025-03-31T00:00:00.000000Z,0.26672899723052979,0.26932299137115479,0.25895598530769348,0.26398798823356628,165219398
2025-04-01T00:00:00.000000Z,0.26398798823356628,0.27903500199317932,0.26202499866485596,0.27224299311637878,153748525
2025-04-02T00:00:00.000000Z,0.27223899960517883,0.27688398957252502,0.254830002784729,0.25863400101661682,244583767
2025-04-03T00:00:00.000000Z,0.25862300395965576,0.26666998863220215,0.25016599893569946,0.26083201169967651,180367503
2025-04-04T00:00:00.000000Z,0.26083201169967651,0.2646619975566864,0.25341099500656128,0.25947898626327515,175689784
2025-04-05T00:00:00.000000Z,0.25947698950767517,0.26114699244499207,0.24877800047397614,0.25232699513435364,136436594
2025-04-06T00:00:00.000000Z,0.25232699513435364,0.25404000282287598,0.22408600151538849,0.22612200677394867,225643122
2025-04-07T00:00:00.000000Z,0.22612300515174866,0.24243000149726868,0.20176100730895996,0.23217199742794037,439750543
2025-04-08T00:00:00.000000Z,0.23217399418354034,0.240338996052742,0.22002899646759033,0.22100700438022614,218141690
2025-04-09T00:00:00.000000Z,0.22100700438022614,0.24545399844646454,0.21387900412082672,0.24217000603675842,319550578
2025-04-10T00:00:00.000000Z,0.24216799437999725,0.24216799437999725,0.22518500685691833,0.23021799325942993,181875614
2025-04-11T00:00:00.000000Z,0.23021799325942993,0.23766900599002838,0.22954599559307098,0.23398299515247345,164562277
2025-04-12T00:00:00.000000Z,0.23398299515247345,0.248322993516922,0.23286899924278259,0.24622300267219543,136714782
2025-04-13T00:00:00.000000Z,0.24622300267219543,0.25141501426696777,0.2351360023021698,0.238319993019104,172377398
2025-04-14T00:00:00.000000Z,0.23831899464130402,0.24720600247383118,0.23738299310207367,0.23988500237464905,164773902
2025-04-15T00:00:00.000000Z,0.23988500237464905,0.24466599524021149,0.23552499711513519,0.23570999503135681,144776374
2025-04-16T00:00:00.000000Z,0.23570999503135681,0.23938100039958954,0.23097500205039978,0.23556399345397949,152490391
2025-04-17T00:00:00.000000Z,0.23556500673294067,0.2420790046453476,0.23465199768543243,0.23923400044441223,111546722
2025-04-18T00:00:00.000000Z,0.23923400044441223,0.24446800351142883,0.23833200335502625,0.2400050014257431,89153995
2025-04-19T00:00:00.000000Z,0.2400050014257431,0.24918399751186371,0.23979300260543823,0.2463189959526062,80338124
2025-04-20T00:00:00.000000Z,0.24631999433040619,0.24723599851131439,0.23956699669361115,0.24357700347900391,86604353
2025-04-21T00:00:00.000000Z,0.24357700347900391,0.2616330087184906,0.2435699999332428,0.25016298890113831,211914144
2025-04-22T00:00:00.000000Z,0.25016000866889954,0.26742398738861084,0.24417200684547424,0.265531986951828,263457968
2025-04-23T00:00:00.000000Z,0.26553100347518921,0.2746259868144989,0.26380100846290588,0.2664090096950531,280108120
2025-04-24T00:00:00.000000Z,0.2664090096950531,0.28203999996185303,0.25910800695419312,0.28066900372505188,249529747
2025-04-25T00:00:00.000000Z,0.2806670069694519,0.29122400283813477,0.27467998862266541,0.28372800350189209,238067891
2025-04-26T00:00:00.000000Z,0.28373301029205322,0.29701200127601624,0.28373101353645325,0.29094898700714111,186246448
2025-04-27T00:00:00.000000Z,0.29094898700714111,0.29408600926399231,0.28107398748397827,0.284496009349823,207368106
2025-04-28T00:00:00.000000Z,0.28448000550270081,0.2939859926700592,0.27927500009536743,0.28272300958633423,233089391
2025-04-29T00:00:00.000000Z,0.28272300958633423,0.28464800119400024,0.27559599280357361,0.27812999486923218,156378415
2025-04-30T00:00:00.000000Z,0.27812999486923218,0.28185498714447021,0.2680169939994812,0.27123001217842102,167872150
2025-05-01T00:00:00.000000Z,0.27122798562049866,0.28035101294517517,0.27044001221656799,0.27366000413894653,165264729
2025-05-02T00:00:00.000000Z,0.27367299795150757,0.27929100394248962,0.2710919976234436,0.27488899230957031,168015183
2025-05-03T00:00:00.000000Z,0.27488899230957031,0.27545100450515747,0.26834100484848022,0.26943498849868774,113843572
2025-05-04T00:00:00.000000Z,0.26943400502204895,0.27333599328994751,0.26526999473571777,0.26564300060272217,126272431
2025-05-05T00:00:00.000000Z,0.26564198732376099,0.26965099573135376,0.25715699791908264,0.25866100192070007,174556041
2025-05-06T00:00:00.000000Z,0.25866100192070007,0.26292300224304199,0.25250399112701416,0.2625730037689209,156591439
2025-05-07T00:00:00.000000Z,0.26257500052452087,0.26362898945808411,0.25698599219322205,0.26021298766136169,125576314
2025-05-08T00:00:00.000000Z,0.26021400094032288,0.29073798656463623,0.25924000144004822,0.29034799337387085,292092359
2025-05-09T00:00:00.000000Z,0.29034599661827087,0.30636900663375854,0.28960400819778442,0.29539799690246582,399911561
2025-05-10T00:00:00.000000Z,0.29539799690246582,0.32069700956344604,0.29408800601959229,0.32062399387359619,302382610
2025-05-11T00:00:00.000000Z,0.32062599062919617,0.32409998774528503,0.30195298790931702,0.30608901381492615,282261968
2025-05-12T00:00:00.000000Z,0.306100994348526,0.33386701345443726,0.306100994348526,0.31275999546051025,629015951
2025-05-13T00:00:00.000000Z,0.31276100873947144,0.31785199046134949,0.29783499240875244,0.31472301483154297,328168719
2025-05-14T00:00:00.000000Z,0.3147130012512207,0.31714001297950745,0.30160099267959595,0.30399000644683838,291870191
2025-05-15T00:00:00.000000Z,0.30399599671363831,0.30762499570846558,0.28728100657463074,0.29249200224876404,284493744
2025-05-16T00:00:00.000000Z,0.29249098896980286,0.30061599612236023,0.28951799869537354,0.29335701465606689,209115982
2025-05-17T00:00:00.000000Z,0.29335498809814453,0.29365900158882141,0.28193399310112,0.28638601303100586,175574429
2025-05-18T00:00:00.000000Z,0.28638601303100586,0.29745200276374817,0.28282099962234497,0.2927820086479187,195898122
2025-05-19T00:00:00.000000Z,0.29276299476623535,0.29322001338005066,0.277631014585495,0.28670400381088257,221170613
2025-05-20T00:00:00.000000Z,0.28670400381088257,0.28952699899673462,0.28060498833656311,0.28755301237106323,196269587
2025-05-21T00:00:00.000000Z,0.287555992603302,0.29773798584938049,0.28484800457954407,0.29344099760055542,239223247
2025-05-22T00:00:00.000000Z,0.29344099760055542,0.30423000454902649,0.29337599873542786,0.30401301383972168,256757435
2025-05-23T00:00:00.000000Z,0.30401301383972168,0.31169998645782471,0.28462100028991699,0.2850089967250824,347828799
2025-05-24T00:00:00.000000Z,0.28504899144172668,0.29146298766136169,0.28461199998855591,0.28615099191665649,145483885
2025-05-25T00:00:00.000000Z,0.28614199161529541,0.28776499629020691,0.27807098627090454,0.28772100806236267,158929045
2025-05-26T00:00:00.000000Z,0.28772100806236267,0.29037100076675415,0.28349700570106506,0.28577500581741333,143097182
2025-05-27T00:00:00.000000Z,0.28577500581741333,0.29263898730278015,0.28162199258804321,0.28727099299430847,171634550
2025-05-28T00:00:00.000000Z,0.28726699948310852,0.28975901007652283,0.27928900718688965,0.2851560115814209,180857374
2025-05-29T00:00:00.000000Z,0.28515899181365967,0.28819400072097778,0.27851700782775879,0.27883699536323547,199300769
2025-05-30T00:00:00.000000Z,0.27883699536323547,0.27985900640487671,0.26473298668861389,0.26509100198745728,280840352
2025-05-31T00:00:00.000000Z,0.26509198546409607,0.2677370011806488,0.25944900512695312,0.26424300670623779,170600710
2025-06-01T00:00:00.000000Z,0.26424300670623779,0.26775801181793213,0.26264300942420959,0.26732200384140015,114308568
2025-06-02T00:00:00.000000Z,0.26731899380683899,0.2719539999961853,0.26396399736404419,0.27194100618362427,148937608
2025-06-03T00:00:00.000000Z,0.27193701267242432,0.27611801028251648,0.2701059877872467,0.27294600009918213,185316124
2025-06-04T00:00:00.000000Z,0.27294600009918213,0.27560698986053467,0.26564100384712219,0.26681700348854065,153395847
2025-06-05T00:00:00.000000Z,0.26681700348854065,0.26881000399589539,0.25293698906898499,0.25745901465415955,240829808
2025-06-06T00:00:00.000000Z,0.25745800137519836,0.26634699106216431,0.25683000683784485,0.26308101415634155,140791070
2025-06-07T00:00:00.000000Z,0.26308000087738037,0.26770499348640442,0.26229000091552734,0.26490598917007446,84425565
2025-06-08T00:00:00.000000Z,0.26490598917007446,0.27426600456237793,0.2635439932346344,0.26765099167823792,168185883
2025-06-09T00:00:00.000000Z,0.26765000820159912,0.27501699328422546,0.26423600316047668,0.27501600980758667,193173452
2025-06-10T00:00:00.000000Z,0.27501600980758667,0.28112199902534485,0.27231898903846741,0.28024101257324219,253144427
2025-06-11T00:00:00.000000Z,0.28023999929428101,0.28453901410102844,0.27621001005172729,0.27702200412750244,281548967
2025-06-12T00:00:00.000000Z,0.27702200412750244,0.27816399931907654,0.26756098866462708,0.26776999235153198,200766030
2025-06-13T00:00:00.000000Z,0.26776999235153198,0.26776999235153198,0.25382998585700989,0.2609190046787262,359678286
2025-06-14T00:00:00.000000Z,0.26091799139976501,0.26102200150489807,0.25336700677871704,0.2565079927444458,106801918
2025-06-15T00:00:00.000000Z,0.2565079927444458,0.25976601243019104,0.25491300225257874,0.25891000032424927,96026148
2025-06-16T00:00:00.000000Z,0.25891000032424927,0.26982998847961426,0.25672900676727295,0.26172098517417908,212632050
2025-06-17T00:00:00.000000Z,0.2617110013961792,0.26364299654960632,0.25071200728416443,0.2524150013923645,204433582
2025-06-18T00:00:00.000000Z,0.25241398811340332,0.25402700901031494,0.24606800079345703,0.25205698609352112,171338788
2025-06-19T00:00:00.000000Z,0.25205698609352112,0.25292301177978516,0.24758900701999664,0.24966399371623993,108090025
2025-06-20T00:00:00.000000Z,0.24966399371623993,0.25142198801040649,0.2403939962387085,0.24203400313854218,172146640
2025-06-21T00:00:00.000000Z,0.24203400313854218,0.24477699398994446,0.23338499665260315,0.23675400018692017,139691137
2025-06-22T00:00:00.000000Z,0.23677100241184235,0.23850099742412567,0.21720500290393829,0.22854800522327423,243434981
2025-06-23T00:00:00.000000Z,0.22854800522327423,0.24622400104999542,0.2259490042924881,0.24622100591659546,201393268
2025-06-24T00:00:00.000000Z,0.24622100591659546,0.24966800212860107,0.24409599602222443,0.24869899451732635,149878587
2025-06-25T00:00:00.000000Z,0.24869899451732635,0.24916499853134155,0.24039299786090851,0.24149200320243835,123202720
2025-06-26T00:00:00.000000Z,0.24149200320243835,0.24413399398326874,0.23388500511646271,0.23420299589633942,123040063
2025-06-27T00:00:00.000000Z,0.23420600593090057,0.23778100311756134,0.23291200399398804,0.23695699870586395,109149717
2025-06-28T00:00:00.000000Z,0.23695699870586395,0.2400750070810318,0.2362159937620163,0.23896199464797974,86407294
2025-06-29T00:00:00.000000Z,0.23896199464797974,0.24190300703048706,0.23526600003242493,0.24050599336624146,99630935
2025-06-30T00:00:00.000000Z,0.24050599336624146,0.24275399744510651,0.23401699960231781,0.23824800550937653,184141939
2025-07-01T00:00:00.000000Z,0.23824700713157654,0.23936699330806732,0.22329099476337433,0.22553899884223938,206243990
2025-07-02T00:00:00.000000Z,0.22553800046443939,0.24034300446510315,0.22439399361610413,0.23818099498748779,149435768
2025-07-03T00:00:00.000000Z,0.23818099498748779,0.24765500426292419,0.23814800381660461,0.24271899461746216,153369320
2025-07-04T00:00:00.000000Z,0.24271899461746216,0.24454300105571747,0.23524299263954163,0.2377610057592392,110935229
2025-07-05T00:00:00.000000Z,0.2377610057592392,0.23875799775123596,0.23517599701881409,0.23820999264717102,61803045
2025-07-06T00:00:00.000000Z,0.23820999264717102,0.25129500031471252,0.23682700097560883,0.25016200542449951,161850944
2025-07-07T00:00:00.000000Z,0.25016200542449951,0.25585600733757019,0.24677599966526031,0.24851900339126587,273341344
2025-07-08T00:00:00.000000Z,0.24852100014686584,0.25958999991416931,0.2463809996843338,0.25956800580024719,203638658
2025-07-09T00:00:00.000000Z,0.25956800580024719,0.29650899767875671,0.257423996925354,0.28761500120162964,746764776
2025-07-10T00:00:00.000000Z,0.28761500120162964,0.30540698766708374,0.2855989933013916,0.30274298787117004,648900574
2025-07-11T00:00:00.000000Z,0.30274999141693115,0.39733099937438965,0.29813799262046814,0.35970199108123779,1706984524
2025-07-12T00:00:00.000000Z,0.35970199108123779,0.41310098767280579,0.35141199827194214,0.39171901345252991,2131460180
2025-07-13T00:00:00.000000Z,0.39171901345252991,0.48100200295448303,0.38791799545288086,0.47207298874855042,2861577400
2025-07-14T00:00:00.000000Z,0.47207498550415039,0.51542198657989502,0.43989300727844238,0.46364900469779968,2879625607
2025-07-15T00:00:00.000000Z,0.46364900469779968,0.47303199768066406,0.43082401156425476,0.45193099975585938,1665220478
2025-07-16T00:00:00.000000Z,0.45193099975585938,0.47897800803184509,0.44815701246261597,0.4537149965763092,1520794238
2025-07-17T00:00:00.000000Z,0.4537149965763092,0.51209497451782227,0.44739198684692383,0.49839499592781067,2051781383
2025-07-18T00:00:00.000000Z,0.49832698702812195,0.51937198638916016,0.45031601190567017,0.45922198891639709,1645317099
2025-07-19T00:00:00.000000Z,0.4592210054397583,0.46821600198745728,0.45137900114059448,0.46157601475715637,646480635
2025-07-20T00:00:00.000000Z,0.46157500147819519,0.47629299759864807,0.45801401138305664,0.46323400735855103,678408567
2025-07-21T00:00:00.000000Z,0.46323400735855103,0.49297100305557251,0.45696699619293213,0.47329100966453552,939713414
2025-07-22T00:00:00.000000Z,0.47329199314117432,0.47623899579048157,0.45001000165939331,0.47215801477432251,777508833
2025-07-23T00:00:00.000000Z,0.47215801477432251,0.47374099493026733,0.40992900729179382,0.42775198817253113,932193054
2025-07-24T00:00:00.000000Z,0.42775100469589233,0.4469200074672699,0.40352800488471985,0.42430999875068665,761319689
2025-07-25T00:00:00.000000Z,0.42432498931884766,0.43252599239349365,0.40611100196838379,0.43148899078369141,586393348
2025-07-26T00:00:00.000000Z,0.43148499727249146,0.44601500034332275,0.42950001358985901,0.43560099601745605,353734533
2025-07-27T00:00:00.000000Z,0.43560001254081726,0.45910599827766418,0.43494200706481934,0.44449299573898315,429346288
2025-07-28T00:00:00.000000Z,0.44449299573898315,0.45306798815727234,0.41666701436042786,0.41734400391578674,451052836
2025-07-29T00:00:00.000000Z,0.41737401485443115,0.43459600210189819,0.41260799765586853,0.42095699906349182,355659053
2025-07-30T00:00:00.000000Z,0.42095699906349182,0.42362898588180542,0.39648699760437012,0.40758299827575684,414500933
2025-07-31T00:00:00.000000Z,0.40757998824119568,0.42838698625564575,0.40149798989295959,0.40151101350784302,433828725
2025-08-01T00:00:00.000000Z,0.40151301026344299,0.40151301026344299,0.37688198685646057,0.38278299570083618,588806384
2025-08-02T00:00:00.000000Z,0.38276499509811401,0.39096400141716003,0.36288198828697205,0.36715701222419739,312614069
2025-08-03T00:00:00.000000Z,0.36716499924659729,0.402864009141922,0.36354801058769226,0.39920699596405029,400028511
2025-08-04T00:00:00.000000Z,0.39920699596405029,0.41897699236869812,0.39775300025939941,0.41395899653434753,538209161
2025-08-05T00:00:00.000000Z,0.41395899653434753,0.41811999678611755,0.39225101470947266,0.39622300863265991,421592931
2025-08-06T00:00:00.000000Z,0.39622598886489868,0.40231698751449585,0.38551101088523865,0.40051901340484619,294659450
2025-08-07T00:00:00.000000Z,0.40051999688148499,0.44025701284408569,0.39677101373672485,0.43859699368476868,473720834
2025-08-08T00:00:00.000000Z,0.43859699368476868,0.46775200963020325,0.43858098983764648,0.44954600930213928,1092033765
2025-08-09T00:00:00.000000Z,0.44954699277877808,0.45654299855232239,0.44599500298500061,0.44691801071166992,385816276
2025-08-10T00:00:00.000000Z,0.44691601395606995,0.4563240110874176,0.43502399325370789,0.44452598690986633,381385910
2025-08-11T00:00:00.000000Z,0.44452598690986633,0.46055498719215393,0.42821699380874634,0.43105900287628174,589104010
2025-08-12T00:00:00.000000Z,0.43105900287628174,0.45539200305938721,0.43070700764656067,0.44918501377105713,471722915
2025-08-13T00:00:00.000000Z,0.44918501377105713,0.45876398682594299,0.44065898656845093,0.45262101292610168,532738808
2025-08-14T00:00:00.000000Z,0.45262101292610168,0.46653598546981812,0.41696301102638245,0.42372098565101624,868208385
2025-08-15T00:00:00.000000Z,0.42372900247573853,0.43265300989151001,0.41279599070549011,0.42997899651527405,437809601
2025-08-16T00:00:00.000000Z,0.42997899651527405,0.43306699395179749,0.42330500483512878,0.42695099115371704,216296159
2025-08-17T00:00:00.000000Z,0.42694899439811707,0.43385601043701172,0.42482700943946838,0.42483600974082947,233936669
2025-08-18T00:00:00.000000Z,0.42483600974082947,0.42504501342773438,0.40364998579025269,0.41453200578689575,379767376
2025-08-19T00:00:00.000000Z,0.41453298926353455,0.41817799210548401,0.39016300439834595,0.39023301005363464,329035111
2025-08-20T00:00:00.000000Z,0.39024201035499573,0.40803799033164978,0.38885998725891113,0.40438300371170044,333040258
2025-08-21T00:00:00.000000Z,0.40438300371170044,0.40650999546051025,0.38994300365447998,0.39111799001693726,245943705
2025-08-22T00:00:00.000000Z,0.39111599326133728,0.42874899506568909,0.38177299499511719,0.42476201057434082,494549324
2025-08-23T00:00:00.000000Z,0.42476099729537964,0.42476201057434082,0.40979599952697754,0.41633599996566772,261445188
2025-08-24T00:00:00.000000Z,0.41633298993110657,0.42349699139595032,0.40235799551010132,0.40757599472999573,326866776
2025-08-25T00:00:00.000000Z,0.40757998824119568,0.41034600138664246,0.37887799739837646,0.38474899530410767,370084866
2025-08-26T00:00:00.000000Z,0.38472101092338562,0.39941799640655518,0.38360598683357239,0.3950519859790802,361311467
2025-08-27T00:00:00.000000Z,0.39502200484275818,0.39505898952484131,0.37813800573348999,0.37856900691986084,437242475
2025-08-28T00:00:00.000000Z,0.37857499718666077,0.38673499226570129,0.37458899617195129,0.38191300630569458,272643247
2025-08-29T00:00:00.000000Z,0.3819110095500946,0.38225799798965454,0.35602900385856628,0.36131098866462708,434078164
2025-08-30T00:00:00.000000Z,0.36131098866462708,0.36246299743652344,0.35245698690414429,0.36016800999641418,209546867
2025-08-31T00:00:00.000000Z,0.36016800999641418,0.3647800087928772,0.35254201292991638,0.35279399156570435,172567023
2025-09-01T00:00:00.000000Z,0.35279399156570435,0.36353600025177002,0.34467899799346924,0.35655501484870911,369853653
2025-09-02T00:00:00.000000Z,0.35658499598503113,0.36747699975967407,0.35448500514030457,0.36747699975967407,313524257
2025-09-03T00:00:00.000000Z,0.36748000979423523,0.36854499578475952,0.36107701063156128,0.36218801140785217,213437630
2025-09-04T00:00:00.000000Z,0.36218801140785217,0.36326301097869873,0.35105100274085999,0.35222700238227844,196804186
2025-09-05T00:00:00.000000Z,0.3521830141544342,0.3676379919052124,0.35108500719070435,0.3598339855670929,234088999
2025-09-06T00:00:00.000000Z,0.3598339855670929,0.3611379861831665,0.35324499011039734,0.35605400800704956,116218242
2025-09-07T00:00:00.000000Z,0.35605400800704956,0.36468198895454407,0.35587999224662781,0.36158901453018188,198304349
2025-09-08T00:00:00.000000Z,0.3615880012512207,0.38308200240135193,0.35882601141929626,0.3778110146522522,383423642
2025-09-09T00:00:00.000000Z,0.3778110146522522,0.38657701015472412,0.37077000737190247,0.37181100249290466,338262468
2025-09-10T00:00:00.000000Z,0.37181198596954346,0.38570699095726013,0.37038999795913696,0.38333699107170105,220615471
2025-09-11T00:00:00.000000Z,0.38333699107170105,0.39643698930740356,0.38329198956489563,0.39579901099205017,330694141
2025-09-12T00:00:00.000000Z,0.39579799771308899,0.40523600578308105,0.3903219997882843,0.40494498610496521,296374253
2025-09-13T00:00:00.000000Z,0.40494498610496521,0.41406500339508057,0.40072301030158997,0.40525001287460327,304179419
2025-09-14T00:00:00.000000Z,0.40525001287460327,0.40532898902893066,0.3845829963684082,0.39011099934577942,248675053
2025-09-15T00:00:00.000000Z,0.39010998606681824,0.39460998773574829,0.37452900409698486,0.38079500198364258,280138967
2025-09-16T00:00:00.000000Z,0.3807939887046814,0.39140000939369202,0.37587299942970276,0.38411998748779297,296644696
2025-09-17T00:00:00.000000Z,0.38411998748779297,0.39839500188827515,0.38016700744628906,0.39511200785636902,270887575
2025-09-18T00:00:00.000000Z,0.39511200785636902,0.40439701080322266,0.39279800653457642,0.39642399549484253,314778506
2025-09-19T00:00:00.000000Z,0.39642199873924255,0.39951598644256592,0.38605698943138123,0.38811999559402466,233179602
2025-09-20T00:00:00.000000Z,0.3881320059299469,0.3939329981803894,0.38578701019287109,0.38667899370193481,147254752
2025-09-21T00:00:00.000000Z,0.38667899370193481,0.39056798815727234,0.37948998808860779,0.38042899966239929,161328019
2025-09-22T00:00:00.000000Z,0.38042700290679932,0.38042700290679932,0.35282599925994873,0.36863300204277039,395866195
2025-09-23T00:00:00.000000Z,0.36863300204277039,0.37449398636817932,0.36187699437141418,0.36495101451873779,216975756
2025-09-24T00:00:00.000000Z,0.36495000123977661,0.38125601410865784,0.35874500870704651,0.37523001432418823,236329780
2025-09-25T00:00:00.000000Z,0.37523099780082703,0.37675601243972778,0.34805899858474731,0.35018199682235718,322472059
2025-09-26T00:00:00.000000Z,0.35018900036811829,0.36396500468254089,0.34654301404953003,0.36221000552177429,256460501
2025-09-27T00:00:00.000000Z,0.36221000552177429,0.36322098970413208,0.35692501068115234,0.36114600300788879,113955565
2025-09-28T00:00:00.000000Z,0.36114600300788879,0.36888599395751953,0.35252299904823303,0.36774200201034546,134008545
2025-09-29T00:00:00.000000Z,0.36774098873138428,0.3766460120677948,0.36398199200630188,0.37146300077438354,251973519
2025-09-30T00:00:00.000000Z,0.37145999073982239,0.37307998538017273,0.35840699076652527,0.36416798830032349,240816140
2025-10-01T00:00:00.000000Z,0.36416900157928467,0.39800798892974854,0.36211100220680237,0.39800798892974854,374681916
2025-10-02T00:00:00.000000Z,0.3980180025100708,0.41366198658943176,0.39577400684356689,0.40836098790168762,479559288
2025-10-03T00:00:00.000000Z,0.40836000442504883,0.41345700621604919,0.39954298734664917,0.40671899914741516,359150194
2025-10-04T00:00:00.000000Z,0.40671899914741516,0.40767699480056763,0.3885439932346344,0.39407101273536682,218213163
2025-10-05T00:00:00.000000Z,0.39406999945640564,0.40840700268745422,0.39232298731803894,0.39601099491119385,317569914
2025-10-06T00:00:00.000000Z,0.39601099491119385,0.41207298636436462,0.39447700977325439,0.40866199135780334,360177086
2025-10-07T00:00:00.000000Z,0.40866199135780334,0.4097059965133667,0.38428598642349243,0.38438299298286438,331726535
2025-10-08T00:00:00.000000Z,0.38438299298286438,0.39201200008392334,0.37832298874855042,0.38848501443862915,308268622
2025-10-09T00:00:00.000000Z,0.38848298788070679,0.38854798674583435,0.37186899781227112,0.37977001070976257,247720037
2025-10-10T00:00:00.000000Z,0.37977001070976257,0.38543900847434998,0.19801899790763855,0.31830900907516479,876774775
2025-10-11T00:00:00.000000Z,0.31823799014091492,0.33939200639724731,0.3104729950428009,0.32312801480293274,551319573
2025-10-12T00:00:00.000000Z,0.32312801480293274,0.34997099637985229,0.31496798992156982,0.34220799803733826,373550860
2025-10-13T00:00:00.000000Z,0.34221100807189941,0.3543660044670105,0.33892199397087097,0.35152599215507507,348410165
2025-10-14T00:00:00.000000Z,0.35152599215507507,0.35273200273513794,0.32231599092483521,0.33755800127983093,388333715
2025-10-15T00:00:00.000000Z,0.33755800127983093,0.34193998575210571,0.32145398855209351,0.32470500469207764,243905393
2025-10-16T00:00:00.000000Z,0.32470500469207764,0.33199301362037659,0.30798700451850891,0.31192100048065186,334059310
2025-10-17T00:00:00.000000Z,0.31191900372505188,0.31660598516464233,0.29055100679397583,0.30863198637962341,363322238
2025-10-18T00:00:00.000000Z,0.30863600969314575,0.31959998607635498,0.30854400992393494,0.31457200646400452,159310211
2025-10-19T00:00:00.000000Z,0.31457200646400452,0.32341998815536499,0.3075680136680603,0.31779301166534424,184790229
2025-10-20T00:00:00.000000Z,0.31780600547790527,0.33276998996734619,0.3135949969291687,0.32515200972557068,201354359
2025-10-21T00:00:00.000000Z,0.32494300603866577,0.33266198635101318,0.31387200951576233,0.31501999497413635,255054976
2025-10-22T00:00:00.000000Z,0.31499800086021423,0.31499800086021423,0.30282899737358093,0.30784401297569275,234981924
2025-10-23T00:00:00.000000Z,0.30784401297569275,0.31644999980926514,0.30784401297569275,0.31152299046516418,144559279
2025-10-24T00:00:00.000000Z,0.31152299046516418,0.32198101282119751,0.31049099564552307,0.31934100389480591,204104415
2025-10-25T00:00:00.000000Z,0.31933799386024475,0.33006599545478821,0.31823500990867615,0.32482799887657166,166613779
2025-10-26T00:00:00.000000Z,0.32482901215553284,0.33235400915145874,0.32280498743057251,0.33066999912261963,185591678
2025-10-27T00:00:00.000000Z,0.33066898584365845,0.33456099033355713,0.32206699252128601,0.32296198606491089,221166395
2025-10-28T00:00:00.000000Z,0.32296401262283325,0.33720499277114868,0.31520700454711914,0.31858000159263611,903152784
2025-10-29T00:00:00.000000Z,0.31857800483703613,0.32482200860977173,0.31381601095199585,0.31598499417304993,322956563
2025-10-30T00:00:00.000000Z,0.31598401069641113,0.31846800446510315,0.29113799333572388,0.29861500859260559,348565101
2025-10-31T00:00:00.000000Z,0.29861900210380554,0.31194201111793518,0.29830598831176758,0.30494201183319092,221994048
2025-11-01T00:00:00.000000Z,0.30494099855422974,0.30732899904251099,0.30205699801445007,0.30509600043296814,128022251
2025-11-02T00:00:00.000000Z,0.30509498715400696,0.30755600333213806,0.29972699284553528,0.30510398745536804,115457606
2025-11-03T00:00:00.000000Z,0.30509999394416809,0.30530500411987305,0.27400299906730652,0.27823099493980408,348431588
2025-11-04T00:00:00.000000Z,0.27822801470756531,0.28402599692344666,0.25583499670028687,0.27032798528671265,404024824
2025-11-05T00:00:00.000000Z,0.27032798528671265,0.28191500902175903,0.25914698839187622,0.28041800856590271,242275566
2025-11-06T00:00:00.000000Z,0.28041499853134155,0.28050100803375244,0.26464799046516418,0.2693839967250824,203249610
2025-11-07T00:00:00.000000Z,0.2693839967250824,0.29263100028038025,0.26618599891662598,0.29155200719833374,330971286
2025-11-08T00:00:00.000000Z,0.29155200719833374,0.29521900415420532,0.27895501255989075,0.28336799144744873,191639177
2025-11-09T00:00:00.000000Z,0.28336998820304871,0.28678598999977112,0.27322301268577576,0.28571799397468567,201036354
2025-11-10T00:00:00.000000Z,0.28571701049804688,0.31095299124717712,0.28485199809074402,0.30047899484634399,326572215
2025-11-11T00:00:00.000000Z,0.30047899484634399,0.30429598689079285,0.28028601408004761,0.2816070020198822,221733188
2025-11-12T00:00:00.000000Z,0.2816070020198822,0.29449400305747986,0.2743380069732666,0.27751898765563965,203761271
2025-11-13T00:00:00.000000Z,0.27751898765563965,0.29916200041770935,0.26315900683403015,0.26906898617744446,383317035
2025-11-14T00:00:00.000000Z,0.26906600594520569,0.27046400308609009,0.2572610080242157,0.2594049870967865,297655620
2025-11-15T00:00:00.000000Z,0.2594049870967865,0.26694801449775696,0.25789299607276917,0.25948899984359741,135674882
2025-11-16T00:00:00.000000Z,0.25948899984359741,0.26271599531173706,0.24998000264167786,0.25416600704193115,181949113
2025-11-17T00:00:00.000000Z,0.25416499376296997,0.26072299480438232,0.24446900188922882,0.24681399762630463,232899293
2025-11-18T00:00:00.000000Z,0.24681499600410461,0.25977200269699097,0.2435230016708374,0.25607499480247498,205029687
2025-11-19T00:00:00.000000Z,0.25607499480247498,0.25607499480247498,0.23561699688434601,0.24609999358654022,196492313
2025-11-20T00:00:00.000000Z,0.24609899520874023,0.25303798913955688,0.23446600139141083,0.2367900013923645,209017695
2025-11-21T00:00:00.000000Z,0.23678499460220337,0.23978500068187714,0.21808899939060211,0.23155100643634796,322157286
2025-11-22T00:00:00.000000Z,0.23154899477958679,0.23275099694728851,0.22642999887466431,0.23029400408267975,149138606
2025-11-23T00:00:00.000000Z,0.23029300570487976,0.25304201245307922,0.22933900356292725,0.24703000485897064,218510077
2025-11-24T00:00:00.000000Z,0.24703399837017059,0.25932601094245911,0.24192400276660919,0.25484099984169006,287473582
2025-11-25T00:00:00.000000Z,0.25484299659729004,0.25593098998069763,0.24200600385665894,0.25189998745918274,207541774
2025-11-26T00:00:00.000000Z,0.25189900398254395,0.26186901330947876,0.24831600487232208,0.2588379979133606,210208451
2025-11-27T00:00:00.000000Z,0.2588379979133606,0.25905001163482666,0.25119000673294067,0.25558799505233765,167248949
2025-11-28T00:00:00.000000Z,0.25558900833129883,0.2621690034866333,0.25141999125480652,0.25348600745201111,174396980
2025-11-29T00:00:00.000000Z,0.25348600745201111,0.25749799609184265,0.25044199824333191,0.25427699089050293,124939410
2025-11-30T00:00:00.000000Z,0.25427499413490295,0.25573700666427612,0.24871799349784851,0.24871799349784851,102433871
2025-12-01T00:00:00.000000Z,0.24871799349784851,0.24873499572277069,0.22721399366855621,0.23396599292755127,232982454
2025-12-02T00:00:00.000000Z,0.23396599292755127,0.25780200958251953,0.23063200712203979,0.2547529935836792,183211508
2025-12-03T00:00:00.000000Z,0.25475201010704041,0.26250898838043213,0.25202399492263794,0.2586979866027832,220726084
2025-12-04T00:00:00.000000Z,0.25867000222206116,0.25870200991630554,0.24887500703334808,0.25202000141143799,161591263
2025-12-05T00:00:00.000000Z,0.25201699137687683,0.2537350058555603,0.23904000222682953,0.24004699289798737,135977668
2025-12-06T00:00:00.000000Z,0.24004699289798737,0.24236699938774109,0.2379940003156662,0.23969100415706635,86508492
2025-12-07T00:00:00.000000Z,0.23969699442386627,0.2446880042552948,0.23205000162124634,0.23705700039863586,121475887
2025-12-08T00:00:00.000000Z,0.23705500364303589,0.24635900557041168,0.2370540052652359,0.24085900187492371,134599488
2025-12-09T00:00:00.000000Z,0.24085900187492371,0.25819000601768494,0.23777300119400024,0.25348800420761108,173021153
2025-12-10T00:00:00.000000Z,0.25348800420761108,0.25942599773406982,0.24932800233364105,0.25033301115036011,174644777
2025-12-11T00:00:00.000000Z,0.25033500790596008,0.25035598874092102,0.23953700065612793,0.24615399539470673,161357982
2025-12-12T00:00:00.000000Z,0.24615299701690674,0.24789799749851227,0.23407599329948425,0.23863300681114197,150877402
2025-12-13T00:00:00.000000Z,0.23863400518894196,0.24053600430488586,0.23679600656032562,0.23799300193786621,76008458
2025-12-14T00:00:00.000000Z,0.2379940003156662,0.23828199505805969,0.22828200459480286,0.22928999364376068,105754569
2025-12-15T00:00:00.000000Z,0.22930100560188293,0.2344290018081665,0.21613599359989166,0.2204899936914444,148963651
2025-12-16T00:00:00.000000Z,0.22049100697040558,0.22358100116252899,0.21643899381160736,0.21954500675201416,129836341
2025-12-17T00:00:00.000000Z,0.21955199539661407,0.22452899813652039,0.20948000252246857,0.21024399995803833,159811075
2025-12-18T00:00:00.000000Z,0.21024599671363831,0.21828499436378479,0.20320899784564972,0.20694600045681,171649201
2025-12-19T00:00:00.000000Z,0.20694699883460999,0.22124500572681427,0.20469899475574493,0.21927599608898163,182520624
2025-12-20T00:00:00.000000Z,0.21927699446678162,0.22327500581741333,0.21778300404548645,0.21820999681949615,125799958
2025-12-21T00:00:00.000000Z,0.21820999681949615,0.21942199766635895,0.21228399872779846,0.21646599471569061,99264238
2025-12-22T00:00:00.000000Z,0.21646499633789062,0.2257470041513443,0.21502900123596191,0.2204120010137558,145111358
2025-12-23T00:00:00.000000Z,0.22041599452495575,0.2212429940700531,0.21404999494552612,0.2171269953250885,121811036
2025-12-24T00:00:00.000000Z,0.21712499856948853,0.21797700226306915,0.21135599911212921,0.21220499277114868,108290503
2025-12-25T00:00:00.000000Z,0.21220600605010986,0.21639800071716309,0.20875899493694305,0.20970399677753448,88276444
2025-12-26T00:00:00.000000Z,0.20970800518989563,0.21681800484657288,0.20858299732208252,0.21340900659561157,99700250
2025-12-27T00:00:00.000000Z,0.21340900659561157,0.22070500254631042,0.21246799826622009,0.22062200307846069,74363052
2025-12-28T00:00:00.000000Z,0.22061499953269958,0.22464600205421448,0.21817299723625183,0.22006799280643463,87988376
2025-12-29T00:00:00.000000Z,0.22005900740623474,0.22710900008678436,0.21548999845981598,0.21593999862670898,131771016
2025-12-30T00:00:00.000000Z,0.21594099700450897,0.21594099700450897,0.2098499983549118,0.21050399541854858,140340615
2025-12-31T00:00:00.000000Z,0.21050399541854858,0.21118700504302979,0.19776999950408936,0.20065100491046906,165579656
2026-01-01T00:00:00.000000Z,0.20066900551319122,0.20954899489879608,0.2006630003452301,0.20851199328899384,126894728
2026-01-02T00:00:00.000000Z,0.20851099491119385,0.22029800713062286,0.20541800558567047,0.21884800493717194,228829614
2026-01-03T00:00:00.000000Z,0.21884499490261078,0.22749200463294983,0.21742099523544312,0.22200800478458405,165794550
2026-01-04T00:00:00.000000Z,0.22200800478458405,0.23540599644184113,0.22200800478458405,0.23253700137138367,212435756
2026-01-05T00:00:00.000000Z,0.23254099488258362,0.25372898578643799,0.23024000227451324,0.25295799970626831,366493412
2026-01-06T00:00:00.000000Z,0.25295799970626831,0.25463598966598511,0.23430100083351135,0.24401700496673584,374094601
2026-01-07T00:00:00.000000Z,0.24400900304317474,0.24401499330997467,0.23228399455547333,0.23400799930095673,181075388
2026-01-08T00:00:00.000000Z,0.23400899767875671,0.23547700047492981,0.22593499720096588,0.23019200563430786,179949595
2026-01-09T00:00:00.000000Z,0.23019300401210785,0.23262399435043335,0.22566699981689453,0.22791899740695953,157866781
2026-01-10T00:00:00.000000Z,0.22792099416255951,0.22871899604797363,0.22513599693775177,0.22618800401687622,79513499
2026-01-11T00:00:00.000000Z,0.22618900239467621,0.22854000329971313,0.22174899280071259,0.2241860032081604,105585485
2026-01-12T00:00:00.000000Z,0.22418700158596039,0.2282709926366806,0.21696199476718903,0.21922700107097626,169259355
2026-01-13T00:00:00.000000Z,0.21922799944877625,0.24064700305461884,0.21889199316501617,0.23819200694561005,201037268
2026-01-14T00:00:00.000000Z,0.23819400370121002,0.24638800323009491,0.23521299660205841,0.23624399304389954,295459189
2026-01-15T00:00:00.000000Z,0.23624299466609955,0.236285001039505,0.22516299784183502,0.22828899323940277,182588140
2026-01-16T00:00:00.000000Z,0.22828899323940277,0.22889800369739532,0.22071899473667145,0.22617000341415405,151706517
2026-01-17T00:00:00.000000Z,0.22616800665855408,0.23788200318813324,0.22470800578594208,0.23056399822235107,125385129
2026-01-18T00:00:00.000000Z,0.23056399822235107,0.2324800044298172,0.2181369960308075,0.218190997838974,128194720
2026-01-19T00:00:00.000000Z,0.218190997838974,0.21985100209712982,0.20913800597190857,0.21551799774169922,236844333
2026-01-20T00:00:00.000000Z,0.21551899611949921,0.21653300523757935,0.20672799646854401,0.20711499452590942,154766598
2026-01-21T00:00:00.000000Z,0.20711499452590942,0.21698999404907227,0.20586800575256348,0.21226599812507629,217615276
2026-01-22T00:00:00.000000Z,0.21226499974727631,0.21667900681495667,0.2099049985408783,0.21136100590229034,122091829
2026-01-23T00:00:00.000000Z,0.21136100590229034,0.21802400052547455,0.2086700052022934,0.21199700236320496,128516609
2026-01-24T00:00:00.000000Z,0.21198999881744385,0.21277399361133575,0.21008799970149994,0.21148300170898438,78141440
2026-01-25T00:00:00.000000Z,0.21148300170898438,0.21148300170898438,0.20097699761390686,0.20303900539875031,125354065
2026-01-26T00:00:00.000000Z,0.20303800702095032,0.2114579975605011,0.20303800702095032,0.20724000036716461,135575207
2026-01-27T00:00:00.000000Z,0.20723800361156464,0.20945599675178528,0.20341099798679352,0.20827800035476685,116841970
2026-01-28T00:00:00.000000Z,0.20827800035476685,0.21158699691295624,0.20671600103378296,0.21017999947071075,118368125
2026-01-29T00:00:00.000000Z,0.21017900109291077,0.21018199622631073,0.19497999548912048,0.19856899976730347,171056532
2026-01-30T00:00:00.000000Z,0.19856800138950348,0.19921399652957916,0.18867400288581848,0.19155099987983704,203918928
2026-01-31T00:00:00.000000Z,0.19155199825763702,0.19211700558662415,0.16926200687885284,0.18083800375461578,267562733
2026-02-01T00:00:00.000000Z,0.1808370053768158,0.18221800029277802,0.17195600271224976,0.17497900128364563,172142925
2026-02-02T00:00:00.000000Z,0.17497999966144562,0.18313899636268616,0.16892300546169281,0.17870700359344482,208929783
2026-02-03T00:00:00.000000Z,0.17870600521564484,0.18149599432945251,0.16798999905586243,0.17519800364971161,173955332
2026-02-04T00:00:00.000000Z,0.1751990020275116,0.17818200588226318,0.16721799969673157,0.1710440069437027,162341784
2026-02-05T00:00:00.000000Z,0.1710440069437027,0.1710440069437027,0.14364500343799591,0.14670099318027496,349520532
2026-02-06T00:00:00.000000Z,0.14669699966907501,0.1708499938249588,0.13799899816513062,0.16399499773979187,372607450
2026-02-07T00:00:00.000000Z,0.16399399936199188,0.16416500508785248,0.15642799437046051,0.16187700629234314,179470715
2026-02-08T00:00:00.000000Z,0.16187700629234314,0.16423499584197998,0.15938200056552887,0.16164200007915497,98556172
2026-02-09T00:00:00.000000Z,0.16164100170135498,0.16362300515174866,0.15636299550533295,0.1595039963722229,110640614
2026-02-10T00:00:00.000000Z,0.15950499475002289,0.16077400743961334,0.15502600371837616,0.15837900340557098,123470512
2026-02-11T00:00:00.000000Z,0.15838000178337097,0.15886799991130829,0.15087799727916718,0.15449200570583344,121757858
2026-02-12T00:00:00.000000Z,0.15448400378227234,0.1633789986371994,0.1540600061416626,0.1562650054693222,106353986
2026-02-13T00:00:00.000000Z,0.15626600384712219,0.16642099618911743,0.15456700325012207,0.16460800170898438,121359495
2026-02-14T00:00:00.000000Z,0.16460800170898438,0.17636099457740784,0.16453899443149567,0.17455500364303589,136860208
2026-02-15T00:00:00.000000Z,0.1745540052652359,0.18500299751758575,0.16776800155639648,0.17032000422477722,231342697
2026-02-16T00:00:00.000000Z,0.17031900584697723,0.17208699882030487,0.16638900339603424,0.16968199610710144,114928177
2026-02-17T00:00:00.000000Z,0.16968299448490143,0.17018899321556091,0.16448299586772919,0.16563799977302551,97838688
2026-02-18T00:00:00.000000Z,0.16563799977302551,0.16915799677371979,0.16094200313091278,0.16133500635623932,88277496
2026-02-19T00:00:00.000000Z,0.16133500635623932,0.16192099452018738,0.15760000050067902,0.15875799953937531,91139658
2026-02-20T00:00:00.000000Z,0.15875799953937531,0.16479800641536713,0.15769499540328979,0.16267199814319611,103319259
2026-02-21T00:00:00.000000Z,0.16267199814319611,0.16420799493789673,0.16105599701404572,0.16106100380420685,68359533
2026-02-22T00:00:00.000000Z,0.16106100380420685,0.16106100380420685,0.15392599999904633,0.1549219936132431,148479423
2026-02-23T00:00:00.000000Z,0.15491999685764313,0.15728500485420227,0.1495320051908493,0.15125900506973267,118229040
2026-02-24T00:00:00.000000Z,0.15125900506973267,0.15230299532413483,0.14818599820137024,0.14975599944591522,96729750
2026-02-25T00:00:00.000000Z,0.14975699782371521,0.16893300414085388,0.14951799809932709,0.16255100071430206,152720027
2026-02-26T00:00:00.000000Z,0.1625330001115799,0.16504600644111633,0.15874199569225311,0.16212800145149231,116779842
2026-02-27T00:00:00.000000Z,0.16212800145149231,0.16662499308586121,0.15695500373840332,0.15887899696826935,108647479
2026-02-28T00:00:00.000000Z,0.15887899696826935,0.16009999811649323,0.14822199940681458,0.15922500193119049,162101573
2026-03-01T00:00:00.000000Z,0.15922500193119049,0.16408799588680267,0.15206800401210785,0.15421600639820099,135221498
2026-03-02T00:00:00.000000Z,0.15421600639820099,0.16177700459957123,0.15211500227451324,0.1556369960308075,124454201
2026-03-03T00:00:00.000000Z,0.1556369960308075,0.15568600594997406,0.14909499883651733,0.15151800215244293,122736966
2026-03-04T00:00:00.000000Z,0.15151700377464294,0.16555899381637573,0.14999100565910339,0.15960699319839478,164679757
2026-03-05T00:00:00.000000Z,0.15960699319839478,0.16087000072002411,0.15454299747943878,0.15675799548625946,112913786
2026-03-06T00:00:00.000000Z,0.15675899386405945,0.1602569967508316,0.1501149982213974,0.15224699676036835,108702075
2026-03-07T00:00:00.000000Z,0.15224699676036835,0.15327900648117065,0.14939999580383301,0.15040099620819092,69930202
2026-03-08T00:00:00.000000Z,0.15040099620819092,0.15207399427890778,0.1471640020608902,0.14838099479675293,82416384
2026-03-09T00:00:00.000000Z,0.14837600290775299,0.15368500351905823,0.14816999435424805,0.15065400302410126,96421496
2026-03-10T00:00:00.000000Z,0.15065300464630127,0.16749699413776398,0.15064199268817902,0.15857499837875366,170321087
2026-03-11T00:00:00.000000Z,0.15857599675655365,0.16186800599098206,0.15567700564861298,0.1592009961605072,112913329
2026-03-12T00:00:00.000000Z,0.1592009961605072,0.16089700162410736,0.15654799342155457,0.16023300588130951,93174547
2026-03-13T00:00:00.000000Z,0.16023300588130951,0.16798099875450134,0.15982599556446075,0.16394799947738647,132809746
2026-03-14T00:00:00.000000Z,0.16394899785518646,0.16657699644565582,0.1624550074338913,0.16655899584293365,83704467
2026-03-15T00:00:00.000000Z,0.16655899584293365,0.17102000117301941,0.16555899381637573,0.1691489964723587,100760445
2026-03-16T00:00:00.000000Z,0.16914500296115875,0.17671899497509003,0.16707399487495422,0.17620599269866943,179890425
2026-03-17T00:00:00.000000Z,0.17621000111103058,0.18172800540924072,0.17248499393463135,0.1737390011548996,148121980
2026-03-18T00:00:00.000000Z,0.17373999953269958,0.177279993891716,0.16578100621700287,0.17001500725746155,129136865
2026-03-19T00:00:00.000000Z,0.17001500725746155,0.17065300047397614,0.16356000304222107,0.16535800695419312,97407718
2026-03-20T00:00:00.000000Z,0.16535800695419312,0.16867999732494354,0.16356499493122101,0.16551899909973145,86486592
2026-03-21T00:00:00.000000Z,0.16551899909973145,0.16672800481319427,0.16202899813652039,0.16207200288772583,66894374
2026-03-22T00:00:00.000000Z,0.16207699477672577,0.16346700489521027,0.15516400337219238,0.15591199696063995,94677752
2026-03-23T00:00:00.000000Z,0.15591000020503998,0.16735400259494781,0.15553499758243561,0.16684600710868835,144994685
2026-03-24T00:00:00.000000Z,0.16684800386428833,0.1749970018863678,0.16394700109958649,0.17377200722694397,129168464
2026-03-25T00:00:00.000000Z,0.17377400398254395,0.18207700550556183,0.17377200722694397,0.17742900550365448,202957591
2026-03-26T00:00:00.000000Z,0.17743000388145447,0.17813099920749664,0.17132499814033508,0.17388799786567688,127912415
2026-03-27T00:00:00.000000Z,0.17388799786567688,0.17520199716091156,0.16693499684333801,0.16734400391578674,102588965
2026-03-28T00:00:00.000000Z,0.16734300553798676,0.17161799967288971,0.16451400518417358,0.16786700487136841,86715177
2026-03-29T00:00:00.000000Z,0.16786700487136841,0.16906000673770905,0.16171200573444366,0.16448099911212921,86884729
2026-03-30T00:00:00.000000Z,0.16448099911212921,0.17353999614715576,0.16442899405956268,0.16730299592018127,101480470
2026-03-31T00:00:00.000000Z,0.16730299592018127,0.17056599259376526,0.16375699639320374,0.16726499795913696,109803962
2026-04-01T00:00:00.000000Z,0.16726699471473694,0.17388699948787689,0.16700300574302673,0.16925300657749176,105236544
2026-04-02T00:00:00.000000Z,0.16925400495529175,0.17080000042915344,0.16050900518894196,0.16301499307155609,116101703
2026-04-03T00:00:00.000000Z,0.16301499307155609,0.16638900339603424,0.16210800409317017,0.16293300688266754,78479796
2026-04-04T00:00:00.000000Z,0.16293300688266754,0.16320100426673889,0.16068899631500244,0.1619269996881485,70945580
2026-04-05T00:00:00.000000Z,0.1619269996881485,0.16256999969482422,0.15746800601482391,0.16256999969482422,94377954
2026-04-06T00:00:00.000000Z,0.16256999969482422,0.16398300230503082,0.15531499683856964,0.15569299459457397,143230271
2026-04-07T00:00:00.000000Z,0.15569299459457397,0.16440999507904053,0.15379999577999115,0.16361600160598755,133192450
2026-04-08T00:00:00.000000Z,0.16361699998378754,0.1649869978427887,0.15768599510192871,0.15780900418758392,119470302
2026-04-09T00:00:00.000000Z,0.15780900418758392,0.15817199647426605,0.15268200635910034,0.15455399453639984,151938972
2026-04-10T00:00:00.000000Z,0.15455600619316101,0.15691399574279785,0.15306000411510468,0.15517699718475342,112895531
2026-04-11T00:00:00.000000Z,0.15517699718475342,0.15674799680709839,0.15324999392032623,0.15362800657749176,85787573
2026-04-12T00:00:00.000000Z,0.15362299978733063,0.15400199592113495,0.15028099715709686,0.15043599903583527,80384749
2026-04-13T00:00:00.000000Z,0.15043599903583527,0.15640600025653839,0.15006500482559204,0.1562730073928833,93604614
2026-04-14T00:00:00.000000Z,0.1562730073928833,0.15839000046253204,0.15406200289726257,0.15480199456214905,97472878
2026-04-15T00:00:00.000000Z,0.15480199456214905,0.15856100618839264,0.15478000044822693,0.15777699649333954,102703156
2026-04-16T00:00:00.000000Z,0.15777699649333954,0.16936600208282471,0.15753999352455139,0.16911999881267548,167562899
2026-04-17T00:00:00.000000Z,0.16911900043487549,0.17709200084209442,0.16445900499820709,0.17441299557685852,153977609
2026-04-18T00:00:00.000000Z,0.17441299557685852,0.17568700015544891,0.16784599423408508,0.17051799595355988,120749664
2026-04-19T00:00:00.000000Z,0.17051799595355988,0.17245699465274811,0.1664309948682785,0.16671299934387207,107853960
2026-04-20T00:00:00.000000Z,0.16671200096607208,0.17495900392532349,0.1666949987411499,0.17365700006484985,121828095
2026-04-21T00:00:00.000000Z,0.17365600168704987,0.18437600135803223,0.17309300601482391,0.17904600501060486,172878445
2026-04-22T00:00:00.000000Z,0.17904999852180481,0.18226400017738342,0.17671500146389008,0.17671999335289001,134768290
2026-04-23T00:00:00.000000Z,0.17671999335289001,0.1793379932641983,0.17458599805831909,0.17543999850749969,128613310
2026-04-24T00:00:00.000000Z,0.17543999850749969,0.17665599286556244,0.17278200387954712,0.17310400307178497,114738594
2026-04-25T00:00:00.000000Z,0.17310300469398499,0.17448000609874725,0.16976399719715118,0.16977199912071228,88396836
2026-04-26T00:00:00.000000Z,0.16977199912071228,0.17252600193023682,0.16843600571155548,0.17091600596904755,105286774
2026-04-27T00:00:00.000000Z,0.17091600596904755,0.17341800034046173,0.16449800133705139,0.16613900661468506,142499642
2026-04-28T00:00:00.000000Z,0.16614000499248505,0.16614000499248505,0.16127400100231171,0.16184400022029877,112221982
2026-04-29T00:00:00.000000Z,0.16184400022029877,0.16459099948406219,0.15870800614356995,0.15957899391651154,155739597
2026-04-30T00:00:00.000000Z,0.15957899391651154,0.16087000072002411,0.1583469957113266,0.1583549976348877,87561288
2026-05-01T00:00:00.000000Z,0.1583549976348877,0.16246899962425232,0.15832599997520447,0.15952600538730621,100678847
2026-05-02T00:00:00.000000Z,0.15952600538730621,0.16075800359249115,0.15895199775695801,0.15991200506687164,72069038
2026-05-03T00:00:00.000000Z,0.15991300344467163,0.15998999774456024,0.15795400738716125,0.15795500576496124,84280635
2026-05-04T00:00:00.000000Z,0.15795400738716125,0.161298006772995,0.15669499337673187,0.15747599303722382,134552882
2026-05-05T00:00:00.000000Z,0.15747599303722382,0.16110700368881226,0.15742400288581848,0.15987400710582733,120049701
2026-05-06T00:00:00.000000Z,0.15987400710582733,0.16589400172233582,0.15982599556446075,0.16153299808502197,145468648
2026-05-07T00:00:00.000000Z,0.16153299808502197,0.16251100599765778,0.15773199498653412,0.15799799561500549,140550486
2026-05-08T00:00:00.000000Z,0.15799799561500549,0.16549099981784821,0.15755699574947357,0.16331399977207184,131196179
2026-05-09T00:00:00.000000Z,0.16331399977207184,0.16764900088310242,0.16168799996376038,0.16259300708770752,131388863
2026-05-10T00:00:00.000000Z,0.16259300708770752,0.17344200611114502,0.16114099323749542,0.16947300732135773,233734591
2026-05-11T00:00:00.000000Z,0.16947300732135773,0.17091800272464752,0.16484899818897247,0.16862599551677704,155328133
2026-05-12T00:00:00.000000Z,0.16862599551677704,0.16868500411510468,0.16140499711036682,0.16239100694656372,139538291
2026-05-13T00:00:00.000000Z,0.16239100694656372,0.16570499539375305,0.15795700252056122,0.1588979959487915,127270804
2026-05-14T00:00:00.000000Z,0.1588979959487915,0.16822199523448944,0.15805399417877197,0.16219399869441986,161314440
2026-05-15T00:00:00.000000Z,0.16219499707221985,0.16341499984264374,0.15383300185203552,0.1546349972486496,160830311
2026-05-16T00:00:00.000000Z,0.1546349972486496,0.15546999871730804,0.1503790020942688,0.15178300440311432,105935789
2026-05-17T00:00:00.000000Z,0.15178400278091431,0.15274100005626678,0.14750799536705017,0.14923499524593353,95835309
2026-05-18T00:00:00.000000Z,0.14923299849033356,0.15031899511814117,0.14472800493240356,0.14709800481796265,123963139
2026-05-19T00:00:00.000000Z,0.14709700644016266,0.14797200262546539,0.14305600523948669,0.14348499476909637,127991853
2026-05-20T00:00:00.000000Z,0.14348399639129639,0.14473800361156464,0.14227299392223358,0.1436379998922348,104576393
2026-05-21T00:00:00.000000Z,0.14363899827003479,0.14847999811172485,0.1432809978723526,0.14646199345588684,97746419
2026-05-22T00:00:00.000000Z,0.14646199345588684,0.15030600130558014,0.14324599504470825,0.14341700077056885,109240091
2026-05-23T00:00:00.000000Z,0.14341700077056885,0.14910499751567841,0.14001600444316864,0.14796300232410431,95312316
2026-05-24T00:00:00.000000Z,0.14796200394630432,0.14934499561786652,0.14499500393867493,0.14749500155448914,76696627
2026-05-25T00:00:00.000000Z,0.14749400317668915,0.15345899760723114,0.1467210054397583,0.14973799884319305,99657945
2026-05-26T00:00:00.000000Z,0.14973799884319305,0.1510930061340332,0.14668700098991394,0.1474439948797226,92999632
2026-05-27T00:00:00.000000Z,0.14743900299072266,0.16935500502586365,0.14617300033569336,0.16385400295257568,509241422
2026-05-28T00:00:00.000000Z,0.16385200619697571,0.21426799893379211,0.16382400691509247,0.20349399745464325,1757876779
2026-05-29T00:00:00.000000Z,0.20349499583244324,0.26351600885391235,0.19629499316215515,0.26154199242591858,1934217722
2026-05-30T00:00:00.000000Z,0.26153799891471863,0.29659301042556763,0.22676500678062439,0.22891700267791748,1927550732
2026-05-31T00:00:00.000000Z,0.22891800105571747,0.26633599400520325,0.22194400429725647,0.25918900966644287,1398610846
2026-06-01T00:00:00.000000Z,0.25918099284172058,0.27303698658943176,0.24059100449085236,0.24208800494670868,1418187373
2026-06-02T00:00:00.000000Z,0.24208800494670868,0.24264100193977356,0.21553300321102142,0.22238199412822723,790490157
2026-06-03T00:00:00.000000Z,0.22237099707126617,0.23324799537658691,0.20886099338531494,0.20935900509357452,791199811
2026-06-04T00:00:00.000000Z,0.2093610018491745,0.22008000314235687,0.19951300323009491,0.20132400095462799,759190404
2026-06-05T00:00:00.000000Z,0.20130899548530579,0.20760999619960785,0.18509000539779663,0.20307700335979462,1013153871
2026-06-06T00:00:00.000000Z,0.20301799476146698,0.21491199731826782,0.18947300314903259,0.21262699365615845,697210177
2026-06-07T00:00:00.000000Z,0.21262699365615845,0.21748700737953186,0.20006699860095978,0.20585599541664124,804158991
2026-06-08T00:00:00.000000Z,0.20584399998188019,0.20767299830913544,0.19805300235748291,0.20238499343395233,342092929
2026-06-09T00:00:00.000000Z,0.20238499343395233,0.20446699857711792,0.19145999848842621,0.19239400327205658,340568259
2026-06-10T00:00:00.000000Z,0.19239400327205658,0.19258899986743927,0.18136000633239746,0.18280799686908722,581347699
2026-06-11T00:00:00.000000Z,0.18280500173568726,0.19362099468708038,0.18252499401569366,0.19166000187397003,206846697
2026-06-12T00:00:00.000000Z,0.19166199862957001,0.19874300062656403,0.18763600289821625,0.18818600475788116,201191877
2026-06-13T00:00:00.000000Z,0.18818500638008118,0.19194699823856354,0.18379800021648407,0.18706199526786804,153085374
2026-06-14T00:00:00.000000Z,0.18706700205802917,0.1917169988155365,0.18136799335479736,0.19096800684928894,159185406
2026-06-15T00:00:00.000000Z,0.19096800684928894,0.23296700417995453,0.18764600157737732,0.21382600069046021,834481168
2026-06-16T00:00:00.000000Z,0.21381999552249908,0.23278699815273285,0.2087090015411377,0.21604800224304199,574856463
2026-06-17T00:00:00.000000Z,0.21604800224304199,0.23244799673557281,0.21604500710964203,0.22552900016307831,507813170
2026-06-18T00:00:00.000000Z,0.2255299985408783,0.25051999092102051,0.2254830002784729,0.2346159964799881,784258402
2026-06-19T00:00:00.000000Z,0.23461100459098816,0.23461100459098816,0.21490100026130676,0.21820800006389618,359975952
2026-06-20T00:00:00.000000Z,0.21820400655269623,0.21822899580001831,0.21088500320911407,0.21602100133895874,199404868
2026-06-21T00:00:00.000000Z,0.21602000296115875,0.21728000044822693,0.20977699756622314,0.20983299612998962,161334486
2026-06-22T00:00:00.000000Z,0.20983199775218964,0.21624700725078583,0.20207899808883667,0.20264700055122375,222783723
2026-06-23T00:00:00.000000Z,0.20264799892902374,0.20265799760818481,0.19106200337409973,0.19509199261665344,196454014
2026-06-24T00:00:00.000000Z,0.19509199261665344,0.19694499671459198,0.1820169985294342,0.18531300127506256,217083268
2026-06-25T00:00:00.000000Z,0.18531200289726257,0.18949100375175476,0.17404499650001526,0.17848099768161774,223467419
2026-06-26T00:00:00.000000Z,0.17847500741481781,0.18017899990081787,0.17126500606536865,0.17747899889945984,197758735
2026-06-27T00:00:00.000000Z,0.17747999727725983,0.17904399335384369,0.17270700633525848,0.1737699955701828,160583447
2026-06-28T00:00:00.000000Z,0.1737699955701828,0.17468200623989105,0.16888600587844849,0.17284399271011353,110327173
2026-06-29T00:00:00.000000Z,0.17284399271011353,0.17847800254821777,0.17016200721263885,0.17464999854564667,154159821
2026-06-30T00:00:00.000000Z,0.17464999854564667,0.18866999447345734,0.17364700138568878,0.18866999447345734,357789913
2026-07-01T00:00:00.000000Z,0.18866799771785736,0.20676699280738831,0.188633993268013,0.19758899509906769,513647545
2026-07-02T00:00:00.000000Z,0.19758500158786774,0.20328700542449951,0.19279499351978302,0.19892600178718567,261688516
2026-07-03T00:00:00.000000Z,0.19892700016498566,0.20621700584888458,0.19640900194644928,0.20393399894237518,268610443
2026-07-04T00:00:00.000000Z,0.20394100248813629,0.21504700183868408,0.20285500586032867,0.20669899880886078,772033057
2026-07-05T00:00:00.000000Z,0.2066970020532608,0.2066970020532608,0.19772100448608398,0.20274099707603455,193644671
2026-07-06T00:00:00.000000Z,0.20274199545383453,0.20710499584674835,0.19655400514602661,0.19984400272369385,721150686
2026-07-07T00:00:00.000000Z,0.19984300434589386,0.20052699744701385,0.18841899931430817,0.18843799829483032,215550555
2026-07-08T00:00:00.000000Z,0.18844099342823029,0.18959499895572662,0.18010599911212921,0.18096500635147095,222708287
2026-07-09T00:00:00.000000Z,0.18096500635147095,0.1875620037317276,0.18013900518417358,0.18622399866580963,882994451
2026-07-10T00:00:00.000000Z,0.18622399866580963,0.19374099373817444,0.18507499992847443,0.19054900109767914,194300765
2026-07-11T00:00:00.000000Z,0.19054700434207916,0.19330599904060364,0.18680199980735779,0.1868090033531189,108747869
2026-07-12T00:00:00.000000Z,0.1868090033531189,0.19108900427818298,0.18309700489044189,0.18641699850559235,107525774
2026-07-13T00:00:00.000000Z,0.18641200661659241,0.18905599415302277,0.17894600331783295,0.18052099645137787,148840725
2026-07-14T00:00:00.000000Z,0.18051999807357788,0.18618699908256531,0.17781500518321991,0.18449999392032623,152536516
2026-07-15T00:00:00.000000Z,0.18450100719928741,0.19162899255752563,0.18177799880504608,0.18828399479389191,204990407
2026-07-16T00:00:00.000000Z,0.18828399479389191,0.19241699576377869,0.18502099812030792,0.18503400683403015,190338845
2026-07-17T00:00:00.000000Z,0.18503400683403015,0.18768300116062164,0.18178600072860718,0.18551799654960632,136368227
2026-07-18T00:00:00.000000Z,0.18551799654960632,0.18904399871826172,0.18326599895954132,0.18769200146198273,88147168
2026-07-19T00:00:00.000000Z,0.18769200146198273,0.19159500300884247,0.18611900508403778,0.18796400725841522,115782728
2026-07-20T00:00:00.000000Z,0.18795900046825409,0.18986199796199799,0.18442299962043762,0.18838599324226379,142093129
2026-07-21T00:00:00.000000Z,0.18838700652122498,0.19564299285411835,0.18667200207710266,0.19189399480819702,169623157
2026-07-22T00:00:00.000000Z,0.19189499318599701,0.19436900317668915,0.18593800067901611,0.18725299835205078,152909435
2026-07-23T00:00:00.000000Z,0.18725199997425079,0.18743599951267242,0.18054899573326111,0.18225300312042236,134625951
2026-07-24T00:00:00.000000Z,0.18224400281906128,0.18467800319194794,0.17667800188064575,0.17777000367641449,135742514
2026-07-25T00:00:00.000000Z,0.17777000367641449,0.17942400276660919,0.17660799622535706,0.17805500328540802,64587302
2026-07-26T00:00:00.000000Z,0.17805500328540802,0.18300899863243103,0.17677199840545654,0.18229900300502777,88129213
2026-07-27T00:00:00.000000Z,0.18230000138282776,0.1828330010175705,0.1712770015001297,0.17172500491142273,152732506
2026-07-28T00:00:00.000000Z,0.17173300683498383,0.1746709942817688,0.16975900530815125,0.17375700175762177,110882801
2026-07-29T00:00:00.000000Z,0.17375800013542175,0.17533800005912781,0.16882799565792084,0.17181700468063354,103640825
2026-07-30T00:00:00.000000Z,0.17181800305843353,0.17352099716663361,0.17085599899291992,0.17188499867916107,77368976
2026-07-31T00:00:00.000000Z,0.17188599705696106,0.17306900024414062,0.16840800642967224,0.17199300229549408,113302302
2026-08-01T00:00:00.000000Z,0.17199400067329407,0.17297400534152985,0.16870099306106567,0.17083500325679779,64986058
2026-08-02T00:00:00.000000Z,0.17083500325679779,0.17720900475978851,0.17049300670623779,0.17398099601268768,96664051
2026-08-03T00:00:00.000000Z,0.17398199439048767,0.17406600713729858,0.16983400285243988,0.17116199433803558,94121702
2026-08-04T00:00:00.000000Z,0.17116199433803558,0.17173999547958374,0.16859200596809387,0.16863900423049927,103179044
2026-08-05T00:00:00.000000Z,0.16863900423049927,0.16864000260829926,0.1644970029592514,0.16462500393390656,115138870
2026-08-06T00:00:00.000000Z,0.16462999582290649,0.16489900648593903,0.15958200395107269,0.16118499636650085,121431981
2026-08-07T00:00:00.000000Z,0.16118399798870087,0.16295599937438965,0.15942800045013428,0.16125699877738953,81051363
2026-08-08T00:00:00.000000Z,0.16125699877738953,0.16646400094032288,0.16117200255393982,0.16441799700260162,63832940
2026-08-09T00:00:00.000000Z,0.16441799700260162,0.16465799510478973,0.16103799641132355,0.16216999292373657,76277590
2026-08-10T00:00:00.000000Z,0.16216999292373657,0.16571399569511414,0.16117399930953979,0.16131399571895599,87075016
2026-08-11T00:00:00.000000Z,0.16131299734115601,0.16252599656581879,0.15903200209140778,0.16187100112438202,74724035
2026-08-12T00:00:00.000000Z,0.16187199950218201,0.16240300238132477,0.15840199589729309,0.1593099981546402,85546240
2026-08-13T00:00:00.000000Z,0.15931099653244019,0.16239899396896362,0.15841999650001526,0.15929900109767914,77173205
2026-08-14T00:00:00.000000Z,0.15929800271987915,0.16014599800109863,0.15642599761486053,0.15789799392223358,70033394
2026-08-15T00:00:00.000000Z,0.1578889936208725,0.15949399769306183,0.15758700668811798,0.15787799656391144,53284084
2026-08-16T00:00:00.000000Z,0.15787899494171143,0.15938299894332886,0.15604899823665619,0.15621399879455566,56995705
2026-08-17T00:00:00.000000Z,0.15621399879455566,0.15898999571800232,0.15596100687980652,0.15782499313354492,69172135
2026-08-18T00:00:00.000000Z,0.15782499313354492,0.15798400342464447,0.15250000357627869,0.1547359973192215,94330764
2026-08-19T00:00:00.000000Z,0.1547359973192215,0.17251400649547577,0.153889000415802,0.17009499669075012,155706326
2026-08-20T00:00:00.000000Z,0.17009200155735016,0.19100199639797211,0.16656500101089478,0.18144999444484711,327282618
2026-08-21T00:00:00.000000Z,0.18145400285720825,0.20379899442195892,0.18144699931144714,0.20185099542140961,382911008
2026-08-22T00:00:00.000000Z,0.20185199379920959,0.22181600332260132,0.1933169960975647,0.19582499563694,640113371
2026-08-23T00:00:00.000000Z,0.19581699371337891,0.20194399356842041,0.18803900480270386,0.19962799549102783,285249658
2026-08-24T00:00:00.000000Z,0.19962699711322784,0.19994400441646576,0.19192199409008026,0.19342699646949768,257525020
2026-08-25T00:00:00.000000Z,0.19342599809169769,0.19989399611949921,0.18232400715351105,0.18235500156879425,230751659
2026-08-26T00:00:00.000000Z,0.18236100673675537,0.1855120062828064,0.17827199399471283,0.18549799919128418,147884443
2026-08-27T00:00:00.000000Z,0.18549700081348419,0.1894650012254715,0.18127100169658661,0.18746499717235565,137736729
2026-08-28T00:00:00.000000Z,0.18746800720691681,0.18888700008392334,0.17633999884128571,0.17946299910545349,148370914
2026-08-29T00:00:00.000000Z,0.1794620007276535,0.1801149994134903,0.17693200707435608,0.17969200015068054,65032048
2026-08-30T00:00:00.000000Z,0.17969200015068054,0.18219299614429474,0.17306199669837952,0.17489500343799591,109199336
2026-08-31T00:00:00.000000Z,0.17489199340343475,0.17964699864387512,0.17397899925708771,0.17722600698471069,122729129
2026-09-01T00:00:00.000000Z,0.17722600698471069,0.1792140007019043,0.17418600618839264,0.17576399445533752,111598671
2026-09-02T00:00:00.000000Z,0.17576299607753754,0.17648699879646301,0.17165000736713409,0.17520099878311157,97567044
2026-09-03T00:00:00.000000Z,0.17520000040531158,0.18782299757003784,0.17519000172615051,0.18432199954986572,159577028
2026-09-04T00:00:00.000000Z,0.18432199954986572,0.18652500212192535,0.17777599394321442,0.17949600517749786,140291635
2026-09-05T00:00:00.000000Z,0.17950400710105896,0.18616299331188202,0.17872999608516693,0.18407399952411652,114685420
2026-09-06T00:00:00.000000Z,0.18407699465751648,0.18751700222492218,0.18316300213336945,0.18672700226306915,116823630
2026-09-07T00:00:00.000000Z,0.1867309957742691,0.19614799320697784,0.18581299483776093,0.19373400509357452,257968286
2026-09-08T00:00:00.000000Z,0.19373400509357452,0.194132000207901,0.18661899864673615,0.18774199485778809,196415810
2026-09-09T00:00:00.000000Z,0.18774199485778809,0.19070500135421753,0.1799750030040741,0.18116700649261475,171510100
2026-09-10T00:00:00.000000Z,0.18116700649261475,0.18119099736213684,0.17447899281978607,0.17474900186061859,150543336
2026-09-12T00:00:00.000000Z,0.17824697494506836,0.18110144138336182,0.17824697494506836,0.17955000698566437,167065248
