timestamp_utc,Open,High,Low,Close,Volume
2020-09-04T00:00:00.000000Z,17.199445724487305,20.426851272583008,16.956684112548828,17.663234710693359,17523619
2020-09-05T00:00:00.000000Z,17.6688232421875,17.721092224121094,10.540352821350098,12.363200187683105,14702761
2020-09-06T00:00:00.000000Z,12.369629859924316,14.389669418334961,11.872576713562012,13.38801383972168,11250929
2020-09-07T00:00:00.000000Z,13.388372421264648,13.549776077270508,12.040599822998047,13.220532417297363,12113978
2020-09-08T00:00:00.000000Z,13.223187446594238,15.521869659423828,13.21884822845459,13.879171371459961,18565986
2020-09-09T00:00:00.000000Z,13.882617950439453,15.409046173095703,13.838179588317871,15.115467071533203,11363483
2020-09-10T00:00:00.000000Z,15.137818336486816,15.640979766845703,13.913678169250488,13.975058555603027,9007005
2020-09-11T00:00:00.000000Z,13.974897384643555,14.458511352539062,13.61872386932373,14.29927921295166,5079868
2020-09-12T00:00:00.000000Z,14.300795555114746,14.503337860107422,13.691356658935547,13.908657073974609,4017358
2020-09-13T00:00:00.000000Z,13.917316436767578,13.997111320495605,13.024567604064941,13.303648948669434,4359422
2020-09-14T00:00:00.000000Z,13.298686981201172,14.436678886413574,12.805499076843262,13.991923332214355,10072079
2020-09-15T00:00:00.000000Z,13.991923332214355,14.912399291992188,12.890078544616699,13.053008079528809,10796552
2020-09-16T00:00:00.000000Z,13.073461532592773,13.076922416687012,11.891562461853027,12.621472358703613,5846680
2020-09-17T00:00:00.000000Z,12.638043403625488,12.868502616882324,11.781132698059082,12.029502868652344,4094862
2020-09-18T00:00:00.000000Z,12.044392585754395,12.325329780578613,10.977498054504395,11.209901809692383,5599254
2020-09-19T00:00:00.000000Z,11.228384971618652,12.216463088989258,11.201727867126465,11.961627960205078,5052131
2020-09-20T00:00:00.000000Z,11.944526672363281,12.094684600830078,10.334077835083008,10.727279663085938,5716498
2020-09-21T00:00:00.000000Z,10.727279663085938,10.947689056396484,8.5168991088867188,8.8658037185668945,8432342
2020-09-22T00:00:00.000000Z,8.8506574630737305,9.0685768127441406,8.4622259140014648,8.7224483489990234,5299690
2020-09-23T00:00:00.000000Z,8.7130594253540039,9.4291505813598633,8.3443756103515625,8.7855730056762695,8650006
2020-09-24T00:00:00.000000Z,8.7905025482177734,9.2236232757568359,8.7473316192626953,9.1796503067016602,5421197
2020-09-25T00:00:00.000000Z,9.2278509140014648,10.095767974853516,9.1532497406005859,10.002554893493652,6928257
2020-09-26T00:00:00.000000Z,10.002612113952637,10.591036796569824,9.9810113906860352,10.428104400634766,4974070
2020-09-27T00:00:00.000000Z,10.425682067871094,10.480588912963867,9.6549301147460938,10.031835556030273,4049774
2020-09-28T00:00:00.000000Z,10.032233238220215,10.508053779602051,10.012110710144043,10.018738746643066,4189993
2020-09-29T00:00:00.000000Z,10.018709182739258,10.315873146057129,9.9933109283447266,10.252137184143066,3949916
2020-09-30T00:00:00.000000Z,10.255261421203613,10.582171440124512,10.089363098144531,10.3624267578125,5678673
2020-10-01T00:00:00.000000Z,10.362406730651855,10.916382789611816,10.053798675537109,10.281540870666504,6872983
2020-10-02T00:00:00.000000Z,10.281635284423828,10.293905258178711,9.1032400131225586,9.4087629318237305,5297398
2020-10-03T00:00:00.000000Z,9.4095983505249023,9.5304536819458008,9.1074600219726562,9.1109638214111328,2313252
2020-10-04T00:00:00.000000Z,9.1120100021362305,9.2828054428100586,8.9367589950561523,9.0591678619384766,2771442
2020-10-05T00:00:00.000000Z,9.062495231628418,9.1108417510986328,8.1424074172973633,8.4737958908081055,5744715
2020-10-06T00:00:00.000000Z,8.4743156433105469,8.4743156433105469,6.8863530158996582,6.9420051574707031,5801902
2020-10-07T00:00:00.000000Z,6.9427881240844727,7.7721281051635742,6.5436301231384277,7.7638750076293945,6173917
2020-10-08T00:00:00.000000Z,7.7638301849365234,7.7816429138183594,7.0732297897338867,7.4608159065246582,5344220
2020-10-09T00:00:00.000000Z,7.4689979553222656,8.118840217590332,7.3413357734680176,7.9292068481445312,5643499
2020-10-10T00:00:00.000000Z,7.9239048957824707,8.0680770874023438,7.7649831771850586,7.7731781005859375,3369208
2020-10-11T00:00:00.000000Z,7.7757830619812012,8.1808414459228516,7.6092948913574219,8.1687955856323242,4109759
2020-10-12T00:00:00.000000Z,8.1692409515380859,8.1881399154663086,7.8682670593261719,8.0498580932617188,4047358
2020-10-13T00:00:00.000000Z,8.0305356979370117,8.1546001434326172,7.8734078407287598,7.9615268707275391,3085183
2020-10-14T00:00:00.000000Z,7.9571199417114258,8.1730661392211914,7.7856621742248535,7.9962401390075684,5519294
2020-10-15T00:00:00.000000Z,7.9945278167724609,7.9945278167724609,7.7359552383422852,7.8679771423339844,4886077
2020-10-16T00:00:00.000000Z,7.8707032203674316,7.8749628067016602,7.2841091156005859,7.3895459175109863,5261453
2020-10-17T00:00:00.000000Z,7.3867669105529785,7.6580848693847656,7.3772611618041992,7.612433910369873,3464904
2020-10-18T00:00:00.000000Z,7.617887020111084,7.6919260025024414,7.5502071380615234,7.5974750518798828,3319943
2020-10-19T00:00:00.000000Z,7.5960121154785156,7.5984549522399902,7.310999870300293,7.3462090492248535,4018733
2020-10-20T00:00:00.000000Z,7.3496198654174805,7.3496198654174805,6.7974700927734375,7.164031982421875,7918072
2020-10-21T00:00:00.000000Z,7.1632308959960938,7.499697208404541,7.1616787910461426,7.499697208404541,6425547
2020-10-22T00:00:00.000000Z,7.4995031356811523,7.7880687713623047,7.4219098091125488,7.692814826965332,5028264
2020-10-23T00:00:00.000000Z,7.6970229148864746,8.6204833984375,7.655418872833252,8.567631721496582,15864726
2020-10-24T00:00:00.000000Z,8.5676326751708984,9.5374250411987305,8.460693359375,8.6122932434082031,25346089
2020-10-25T00:00:00.000000Z,8.6122932434082031,9.2906694412231445,8.2290496826171875,9.0195379257202148,15557892
2020-10-26T00:00:00.000000Z,9.0195388793945312,9.2106847763061523,8.3252906799316406,8.5493927001953125,11748892
2020-10-27T00:00:00.000000Z,8.5493917465209961,8.6428146362304688,8.3054361343383789,8.4960813522338867,9717769
2020-10-28T00:00:00.000000Z,8.4960832595825195,8.581965446472168,7.741692066192627,7.8566808700561523,7804961
2020-10-29T00:00:00.000000Z,7.8563318252563477,7.987278938293457,7.174983024597168,7.3693752288818359,5311272
2020-10-30T00:00:00.000000Z,7.3693752288818359,7.6648111343383789,7.265927791595459,7.6327419281005859,5453105
2020-10-31T00:00:00.000000Z,7.6327419281005859,7.6569719314575195,7.2326970100402832,7.33489990234375,3665175
2020-11-01T00:00:00.000000Z,7.33489990234375,7.8085851669311523,7.2919211387634277,7.6830058097839355,3902656
2020-11-02T00:00:00.000000Z,7.6837382316589355,7.7571291923522949,7.282991886138916,7.3253312110900879,3975270
2020-11-03T00:00:00.000000Z,7.3253321647644043,7.416776180267334,7.1913161277770996,7.2636561393737793,3240914
2020-11-04T00:00:00.000000Z,7.2636570930480957,7.2773308753967285,7.0301728248596191,7.1793317794799805,2890265
2020-11-05T00:00:00.000000Z,7.1794657707214355,7.4821391105651855,7.0084228515625,7.4003071784973145,4820523
2020-11-06T00:00:00.000000Z,7.4001660346984863,8.2982244491577148,7.3802661895751953,8.2436561584472656,8436637
2020-11-07T00:00:00.000000Z,8.2436552047729492,8.3742179870605469,7.6250448226928711,7.8642997741699219,12800656
2020-11-08T00:00:00.000000Z,7.8642997741699219,8.2842340469360352,7.7733778953552246,8.2550086975097656,7663312
2020-11-09T00:00:00.000000Z,8.2550077438354492,8.2975654602050781,7.9604768753051758,8.0866880416870117,5664962
2020-11-10T00:00:00.000000Z,8.0866899490356445,8.4979877471923828,8.0410966873168945,8.4433917999267578,7584571
2020-11-11T00:00:00.000000Z,8.4433917999267578,8.5937662124633789,7.8260941505432129,7.831028938293457,6134176
2020-11-12T00:00:00.000000Z,7.831024169921875,7.8871350288391113,7.3821110725402832,7.500831127166748,4340325
2020-11-13T00:00:00.000000Z,7.5008349418640137,7.8381071090698242,7.4827828407287598,7.7670998573303223,3956155
2020-11-14T00:00:00.000000Z,7.7670998573303223,7.7712030410766602,7.3410930633544922,7.5031352043151855,3289729
2020-11-15T00:00:00.000000Z,7.5031352043151855,7.7203688621520996,7.4153528213500977,7.5832772254943848,3487645
2020-11-16T00:00:00.000000Z,7.5832772254943848,7.8834280967712402,7.5239229202270508,7.7321867942810059,3780952
2020-11-17T00:00:00.000000Z,7.6909527778625488,7.9825811386108398,7.6865382194519043,7.8447141647338867,4584455
2020-11-18T00:00:00.000000Z,7.8446612358093262,7.9181618690490723,7.1395158767700195,7.5007519721984863,6434877
2020-11-19T00:00:00.000000Z,7.5008039474487305,7.646306037902832,7.2541689872741699,7.5928950309753418,4041510
2020-11-20T00:00:00.000000Z,7.5928959846496582,8.0001373291015625,7.5392842292785645,7.6134600639343262,4588253
2020-11-21T00:00:00.000000Z,7.6134600639343262,8.3591651916503906,7.6134600639343262,8.1912412643432617,11932069
2020-11-22T00:00:00.000000Z,8.1912412643432617,8.2746086120605469,7.6722240447998047,8.0007877349853516,9366343
2020-11-23T00:00:00.000000Z,8.0007877349853516,8.9951639175415039,7.9518451690673828,8.8535366058349609,16802609
2020-11-24T00:00:00.000000Z,8.8575401306152344,9.0573673248291016,8.4226350784301758,8.8291559219360352,16629812
2020-11-25T00:00:00.000000Z,8.8291158676147461,10.077445030212402,8.6089487075805664,9.5882291793823242,25348139
2020-11-26T00:00:00.000000Z,9.5912294387817383,9.8612909317016602,8.2321348190307617,9.0296735763549805,28745504
2020-11-27T00:00:00.000000Z,9.0294637680053711,9.1565093994140625,8.6336812973022461,8.8428831100463867,9012404
2020-11-28T00:00:00.000000Z,8.8527336120605469,9.0161342620849609,8.6026182174682617,8.8056974411010742,7738598
2020-11-29T00:00:00.000000Z,8.8063945770263672,9.1031560897827148,8.6878910064697266,8.9266071319580078,6971628
2020-11-30T00:00:00.000000Z,8.9177331924438477,9.2904787063598633,8.7961835861206055,9.1745491027832031,11891217
2020-12-01T00:00:00.000000Z,9.1848325729370117,9.5142335891723633,8.7864313125610352,9.2889432907104492,14091006
2020-12-02T00:00:00.000000Z,9.2931766510009766,11.869514465332031,9.2148094177246094,11.570185661315918,28801054
2020-12-03T00:00:00.000000Z,11.587466239929199,13.345362663269043,11.587466239929199,13.065915107727051,35269315
2020-12-04T00:00:00.000000Z,13.075555801391602,13.882003784179688,11.317939758300781,12.107104301452637,29457934
2020-12-05T00:00:00.000000Z,12.115145683288574,14.581489562988281,11.897435188293457,13.928130149841309,41635921
2020-12-06T00:00:00.000000Z,13.90670108795166,13.955678939819336,12.940844535827637,13.754974365234375,23375816
2020-12-07T00:00:00.000000Z,13.727810859680176,13.877630233764648,12.857917785644531,13.146364212036133,15108329
2020-12-08T00:00:00.000000Z,13.14350700378418,13.143930435180664,12.276620864868164,12.502220153808594,13929693
2020-12-09T00:00:00.000000Z,12.50440502166748,14.520561218261719,12.419447898864746,13.959319114685059,28526045
2020-12-10T00:00:00.000000Z,13.983403205871582,14.509984016418457,13.57368278503418,13.760066986083984,15966543
2020-12-11T00:00:00.000000Z,13.735750198364258,15.260404586791992,13.163795471191406,14.820865631103516,28919343
2020-12-12T00:00:00.000000Z,14.79905891418457,17.035547256469727,14.786171913146973,16.643213272094727,39164363
2020-12-13T00:00:00.000000Z,16.592084884643555,17.156375885009766,15.99312686920166,16.913911819458008,26942599
2020-12-14T00:00:00.000000Z,16.914567947387695,19.879724502563477,16.564050674438477,19.201040267944336,68237739
2020-12-15T00:00:00.000000Z,19.214332580566406,24.440164566040039,18.80976676940918,24.268318176269531,124283114
2020-12-16T00:00:00.000000Z,24.312248229980469,25.376644134521484,20.718408584594727,21.665699005126953,109911961
2020-12-17T00:00:00.000000Z,21.652576446533203,23.643117904663086,20.41847038269043,23.290679931640625,87825304
2020-12-18T00:00:00.000000Z,23.283477783203125,27.724508285522461,22.793266296386719,25.377222061157227,128734200
2020-12-19T00:00:00.000000Z,25.361982345581055,27.372392654418945,25.228670120239258,26.521844863891602,28295140
2020-12-20T00:00:00.000000Z,26.581796646118164,26.581796646118164,24.3975830078125,25.564718246459961,44216135
2020-12-21T00:00:00.000000Z,25.578096389770508,29.024692535400391,25.501497268676758,28.158746719360352,91705570
2020-12-22T00:00:00.000000Z,28.066797256469727,29.738340377807617,26.833229064941406,28.022434234619141,95982330
2020-12-23T00:00:00.000000Z,28.0029296875,28.470352172851562,20.56879997253418,21.526378631591797,96972112
2020-12-24T00:00:00.000000Z,21.671731948852539,26.082553863525391,21.000097274780273,24.98341178894043,71958465
2020-12-25T00:00:00.000000Z,24.965539932250977,25.078571319580078,22.30950927734375,22.930400848388672,33790545
2020-12-26T00:00:00.000000Z,22.943872451782227,23.906459808349609,20.726320266723633,23.106826782226562,52156707
2020-12-27T00:00:00.000000Z,23.112314224243164,24.186618804931641,21.021387100219727,21.831544876098633,55839308
2020-12-28T00:00:00.000000Z,21.82988166809082,26.596824645996094,21.650310516357422,25.392822265625,86572172
2020-12-29T00:00:00.000000Z,25.394786834716797,25.831474304199219,23.633350372314453,23.788751602172852,47246141
2020-12-30T00:00:00.000000Z,23.779767990112305,25.267169952392578,23.507011413574219,24.127412796020508,31025220
2020-12-31T00:00:00.000000Z,24.136190414428711,24.646352767944336,23.581958770751953,24.636850357055664,18002132
2021-01-01T00:00:00.000000Z,24.659027099609375,27.260885238647461,24.528057098388672,26.065042495727539,45807755
2021-01-02T00:00:00.000000Z,26.067724227905273,26.924808502197266,24.950872421264648,25.891307830810547,44075762
2021-01-03T00:00:00.000000Z,25.895036697387695,27.965398788452148,25.388483047485352,27.156723022460938,51460188
2021-01-04T00:00:00.000000Z,27.307104110717773,31.151472091674805,26.142293930053711,30.629922866821289,107701273
2021-01-05T00:00:00.000000Z,30.612676620483398,35.002605438232422,29.70625114440918,33.953746795654297,114435542
2021-01-06T00:00:00.000000Z,34.026599884033203,39.775424957275391,33.62689208984375,38.435569763183594,117183928
2021-01-07T00:00:00.000000Z,38.553188323974609,41.960353851318359,36.777782440185547,37.123439788818359,122374067
2021-01-08T00:00:00.000000Z,37.115528106689453,40.758644104003906,33.993232727050781,37.388507843017578,92375977
2021-01-09T00:00:00.000000Z,37.38897705078125,38.751750946044922,35.841964721679688,37.021514892578125,65121899
2021-01-10T00:00:00.000000Z,37.012844085693359,39.29998779296875,33.949131011962891,36.24639892578125,83208484
2021-01-11T00:00:00.000000Z,36.255401611328125,36.307155609130859,27.030458450317383,32.637981414794922,111227503
2021-01-12T00:00:00.000000Z,32.616626739501953,34.784267425537109,30.817476272583008,31.533842086791992,56445914
2021-01-13T00:00:00.000000Z,31.47126579284668,34.756462097167969,30.435277938842773,34.756462097167969,58733633
2021-01-14T00:00:00.000000Z,34.760105133056641,38.805187225341797,34.038841247558594,37.818347930908203,65967967
2021-01-15T00:00:00.000000Z,37.877586364746094,39.043510437011719,34.991828918457031,37.144180297851562,68718129
2021-01-16T00:00:00.000000Z,37.141567230224609,38.726741790771484,36.137538909912109,36.917579650878906,50173410
2021-01-17T00:00:00.000000Z,36.797447204589844,38.520816802978516,35.397495269775391,37.453754425048828,48539017
2021-01-18T00:00:00.000000Z,37.505519866943359,40.814907073974609,37.211666107177734,39.5064697265625,56935788
2021-01-19T00:00:00.000000Z,39.541030883789062,39.988819122314453,37.414680480957031,37.713840484619141,49386360
2021-01-20T00:00:00.000000Z,37.653255462646484,39.909477233886719,35.756725311279297,38.676082611083984,82874539
2021-01-21T00:00:00.000000Z,38.7088623046875,39.617431640625,36.208957672119141,37.247657775878906,65851905
2021-01-22T00:00:00.000000Z,37.259090423583984,38.226177215576172,34.915023803710938,37.267826080322266,56274102
2021-01-23T00:00:00.000000Z,37.230667114257812,38.236351013183594,36.279289245605469,37.04119873046875,33182223
2021-01-24T00:00:00.000000Z,37.0491943359375,41.799922943115234,36.356674194335938,41.372714996337891,48554444
2021-01-25T00:00:00.000000Z,41.312290191650391,53.765396118164062,41.312290191650391,50.121994018554688,256103435
2021-01-26T00:00:00.000000Z,50.087577819824219,50.715187072753906,46.719715118408203,48.373424530029297,79729348
2021-01-27T00:00:00.000000Z,48.379890441894531,54.516986846923828,45.991279602050781,53.469379425048828,137293282
2021-01-28T00:00:00.000000Z,53.448986053466797,61.198337554931641,53.159198760986328,59.305385589599609,155315701
2021-01-29T00:00:00.000000Z,57.994174957275391,62.770168304443359,56.166652679443359,61.874496459960938,149500042
2021-01-30T00:00:00.000000Z,61.753097534179688,74.097099304199219,61.436176300048828,64.874496459960938,230929865
2021-01-31T00:00:00.000000Z,64.838661193847656,69.400856018066406,62.034229278564453,63.5521240234375,116866717
2021-02-01T00:00:00.000000Z,63.542961120605469,69.731155395507812,58.664390563964844,66.183242797851562,143032513
2021-02-02T00:00:00.000000Z,66.175605773925781,67.637870788574219,63.132881164550781,64.293342590332031,84848404
2021-02-03T00:00:00.000000Z,64.260467529296875,68.990272521972656,63.738269805908203,67.925613403320312,77929909
2021-02-04T00:00:00.000000Z,67.951927185058594,78.769309997558594,65.0521240234375,73.999427795410156,150715906
2021-02-05T00:00:00.000000Z,74.083633422851562,89.457969665527344,74.083633422851562,88.384536743164062,159133895
2021-02-06T00:00:00.000000Z,88.186119079589844,99.364295959472656,83.958427429199219,96.179679870605469,219894555
2021-02-07T00:00:00.000000Z,96.12884521484375,142.82133483886719,93.607803344726562,140.68060302734375,708156790
2021-02-08T00:00:00.000000Z,140.75747680664062,196.63040161132812,130.01118469238281,166.75942993164062,1099163771
2021-02-09T00:00:00.000000Z,163.34812927246094,215.86865234375,159.83195495605469,196.02194213867188,739262134
2021-02-10T00:00:00.000000Z,195.90423583984375,214.44287109375,165.55287170410156,176.74038696289062,578129891
2021-02-11T00:00:00.000000Z,176.53276062011719,187.16970825195312,149.17997741699219,158.381591796875,407950259
2021-02-12T00:00:00.000000Z,157.768310546875,177.54421997070312,153.39552307128906,170.30610656738281,352452060
2021-02-13T00:00:00.000000Z,169.95442199707031,175.30120849609375,159.98699951171875,160.28398132324219,173995421
2021-02-14T00:00:00.000000Z,159.9200439453125,167.60679626464844,150.99156188964844,154.87370300292969,205186018
2021-02-15T00:00:00.000000Z,154.31944274902344,168.6881103515625,105.084716796875,140.41864013671875,734896645
2021-02-16T00:00:00.000000Z,140.03767395019531,151.44186401367188,131.5223388671875,137.02078247070312,254758586
2021-02-17T00:00:00.000000Z,137.15965270996094,156.98826599121094,124.41298675537109,145.35003662109375,386929119
2021-02-18T00:00:00.000000Z,145.44572448730469,166.23011779785156,143.61921691894531,152.23736572265625,321395016
2021-02-19T00:00:00.000000Z,151.68832397460938,154.18572998046875,135.94990539550781,140.03378295898438,230753011
2021-02-20T00:00:00.000000Z,139.66159057617188,154.45733642578125,133.717529296875,139.86738586425781,236418540
2021-02-21T00:00:00.000000Z,139.72648620605469,144.36836242675781,136.56719970703125,140.514404296875,121930022
2021-02-22T00:00:00.000000Z,140.67880249023438,153.08253479003906,105.91719818115234,126.82720184326172,305184564
2021-02-23T00:00:00.000000Z,126.79248046875,126.94918060302734,89.931846618652344,109.75375366210938,314916613
2021-02-24T00:00:00.000000Z,109.92250823974609,129.92962646484375,104.74387359619141,116.63410949707031,183660870
2021-02-25T00:00:00.000000Z,116.76371765136719,128.45130920410156,113.15448760986328,113.25344848632812,149297372
2021-02-26T00:00:00.000000Z,113.47022247314453,127.82758331298828,104.42452239990234,124.02540588378906,249691205
2021-02-27T00:00:00.000000Z,124.18730926513672,151.43339538574219,122.63702392578125,135.41226196289062,346815813
2021-02-28T00:00:00.000000Z,135.59014892578125,136.35293579101562,120.85338592529297,130.27781677246094,173592436
2021-03-01T00:00:00.000000Z,130.44247436523438,143.47674560546875,129.93301391601562,138.289306640625,154492768
2021-03-02T00:00:00.000000Z,138.31634521484375,144.6614990234375,127.73920440673828,134.0679931640625,146966490
2021-03-03T00:00:00.000000Z,134.12187194824219,143.52351379394531,132.1461181640625,142.04132080078125,137423002
2021-03-04T00:00:00.000000Z,141.607177734375,159.46246337890625,138.47459411621094,150.84854125976562,348067300
2021-03-05T00:00:00.000000Z,150.91563415527344,150.91563415527344,139.20204162597656,141.90370178222656,166031861
2021-03-06T00:00:00.000000Z,141.49795532226562,144.89193725585938,133.23553466796875,137.29536437988281,106963111
2021-03-07T00:00:00.000000Z,137.31443786621094,151.51380920410156,137.31443786621094,145.89834594726562,126345724
2021-03-08T00:00:00.000000Z,145.88169860839844,149.75111389160156,141.39585876464844,147.17451477050781,106069662
2021-03-09T00:00:00.000000Z,147.29914855957031,163.80363464355469,144.9091796875,158.84768676757812,174317226
2021-03-10T00:00:00.000000Z,158.35446166992188,164.97962951660156,148.51976013183594,151.26361083984375,163163412
2021-03-11T00:00:00.000000Z,150.9454345703125,156.0780029296875,146.31294250488281,150.55564880371094,116422812
2021-03-12T00:00:00.000000Z,151.09452819824219,151.83230590820312,137.72496032714844,140.39068603515625,99516760
2021-03-13T00:00:00.000000Z,140.4736328125,146.62673950195312,136.40640258789062,140.54812622070312,90225948
2021-03-14T00:00:00.000000Z,140.49197387695312,141.9267578125,131.20480346679688,132.35394287109375,94154169
2021-03-15T00:00:00.000000Z,131.90147399902344,138.23443603515625,124.98145294189453,130.70700073242188,124930060
2021-03-16T00:00:00.000000Z,130.65080261230469,133.38917541503906,126.78998565673828,130.45516967773438,80884385
2021-03-17T00:00:00.000000Z,130.38740539550781,137.15995788574219,127.87464904785156,135.89547729492188,73350234
2021-03-18T00:00:00.000000Z,135.74949645996094,137.95448303222656,130.97190856933594,133.04939270019531,62418770
2021-03-19T00:00:00.000000Z,133.23223876953125,135.51441955566406,130.34884643554688,134.26513671875,57754367
2021-03-20T00:00:00.000000Z,133.98922729492188,148.76402282714844,133.66064453125,137.12864685058594,104190111
2021-03-21T00:00:00.000000Z,137.2640380859375,140.04216003417969,132.43522644042969,138.43197631835938,59693652
2021-03-22T00:00:00.000000Z,138.54052734375,145.62844848632812,133.60821533203125,135.11279296875,103456189
2021-03-23T00:00:00.000000Z,134.93247985839844,136.78092956542969,129.13438415527344,131.30618286132812,74690654
2021-03-24T00:00:00.000000Z,131.12745666503906,135.64533996582031,120.71520233154297,121.02787780761719,74676160
2021-03-25T00:00:00.000000Z,120.83766174316406,125.21768951416016,116.80110168457031,122.13545989990234,88411044
2021-03-26T00:00:00.000000Z,122.10997772216797,144.36541748046875,122.07416534423828,140.95838928222656,169273844
2021-03-27T00:00:00.000000Z,141.11320495605469,153.33723449707031,139.36453247070312,146.76869201660156,146974940
2021-03-28T00:00:00.000000Z,146.4752197265625,148.40826416015625,138.74951171875,141.41378784179688,85216524
2021-03-29T00:00:00.000000Z,141.71682739257812,148.78622436523438,138.60986328125,143.58460998535156,88759568
2021-03-30T00:00:00.000000Z,143.61758422851562,146.21865844726562,141.92640686035156,142.90167236328125,70809134
2021-03-31T00:00:00.000000Z,142.92839050292969,144.66458129882812,133.95188903808594,139.91644287109375,74541237
2021-04-01T00:00:00.000000Z,139.79306030273438,150.23455810546875,138.06248474121094,150.085205078125,112577180
2021-04-02T00:00:00.000000Z,150.53962707519531,173.08316040039062,150.53962707519531,167.62654113769531,258165789
2021-04-03T00:00:00.000000Z,168.02525329589844,186.45314025878906,156.50202941894531,158.69137573242188,267613693
2021-04-04T00:00:00.000000Z,160.20210266113281,172.20651245117188,157.20640563964844,168.69483947753906,135110585
2021-04-05T00:00:00.000000Z,168.86328125,170.87568664550781,160.4130859375,166.73832702636719,131572873
2021-04-06T00:00:00.000000Z,166.91143798828125,194.49139404296875,162.54669189453125,192.16619873046875,376135465
2021-04-07T00:00:00.000000Z,193.14862060546875,195.52993774414062,167.46987915039062,173.24873352050781,236230942
2021-04-08T00:00:00.000000Z,173.61862182617188,184.2003173828125,172.85136413574219,180.45283508300781,115877349
2021-04-09T00:00:00.000000Z,180.48394775390625,197.14892578125,180.300048828125,194.30374145507812,184242856
2021-04-10T00:00:00.000000Z,194.35270690917969,214.14500427246094,188.37281799316406,209.291259765625,290475782
2021-04-11T00:00:00.000000Z,208.96859741210938,242.90449523925781,205.191650390625,239.23619079589844,493018183
2021-04-12T00:00:00.000000Z,237.60377502441406,245.55738830566406,217.30503845214844,225.55191040039062,316610493
2021-04-13T00:00:00.000000Z,225.02400207519531,226.179443359375,209.2611083984375,212.38404846191406,224585920
2021-04-14T00:00:00.000000Z,212.54739379882812,238.45075988769531,210.06205749511719,226.6510009765625,289699598
2021-04-15T00:00:00.000000Z,226.02204895019531,233.51568603515625,218.64091491699219,226.83053588867188,191206975
2021-04-16T00:00:00.000000Z,226.55416870117188,227.17488098144531,204.83230590820312,211.38494873046875,178861303
2021-04-17T00:00:00.000000Z,210.99481201171875,219.70370483398438,209.48832702636719,215.82717895507812,129551609
2021-04-18T00:00:00.000000Z,215.49736022949219,216.56034851074219,133.86589050292969,189.7672119140625,422509755
2021-04-19T00:00:00.000000Z,189.81219482421875,193.94926452636719,167.43669128417969,168.95016479492188,178633914
2021-04-20T00:00:00.000000Z,168.20199584960938,177.98001098632812,153.79991149902344,174.91429138183594,233813657
2021-04-21T00:00:00.000000Z,174.78060913085938,195.94305419921875,169.99716186523438,181.46449279785156,215947856
2021-04-22T00:00:00.000000Z,181.41374206542969,186.15382385253906,155.68244934082031,164.48876953125,180841666
2021-04-23T00:00:00.000000Z,164.42131042480469,167.01358032226562,140.17352294921875,161.44442749023438,226627001
2021-04-24T00:00:00.000000Z,161.29576110839844,161.61848449707031,144.78144836425781,148.56846618652344,117757307
2021-04-25T00:00:00.000000Z,148.7091064453125,157.13478088378906,138.50729370117188,149.0965576171875,83936596
2021-04-26T00:00:00.000000Z,149.47573852539062,171.422607421875,148.3739013671875,166.24441528320312,105709762
2021-04-27T00:00:00.000000Z,166.41357421875,184.88209533691406,163.33901977539062,181.08274841308594,117498896
2021-04-28T00:00:00.000000Z,181.12789916992188,187.79678344726562,171.96817016601562,180.12445068359375,109455315
2021-04-29T00:00:00.000000Z,180.11207580566406,182.58900451660156,170.61605834960938,174.14910888671875,90184709
2021-04-30T00:00:00.000000Z,174.34266662597656,185.6907958984375,172.43002319335938,183.87236022949219,86627861
2021-05-01T00:00:00.000000Z,183.8480224609375,185.27383422851562,177.56881713867188,181.60311889648438,61928868
2021-05-02T00:00:00.000000Z,181.52398681640625,182.25309753417969,173.57920837402344,180.75588989257812,64255539
2021-05-03T00:00:00.000000Z,180.57479858398438,196.36344909667969,180.34378051757812,193.41436767578125,111162092
2021-05-04T00:00:00.000000Z,193.46992492675781,193.95222473144531,175.03932189941406,175.63246154785156,127381907
2021-05-05T00:00:00.000000Z,175.3360595703125,199.61933898925781,174.69088745117188,192.81547546386719,128070123
2021-05-06T00:00:00.000000Z,192.62289428710938,205.01530456542969,189.35528564453125,193.82856750488281,137788584
2021-05-07T00:00:00.000000Z,194.33836364746094,198.11720275878906,187.08448791503906,190.53982543945312,90894841
2021-05-08T00:00:00.000000Z,190.325439453125,193.32217407226562,184.75625610351562,185.59480285644531,68650981
2021-05-09T00:00:00.000000Z,185.73088073730469,189.72506713867188,180.0225830078125,187.59062194824219,73746350
2021-05-10T00:00:00.000000Z,187.64082336425781,191.60227966308594,163.33546447753906,173.04168701171875,105027377
2021-05-11T00:00:00.000000Z,173.13014221191406,181.67893981933594,169.61579895019531,181.67893981933594,102120338
2021-05-12T00:00:00.000000Z,181.54692077636719,186.11750793457031,167.56683349609375,167.58139038085938,126379720
2021-05-13T00:00:00.000000Z,170.228759765625,175.85871887207031,154.46734619140625,161.36358642578125,191577010
2021-05-14T00:00:00.000000Z,161.28941345214844,172.57070922851562,160.62232971191406,164.07911682128906,101472911
2021-05-15T00:00:00.000000Z,164.00440979003906,167.5400390625,155.24150085449219,156.75834655761719,119267983
2021-05-16T00:00:00.000000Z,156.75038146972656,169.42704772949219,144.13615417480469,154.871826171875,129039593
2021-05-17T00:00:00.000000Z,154.52778625488281,154.76792907714844,135.05709838867188,140.46511840820312,146405567
2021-05-18T00:00:00.000000Z,140.2255859375,149.963134765625,139.37655639648438,144.89918518066406,110307159
2021-05-19T00:00:00.000000Z,145.12039184570312,148.38955688476562,75.144027709960938,97.547203063964844,296196201
2021-05-20T00:00:00.000000Z,96.499496459960938,123.77683258056641,90.423263549804688,113.01263427734375,178156146
2021-05-21T00:00:00.000000Z,112.65332794189453,116.73933410644531,85.463119506835938,97.943031311035156,151483490
2021-05-22T00:00:00.000000Z,98.085121154785156,99.166839599609375,86.100601196289062,90.329139709472656,85651672
2021-05-23T00:00:00.000000Z,90.513671875,94.562118530273438,66.074226379394531,85.867286682128906,138763116
2021-05-24T00:00:00.000000Z,85.520538330078125,104.90346527099609,82.939933776855469,104.11016845703125,118912171
2021-05-25T00:00:00.000000Z,104.35639190673828,109.44910430908203,96.078323364257812,102.26227569580078,100466229
2021-05-26T00:00:00.000000Z,102.35053253173828,121.82546997070312,99.970352172851562,118.74458312988281,122064956
2021-05-27T00:00:00.000000Z,118.7950439453125,119.38809204101562,107.00742340087891,114.24565887451172,80935742
2021-05-28T00:00:00.000000Z,114.60643768310547,115.29816436767578,95.568229675292969,99.583633422851562,89535002
2021-05-29T00:00:00.000000Z,99.575225830078125,103.39746856689453,86.128768920898438,90.754013061523438,65059883
2021-05-30T00:00:00.000000Z,90.774444580078125,99.407211303710938,87.68621826171875,92.997627258300781,45823705
2021-05-31T00:00:00.000000Z,92.919486999511719,104.51784515380859,90.05511474609375,103.95552062988281,55896637
2021-06-01T00:00:00.000000Z,103.80613708496094,105.12633514404297,98.729873657226562,101.42830657958984,58057950
2021-06-02T00:00:00.000000Z,101.49693298339844,108.91565704345703,99.015495300292969,103.49520874023438,50794676
2021-06-03T00:00:00.000000Z,103.52557373046875,111.15895080566406,102.01406860351562,107.30301666259766,48845039
2021-06-04T00:00:00.000000Z,107.30377960205078,107.34316253662109,92.977409362792969,96.500106811523438,66347875
2021-06-05T00:00:00.000000Z,96.702896118164062,103.93545532226562,92.355232238769531,96.853713989257812,47979510
2021-06-06T00:00:00.000000Z,96.856948852539062,99.540641784667969,95.403778076171875,97.536781311035156,24488939
2021-06-07T00:00:00.000000Z,97.459297180175781,106.11898803710938,90.54150390625,90.821983337402344,64603935
2021-06-08T00:00:00.000000Z,90.903106689453125,92.703765869140625,79.18707275390625,89.95721435546875,73927806
2021-06-09T00:00:00.000000Z,89.698738098144531,95.002937316894531,84.846885681152344,92.450454711914062,56023313
2021-06-10T00:00:00.000000Z,92.591789245605469,93.673904418945312,86.555793762207031,87.246635437011719,40619367
2021-06-11T00:00:00.000000Z,87.235198974609375,90.007415771484375,80.664588928222656,81.032951354980469,39391712
2021-06-12T00:00:00.000000Z,81.040115356445312,81.530647277832031,77.505165100097656,78.952293395996094,37797707
2021-06-13T00:00:00.000000Z,78.998916625976562,89.109184265136719,76.208763122558594,87.292503356933594,46226551
2021-06-14T00:00:00.000000Z,87.336906433105469,93.616851806640625,85.017913818359375,89.120468139648438,46103826
2021-06-15T00:00:00.000000Z,89.210609436035156,93.86895751953125,88.423255920410156,92.034439086914062,57790349
2021-06-16T00:00:00.000000Z,91.00213623046875,91.918312072753906,85.389755249023438,86.500511169433594,35097766
2021-06-17T00:00:00.000000Z,86.494094848632812,89.309852600097656,83.207168579101562,86.288261413574219,29164900
2021-06-18T00:00:00.000000Z,86.330909729003906,86.447746276855469,78.028984069824219,79.721168518066406,33808434
2021-06-19T00:00:00.000000Z,79.873069763183594,81.848030090332031,78.152198791503906,79.682609558105469,23756137
2021-06-20T00:00:00.000000Z,79.602035522460938,82.61016845703125,76.538215637207031,80.56341552734375,28318358
2021-06-21T00:00:00.000000Z,80.342987060546875,80.9781494140625,67.639328002929688,68.342071533203125,50362845
2021-06-22T00:00:00.000000Z,68.268898010253906,72.482368469238281,53.527721405029297,59.452640533447266,89627276
2021-06-23T00:00:00.000000Z,59.540008544921875,69.39617919921875,57.080001831054688,65.777145385742188,56631576
2021-06-24T00:00:00.000000Z,65.353599548339844,69.370033264160156,61.323070526123047,67.363006591796875,32705558
2021-06-25T00:00:00.000000Z,67.407989501953125,69.055007934570312,61.133533477783203,61.779140472412109,37042852
2021-06-26T00:00:00.000000Z,61.648555755615234,64.480560302734375,59.190494537353516,63.626941680908203,32529242
2021-06-27T00:00:00.000000Z,63.786174774169922,66.303672790527344,61.998100280761719,65.771331787109375,45057698
2021-06-28T00:00:00.000000Z,65.738456726074219,74.596961975097656,64.57647705078125,73.491867065429688,53336744
2021-06-29T00:00:00.000000Z,73.746360778808594,89.162422180175781,73.324417114257812,84.657501220703125,81714048
2021-06-30T00:00:00.000000Z,85.129493713378906,88.554512023925781,78.182579040527344,85.028457641601562,74390698
2021-07-01T00:00:00.000000Z,85.046035766601562,85.102935791015625,78.4769287109375,80.219970703125,42694137
2021-07-02T00:00:00.000000Z,80.247459411621094,82.111358642578125,77.504348754882812,81.188972473144531,31565723
2021-07-03T00:00:00.000000Z,81.096916198730469,94.3636474609375,80.032791137695312,92.396934509277344,68719737
2021-07-04T00:00:00.000000Z,92.420570373535156,96.455398559570312,89.916961669921875,93.591972351074219,51097345
2021-07-05T00:00:00.000000Z,93.48541259765625,107.83757781982422,88.635345458984375,97.506118774414062,156779787
2021-07-06T00:00:00.000000Z,97.691429138183594,105.15398406982422,93.2586669921875,95.773643493652344,90404386
2021-07-07T00:00:00.000000Z,95.780097961425781,99.582695007324219,93.879737854003906,95.356239318847656,59214018
2021-07-08T00:00:00.000000Z,95.851753234863281,95.867156982421875,85.936355590820312,88.787521362304688,56880419
2021-07-09T00:00:00.000000Z,88.719131469726562,93.7099609375,85.0003662109375,89.821662902832031,39592459
2021-07-10T00:00:00.000000Z,89.878280639648438,92.240242004394531,87.391677856445312,88.263381958007812,28485205
2021-07-11T00:00:00.000000Z,88.278556823730469,91.96343994140625,86.95819091796875,89.191932678222656,26271850
2021-07-12T00:00:00.000000Z,89.193527221679688,90.942184448242188,85.931991577148438,88.615562438964844,28409830
2021-07-13T00:00:00.000000Z,88.212043762207031,88.890975952148438,83.434883117675781,85.694908142089844,33284487
2021-07-14T00:00:00.000000Z,85.712333679199219,85.885765075683594,80.278060913085938,84.18035888671875,33312664
2021-07-15T00:00:00.000000Z,84.186279296875,85.57855224609375,77.598869323730469,78.829765319824219,40376549
2021-07-16T00:00:00.000000Z,79.196098327636719,80.257911682128906,74.256599426269531,74.572547912597656,31954794
2021-07-17T00:00:00.000000Z,74.549606323242188,76.56884765625,72.372528076171875,74.26312255859375,25427169
2021-07-18T00:00:00.000000Z,74.371719360351562,79.538948059082031,74.327346801757812,74.583412170410156,56467280
2021-07-19T00:00:00.000000Z,74.538887023925781,75.480133056640625,69.810516357421875,69.841728210449219,36925737
2021-07-20T00:00:00.000000Z,70.185951232910156,71.176368713378906,65.372993469238281,67.774032592773438,37444167
2021-07-21T00:00:00.000000Z,67.774261474609375,78.235252380371094,65.564414978027344,76.238067626953125,46641454
2021-07-22T00:00:00.000000Z,76.435508728027344,82.514030456542969,75.387290954589844,78.862220764160156,40764929
2021-07-23T00:00:00.000000Z,78.781654357910156,81.918586730957031,75.296485900878906,80.252311706542969,34792048
2021-07-24T00:00:00.000000Z,80.30340576171875,88.168655395507812,79.07098388671875,82.767417907714844,60623068
2021-07-25T00:00:00.000000Z,82.668960571289062,86.76751708984375,81.2225341796875,84.868476867675781,39679230
2021-07-26T00:00:00.000000Z,84.894706726074219,92.770011901855469,84.590583801269531,86.414138793945312,109494129
2021-07-27T00:00:00.000000Z,86.203765869140625,87.498031616210938,81.074508666992188,86.405723571777344,54472534
2021-07-28T00:00:00.000000Z,86.699493408203125,87.632331848144531,82.718894958496094,84.971237182617188,50001490
2021-07-29T00:00:00.000000Z,85.24566650390625,86.670051574707031,83.293380737304688,85.020378112792969,36145133
2021-07-30T00:00:00.000000Z,85.046051025390625,87.604232788085938,81.705406188964844,86.934516906738281,46527555
2021-07-31T00:00:00.000000Z,86.719085693359375,89.516700744628906,84.60992431640625,86.107124328613281,53818427
2021-08-01T00:00:00.000000Z,86.511619567871094,91.808120727539062,86.101577758789062,87.187995910644531,78061108
2021-08-02T00:00:00.000000Z,87.084037780761719,104.48841857910156,85.807769775390625,104.48841857910156,142848137
2021-08-03T00:00:00.000000Z,104.20125579833984,104.38138580322266,95.946380615234375,97.887603759765625,94523300
2021-08-04T00:00:00.000000Z,97.818801879882812,103.56294250488281,97.376350402832031,102.44785308837891,49758433
2021-08-05T00:00:00.000000Z,102.67576599121094,110.67245483398438,100.11296081542969,108.94659423828125,115146016
2021-08-06T00:00:00.000000Z,108.87189483642578,120.72679901123047,107.16876220703125,115.48894500732422,141352471
2021-08-07T00:00:00.000000Z,115.53350067138672,120.67005920410156,114.33712005615234,117.70658874511719,57614588
2021-08-08T00:00:00.000000Z,117.93603515625,128.04850769042969,114.83933258056641,125.45685577392578,107507129
2021-08-09T00:00:00.000000Z,125.47968292236328,135.03910827636719,118.87910461425781,134.89299011230469,111955161
2021-08-10T00:00:00.000000Z,134.54032897949219,142.80995178222656,132.6513671875,139.65130615234375,87890831
2021-08-11T00:00:00.000000Z,139.54780578613281,143.44749450683594,133.97933959960938,135.47404479980469,68500857
2021-08-12T00:00:00.000000Z,135.33053588867188,142.74272155761719,123.83242034912109,134.08622741699219,158915751
2021-08-13T00:00:00.000000Z,134.27090454101562,139.18441772460938,131.57943725585938,138.18025207519531,86286935
2021-08-14T00:00:00.000000Z,138.20436096191406,141.48953247070312,134.80221557617188,137.11984252929688,64577601
2021-08-15T00:00:00.000000Z,137.30853271484375,140.09002685546875,131.65982055664062,136.69309997558594,62987264
2021-08-16T00:00:00.000000Z,136.74453735351562,142.26577758789062,132.60765075683594,136.68559265136719,93338458
2021-08-17T00:00:00.000000Z,136.17886352539062,159.58094787597656,132.5479736328125,140.04551696777344,240748564
2021-08-18T00:00:00.000000Z,140.11004638671875,152.42283630371094,129.62275695800781,147.22447204589844,170568912
2021-08-19T00:00:00.000000Z,146.64567565917969,153.23912048339844,137.53416442871094,146.16004943847656,123658312
2021-08-20T00:00:00.000000Z,146.00001525878906,159.55033874511719,143.04539489746094,155.94419860839844,149799760
2021-08-21T00:00:00.000000Z,156.01348876953125,156.01348876953125,148.66152954101562,149.12527465820312,77251034
2021-08-22T00:00:00.000000Z,149.03268432617188,152.45721435546875,141.60760498046875,147.98342895507812,88413183
2021-08-23T00:00:00.000000Z,148.64996337890625,154.78416442871094,145.68415832519531,149.18525695800781,78980534
2021-08-24T00:00:00.000000Z,149.36756896972656,151.92384338378906,133.50445556640625,137.34779357910156,89349762
2021-08-25T00:00:00.000000Z,137.45701599121094,140.79985046386719,131.5791015625,138.69032287597656,67796371
2021-08-26T00:00:00.000000Z,139.01861572265625,144.24618530273438,133.0501708984375,134.84407043457031,95358271
2021-08-27T00:00:00.000000Z,134.68699645996094,141.10212707519531,128.59823608398438,141.06983947753906,84155645
2021-08-28T00:00:00.000000Z,141.037841796875,143.91299438476562,138.14158630371094,140.74649047851562,56788904
2021-08-29T00:00:00.000000Z,140.79208374023438,143.7650146484375,135.353515625,141.20439147949219,45375977
2021-08-30T00:00:00.000000Z,141.16502380371094,169.45242309570312,139.50590515136719,157.67146301269531,272459080
2021-08-31T00:00:00.000000Z,158.44856262207031,170.95973205566406,153.58612060546875,168.59112548828125,171315998
2021-09-01T00:00:00.000000Z,168.362060546875,184.85711669921875,168.31669616699219,176.88481140136719,210860551
2021-09-02T00:00:00.000000Z,176.16006469726562,181.02410888671875,171.43006896972656,171.78387451171875,100767817
2021-09-03T00:00:00.000000Z,172.41583251953125,179.02394104003906,167.91499328613281,174.55854797363281,83328156
2021-09-04T00:00:00.000000Z,174.6649169921875,179.55853271484375,171.04910278320312,171.70574951171875,68069457
2021-09-05T00:00:00.000000Z,171.58099365234375,178.03067016601562,168.16673278808594,176.13465881347656,66805984
2021-09-06T00:00:00.000000Z,176.22613525390625,186.88217163085938,174.20121765136719,180.06678771972656,130588787
2021-09-07T00:00:00.000000Z,179.9544677734375,181.92193603515625,135.55035400390625,158.03482055664062,217789533
2021-09-08T00:00:00.000000Z,158.04074096679688,174.53919982910156,138.09417724609375,172.29124450683594,226228136
2021-09-09T00:00:00.000000Z,173.4676513671875,216.7828369140625,168.29537963867188,200.98541259765625,476975881
2021-09-10T00:00:00.000000Z,200.60514831542969,240.05943298339844,196.0018310546875,235.07974243164062,528268766
2021-09-11T00:00:00.000000Z,235.38589477539062,248.67039489746094,221.21365356445312,229.27020263671875,434122806
2021-09-12T00:00:00.000000Z,229.85054016113281,294.91546630859375,225.33599853515625,265.9412841796875,739750914
2021-09-13T00:00:00.000000Z,266.00225830078125,288.27398681640625,250.97035217285156,261.04800415039062,637136938
2021-09-14T00:00:00.000000Z,261.05450439453125,302.14279174804688,258.5509033203125,280.9647216796875,490387193
2021-09-15T00:00:00.000000Z,280.2705078125,284.8431396484375,255.97213745117188,258.42132568359375,279908578
2021-09-16T00:00:00.000000Z,258.73870849609375,271.12628173828125,245.77134704589844,266.9869384765625,297674325
2021-09-17T00:00:00.000000Z,266.00140380859375,277.81069946289062,238.87420654296875,241.82392883300781,223350124
2021-09-18T00:00:00.000000Z,241.91714477539062,253.54740905761719,236.04508972167969,248.56500244140625,156921206
2021-09-19T00:00:00.000000Z,247.83921813964844,249.28666687011719,223.16160583496094,225.01884460449219,140762625
2021-09-20T00:00:00.000000Z,224.63529968261719,225.72065734863281,181.87458801269531,184.140380859375,402177311
2021-09-21T00:00:00.000000Z,185.483642578125,227.15692138671875,172.51788330078125,200.05075073242188,505818887
2021-09-22T00:00:00.000000Z,199.32174682617188,234.66680908203125,193.07469177246094,230.72998046875,396965932
2021-09-23T00:00:00.000000Z,230.26593017578125,258.76004028320312,222.82060241699219,246.03189086914062,344535536
2021-09-24T00:00:00.000000Z,245.70765686035156,249.46131896972656,214.1524658203125,237.97113037109375,367371461
2021-09-25T00:00:00.000000Z,238.15342712402344,238.51644897460938,215.90081787109375,218.85783386230469,164805621
2021-09-26T00:00:00.000000Z,218.37715148925781,233.39408874511719,201.17372131347656,223.3394775390625,213314948
2021-09-27T00:00:00.000000Z,223.74525451660156,232.3448486328125,211.05073547363281,212.55319213867188,138534090
2021-09-28T00:00:00.000000Z,212.22195434570312,221.13807678222656,199.55352783203125,199.84294128417969,166849854
2021-09-29T00:00:00.000000Z,200.51969909667969,214.76919555664062,196.41493225097656,203.55064392089844,168458788
2021-09-30T00:00:00.000000Z,203.24638366699219,212.87460327148438,200.95832824707031,210.3067626953125,138033309
2021-10-01T00:00:00.000000Z,209.9808349609375,247.65093994140625,205.49333190917969,241.81488037109375,272858962
2021-10-02T00:00:00.000000Z,241.77291870117188,258.5050048828125,233.10250854492188,245.88690185546875,219439052
2021-10-03T00:00:00.000000Z,245.31016540527344,254.57579040527344,239.14617919921875,254.4271240234375,169988913
2021-10-04T00:00:00.000000Z,254.37380981445312,254.86927795410156,235.516845703125,239.37127685546875,186644020
2021-10-05T00:00:00.000000Z,239.58616638183594,253.09828186035156,236.88938903808594,244.73361206054688,167078529
2021-10-06T00:00:00.000000Z,244.62783813476562,246.70658874511719,222.53359985351562,230.83815002441406,181438719
2021-10-07T00:00:00.000000Z,230.51856994628906,244.2125244140625,225.22026062011719,242.94493103027344,150007848
2021-10-08T00:00:00.000000Z,243.25935363769531,276.193359375,242.90293884277344,257.67181396484375,344068444
2021-10-09T00:00:00.000000Z,257.62838745117188,268.49612426757812,255.07954406738281,258.71185302734375,99247831
2021-10-10T00:00:00.000000Z,259.00881958007812,259.00881958007812,237.75910949707031,240.61997985839844,112920474
2021-10-11T00:00:00.000000Z,240.27159118652344,251.86378479003906,236.25445556640625,249.18701171875,149366249
2021-10-12T00:00:00.000000Z,248.62110900878906,248.62110900878906,220.57603454589844,236.22393798828125,162260641
2021-10-13T00:00:00.000000Z,236.17475891113281,250.05133056640625,233.26315307617188,241.91987609863281,137966206
2021-10-14T00:00:00.000000Z,241.97915649414062,250.29685974121094,239.283447265625,241.55549621582031,81038418
2021-10-15T00:00:00.000000Z,242.267822265625,244.00111389160156,234.54994201660156,236.47911071777344,106002902
2021-10-16T00:00:00.000000Z,236.81784057617188,249.74234008789062,236.48399353027344,240.96012878417969,92478026
2021-10-17T00:00:00.000000Z,241.02310180664062,242.94650268554688,226.0286865234375,235.86270141601562,76165491
2021-10-18T00:00:00.000000Z,235.76687622070312,238.60923767089844,227.762939453125,230.2030029296875,79534291
2021-10-19T00:00:00.000000Z,230.28585815429688,232.69163513183594,225.3702392578125,229.82968139648438,88826595
2021-10-20T00:00:00.000000Z,229.81356811523438,244.84626770019531,227.66046142578125,239.94412231445312,111130613
2021-10-21T00:00:00.000000Z,240.17079162597656,260.549072265625,238.90501403808594,248.53231811523438,183654607
2021-10-22T00:00:00.000000Z,249.25471496582031,277.91696166992188,248.91378784179688,274.46224975585938,267294710
2021-10-23T00:00:00.000000Z,274.5789794921875,279.7679443359375,266.5283203125,271.38546752929688,99236294
2021-10-24T00:00:00.000000Z,271.39898681640625,294.4835205078125,270.10955810546875,283.7901611328125,193175119
2021-10-25T00:00:00.000000Z,283.6070556640625,297.91290283203125,282.51809692382812,294.618408203125,135421296
2021-10-26T00:00:00.000000Z,294.61956787109375,295.55990600585938,269.1357421875,273.00811767578125,143090817
2021-10-27T00:00:00.000000Z,272.9185791015625,277.47418212890625,228.50614929199219,245.39126586914062,209627154
2021-10-28T00:00:00.000000Z,245.50910949707031,267.47418212890625,244.34817504882812,257.08804321289062,135236640
2021-10-29T00:00:00.000000Z,257.12277221679688,274.09945678710938,255.04930114746094,268.96475219726562,107637540
2021-10-30T00:00:00.000000Z,269.00836181640625,269.797119140625,257.2550048828125,259.61575317382812,75082777
2021-10-31T00:00:00.000000Z,259.97268676757812,275.26437377929688,252.48243713378906,270.9442138671875,105013996
2021-11-01T00:00:00.000000Z,270.85687255859375,278.015869140625,259.51077270507812,269.59042358398438,126006581
2021-11-02T00:00:00.000000Z,269.33248901367188,276.99301147460938,267.80587768554688,272.51800537109375,90680888
2021-11-03T00:00:00.000000Z,272.24017333984375,307.81854248046875,269.6322021484375,307.70108032226562,269484958
2021-11-04T00:00:00.000000Z,307.5072021484375,323.93679809570312,298.43441772460938,318.08059692382812,350245226
2021-11-05T00:00:00.000000Z,318.83291625976562,329.0958251953125,305.10882568359375,316.1724853515625,201108136
2021-11-06T00:00:00.000000Z,315.948486328125,319.716796875,303.63198852539062,316.72042846679688,113989383
2021-11-07T00:00:00.000000Z,317.41635131835938,328.94760131835938,314.17022705078125,315.81829833984375,133343749
2021-11-08T00:00:00.000000Z,316.23675537109375,316.23675537109375,307.98318481445312,309.541748046875,129173666
2021-11-09T00:00:00.000000Z,309.29959106445312,322.55960083007812,308.82083129882812,317.06924438476562,124196977
2021-11-10T00:00:00.000000Z,316.91876220703125,338.22000122070312,292.7373046875,313.18215942382812,293809853
2021-11-11T00:00:00.000000Z,313.04937744140625,334.2066650390625,303.71722412109375,318.59719848632812,164725547
2021-11-12T00:00:00.000000Z,317.6163330078125,325.72781372070312,304.50213623046875,325.01504516601562,131437483
2021-11-13T00:00:00.000000Z,325.90899658203125,330.3936767578125,319.04696655273438,322.30316162109375,109139530
2021-11-14T00:00:00.000000Z,322.3482666015625,325.25595092773438,312.10546875,319.89212036132812,87452466
2021-11-15T00:00:00.000000Z,320.00997924804688,325.7218017578125,312.197021484375,314.35305786132812,111996190
2021-11-16T00:00:00.000000Z,315.2637939453125,318.46218872070312,286.53350830078125,303.86538696289062,218649103
2021-11-17T00:00:00.000000Z,303.67770385742188,310.73724365234375,289.33279418945312,310.42669677734375,142732455
2021-11-18T00:00:00.000000Z,309.76504516601562,325.7716064453125,293.62515258789062,308.22470092773438,238292551
2021-11-19T00:00:00.000000Z,307.99639892578125,369.88912963867188,302.70492553710938,347.24478149414062,442210872
2021-11-20T00:00:00.000000Z,347.72189331054688,392.719970703125,333.427734375,391.8277587890625,577260289
2021-11-21T00:00:00.000000Z,392.92312622070312,444.42031860351562,381.34848022460938,427.11062622070312,913161284
2021-11-22T00:00:00.000000Z,427.93194580078125,494.8851318359375,413.27920532226562,490.34909057617188,1277462840
2021-11-23T00:00:00.000000Z,490.91452026367188,542.57965087890625,468.76605224609375,468.76605224609375,1269067808
2021-11-24T00:00:00.000000Z,469.46627807617188,495.45590209960938,441.765869140625,453.8447265625,1227649457
2021-11-25T00:00:00.000000Z,458.53561401367188,467.13568115234375,425.07412719726562,450.32974243164062,673813782
2021-11-26T00:00:00.000000Z,439.14532470703125,443.10528564453125,389.86056518554688,396.78045654296875,378993138
2021-11-27T00:00:00.000000Z,398.03958129882812,442.32717895507812,396.4798583984375,431.17855834960938,323288534
2021-11-28T00:00:00.000000Z,431.2772216796875,437.0909423828125,390.5460205078125,412.98788452148438,321904062
2021-11-29T00:00:00.000000Z,412.74053955078125,416.32565307617188,394.81973266601562,396.32711791992188,231515669
2021-11-30T00:00:00.000000Z,396.36764526367188,402.66171264648438,376.22802734375,376.9798583984375,248939812
2021-12-01T00:00:00.000000Z,376.56903076171875,427.43130493164062,370.24234008789062,406.41232299804688,434581911
2021-12-02T00:00:00.000000Z,407.88397216796875,420.34738159179688,352.48223876953125,356.9525146484375,553134381
2021-12-03T00:00:00.000000Z,357.24636840820312,357.84072875976562,322.15234375,345.16586303710938,354858403
2021-12-04T00:00:00.000000Z,346.21798706054688,348.34597778320312,225.61134338378906,309.24166870117188,613303368
2021-12-05T00:00:00.000000Z,309.226318359375,330.16592407226562,278.79373168945312,288.30435180664062,261774679
2021-12-06T00:00:00.000000Z,288.27218627929688,294.02972412109375,261.85897827148438,288.88632202148438,277817756
2021-12-07T00:00:00.000000Z,288.91107177734375,313.57012939453125,282.63851928710938,286.69058227539062,195601226
2021-12-08T00:00:00.000000Z,286.509521484375,305.0809326171875,272.06198120117188,297.37677001953125,163934326
2021-12-09T00:00:00.000000Z,297.42974853515625,313.22979736328125,266.27374267578125,266.72894287109375,254862453
2021-12-10T00:00:00.000000Z,266.48019409179688,281.4429931640625,256.322998046875,257.41220092773438,174273338
2021-12-11T00:00:00.000000Z,257.6314697265625,262.78082275390625,248.85311889648438,255.982421875,134954669
2021-12-12T00:00:00.000000Z,256.17041015625,268.88119506835938,249.73927307128906,263.07107543945312,109873525
2021-12-13T00:00:00.000000Z,263.17544555664062,263.99859619140625,227.36247253417969,234.25405883789062,173104412
2021-12-14T00:00:00.000000Z,234.37864685058594,256.705810546875,229.38150024414062,254.48379516601562,151728415
2021-12-15T00:00:00.000000Z,254.25038146972656,298.404296875,253.91575622558594,295.9351806640625,348870733
2021-12-16T00:00:00.000000Z,296.07943725585938,345.015380859375,265.71978759765625,268.11203002929688,631538887
2021-12-17T00:00:00.000000Z,268.20980834960938,278.8466796875,251.99530029296875,255.30604553222656,329097599
2021-12-18T00:00:00.000000Z,255.39958190917969,264.15420532226562,245.56800842285156,253.77749633789062,187331887
2021-12-19T00:00:00.000000Z,254.15696716308594,259.21966552734375,241.54771423339844,246.77301025390625,147288918
2021-12-20T00:00:00.000000Z,246.388427734375,247.73332214355469,225.42686462402344,236.43890380859375,184534996
2021-12-21T00:00:00.000000Z,236.22149658203125,248.40457153320312,232.02288818359375,240.31278991699219,134896862
2021-12-22T00:00:00.000000Z,240.11674499511719,253.72660827636719,237.73043823242188,247.10421752929688,146765980
2021-12-23T00:00:00.000000Z,246.80880737304688,268.93380737304688,240.6417236328125,260.8936767578125,198718350
2021-12-24T00:00:00.000000Z,261.27020263671875,270.73495483398438,247.50888061523438,250.59466552734375,152131518
2021-12-25T00:00:00.000000Z,250.88764953613281,260.595458984375,249.13139343261719,255.62396240234375,76100889
2021-12-26T00:00:00.000000Z,255.52841186523438,262.33132934570312,243.47605895996094,259.11175537109375,108207870
2021-12-27T00:00:00.000000Z,258.75393676757812,283.85906982421875,258.7293701171875,266.22775268554688,201655925
2021-12-28T00:00:00.000000Z,266.31036376953125,269.6153564453125,237.20797729492188,240.74818420410156,179554814
2021-12-29T00:00:00.000000Z,240.54478454589844,246.09486389160156,232.48223876953125,237.90374755859375,128125561
2021-12-30T00:00:00.000000Z,238.36872863769531,251.123291015625,233.45991516113281,239.39764404296875,120207210
2021-12-31T00:00:00.000000Z,239.56831359863281,248.06149291992188,233.481201171875,238.62522888183594,78346026
2022-01-01T00:00:00.000000Z,238.68397521972656,244.85459899902344,236.37826538085938,244.81523132324219,66566494
2022-01-02T00:00:00.000000Z,244.79476928710938,245.13287353515625,237.64283752441406,239.77165222167969,83454086
2022-01-03T00:00:00.000000Z,239.7889404296875,244.51478576660156,233.99034118652344,236.82211303710938,94034605
2022-01-04T00:00:00.000000Z,236.82989501953125,242.6353759765625,230.83584594726562,236.24522399902344,123495054
2022-01-05T00:00:00.000000Z,236.21014404296875,253.82125854492188,201.16780090332031,214.66781616210938,276118826
2022-01-06T00:00:00.000000Z,214.6549072265625,215.32598876953125,201.6617431640625,212.60150146484375,176987272
2022-01-07T00:00:00.000000Z,212.566162109375,213.04832458496094,193.10386657714844,195.56259155273438,173435230
2022-01-08T00:00:00.000000Z,195.62588500976562,200.94888305664062,182.75874328613281,190.86289978027344,113991416
2022-01-09T00:00:00.000000Z,190.80488586425781,202.32073974609375,188.89675903320312,197.88871765136719,93064019
2022-01-10T00:00:00.000000Z,197.85939025878906,200.08868408203125,180.68147277832031,191.16844177246094,121552199
2022-01-11T00:00:00.000000Z,191.19497680664062,207.71360778808594,188.96913146972656,205.38560485839844,179027819
2022-01-12T00:00:00.000000Z,205.36882019042969,219.34127807617188,204.94520568847656,214.91595458984375,140839248
2022-01-13T00:00:00.000000Z,214.74752807617188,214.85435485839844,194.85639953613281,195.02969360351562,130641390
2022-01-14T00:00:00.000000Z,195.07826232910156,201.39817810058594,191.15443420410156,199.52529907226562,116227429
2022-01-15T00:00:00.000000Z,199.56256103515625,206.84712219238281,197.63217163085938,200.68055725097656,79641396
2022-01-16T00:00:00.000000Z,200.662109375,200.88578796386719,193.48336791992188,195.38088989257812,96641437
2022-01-17T00:00:00.000000Z,195.40254211425781,195.96275329589844,182.99575805664062,187.26997375488281,113844135
2022-01-18T00:00:00.000000Z,187.24276733398438,190.85098266601562,171.76411437988281,179.20805358886719,148806974
2022-01-19T00:00:00.000000Z,179.20567321777344,180.08018493652344,169.47808837890625,173.98709106445312,97687041
2022-01-20T00:00:00.000000Z,173.93975830078125,185.18733215332031,166.16921997070312,166.24848937988281,75119032
2022-01-21T00:00:00.000000Z,166.38336181640625,168.843994140625,136.13125610351562,137.76220703125,196475943
2022-01-22T00:00:00.000000Z,137.88902282714844,142.15899658203125,113.73914337158203,125.12866973876953,232458860
2022-01-23T00:00:00.000000Z,125.27527618408203,141.90943908691406,124.66053771972656,133.99819946289062,159522630
2022-01-24T00:00:00.000000Z,134.05123901367188,134.13504028320312,116.45220947265625,131.21322631835938,178748387
2022-01-25T00:00:00.000000Z,131.20417785644531,142.06723022460938,128.72508239746094,140.79225158691406,151868918
2022-01-26T00:00:00.000000Z,140.78105163574219,157.84181213378906,137.21978759765625,140.23562622070312,189675541
2022-01-27T00:00:00.000000Z,140.21257019042969,146.71275329589844,133.34101867675781,141.92024230957031,124355210
2022-01-28T00:00:00.000000Z,141.86553955078125,146.21176147460938,136.41242980957031,143.93592834472656,95689968
2022-01-29T00:00:00.000000Z,143.94422912597656,150.48359680175781,143.31048583984375,149.173828125,85523885
2022-01-30T00:00:00.000000Z,149.25251770019531,151.64237976074219,140.03915405273438,141.14813232421875,86962512
2022-01-31T00:00:00.000000Z,141.18733215332031,146.20164489746094,134.76112365722656,146.198486328125,86128392
2022-02-01T00:00:00.000000Z,146.05046081542969,155.87507629394531,145.31640625,150.70909118652344,112023483
2022-02-02T00:00:00.000000Z,150.72433471679688,155.53181457519531,140.55259704589844,141.69454956054688,118701074
2022-02-03T00:00:00.000000Z,141.63658142089844,142.86581420898438,135.75581359863281,139.89730834960938,93438219
2022-02-04T00:00:00.000000Z,139.86007690429688,153.55322265625,138.62330627441406,153.28800964355469,110407244
2022-02-05T00:00:00.000000Z,153.43879699707031,165.163818359375,152.56222534179688,160.51657104492188,128065993
2022-02-06T00:00:00.000000Z,160.6119384765625,166.23277282714844,158.04452514648438,166.11912536621094,103120227
2022-02-07T00:00:00.000000Z,166.17660522460938,183.03321838378906,161.0462646484375,176.0570068359375,187590802
2022-02-08T00:00:00.000000Z,176.15809631347656,183.01071166992188,166.58340454101562,173.01318359375,172748148
2022-02-09T00:00:00.000000Z,172.78396606445312,180.83067321777344,170.47407531738281,178.00465393066406,104123722
2022-02-10T00:00:00.000000Z,178.02854919433594,189.83268737792969,174.10496520996094,176.532958984375,323842319
2022-02-11T00:00:00.000000Z,176.53424072265625,210.13920593261719,173.81781005859375,194.67182922363281,552121052
2022-02-12T00:00:00.000000Z,194.66038513183594,203.20932006835938,183.29989624023438,200.38386535644531,411201131
2022-02-13T00:00:00.000000Z,200.279296875,206.00413513183594,191.10321044921875,191.10321044921875,250617550
2022-02-14T00:00:00.000000Z,190.69807434082031,195.05201721191406,183.40074157714844,187.37080383300781,213838544
2022-02-15T00:00:00.000000Z,187.38211059570312,199.40226745605469,186.86866760253906,194.28970336914062,214051070
2022-02-16T00:00:00.000000Z,194.30535888671875,196.43197631835938,184.04466247558594,190.938720703125,184204244
2022-02-17T00:00:00.000000Z,190.85824584960938,194.72543334960938,169.45869445800781,170.24562072753906,220171632
2022-02-18T00:00:00.000000Z,170.36785888671875,181.22789001464844,163.70309448242188,164.5677490234375,190570588
2022-02-19T00:00:00.000000Z,164.43244934082031,167.53041076660156,158.160888671875,162.46780395507812,118242276
2022-02-20T00:00:00.000000Z,162.45307922363281,162.45307922363281,152.97640991210938,155.56297302246094,117244949
2022-02-21T00:00:00.000000Z,155.49664306640625,169.27095031738281,145.82347106933594,146.32131958007812,249701263
2022-02-22T00:00:00.000000Z,146.299560546875,153.90283203125,146.03848266601562,151.76701354980469,178775723
2022-02-23T00:00:00.000000Z,151.67781066894531,160.11318969726562,146.919921875,146.919921875,175324480
2022-02-24T00:00:00.000000Z,146.88374328613281,147.83689880371094,121.98073577880859,134.7850341796875,474556006
2022-02-25T00:00:00.000000Z,134.77972412109375,150.15138244628906,132.97242736816406,148.60345458984375,236738307
2022-02-26T00:00:00.000000Z,148.61930847167969,151.74969482421875,140.99893188476562,142.36895751953125,191196934
2022-02-27T00:00:00.000000Z,142.35758972167969,144.64154052734375,135.06874084472656,136.05580139160156,193746737
2022-02-28T00:00:00.000000Z,136.064208984375,152.04263305664062,133.40869140625,150.35914611816406,268479412
2022-03-01T00:00:00.000000Z,150.36820983886719,158.85255432128906,149.05546569824219,152.14750671386719,301304734
2022-03-02T00:00:00.000000Z,152.15219116210938,158.57679748535156,148.8685302734375,152.58001708984375,252309008
2022-03-03T00:00:00.000000Z,152.56234741210938,154.3914794921875,144.42448425292969,146.64236450195312,171026249
2022-03-04T00:00:00.000000Z,146.64607238769531,146.73973083496094,130.90632629394531,132.72348022460938,219433589
2022-03-05T00:00:00.000000Z,132.86456298828125,139.37234497070312,129.30691528320312,137.72755432128906,139768613
2022-03-06T00:00:00.000000Z,137.74244689941406,138.65385437011719,132.43934631347656,132.72688293457031,109134842
2022-03-07T00:00:00.000000Z,132.74259948730469,137.71534729003906,126.78156280517578,131.23298645019531,146266406
2022-03-08T00:00:00.000000Z,131.23147583007812,135.54661560058594,129.47386169433594,132.29859924316406,130248433
2022-03-09T00:00:00.000000Z,132.3104248046875,146.13519287109375,132.27166748046875,141.90545654296875,219432586
2022-03-10T00:00:00.000000Z,141.87272644042969,145.92291259765625,132.24301147460938,143.75025939941406,297861654
2022-03-11T00:00:00.000000Z,143.98228454589844,152.49734497070312,138.74334716796875,138.76422119140625,290286687
2022-03-12T00:00:00.000000Z,138.82090759277344,143.93487548828125,138.82090759277344,139.55245971679688,120334308
2022-03-13T00:00:00.000000Z,139.50004577636719,142.45037841796875,134.81871032714844,135.24977111816406,109320851
2022-03-14T00:00:00.000000Z,135.21226501464844,144.01333618164062,133.32945251464844,143.0892333984375,147380875
2022-03-15T00:00:00.000000Z,143.085205078125,158.77745056152344,141.88081359863281,156.51248168945312,403316444
2022-03-16T00:00:00.000000Z,156.54075622558594,167.75473022460938,154.69305419921875,163.67097473144531,375949130
2022-03-17T00:00:00.000000Z,163.71321105957031,165.39389038085938,156.39356994628906,157.22151184082031,175024999
2022-03-18T00:00:00.000000Z,157.20109558105469,164.42283630371094,152.74021911621094,159.15068054199219,200349024
2022-03-19T00:00:00.000000Z,159.11497497558594,164.45074462890625,157.93568420410156,160.11091613769531,163574578
2022-03-20T00:00:00.000000Z,160.14558410644531,169.10523986816406,158.24104309082031,160.42347717285156,248658326
2022-03-21T00:00:00.000000Z,160.43136596679688,175.51983642578125,160.20486450195312,173.6402587890625,297126636
2022-03-22T00:00:00.000000Z,173.58169555664062,186.89735412597656,172.36659240722656,185.48150634765625,284512411
2022-03-23T00:00:00.000000Z,185.49497985839844,193.14573669433594,181.725830078125,185.70033264160156,266593731
2022-03-24T00:00:00.000000Z,185.70069885253906,193.21412658691406,183.18223571777344,192.12367248535156,262726218
2022-03-25T00:00:00.000000Z,192.15513610839844,194.68551635742188,179.68112182617188,181.82151794433594,168766454
2022-03-26T00:00:00.000000Z,181.81362915039062,190.52836608886719,177.90660095214844,189.09040832519531,193034311
2022-03-27T00:00:00.000000Z,189.07496643066406,199.2718505859375,186.16653442382812,198.81626892089844,132761770
2022-03-28T00:00:00.000000Z,198.81440734863281,213.31355285644531,191.90335083007812,192.61871337890625,289031847
2022-03-29T00:00:00.000000Z,192.54672241210938,204.18360900878906,192.54672241210938,197.13656616210938,184528316
2022-03-30T00:00:00.000000Z,197.08306884765625,202.31114196777344,191.85374450683594,197.93426513671875,165784559
2022-03-31T00:00:00.000000Z,197.91188049316406,204.73794555664062,185.4580078125,186.57624816894531,198349270
2022-04-01T00:00:00.000000Z,186.73747253417969,198.19999694824219,179.62437438964844,198.15425109863281,197245454
2022-04-02T00:00:00.000000Z,198.10891723632812,201.51551818847656,191.53230285644531,191.93244934082031,156943971
2022-04-03T00:00:00.000000Z,191.93405151367188,198.18717956542969,188.97279357910156,195.31845092773438,125071363
2022-04-04T00:00:00.000000Z,195.2977294921875,197.72520446777344,184.61083984375,191.21597290039062,154668078
2022-04-05T00:00:00.000000Z,191.22856140136719,193.02728271484375,184.47647094726562,184.50137329101562,122540504
2022-04-06T00:00:00.000000Z,184.49430847167969,184.53413391113281,163.03147888183594,164.88436889648438,212456743
2022-04-07T00:00:00.000000Z,164.90000915527344,173.60797119140625,162.26261901855469,169.30152893066406,140337317
2022-04-08T00:00:00.000000Z,169.3016357421875,172.6646728515625,160.13192749023438,160.91929626464844,121269736
2022-04-09T00:00:00.000000Z,160.84806823730469,167.68946838378906,160.7510986328125,167.32734680175781,76035865
2022-04-10T00:00:00.000000Z,167.31446838378906,171.27667236328125,161.687744140625,161.687744140625,90495436
2022-04-11T00:00:00.000000Z,161.53054809570312,163.53584289550781,148.73623657226562,150.47683715820312,141992155
2022-04-12T00:00:00.000000Z,150.48007202148438,159.67912292480469,150.28860473632812,156.25885009765625,121704060
2022-04-13T00:00:00.000000Z,156.26292419433594,160.00926208496094,153.94709777832031,159.45008850097656,99316545
2022-04-14T00:00:00.000000Z,159.38729858398438,163.3822021484375,152.28492736816406,155.12825012207031,115522889
2022-04-15T00:00:00.000000Z,155.13652038574219,157.76136779785156,152.90145874023438,155.47036743164062,77417594
2022-04-16T00:00:00.000000Z,155.4600830078125,156.21694946289062,152.34552001953125,155.30491638183594,64944727
2022-04-17T00:00:00.000000Z,155.30531311035156,158.30142211914062,152.05192565917969,152.73599243164062,75503220
2022-04-18T00:00:00.000000Z,152.75422668457031,155.37939453125,145.94084167480469,154.74046325683594,111622761
2022-04-19T00:00:00.000000Z,154.74552917480469,165.3760986328125,153.77737426757812,164.79981994628906,152044363
2022-04-20T00:00:00.000000Z,164.82194519042969,169.31657409667969,160.49041748046875,163.35870361328125,174662214
2022-04-21T00:00:00.000000Z,163.328125,167.49172973632812,155.14207458496094,157.96742248535156,127336458
2022-04-22T00:00:00.000000Z,157.95048522949219,163.62591552734375,153.22114562988281,154.91229248046875,100351025
2022-04-23T00:00:00.000000Z,154.89253234863281,156.4813232421875,151.70295715332031,154.1036376953125,69328610
2022-04-24T00:00:00.000000Z,154.03385925292969,156.26919555664062,151.29483032226562,151.45883178710938,75805921
2022-04-25T00:00:00.000000Z,151.47065734863281,156.58872985839844,143.8712158203125,156.55203247070312,125231274
2022-04-26T00:00:00.000000Z,156.54904174804688,158.97789001464844,144.49613952636719,144.73527526855469,116892763
2022-04-27T00:00:00.000000Z,144.785400390625,151.97747802734375,144.55001831054688,149.73435974121094,85278829
2022-04-28T00:00:00.000000Z,149.73553466796875,152.14666748046875,145.69723510742188,147.0960693359375,77106866
2022-04-29T00:00:00.000000Z,147.09129333496094,147.58735656738281,132.349609375,134.55418395996094,112129841
2022-04-30T00:00:00.000000Z,134.55206298828125,135.59907531738281,122.56024932861328,127.20726013183594,103433775
2022-05-01T00:00:00.000000Z,127.24944305419922,130.11767578125,123.38071441650391,127.60197448730469,111966846
2022-05-02T00:00:00.000000Z,127.49139404296875,130.07231140136719,122.76091766357422,125.43104553222656,91188818
2022-05-03T00:00:00.000000Z,125.43437194824219,128.71292114257812,122.06485748291016,123.77665710449219,77288263
2022-05-04T00:00:00.000000Z,123.76402282714844,138.09585571289062,123.75814819335938,137.29844665527344,123797264
2022-05-05T00:00:00.000000Z,137.25358581542969,140.53889465332031,122.87580108642578,125.13076019287109,125295575
2022-05-06T00:00:00.000000Z,125.12819671630859,126.28717041015625,118.84921264648438,121.81525421142578,104492496
2022-05-07T00:00:00.000000Z,121.8167724609375,122.53182220458984,113.26258087158203,115.91465759277344,86504024
2022-05-08T00:00:00.000000Z,115.96176147460938,117.74441528320312,112.43758392333984,112.95943450927734,81439058
2022-05-09T00:00:00.000000Z,113.02367401123047,115.09705352783203,104.5289306640625,106.00142669677734,137307586
2022-05-10T00:00:00.000000Z,105.91922760009766,119.22586822509766,105.77103424072266,108.57535552978516,152627833
2022-05-11T00:00:00.000000Z,108.52127838134766,109.81981658935547,81.382278442382812,84.415214538574219,222439176
2022-05-12T00:00:00.000000Z,84.568031311035156,86.827049255371094,72.458602905273438,77.834602355957031,179616484
2022-05-13T00:00:00.000000Z,77.808868408203125,92.541328430175781,77.250221252441406,87.71490478515625,138509300
2022-05-14T00:00:00.000000Z,87.726043701171875,88.650993347167969,84.584823608398438,88.622993469238281,65850507
2022-05-15T00:00:00.000000Z,88.596488952636719,95.993965148925781,85.806144714355469,95.787399291992188,62355883
2022-05-16T00:00:00.000000Z,95.757316589355469,95.757316589355469,88.449188232421875,94.245780944824219,70031389
2022-05-17T00:00:00.000000Z,94.175338745117188,103.27777862548828,93.839591979980469,100.20474243164062,81397984
2022-05-18T00:00:00.000000Z,100.20935821533203,101.03153228759766,90.923088073730469,91.095939636230469,70169510
2022-05-19T00:00:00.000000Z,91.1749267578125,94.515213012695312,87.801742553710938,92.008148193359375,65052503
2022-05-20T00:00:00.000000Z,92.016654968261719,93.355415344238281,86.722518920898438,89.053550720214844,61601719
2022-05-21T00:00:00.000000Z,89.018760681152344,92.252235412597656,88.060745239257812,91.657707214355469,33749791
2022-05-22T00:00:00.000000Z,91.680282592773438,93.228500366210938,90.541664123535156,92.387626647949219,36725285
2022-05-23T00:00:00.000000Z,92.271430969238281,94.499641418457031,90.414848327636719,90.741233825683594,57824453
2022-05-24T00:00:00.000000Z,90.760208129882812,91.677803039550781,89.066490173339844,90.741058349609375,51598280
2022-05-25T00:00:00.000000Z,90.736839294433594,90.929946899414062,87.057220458984375,87.377143859863281,44015393
2022-05-26T00:00:00.000000Z,87.432403564453125,87.946014404296875,72.900871276855469,72.900871276855469,95520064
2022-05-27T00:00:00.000000Z,72.843055725097656,73.5888671875,66.175994873046875,67.365104675292969,116395364
2022-05-28T00:00:00.000000Z,69.154586791992188,71.040946960449219,67.209098815917969,70.196525573730469,51609237
2022-05-29T00:00:00.000000Z,70.182785034179688,82.283172607421875,69.041091918945312,82.218460083007812,70121636
2022-05-30T00:00:00.000000Z,82.219093322753906,87.633033752441406,80.915885925292969,86.077033996582031,103822129
2022-05-31T00:00:00.000000Z,86.300888061523438,86.763648986816406,80.378425598144531,81.278457641601562,71441234
2022-06-01T00:00:00.000000Z,81.321975708007812,83.096603393554688,75.258453369140625,75.634017944335938,90638595
2022-06-02T00:00:00.000000Z,75.615478515625,81.71441650390625,74.514266967773438,78.027206420898438,74607737
2022-06-03T00:00:00.000000Z,78.016944885253906,78.937889099121094,75.565521240234375,77.444557189941406,45014593
2022-06-04T00:00:00.000000Z,77.437850952148438,77.879623413085938,75.569160461425781,76.919357299804688,29983132
2022-06-05T00:00:00.000000Z,76.917182922363281,77.47845458984375,72.902145385742188,73.242866516113281,53122174
2022-06-06T00:00:00.000000Z,73.278488159179688,74.408287048339844,64.980735778808594,69.515968322753906,222408667
2022-06-07T00:00:00.000000Z,69.509048461914062,69.629440307617188,65.268356323242188,66.724800109863281,79092445
2022-06-08T00:00:00.000000Z,66.721267700195312,68.326286315917969,65.199623107910156,65.220527648925781,59240468
2022-06-09T00:00:00.000000Z,65.221084594726562,65.221084594726562,61.297183990478516,61.796703338623047,233959827
2022-06-10T00:00:00.000000Z,61.793407440185547,62.707916259765625,56.140361785888672,56.682861328125,83925482
2022-06-11T00:00:00.000000Z,56.6767578125,57.343318939208984,49.690204620361328,50.467979431152344,91553683
2022-06-12T00:00:00.000000Z,50.491176605224609,51.765098571777344,42.869678497314453,44.967937469482422,139593552
2022-06-13T00:00:00.000000Z,44.952571868896484,45.398590087890625,38.390575408935547,41.627529144287109,169421257
2022-06-14T00:00:00.000000Z,41.624885559082031,47.511646270751953,39.231571197509766,46.171375274658203,105030320
2022-06-15T00:00:00.000000Z,46.151054382324219,57.445781707763672,41.516395568847656,56.361862182617188,143661154
2022-06-16T00:00:00.000000Z,56.310184478759766,57.495784759521484,49.348773956298828,50.367034912109375,117119801
2022-06-17T00:00:00.000000Z,50.414077758789062,55.514244079589844,50.334922790527344,52.478725433349609,65959300
2022-06-18T00:00:00.000000Z,52.476825714111328,53.45782470703125,43.239284515380859,45.694835662841797,78726158
2022-06-19T00:00:00.000000Z,45.680500030517578,54.064548492431641,43.379848480224609,52.900619506835938,75591559
2022-06-20T00:00:00.000000Z,52.907264709472656,58.46649169921875,51.160568237304688,57.072422027587891,95589433
2022-06-21T00:00:00.000000Z,57.074672698974609,63.846721649169922,56.298423767089844,58.392440795898438,96131694
2022-06-22T00:00:00.000000Z,58.41351318359375,62.129817962646484,56.835502624511719,58.325218200683594,71723011
2022-06-23T00:00:00.000000Z,58.325839996337891,61.324394226074219,57.539413452148438,60.627342224121094,55656260
2022-06-24T00:00:00.000000Z,60.631782531738281,64.379989624023438,60.61944580078125,63.086273193359375,62584995
2022-06-25T00:00:00.000000Z,63.102321624755859,64.713676452636719,60.269687652587891,61.734115600585938,42634087
2022-06-26T00:00:00.000000Z,61.73162841796875,62.676685333251953,55.012928009033203,55.149887084960938,55574524
2022-06-27T00:00:00.000000Z,55.135562896728516,58.708408355712891,55.135562896728516,56.092094421386719,50395173
2022-06-28T00:00:00.000000Z,56.099102020263672,57.00537109375,51.713279724121094,51.974117279052734,51843313
2022-06-29T00:00:00.000000Z,51.976982116699219,52.823410034179688,49.604286193847656,50.219058990478516,49230264
2022-06-30T00:00:00.000000Z,50.226390838623047,50.562744140625,46.388568878173828,50.551185607910156,55793969
2022-07-01T00:00:00.000000Z,50.692913055419922,52.300361633300781,49.027671813964844,50.841625213623047,51802594
2022-07-02T00:00:00.000000Z,50.891452789306641,51.4471435546875,48.966831207275391,50.562728881835938,30216620
2022-07-03T00:00:00.000000Z,50.561897277832031,52.087944030761719,49.221401214599609,51.093173980712891,32508208
2022-07-04T00:00:00.000000Z,51.095588684082031,54.466152191162109,50.238197326660156,54.33575439453125,45607471
2022-07-05T00:00:00.000000Z,54.317218780517578,55.971717834472656,52.264175415039062,54.267623901367188,54141613
2022-07-06T00:00:00.000000Z,54.263134002685547,55.402309417724609,53.367240905761719,54.716594696044922,39557077
2022-07-07T00:00:00.000000Z,54.733921051025391,57.195472717285156,53.712860107421875,56.168422698974609,46995102
2022-07-08T00:00:00.000000Z,56.168651580810547,57.187515258789062,53.243698120117188,54.632625579833984,47700826
2022-07-09T00:00:00.000000Z,54.580802917480469,57.056831359863281,54.405174255371094,56.380184173583984,39599520
2022-07-10T00:00:00.000000Z,56.383834838867188,56.392261505126953,51.962871551513672,52.532455444335938,36024344
2022-07-11T00:00:00.000000Z,52.521743774414062,52.521743774414062,49.993610382080078,50.338970184326172,51457044
2022-07-12T00:00:00.000000Z,50.349773406982422,50.790916442871094,49.219779968261719,49.243671417236328,45810098
2022-07-13T00:00:00.000000Z,49.238670349121094,52.452884674072266,47.692909240722656,52.452884674072266,60468129
2022-07-14T00:00:00.000000Z,52.442356109619141,59.204944610595703,52.048149108886719,58.069938659667969,91567781
2022-07-15T00:00:00.000000Z,58.089683532714844,60.818267822265625,57.507774353027344,59.604942321777344,70899374
2022-07-16T00:00:00.000000Z,59.611366271972656,60.272239685058594,56.997505187988281,59.910976409912109,49856171
2022-07-17T00:00:00.000000Z,59.916152954101562,62.47821044921875,57.68096923828125,57.68096923828125,45785973
2022-07-18T00:00:00.000000Z,57.680461883544922,63.177963256835938,57.525104522705078,60.5357666015625,71007086
2022-07-19T00:00:00.000000Z,60.432941436767578,62.765804290771484,57.728569030761719,60.788291931152344,86357652
2022-07-20T00:00:00.000000Z,60.803131103515625,62.223850250244141,54.667949676513672,55.286281585693359,81265211
2022-07-21T00:00:00.000000Z,55.284408569335938,56.717842102050781,53.084800720214844,56.238151550292969,55802466
2022-07-22T00:00:00.000000Z,56.245399475097656,59.100254058837891,54.685291290283203,55.340682983398438,50588690
2022-07-23T00:00:00.000000Z,55.279598236083984,56.863883972167969,53.196434020996094,54.715854644775391,36962708
2022-07-24T00:00:00.000000Z,54.723243713378906,56.045749664306641,54.327449798583984,54.604385375976562,31906198
2022-07-25T00:00:00.000000Z,54.601097106933594,54.657199859619141,50.226837158203125,50.226837158203125,43632165
2022-07-26T00:00:00.000000Z,50.2171630859375,50.882369995117188,49.072986602783203,50.882369995117188,36197419
2022-07-27T00:00:00.000000Z,50.863300323486328,54.916660308837891,50.146095275878906,54.916660308837891,56281311
2022-07-28T00:00:00.000000Z,54.912235260009766,57.483497619628906,53.542926788330078,56.720390319824219,71609022
2022-07-29T00:00:00.000000Z,56.738655090332031,58.362239837646484,54.692218780517578,55.711471557617188,92837708
2022-07-30T00:00:00.000000Z,55.701450347900391,59.506149291992188,55.607524871826172,56.969432830810547,100847900
2022-07-31T00:00:00.000000Z,56.966922760009766,60.009502410888672,56.377799987792969,57.178302764892578,97483570
2022-08-01T00:00:00.000000Z,57.181297302246094,59.825557708740234,56.532546997070312,59.052688598632812,72468717
2022-08-02T00:00:00.000000Z,59.033580780029297,59.480209350585938,54.351364135742188,55.834728240966797,63133670
2022-08-03T00:00:00.000000Z,55.840461730957031,58.811836242675781,54.773242950439453,57.487079620361328,46998294
2022-08-04T00:00:00.000000Z,57.484386444091797,59.125869750976562,57.063915252685547,58.548416137695312,47751563
2022-08-05T00:00:00.000000Z,58.541957855224609,63.977436065673828,58.522865295410156,62.552055358886719,60207283
2022-08-06T00:00:00.000000Z,62.572940826416016,66.357475280761719,61.674346923828125,64.643592834472656,73714965
2022-08-07T00:00:00.000000Z,64.643592834472656,68.044403076171875,64.055732727050781,67.132591247558594,59343935
2022-08-08T00:00:00.000000Z,67.134483337402344,68.6448974609375,64.84857177734375,66.211387634277344,59509427
2022-08-09T00:00:00.000000Z,66.225967407226562,67.2618408203125,61.338489532470703,61.891864776611328,48365440
2022-08-10T00:00:00.000000Z,61.893013000488281,69.3309326171875,60.454723358154297,67.1922607421875,78764739
2022-08-11T00:00:00.000000Z,67.197402954101562,69.217506408691406,64.437034606933594,64.792366027832031,57259423
2022-08-12T00:00:00.000000Z,64.786994934082031,66.449722290039062,63.434558868408203,66.43267822265625,38291213
2022-08-13T00:00:00.000000Z,66.426193237304688,67.793441772460938,64.634719848632812,64.827766418457031,36881990
2022-08-14T00:00:00.000000Z,64.840110778808594,66.816192626953125,62.281700134277344,62.891414642333984,38389770
2022-08-15T00:00:00.000000Z,62.895668029785156,64.437599182128906,59.606864929199219,60.818233489990234,42271083
2022-08-16T00:00:00.000000Z,60.733196258544922,61.845691680908203,59.738273620605469,60.514926910400391,32706593
2022-08-17T00:00:00.000000Z,60.506523132324219,62.234565734863281,57.052852630615234,57.320518493652344,42168861
2022-08-18T00:00:00.000000Z,57.357891082763672,58.793277740478516,54.870510101318359,54.878982543945312,32519951
2022-08-19T00:00:00.000000Z,54.873252868652344,54.873252868652344,51.380023956298828,52.503501892089844,62778474
2022-08-20T00:00:00.000000Z,52.504978179931641,54.234539031982422,51.443508148193359,52.678562164306641,42382987
2022-08-21T00:00:00.000000Z,52.660484313964844,55.094181060791016,52.358402252197266,54.707126617431641,27970055
2022-08-22T00:00:00.000000Z,54.700641632080078,55.611042022705078,52.359039306640625,53.957344055175781,35280973
2022-08-23T00:00:00.000000Z,53.955905914306641,54.543537139892578,52.410968780517578,54.004306793212891,75406406
2022-08-24T00:00:00.000000Z,54.0086669921875,56.346611022949219,52.839000701904297,55.121601104736328,68467218
2022-08-25T00:00:00.000000Z,55.122840881347656,57.879661560058594,55.109848022460938,57.394309997558594,49574042
2022-08-26T00:00:00.000000Z,57.374755859375,59.017818450927734,51.448711395263672,51.801128387451172,87077318
2022-08-27T00:00:00.000000Z,51.806533813476562,53.074066162109375,50.941104888916016,51.946323394775391,41751693
2022-08-28T00:00:00.000000Z,51.940746307373047,52.745796203613281,49.585792541503906,49.591751098632812,30422055
2022-08-29T00:00:00.000000Z,49.593288421630859,53.028743743896484,49.510761260986328,53.005241394042969,35327862
2022-08-30T00:00:00.000000Z,53.005199432373047,55.284870147705078,52.297878265380859,54.119037628173828,49265919
2022-08-31T00:00:00.000000Z,54.120162963867188,55.815196990966797,52.495372772216797,52.567142486572266,42124431
2022-09-01T00:00:00.000000Z,52.559921264648438,52.923042297363281,51.170909881591797,52.818168640136719,31818585
2022-09-02T00:00:00.000000Z,52.815097808837891,53.493885040283203,51.554599761962891,52.222892761230469,29689361
2022-09-03T00:00:00.000000Z,52.225658416748047,52.556301116943359,50.955165863037109,50.998428344726562,21357249
2022-09-04T00:00:00.000000Z,50.993949890136719,51.603687286376953,50.511318206787109,51.544334411621094,22053766
2022-09-05T00:00:00.000000Z,51.541713714599609,51.958927154541016,50.697715759277344,51.216739654541016,22019732
2022-09-06T00:00:00.000000Z,51.225868225097656,52.716636657714844,48.506149291992188,48.697662353515625,60111332
2022-09-07T00:00:00.000000Z,48.674869537353516,51.45343017578125,48.264579772949219,51.101062774658203,37275301
2022-09-08T00:00:00.000000Z,51.092418670654297,53.145557403564453,50.324440002441406,52.943588256835938,41346400
2022-09-09T00:00:00.000000Z,52.941879272460938,54.536376953125,52.928211212158203,53.864204406738281,55698586
2022-09-10T00:00:00.000000Z,53.854228973388672,54.574054718017578,53.387355804443359,53.783542633056641,47126076
2022-09-11T00:00:00.000000Z,53.779380798339844,54.438323974609375,52.372451782226562,52.871734619140625,42335390
2022-09-12T00:00:00.000000Z,52.880905151367188,53.723957061767578,51.547031402587891,51.648105621337891,54748512
2022-09-13T00:00:00.000000Z,51.646987915039062,52.181297302246094,48.739204406738281,49.280979156494141,66544315
2022-09-14T00:00:00.000000Z,48.975509643554688,50.065441131591797,48.663139343261719,49.870796203613281,42964551
2022-09-15T00:00:00.000000Z,49.867225646972656,50.011074066162109,48.206935882568359,48.572105407714844,44718225
2022-09-16T00:00:00.000000Z,48.580097198486328,49.183563232421875,48.286945343017578,49.087032318115234,32552605
2022-09-17T00:00:00.000000Z,49.090896606445312,51.253532409667969,49.075450897216797,51.215789794921875,29153635
2022-09-18T00:00:00.000000Z,51.211582183837891,51.558292388916016,46.95867919921875,47.279834747314453,42379144
2022-09-19T00:00:00.000000Z,47.278297424316406,48.213062286376953,46.528236389160156,47.972564697265625,51526502
2022-09-20T00:00:00.000000Z,47.957916259765625,48.685348510742188,47.430950164794922,47.773002624511719,37851588
2022-09-21T00:00:00.000000Z,47.771247863769531,48.632339477539062,45.347072601318359,46.158130645751953,59006434
2022-09-22T00:00:00.000000Z,46.139095306396484,47.930561065673828,45.767807006835938,47.707576751708984,42682500
2022-09-23T00:00:00.000000Z,47.704673767089844,48.505970001220703,46.628566741943359,47.802021026611328,39056347
2022-09-24T00:00:00.000000Z,47.809600830078125,49.023529052734375,47.699043273925781,48.013706207275391,31259181
2022-09-25T00:00:00.000000Z,48.012050628662109,48.646995544433594,46.097225189208984,46.366634368896484,31890864
2022-09-26T00:00:00.000000Z,46.364288330078125,46.957897186279297,45.642349243164062,46.747325897216797,36183773
2022-09-27T00:00:00.000000Z,46.746757507324219,48.115573883056641,46.081737518310547,46.600944519042969,40347587
2022-09-28T00:00:00.000000Z,46.585578918457031,47.854347229003906,45.119602203369141,47.290924072265625,39970068
2022-09-29T00:00:00.000000Z,47.303619384765625,47.913360595703125,46.7291259765625,47.825977325439453,34461754
2022-09-30T00:00:00.000000Z,47.821144104003906,49.833953857421875,47.299957275390625,47.475509643554688,60244078
2022-10-01T00:00:00.000000Z,47.471878051757812,48.337928771972656,47.037940979003906,47.849208831787109,26711892
2022-10-02T00:00:00.000000Z,47.844650268554688,48.826347351074219,47.185733795166016,48.152805328369141,29732607
2022-10-03T00:00:00.000000Z,48.15185546875,53.220191955566406,47.935813903808594,52.047340393066406,83360211
2022-10-04T00:00:00.000000Z,52.04779052734375,56.464462280273438,52.047199249267578,55.225017547607422,127118829
2022-10-05T00:00:00.000000Z,55.221343994140625,56.107326507568359,53.937488555908203,54.395191192626953,82601464
2022-10-06T00:00:00.000000Z,54.399429321289062,55.816986083984375,54.399429321289062,55.340030670166016,59175021
2022-10-07T00:00:00.000000Z,55.344142913818359,56.212940216064453,54.450244903564453,55.473621368408203,65243996
2022-10-08T00:00:00.000000Z,55.464111328125,55.887046813964844,53.705558776855469,53.914165496826172,36402807
2022-10-09T00:00:00.000000Z,53.901462554931641,57.069076538085938,53.846611022949219,56.814960479736328,48769682
2022-10-10T00:00:00.000000Z,56.809524536132812,57.493080139160156,54.948253631591797,56.592605590820312,77473657
2022-10-11T00:00:00.000000Z,56.585788726806641,56.585788726806641,54.120738983154297,54.761756896972656,62523028
2022-10-12T00:00:00.000000Z,54.769111633300781,56.370014190673828,54.523048400878906,55.553207397460938,43276122
2022-10-13T00:00:00.000000Z,55.548057556152344,56.145679473876953,50.670631408691406,53.230236053466797,92164272
2022-10-14T00:00:00.000000Z,53.228160858154297,54.616363525390625,52.748058319091797,53.327812194824219,52421226
2022-10-15T00:00:00.000000Z,53.32733154296875,56.558441162109375,53.306915283203125,56.172988891601562,63108449
2022-10-16T00:00:00.000000Z,56.187042236328125,57.174263000488281,55.645416259765625,55.815967559814453,46676474
2022-10-17T00:00:00.000000Z,55.820549011230469,57.350948333740234,54.967884063720703,57.207332611083984,37880454
2022-10-18T00:00:00.000000Z,57.226654052734375,57.936920166015625,56.242099761962891,56.242099761962891,61547062
2022-10-19T00:00:00.000000Z,56.251121520996094,57.498310089111328,55.768459320068359,56.483451843261719,50676633
2022-10-20T00:00:00.000000Z,56.484439849853516,59.033046722412109,56.005439758300781,58.113243103027344,74053025
2022-10-21T00:00:00.000000Z,58.102943420410156,58.318893432617188,55.323535919189453,55.710750579833984,55903802
2022-10-22T00:00:00.000000Z,55.710258483886719,55.735641479492188,53.985855102539062,54.901405334472656,44295975
2022-10-23T00:00:00.000000Z,54.903251647949219,56.677726745605469,54.598072052001953,56.656448364257812,33993141
2022-10-24T00:00:00.000000Z,56.656776428222656,58.881877899169922,56.402210235595703,57.844131469726562,59621762
2022-10-25T00:00:00.000000Z,57.841892242431641,58.744857788085938,56.563755035400391,56.810657501220703,73997265
2022-10-26T00:00:00.000000Z,56.796241760253906,58.206920623779297,55.977153778076172,57.180747985839844,56069142
2022-10-27T00:00:00.000000Z,57.182285308837891,58.418495178222656,55.003025054931641,55.340435028076172,47723660
2022-10-28T00:00:00.000000Z,55.343284606933594,57.262027740478516,54.884113311767578,57.030754089355469,36225640
2022-10-29T00:00:00.000000Z,57.008052825927734,57.945308685302734,56.209011077880859,56.60919189453125,45881133
2022-10-30T00:00:00.000000Z,56.604129791259766,58.839954376220703,56.055122375488281,58.441196441650391,61089807
2022-10-31T00:00:00.000000Z,58.438228607177734,60.231842041015625,57.567615509033203,58.327899932861328,74196918
2022-11-01T00:00:00.000000Z,58.327239990234375,60.205165863037109,58.283248901367188,59.771541595458984,65350681
2022-11-02T00:00:00.000000Z,59.764659881591797,61.034919738769531,57.715133666992188,59.535316467285156,89832257
2022-11-03T00:00:00.000000Z,59.538673400878906,63.764213562011719,59.030620574951172,59.535575866699219,119314246
2022-11-04T00:00:00.000000Z,59.525619506835938,61.466270446777344,58.498306274414062,60.465919494628906,88664955
2022-11-05T00:00:00.000000Z,60.4580078125,61.435680389404297,57.604591369628906,58.031505584716797,64578729
2022-11-06T00:00:00.000000Z,58.035621643066406,58.524856567382812,54.796680450439453,54.796680450439453,56326856
2022-11-07T00:00:00.000000Z,54.799667358398438,55.45892333984375,53.067794799804688,53.833343505859375,58388791
2022-11-08T00:00:00.000000Z,53.819393157958984,54.281425476074219,45.153980255126953,49.272956848144531,97912502
2022-11-09T00:00:00.000000Z,49.281589508056641,49.350021362304688,40.701713562011719,42.201267242431641,88514933
2022-11-10T00:00:00.000000Z,42.191890716552734,48.141422271728516,41.649589538574219,47.691917419433594,67666097
2022-11-11T00:00:00.000000Z,47.67694091796875,48.179710388183594,44.532627105712891,45.689533233642578,35644338
2022-11-12T00:00:00.000000Z,45.694438934326172,45.827129364013672,43.32769775390625,44.216251373291016,22879516
2022-11-13T00:00:00.000000Z,44.218742370605469,45.04400634765625,42.849800109863281,43.239936828613281,23120327
2022-11-14T00:00:00.000000Z,43.233531951904297,46.02996826171875,41.288200378417969,44.139049530029297,43386423
2022-11-15T00:00:00.000000Z,44.145439147949219,44.610771179199219,43.216583251953125,43.442462921142578,29200615
2022-11-16T00:00:00.000000Z,43.437713623046875,44.132911682128906,41.713485717773438,42.308788299560547,31256979
2022-11-17T00:00:00.000000Z,42.315719604492188,43.550643920898438,41.405036926269531,43.217655181884766,35475340
2022-11-18T00:00:00.000000Z,43.213165283203125,44.112598419189453,42.367450714111328,42.944156646728516,20897689
2022-11-19T00:00:00.000000Z,42.936111450195312,43.185009002685547,42.145492553710938,43.037059783935547,13197155
2022-11-20T00:00:00.000000Z,43.038074493408203,43.880786895751953,41.11871337890625,41.262802124023438,23735704
2022-11-21T00:00:00.000000Z,41.264842987060547,41.951744079589844,40.398983001708984,40.602127075195312,34676685
2022-11-22T00:00:00.000000Z,40.591350555419922,41.276473999023438,39.519355773925781,41.225479125976562,29172766
2022-11-23T00:00:00.000000Z,41.237842559814453,42.418926239013672,41.237842559814453,42.364337921142578,28081167
2022-11-24T00:00:00.000000Z,42.368816375732422,43.233051300048828,41.735816955566406,42.746540069580078,19787679
2022-11-25T00:00:00.000000Z,42.736827850341797,42.75994873046875,41.424861907958984,42.247085571289062,16492410
2022-11-26T00:00:00.000000Z,42.244098663330078,44.093593597412109,42.199428558349609,43.662456512451172,22724344
2022-11-27T00:00:00.000000Z,43.662147521972656,44.295246124267578,42.732273101806641,42.76629638671875,17235280
2022-11-28T00:00:00.000000Z,42.756084442138672,43.074970245361328,41.434917449951172,42.389026641845703,20377102
2022-11-29T00:00:00.000000Z,42.387195587158203,43.011096954345703,42.029872894287109,42.361927032470703,17158249
2022-11-30T00:00:00.000000Z,42.360374450683594,43.815822601318359,42.304004669189453,43.762088775634766,20350911
2022-12-01T00:00:00.000000Z,43.759189605712891,43.945644378662109,43.179843902587891,43.379119873046875,17923140
2022-12-02T00:00:00.000000Z,43.385688781738281,43.877002716064453,43.098918914794922,43.842716217041016,16564521
2022-12-03T00:00:00.000000Z,43.843124389648438,44.159217834472656,43.138584136962891,43.468475341796875,17435463
2022-12-04T00:00:00.000000Z,43.460601806640625,43.7110595703125,42.766910552978516,43.290138244628906,16108447
2022-12-05T00:00:00.000000Z,43.270362854003906,43.954780578613281,42.970981597900391,43.217922210693359,23198121
2022-12-06T00:00:00.000000Z,43.219688415527344,46.008556365966797,43.143878936767578,45.438625335693359,37828717
2022-12-07T00:00:00.000000Z,45.437938690185547,45.641212463378906,43.322124481201172,44.194110870361328,36659571
2022-12-08T00:00:00.000000Z,44.19921875,45.432792663574219,43.831699371337891,45.398944854736328,22965755
2022-12-09T00:00:00.000000Z,45.398281097412109,46.477893829345703,44.942264556884766,45.269428253173828,29247898
2022-12-10T00:00:00.000000Z,45.271553039550781,46.147048950195312,45.020839691162109,45.570049285888672,17211568
2022-12-11T00:00:00.000000Z,45.576274871826172,46.074817657470703,44.782386779785156,44.908840179443359,17344143
2022-12-12T00:00:00.000000Z,44.902000427246094,45.357624053955078,43.937007904052734,44.784461975097656,17419937
2022-12-13T00:00:00.000000Z,44.788013458251953,44.985271453857422,43.693920135498047,43.892662048339844,22680696
2022-12-14T00:00:00.000000Z,43.891342163085938,44.129795074462891,42.520042419433594,42.912723541259766,22908774
2022-12-15T00:00:00.000000Z,42.908592224121094,42.954742431640625,41.416694641113281,42.007057189941406,19214345
2022-12-16T00:00:00.000000Z,42.012771606445312,42.350109100341797,37.994655609130859,39.359092712402344,27124702
2022-12-17T00:00:00.000000Z,39.363765716552734,39.371826171875,37.245212554931641,39.210437774658203,22119502
2022-12-18T00:00:00.000000Z,39.208099365234375,39.341629028320312,38.665058135986328,38.895484924316406,14399336
2022-12-19T00:00:00.000000Z,38.900844573974609,39.240573883056641,34.755615234375,35.338565826416016,29722007
2022-12-20T00:00:00.000000Z,35.341079711914062,36.144153594970703,35.236198425292969,35.910346984863281,27794582
2022-12-21T00:00:00.000000Z,35.906669616699219,35.906669616699219,34.132759094238281,34.475357055664062,19588316
2022-12-22T00:00:00.000000Z,34.479629516601562,35.133769989013672,34.162235260009766,35.103988647460938,19608115
2022-12-23T00:00:00.000000Z,35.107437133789062,35.327678680419922,34.631328582763672,34.873825073242188,22231836
2022-12-24T00:00:00.000000Z,34.874515533447266,35.199989318847656,34.766998291015625,34.772190093994141,19148681
2022-12-25T00:00:00.000000Z,34.772438049316406,34.835544586181641,32.932868957519531,33.633014678955078,25289935
2022-12-26T00:00:00.000000Z,33.623645782470703,33.853851318359375,33.203456878662109,33.759944915771484,21505901
2022-12-27T00:00:00.000000Z,33.766307830810547,34.197612762451172,33.515697479248047,33.960678100585938,15684361
2022-12-28T00:00:00.000000Z,33.958709716796875,34.352806091308594,32.955371856689453,33.141460418701172,17992938
2022-12-29T00:00:00.000000Z,33.141925811767578,33.528411865234375,32.971996307373047,33.215476989746094,15305358
2022-12-30T00:00:00.000000Z,33.214057922363281,33.221912384033203,32.566631317138672,32.956890106201172,15106548
2022-12-31T00:00:00.000000Z,32.958137512207031,33.286521911621094,32.732460021972656,32.795204162597656,12138468
2023-01-01T00:00:00.000000Z,32.797573089599609,33.023002624511719,32.619171142578125,32.950641632080078,12219572
2023-01-02T00:00:00.000000Z,32.945911407470703,33.74798583984375,32.359172821044922,33.377632141113281,17225088
2023-01-03T00:00:00.000000Z,33.38201904296875,33.651378631591797,32.680881500244141,33.126548767089844,20221838
2023-01-04T00:00:00.000000Z,33.125461578369141,34.453807830810547,32.854225158691406,34.449455261230469,23770387
2023-01-05T00:00:00.000000Z,34.453155517578125,34.791004180908203,34.081737518310547,34.436416625976562,19493942
2023-01-06T00:00:00.000000Z,34.433303833007812,34.820533752441406,33.738765716552734,34.389385223388672,23901348
2023-01-07T00:00:00.000000Z,34.388553619384766,34.549289703369141,33.960639953613281,34.121921539306641,11547961
2023-01-08T00:00:00.000000Z,34.124786376953125,35.028621673583984,33.876266479492188,34.959541320800781,22813556
2023-01-09T00:00:00.000000Z,34.961345672607422,37.149745941162109,34.738655090332031,34.918663024902344,45665962
2023-01-10T00:00:00.000000Z,34.914417266845703,35.692695617675781,34.312606811523438,35.455593109130859,23153099
2023-01-11T00:00:00.000000Z,35.446388244628906,36.438987731933594,34.655834197998047,36.336360931396484,21169455
2023-01-12T00:00:00.000000Z,36.930332183837891,37.864231109619141,35.509151458740234,37.598499298095703,35306902
2023-01-13T00:00:00.000000Z,37.603023529052734,39.267608642578125,37.231952667236328,39.145740509033203,27298596
2023-01-14T00:00:00.000000Z,39.145290374755859,42.685470581054688,39.145290374755859,40.492233276367188,50733421
2023-01-15T00:00:00.000000Z,40.494926452636719,41.165168762207031,38.858779907226562,40.859584808349609,28658208
2023-01-16T00:00:00.000000Z,40.857326507568359,42.095607757568359,39.225185394287109,40.122516632080078,28485567
2023-01-17T00:00:00.000000Z,40.129554748535156,41.709522247314453,39.880790710449219,40.904739379882812,24829186
2023-01-18T00:00:00.000000Z,40.901798248291016,43.262710571289062,38.343803405761719,39.240760803222656,52244299
2023-01-19T00:00:00.000000Z,39.232089996337891,40.770511627197266,39.137969970703125,40.756851196289062,22627568
2023-01-20T00:00:00.000000Z,40.753330230712891,42.81890869140625,40.254955291748047,42.816871643066406,30628055
2023-01-21T00:00:00.000000Z,42.806285858154297,43.775192260742188,42.042236328125,42.462322235107422,35875860
2023-01-22T00:00:00.000000Z,42.467414855957031,44.464557647705078,42.250770568847656,43.636821746826172,32145305
2023-01-23T00:00:00.000000Z,43.636871337890625,44.659778594970703,43.483940124511719,44.022018432617188,30683945
2023-01-24T00:00:00.000000Z,43.994163513183594,44.748893737792969,41.414081573486328,41.727245330810547,27479374
2023-01-25T00:00:00.000000Z,41.730995178222656,43.786918640136719,40.694057464599609,43.353748321533203,27500853
2023-01-26T00:00:00.000000Z,43.336837768554688,44.505317687988281,43.097721099853516,43.640323638916016,26701823
2023-01-27T00:00:00.000000Z,43.637275695800781,45.181430816650391,42.804759979248047,44.672836303710938,27007332
2023-01-28T00:00:00.000000Z,44.668010711669922,45.851741790771484,44.198207855224609,44.592071533203125,22744718
2023-01-29T00:00:00.000000Z,44.591751098632812,45.437297821044922,44.201614379882812,45.270877838134766,20313386
2023-01-30T00:00:00.000000Z,45.270759582519531,45.428287506103516,41.611602783203125,42.097042083740234,28603142
2023-01-31T00:00:00.000000Z,42.10198974609375,43.392051696777344,41.929012298583984,42.927902221679688,19400817
2023-02-01T00:00:00.000000Z,42.922519683837891,44.353370666503906,41.195621490478516,44.126201629638672,31695539
2023-02-02T00:00:00.000000Z,44.111251831054688,46.856746673583984,43.924781799316406,44.94879150390625,46811443
2023-02-03T00:00:00.000000Z,44.950225830078125,46.211353302001953,44.256458282470703,45.919883728027344,33686756
2023-02-04T00:00:00.000000Z,45.910392761230469,47.224018096923828,45.415332794189453,46.544845581054688,30651765
2023-02-05T00:00:00.000000Z,46.531768798828125,47.043926239013672,44.626365661621094,45.289768218994141,26638799
2023-02-06T00:00:00.000000Z,45.288894653320312,45.684783935546875,43.487583160400391,43.687908172607422,21532023
2023-02-07T00:00:00.000000Z,43.678321838378906,47.145553588867188,43.567161560058594,46.916358947753906,35203751
2023-02-08T00:00:00.000000Z,46.923263549804688,48.1881103515625,45.428722381591797,46.297264099121094,38300657
2023-02-09T00:00:00.000000Z,46.302074432373047,46.415168762207031,41.369907379150391,42.270618438720703,34028627
2023-02-10T00:00:00.000000Z,42.274578094482422,43.52972412109375,42.001918792724609,42.707134246826172,25952543
2023-02-11T00:00:00.000000Z,42.705245971679688,44.524654388427734,42.401626586914062,44.433589935302734,19385825
2023-02-12T00:00:00.000000Z,44.426677703857422,44.891983032226562,43.192424774169922,43.886104583740234,18929724
2023-02-13T00:00:00.000000Z,43.888107299804688,44.067844390869141,40.702217102050781,41.704780578613281,40368306
2023-02-14T00:00:00.000000Z,41.703525543212891,44.346466064453125,41.187770843505859,44.312839508056641,36358374
2023-02-15T00:00:00.000000Z,44.314418792724609,46.472728729248047,43.825962066650391,46.412906646728516,38675000
2023-02-16T00:00:00.000000Z,46.411640167236328,53.064033508300781,45.906532287597656,47.273429870605469,122747304
2023-02-17T00:00:00.000000Z,47.289203643798828,49.861621856689453,46.960166931152344,49.5052490234375,56720199
2023-02-18T00:00:00.000000Z,49.506206512451172,53.3673095703125,49.483913421630859,52.375408172607422,56877915
2023-02-19T00:00:00.000000Z,52.362728118896484,53.312290191650391,50.679832458496094,50.977386474609375,41968549
2023-02-20T00:00:00.000000Z,51.000385284423828,53.810443878173828,50.404190063476562,52.870746612548828,52016006
2023-02-21T00:00:00.000000Z,52.876918792724609,54.164505004882812,50.849002838134766,51.609886169433594,55984715
2023-02-22T00:00:00.000000Z,51.613296508789062,51.8309326171875,48.225231170654297,49.585700988769531,39435562
2023-02-23T00:00:00.000000Z,49.583095550537109,50.802242279052734,49.09320068359375,50.201679229736328,35116122
2023-02-24T00:00:00.000000Z,50.197963714599609,51.361282348632812,47.791984558105469,48.902076721191406,48280240
2023-02-25T00:00:00.000000Z,48.894634246826172,48.994441986083984,46.665111541748047,48.178123474121094,34059238
2023-02-26T00:00:00.000000Z,48.175224304199219,50.020729064941406,47.863124847412109,49.855022430419922,33173254
2023-02-27T00:00:00.000000Z,49.856483459472656,49.916889190673828,47.839992523193359,48.698936462402344,42541587
2023-02-28T00:00:00.000000Z,48.701839447021484,50.631088256835938,47.751796722412109,48.035785675048828,57743819
2023-03-01T00:00:00.000000Z,48.043224334716797,49.660179138183594,47.986572265625,48.505828857421875,47731349
2023-03-02T00:00:00.000000Z,48.508396148681641,48.626968383789062,45.592746734619141,46.164905548095703,30382678
2023-03-03T00:00:00.000000Z,46.168605804443359,46.171016693115234,41.685218811035156,43.204090118408203,45816919
2023-03-04T00:00:00.000000Z,43.211475372314453,43.634368896484375,41.896278381347656,42.732814788818359,22548111
2023-03-05T00:00:00.000000Z,42.735618591308594,43.873870849609375,42.471042633056641,43.089519500732422,21824452
2023-03-06T00:00:00.000000Z,43.080112457275391,44.046371459960938,42.522663116455078,43.863235473632812,26532150
2023-03-07T00:00:00.000000Z,43.8707275390625,44.225612640380859,41.388435363769531,42.076068878173828,31282566
2023-03-08T00:00:00.000000Z,42.076076507568359,42.167289733886719,39.554088592529297,39.936237335205078,30018620
2023-03-09T00:00:00.000000Z,39.935935974121094,40.3348388671875,37.136604309082031,37.8482666015625,37517497
2023-03-10T00:00:00.000000Z,37.855369567871094,38.586891174316406,36.140914916992188,38.425666809082031,37910576
2023-03-11T00:00:00.000000Z,38.422939300537109,39.09521484375,36.599075317382812,38.597869873046875,40311404
2023-03-12T00:00:00.000000Z,38.606063842773438,41.096263885498047,38.30450439453125,40.995342254638672,27076894
2023-03-13T00:00:00.000000Z,40.999191284179688,43.608600616455078,40.556247711181641,42.882431030273438,44749801
2023-03-14T00:00:00.000000Z,42.881511688232422,45.179355621337891,41.886512756347656,43.689460754394531,43196263
2023-03-15T00:00:00.000000Z,43.706096649169922,44.422870635986328,39.880779266357422,40.570735931396484,36380915
2023-03-16T00:00:00.000000Z,40.607265472412109,41.596263885498047,40.141849517822266,40.862293243408203,23056538
2023-03-17T00:00:00.000000Z,40.863739013671875,44.070014953613281,40.297561645507812,44.061138153076172,26113339
2023-03-18T00:00:00.000000Z,44.068233489990234,46.149135589599609,43.180728912353516,43.215866088867188,31881300
2023-03-19T00:00:00.000000Z,43.216041564941406,44.819225311279297,42.768413543701172,43.841621398925781,21905236
2023-03-20T00:00:00.000000Z,43.847209930419922,49.195285797119141,42.563812255859375,49.184364318847656,59034656
2023-03-21T00:00:00.000000Z,49.143798828125,49.808837890625,41.402702331542969,44.313140869140625,78797125
2023-03-22T00:00:00.000000Z,44.297695159912109,44.559925079345703,40.787517547607422,41.988807678222656,40277106
2023-03-23T00:00:00.000000Z,41.982387542724609,44.138412475585938,41.760677337646484,43.61346435546875,26160737
2023-03-24T00:00:00.000000Z,43.611492156982422,44.379215240478516,41.881858825683594,42.560886383056641,30437074
2023-03-25T00:00:00.000000Z,42.547954559326172,42.789886474609375,41.588649749755859,42.151657104492188,15127542
2023-03-26T00:00:00.000000Z,42.152847290039062,42.981369018554688,42.049659729003906,42.776016235351562,15328718
2023-03-27T00:00:00.000000Z,42.775455474853516,42.866626739501953,40.527885437011719,41.130966186523438,21085278
2023-03-28T00:00:00.000000Z,41.141761779785156,42.316230773925781,40.667259216308594,42.074722290039062,17149004
2023-03-29T00:00:00.000000Z,42.077587127685547,44.515625,42.075424194335938,43.990856170654297,26833570
2023-03-30T00:00:00.000000Z,44.004962921142578,44.129726409912109,41.739822387695312,42.196281433105469,33913254
2023-03-31T00:00:00.000000Z,42.198558807373047,42.849143981933594,41.704742431640625,42.457233428955078,19184770
2023-04-01T00:00:00.000000Z,42.450191497802734,43.149692535400391,42.107986450195312,42.616683959960938,13871045
2023-04-02T00:00:00.000000Z,42.678764343261719,42.843879699707031,40.385543823242188,40.898284912109375,23491612
2023-04-03T00:00:00.000000Z,40.900344848632812,41.242580413818359,39.681053161621094,40.517715454101562,26821147
2023-04-04T00:00:00.000000Z,40.520435333251953,41.558216094970703,40.295482635498047,41.397357940673828,18890782
2023-04-05T00:00:00.000000Z,41.397914886474609,42.573337554931641,41.293464660644531,42.3779296875,20646886
2023-04-06T00:00:00.000000Z,42.379058837890625,42.440834045410156,41.095947265625,41.302608489990234,20887401
2023-04-07T00:00:00.000000Z,41.303279876708984,41.659355163574219,40.599998474121094,40.838672637939453,15925566
2023-04-08T00:00:00.000000Z,40.829963684082031,41.187168121337891,40.344833374023438,40.3994140625,13899473
2023-04-09T00:00:00.000000Z,40.40972900390625,40.816219329833984,39.896369934082031,39.977142333984375,17296594
2023-04-10T00:00:00.000000Z,39.967689514160156,41.668571472167969,39.648097991943359,40.809825897216797,24316474
2023-04-11T00:00:00.000000Z,40.811752319335938,41.581985473632812,40.748096466064453,40.933578491210938,20370079
2023-04-12T00:00:00.000000Z,40.930671691894531,41.021476745605469,39.724456787109375,40.863361358642578,16506525
2023-04-13T00:00:00.000000Z,40.657619476318359,41.832511901855469,40.411777496337891,41.42999267578125,18903737
2023-04-14T00:00:00.000000Z,41.437744140625,43.600662231445312,41.423515319824219,43.086620330810547,28952212
2023-04-15T00:00:00.000000Z,43.084255218505859,44.017234802246094,42.343700408935547,43.563186645507812,22566681
2023-04-16T00:00:00.000000Z,43.566864013671875,43.722423553466797,42.892486572265625,43.245929718017578,17543031
2023-04-17T00:00:00.000000Z,43.244766235351562,44.059597015380859,42.205596923828125,43.578937530517578,26814818
2023-04-18T00:00:00.000000Z,43.581493377685547,44.539329528808594,42.177516937255859,43.525562286376953,38874784
2023-04-19T00:00:00.000000Z,43.522201538085938,43.913532257080078,39.208152770996094,39.929283142089844,35325910
2023-04-20T00:00:00.000000Z,39.920524597167969,40.283504486083984,39.035961151123047,39.401233673095703,24494061
2023-04-21T00:00:00.000000Z,39.401027679443359,39.977821350097656,37.735729217529297,38.341361999511719,23301261
2023-04-22T00:00:00.000000Z,38.339397430419922,39.071529388427734,38.172515869140625,39.017597198486328,15468629
2023-04-23T00:00:00.000000Z,39.015972137451172,39.366237640380859,38.289981842041016,38.897190093994141,15907066
2023-04-24T00:00:00.000000Z,38.896469116210938,39.760593414306641,38.419120788574219,38.721652984619141,18213389
2023-04-25T00:00:00.000000Z,38.716747283935547,38.716747283935547,37.295089721679688,38.687255859375,19984946
2023-04-26T00:00:00.000000Z,38.688106536865234,42.847694396972656,38.438941955566406,41.537025451660156,42925380
2023-04-27T00:00:00.000000Z,41.541683197021484,49.477901458740234,41.541683197021484,43.929882049560547,221054241
2023-04-28T00:00:00.000000Z,43.916488647460938,46.001052856445312,43.139316558837891,43.297931671142578,53105461
2023-04-29T00:00:00.000000Z,43.298358917236328,43.326831817626953,41.752513885498047,41.880077362060547,24093780
2023-04-30T00:00:00.000000Z,41.877788543701172,42.641651153564453,40.990058898925781,41.661758422851562,19375358
2023-05-01T00:00:00.000000Z,41.650531768798828,43.797035217285156,41.203502655029297,41.766399383544922,53134070
2023-05-02T00:00:00.000000Z,41.763427734375,41.763427734375,39.921169281005859,40.749088287353516,25447665
2023-05-03T00:00:00.000000Z,40.746284484863281,41.077789306640625,39.09112548828125,40.026611328125,26291309
2023-05-04T00:00:00.000000Z,40.027851104736328,40.084270477294922,39.120388031005859,39.20977783203125,22989655
2023-05-05T00:00:00.000000Z,39.210056304931641,40.165519714355469,38.847457885742188,39.920669555664062,23353196
2023-05-06T00:00:00.000000Z,39.919197082519531,40.217647552490234,38.588474273681641,39.559665679931641,21999181
2023-05-07T00:00:00.000000Z,39.551143646240234,39.737022399902344,39.224678039550781,39.387763977050781,12713300
2023-05-08T00:00:00.000000Z,39.382892608642578,39.536079406738281,36.545059204101562,37.507747650146484,30078356
2023-05-09T00:00:00.000000Z,37.50738525390625,38.049774169921875,37.219661712646484,38.023796081542969,14608100
2023-05-10T00:00:00.000000Z,38.022777557373047,38.517463684082031,37.028888702392578,38.088291168212891,20851373
2023-05-11T00:00:00.000000Z,38.084316253662109,38.144062042236328,36.725650787353516,37.32342529296875,17305085
2023-05-12T00:00:00.000000Z,37.317672729492188,37.562221527099609,36.199810028076172,37.549098968505859,16709103
2023-05-13T00:00:00.000000Z,37.548313140869141,39.059185028076172,37.319484710693359,38.361888885498047,28326055
2023-05-14T00:00:00.000000Z,38.364311218261719,38.621284484863281,37.819217681884766,38.425243377685547,14253700
2023-05-15T00:00:00.000000Z,38.423500061035156,39.287078857421875,37.988361358642578,38.382637023925781,17769970
2023-05-16T00:00:00.000000Z,38.384250640869141,38.462020874023438,37.181903839111328,37.503944396972656,13651052
2023-05-17T00:00:00.000000Z,37.492458343505859,37.913642883300781,36.806766510009766,37.8345947265625,13278277
2023-05-18T00:00:00.000000Z,37.833095550537109,37.845451354980469,36.6553955078125,36.945629119873047,11459048
2023-05-19T00:00:00.000000Z,36.944858551025391,37.092838287353516,36.692451477050781,36.87445068359375,10839017
2023-05-20T00:00:00.000000Z,36.879325866699219,37.630641937255859,36.698909759521484,37.217903137207031,13398546
2023-05-21T00:00:00.000000Z,37.217002868652344,37.304294586181641,36.328777313232422,36.486858367919922,10845689
2023-05-22T00:00:00.000000Z,36.495986938476562,36.798519134521484,35.883010864257812,36.676746368408203,11848679
2023-05-23T00:00:00.000000Z,36.673404693603516,37.251369476318359,36.381256103515625,36.586551666259766,13084470
2023-05-24T00:00:00.000000Z,36.584369659423828,36.621212005615234,35.455337524414062,35.965927124023438,15210108
2023-05-25T00:00:00.000000Z,35.964767456054688,36.078533172607422,35.234878540039062,35.696586608886719,14152666
2023-05-26T00:00:00.000000Z,35.695999145507812,36.125888824462891,35.288627624511719,36.024440765380859,12340179
2023-05-27T00:00:00.000000Z,36.022731781005859,36.209068298339844,35.816692352294922,36.209068298339844,8990474
2023-05-28T00:00:00.000000Z,36.208236694335938,37.305076599121094,36.061691284179688,36.817508697509766,11827534
2023-05-29T00:00:00.000000Z,36.8211669921875,37.168296813964844,36.391845703125,36.838260650634766,11780867
2023-05-30T00:00:00.000000Z,36.838348388671875,37.303268432617188,36.647422790527344,36.971012115478516,12127424
2023-05-31T00:00:00.000000Z,36.9739990234375,37.217273712158203,36.296260833740234,36.867527008056641,14295191
2023-06-01T00:00:00.000000Z,36.865074157714844,37.23834228515625,36.633964538574219,37.007637023925781,12535728
2023-06-02T00:00:00.000000Z,37.010185241699219,37.773731231689453,36.682353973388672,37.624931335449219,13312656
2023-06-03T00:00:00.000000Z,37.623775482177734,38.324958801269531,37.345970153808594,38.294696807861328,10283434
2023-06-04T00:00:00.000000Z,38.292766571044922,38.997154235839844,37.727081298828125,37.729320526123047,12092131
2023-06-05T00:00:00.000000Z,37.738758087158203,38.172893524169922,34.241786956787109,36.292434692382812,24883863
2023-06-06T00:00:00.000000Z,36.290340423583984,37.169570922851562,35.844196319580078,36.761848449707031,14267814
2023-06-07T00:00:00.000000Z,36.762470245361328,36.778182983398438,34.909992218017578,35.3134765625,15961195
2023-06-08T00:00:00.000000Z,35.311637878417969,35.311637878417969,34.475700378417969,35.066932678222656,12442312
2023-06-09T00:00:00.000000Z,35.066272735595703,35.227096557617188,34.510612487792969,34.787464141845703,10429592
2023-06-10T00:00:00.000000Z,34.789161682128906,34.789161682128906,28.376670837402344,30.001937866210938,41945782
2023-06-11T00:00:00.000000Z,29.999015808105469,30.488449096679688,29.616987228393555,30.043163299560547,10697125
2023-06-12T00:00:00.000000Z,30.040351867675781,30.255681991577148,29.409406661987305,30.134853363037109,11727563
2023-06-13T00:00:00.000000Z,30.135385513305664,31.342706680297852,30.064813613891602,30.62403678894043,15280534
2023-06-14T00:00:00.000000Z,30.62403678894043,31.027492523193359,29.088447570800781,29.586423873901367,12519551
2023-06-15T00:00:00.000000Z,29.585620880126953,29.872343063354492,28.469209671020508,29.389545440673828,13610540
2023-06-16T00:00:00.000000Z,29.389381408691406,31.467037200927734,29.262237548828125,30.290927886962891,24224143
2023-06-17T00:00:00.000000Z,30.290481567382812,31.121767044067383,30.059703826904297,30.950162887573242,10584220
2023-06-18T00:00:00.000000Z,30.949108123779297,30.951032638549805,30.032009124755859,30.081727981567383,9960688
2023-06-19T00:00:00.000000Z,30.082128524780273,30.815637588500977,29.945266723632812,30.386508941650391,11657413
2023-06-20T00:00:00.000000Z,30.3839111328125,30.86326789855957,29.456356048583984,30.851486206054688,12800768
2023-06-21T00:00:00.000000Z,30.849990844726562,32.778404235839844,30.772703170776367,32.591712951660156,17795023
2023-06-22T00:00:00.000000Z,32.58880615234375,33.603256225585938,32.227886199951172,32.31573486328125,16304727
2023-06-23T00:00:00.000000Z,32.316947937011719,33.633518218994141,32.19720458984375,33.422435760498047,13417027
2023-06-24T00:00:00.000000Z,33.422153472900391,33.896518707275391,32.8492431640625,33.271533966064453,12212940
2023-06-25T00:00:00.000000Z,33.272800445556641,36.470878601074219,33.228511810302734,34.954830169677734,71922580
2023-06-26T00:00:00.000000Z,34.952564239501953,34.972377777099609,33.382194519042969,33.78692626953125,18716988
2023-06-27T00:00:00.000000Z,33.786483764648438,34.37420654296875,33.489322662353516,34.054962158203125,11342550
2023-06-28T00:00:00.000000Z,34.0562744140625,34.075145721435547,32.11376953125,32.582382202148438,11758610
2023-06-29T00:00:00.000000Z,32.584285736083984,34.118984222412109,32.305484771728516,34.042648315429688,12160806
2023-06-30T00:00:00.000000Z,34.037155151367188,35.253559112548828,32.775524139404297,34.860637664794922,18452784
2023-07-01T00:00:00.000000Z,34.858066558837891,35.412059783935547,34.37249755859375,35.412059783935547,11783296
2023-07-02T00:00:00.000000Z,35.413440704345703,35.429603576660156,34.496063232421875,35.189773559570312,10706529
2023-07-03T00:00:00.000000Z,35.186897277832031,36.223720550537109,35.048141479492188,36.078723907470703,13256879
2023-07-04T00:00:00.000000Z,36.081714630126953,36.145790100097656,35.441169738769531,35.901115417480469,11405163
2023-07-05T00:00:00.000000Z,35.899642944335938,36.310523986816406,34.285610198974609,34.837051391601562,13263147
2023-07-06T00:00:00.000000Z,34.834449768066406,35.432624816894531,33.427341461181641,33.529071807861328,11523456
2023-07-07T00:00:00.000000Z,33.526287078857422,34.308376312255859,33.220016479492188,34.255592346191406,9560669
2023-07-08T00:00:00.000000Z,34.256275177001953,34.390609741210938,33.551078796386719,34.231922149658203,7713989
2023-07-09T00:00:00.000000Z,34.236015319824219,34.690418243408203,34.188423156738281,34.545108795166016,7793521
2023-07-10T00:00:00.000000Z,34.553482055664062,35.657699584960938,33.77294921875,35.167518615722656,14776715
2023-07-11T00:00:00.000000Z,35.168922424316406,35.746799468994141,35.102588653564453,35.475776672363281,10612319
2023-07-12T00:00:00.000000Z,35.475776672363281,35.885410308837891,34.855087280273438,35.273971557617188,10738823
2023-07-13T00:00:00.000000Z,35.275611877441406,37.081455230712891,34.877601623535156,37.062309265136719,17364324
2023-07-14T00:00:00.000000Z,37.063838958740234,38.021270751953125,35.315929412841797,36.428665161132812,19430301
2023-07-15T00:00:00.000000Z,36.426521301269531,37.302585601806641,36.232109069824219,36.685413360595703,12575571
2023-07-16T00:00:00.000000Z,36.684192657470703,37.682693481445312,36.224960327148438,36.979457855224609,16691083
2023-07-17T00:00:00.000000Z,36.980743408203125,38.021369934082031,36.283226013183594,37.153636932373047,20356656
2023-07-18T00:00:00.000000Z,37.151760101318359,37.211463928222656,35.748878479003906,36.081916809082031,12298682
2023-07-19T00:00:00.000000Z,36.087863922119141,36.625392913818359,35.8653564453125,35.891746520996094,12064603
2023-07-20T00:00:00.000000Z,35.887718200683594,36.336959838867188,33.701900482177734,34.036235809326172,24309508
2023-07-21T00:00:00.000000Z,34.038631439208984,34.065212249755859,33.308902740478516,33.463844299316406,18638740
2023-07-22T00:00:00.000000Z,33.465663909912109,33.892410278320312,32.971965789794922,33.131050109863281,12689576
2023-07-23T00:00:00.000000Z,33.135108947753906,34.318111419677734,33.070026397705078,33.826530456542969,13113896
2023-07-24T00:00:00.000000Z,33.819160461425781,33.842529296875,32.085060119628906,32.370132446289062,15429721
2023-07-25T00:00:00.000000Z,32.371036529541016,32.595481872558594,32.122028350830078,32.3656005859375,12443813
2023-07-26T00:00:00.000000Z,32.368122100830078,32.933437347412109,31.978302001953125,32.483688354492188,12589519
2023-07-27T00:00:00.000000Z,32.483478546142578,33.152862548828125,32.239009857177734,32.478813171386719,11239483
2023-07-28T00:00:00.000000Z,32.476264953613281,32.843109130859375,32.327735900878906,32.833625793457031,8496061
2023-07-29T00:00:00.000000Z,32.836879730224609,32.927268981933594,32.576583862304688,32.683269500732422,6775160
2023-07-30T00:00:00.000000Z,32.683490753173828,32.762184143066406,31.560056686401367,32.205486297607422,8695634
2023-07-31T00:00:00.000000Z,32.205818176269531,32.502079010009766,31.704614639282227,32.021129608154297,8686460
2023-08-01T00:00:00.000000Z,32.018287658691406,32.174297332763672,31.267450332641602,32.173530578613281,10729483
2023-08-02T00:00:00.000000Z,32.172981262207031,32.430091857910156,31.259162902832031,31.319610595703125,11615024
2023-08-03T00:00:00.000000Z,31.319427490234375,31.549398422241211,31.011177062988281,31.106843948364258,10701868
2023-08-04T00:00:00.000000Z,31.10572624206543,31.459074020385742,30.701198577880859,31.070560455322266,10364496
2023-08-05T00:00:00.000000Z,31.072330474853516,31.195680618286133,30.902860641479492,31.091299057006836,8799874
2023-08-06T00:00:00.000000Z,31.088565826416016,31.573122024536133,30.890169143676758,30.921232223510742,9170065
2023-08-07T00:00:00.000000Z,30.924655914306641,31.256664276123047,30.423826217651367,30.842155456542969,11214964
2023-08-08T00:00:00.000000Z,30.843696594238281,32.885459899902344,30.73576545715332,31.600406646728516,46650765
2023-08-09T00:00:00.000000Z,31.59937858581543,31.683198928833008,30.917724609375,31.036439895629883,16671898
2023-08-10T00:00:00.000000Z,31.036153793334961,31.104682922363281,30.451513290405273,30.554296493530273,12506398
2023-08-11T00:00:00.000000Z,30.557415008544922,30.783706665039062,30.278928756713867,30.385837554931641,11716536
2023-08-12T00:00:00.000000Z,30.40007209777832,30.565999984741211,30.054790496826172,30.529243469238281,10120577
2023-08-13T00:00:00.000000Z,30.529525756835938,31.113090515136719,30.403299331665039,31.054357528686523,13301845
2023-08-14T00:00:00.000000Z,31.057441711425781,31.113025665283203,30.695621490478516,30.84471321105957,11646367
2023-08-15T00:00:00.000000Z,30.843923568725586,30.932212829589844,28.670291900634766,29.480112075805664,18645366
2023-08-16T00:00:00.000000Z,29.477104187011719,29.477546691894531,27.932342529296875,28.591556549072266,17561265
2023-08-17T00:00:00.000000Z,28.591211318969727,29.065914154052734,24.691097259521484,26.822425842285156,20843691
2023-08-18T00:00:00.000000Z,26.819797515869141,27.647504806518555,26.744064331054688,27.360139846801758,17090117
2023-08-19T00:00:00.000000Z,27.362146377563477,28.005315780639648,27.283681869506836,27.827171325683594,10791594
2023-08-20T00:00:00.000000Z,27.827354431152344,27.876438140869141,27.398464202880859,27.585498809814453,7231585
2023-08-21T00:00:00.000000Z,27.584722518920898,27.587268829345703,26.539440155029297,26.748321533203125,13403340
2023-08-22T00:00:00.000000Z,26.745777130126953,26.906780242919922,25.374839782714844,26.142297744750977,17592941
2023-08-23T00:00:00.000000Z,26.144304275512695,26.758459091186523,25.758037567138672,26.413381576538086,23587208
2023-08-24T00:00:00.000000Z,26.414691925048828,26.536960601806641,25.310131072998047,25.611051559448242,14529439
2023-08-25T00:00:00.000000Z,25.613475799560547,25.623493194580078,24.85734748840332,25.321796417236328,15831684
2023-08-26T00:00:00.000000Z,25.317564010620117,25.522436141967773,25.002218246459961,25.137384414672852,12126608
2023-08-27T00:00:00.000000Z,25.137119293212891,25.344076156616211,25.074243545532227,25.148109436035156,9737329
2023-08-28T00:00:00.000000Z,25.152822494506836,25.537336349487305,24.639564514160156,25.518339157104492,13259912
2023-08-29T00:00:00.000000Z,25.517929077148438,26.393959045410156,24.862985610961914,26.228364944458008,19439392
2023-08-30T00:00:00.000000Z,26.232715606689453,26.465757369995117,25.915203094482422,26.395042419433594,16142999
2023-08-31T00:00:00.000000Z,26.396598815917969,26.795492172241211,25.665271759033203,26.088407516479492,17303119
2023-09-01T00:00:00.000000Z,26.095409393310547,26.323650360107422,24.751142501831055,24.902652740478516,14708588
2023-09-02T00:00:00.000000Z,24.900369644165039,24.95692253112793,24.299331665039062,24.813873291015625,10010746
2023-09-03T00:00:00.000000Z,24.813833236694336,24.943141937255859,24.473958969116211,24.867218017578125,8952348
2023-09-04T00:00:00.000000Z,24.865545272827148,25.003627777099609,24.610944747924805,24.9083251953125,10074407
2023-09-05T00:00:00.000000Z,24.905982971191406,25.380777359008789,24.67613410949707,25.007396697998047,10500025
2023-09-06T00:00:00.000000Z,25.008359909057617,25.061878204345703,24.144903182983398,24.595975875854492,10950739
2023-09-07T00:00:00.000000Z,24.597497940063477,24.948581695556641,24.454450607299805,24.767055511474609,9303663
2023-09-08T00:00:00.000000Z,24.770875930786133,24.943254470825195,24.374671936035156,24.535737991333008,8731186
2023-09-09T00:00:00.000000Z,24.535703659057617,24.71051025390625,24.463567733764648,24.470737457275391,5761554
2023-09-10T00:00:00.000000Z,24.468534469604492,24.475368499755859,23.466779708862305,23.583633422851562,10442750
2023-09-11T00:00:00.000000Z,23.582921981811523,23.615467071533203,22.30242919921875,22.67711067199707,13060072
2023-09-12T00:00:00.000000Z,22.676511764526367,23.745105743408203,22.650051116943359,22.894603729248047,12057405
2023-09-13T00:00:00.000000Z,22.897138595581055,23.648754119873047,22.851009368896484,23.625518798828125,11590359
2023-09-14T00:00:00.000000Z,23.624275207519531,24.671293258666992,23.425788879394531,24.43328857421875,12218438
2023-09-15T00:00:00.000000Z,24.434810638427734,24.988319396972656,24.318483352661133,24.802074432373047,11288861
2023-09-16T00:00:00.000000Z,24.800077438354492,26.601663589477539,24.800077438354492,26.59527587890625,18143156
2023-09-17T00:00:00.000000Z,26.594776153564453,26.613161087036133,25.101154327392578,25.395458221435547,16651424
2023-09-18T00:00:00.000000Z,25.396747589111328,26.324054718017578,25.254350662231445,25.714624404907227,14404839
2023-09-19T00:00:00.000000Z,25.715021133422852,26.354120254516602,25.668619155883789,26.139286041259766,11952004
2023-09-20T00:00:00.000000Z,26.139778137207031,26.189825057983398,25.34443473815918,25.764806747436523,12047515
2023-09-21T00:00:00.000000Z,25.767219543457031,28.626832962036133,25.767219543457031,26.171787261962891,60342651
2023-09-22T00:00:00.000000Z,26.171281814575195,26.171281814575195,25.257070541381836,25.404212951660156,14735090
2023-09-23T00:00:00.000000Z,25.40345573425293,25.494182586669922,24.692390441894531,25.090290069580078,10100297
2023-09-24T00:00:00.000000Z,25.090660095214844,25.099388122558594,24.183418273925781,24.229921340942383,8752088
2023-09-25T00:00:00.000000Z,24.229518890380859,24.864984512329102,24.088413238525391,24.727745056152344,11400050
2023-09-26T00:00:00.000000Z,24.727067947387695,24.921159744262695,24.328090667724609,24.531883239746094,9949023
2023-09-27T00:00:00.000000Z,24.531152725219727,24.556247711181641,23.549400329589844,23.659543991088867,13176918
2023-09-28T00:00:00.000000Z,23.659181594848633,24.823797225952148,23.633726119995117,24.773483276367188,13535265
2023-09-29T00:00:00.000000Z,24.770656585693359,25.168344497680664,24.671186447143555,25.15260124206543,11470266
2023-09-30T00:00:00.000000Z,25.150123596191406,25.681396484375,25.116666793823242,25.364486694335938,11097233
2023-10-01T00:00:00.000000Z,25.362625122070312,26.120138168334961,25.220743179321289,25.914945602416992,12147559
2023-10-02T00:00:00.000000Z,25.912824630737305,26.014486312866211,24.655858993530273,24.895975112915039,17766019
2023-10-03T00:00:00.000000Z,24.894153594970703,25.020967483520508,24.387113571166992,24.444913864135742,11516088
2023-10-04T00:00:00.000000Z,24.448951721191406,24.763023376464844,23.831699371337891,24.719156265258789,11715265
2023-10-05T00:00:00.000000Z,24.718618392944336,24.752260208129883,24.044862747192383,24.049154281616211,9248381
2023-10-06T00:00:00.000000Z,24.048311233520508,24.517074584960938,23.922683715820312,24.285440444946289,10663913
2023-10-07T00:00:00.000000Z,24.284017562866211,24.473527908325195,24.012851715087891,24.195465087890625,7200973
2023-10-08T00:00:00.000000Z,24.196075439453125,24.652233123779297,24.091997146606445,24.520334243774414,7465445
2023-10-09T00:00:00.000000Z,24.520498275756836,24.565521240234375,22.867668151855469,22.877609252929688,12659175
2023-10-10T00:00:00.000000Z,22.877519607543945,23.043209075927734,22.677570343017578,22.982351303100586,10666450
2023-10-11T00:00:00.000000Z,22.983505249023438,23.017261505126953,22.538064956665039,22.805976867675781,10202291
2023-10-12T00:00:00.000000Z,22.806612014770508,23.238252639770508,22.654172897338867,23.178365707397461,10560986
2023-10-13T00:00:00.000000Z,23.177160263061523,23.839061737060547,23.149747848510742,23.460662841796875,8641812
2023-10-14T00:00:00.000000Z,23.460813522338867,24.096162796020508,23.450725555419922,23.972543716430664,8135920
2023-10-15T00:00:00.000000Z,23.972570419311523,24.55244255065918,23.817436218261719,24.516773223876953,15264105
2023-10-16T00:00:00.000000Z,24.511777877807617,28.115444183349609,24.511777877807617,25.328393936157227,85379312
2023-10-17T00:00:00.000000Z,25.327642440795898,25.339448928833008,23.899862289428711,24.269847869873047,20595167
2023-10-18T00:00:00.000000Z,24.268650054931641,24.472900390625,23.806306838989258,24.425472259521484,13419261
2023-10-19T00:00:00.000000Z,24.429424285888672,24.696361541748047,23.338920593261719,23.46385383605957,19650194
2023-10-20T00:00:00.000000Z,23.466024398803711,26.218297958374023,23.289985656738281,24.910598754882812,65470511
2023-10-21T00:00:00.000000Z,24.909360885620117,26.187828063964844,24.403152465820312,25.913726806640625,31340616
2023-10-22T00:00:00.000000Z,25.914520263671875,26.880237579345703,25.511497497558594,26.880237579345703,21708830
2023-10-23T00:00:00.000000Z,26.605419158935547,29.198080062866211,26.449239730834961,29.198080062866211,39521694
2023-10-24T00:00:00.000000Z,29.19373893737793,29.930259704589844,28.065586090087891,28.797273635864258,41145093
2023-10-25T00:00:00.000000Z,28.806499481201172,29.587064743041992,28.329765319824219,28.991846084594727,24872392
2023-10-26T00:00:00.000000Z,28.993949890136719,29.937955856323242,28.053352355957031,29.087873458862305,27451011
2023-10-27T00:00:00.000000Z,29.089300155639648,29.386926651000977,28.252309799194336,28.702550888061523,17368175
2023-10-28T00:00:00.000000Z,28.703435897827148,29.478767395019531,28.666208267211914,29.047870635986328,13264429
2023-10-29T00:00:00.000000Z,29.04792594909668,30.22035026550293,28.671630859375,30.061433792114258,14803670
2023-10-30T00:00:00.000000Z,30.067527770996094,30.905410766601562,29.849546432495117,30.903812408447266,22921916
2023-10-31T00:00:00.000000Z,30.907186508178711,31.36302375793457,29.188793182373047,30.010831832885742,22325953
2023-11-01T00:00:00.000000Z,30.009824752807617,32.427406311035156,29.644651412963867,32.227809906005859,28908745
2023-11-02T00:00:00.000000Z,32.239040374755859,33.393810272216797,31.800882339477539,32.980972290039062,37311302
2023-11-03T00:00:00.000000Z,32.985214233398438,33.013702392578125,31.802722930908203,32.851539611816406,18947716
2023-11-04T00:00:00.000000Z,32.849113464355469,34.752235412597656,32.801425933837891,34.659839630126953,33481101
2023-11-05T00:00:00.000000Z,34.666790008544922,52.567726135253906,34.666790008544922,47.883796691894531,925869563
2023-11-06T00:00:00.000000Z,47.8834228515625,48.098224639892578,43.721599578857422,44.499599456787109,176470264
2023-11-07T00:00:00.000000Z,44.526996612548828,44.742408752441406,41.229217529296875,42.893314361572266,86343027
2023-11-08T00:00:00.000000Z,42.883495330810547,43.070560455322266,41.453281402587891,42.776718139648438,50252438
2023-11-09T00:00:00.000000Z,42.787387847900391,43.908843994140625,39.643947601318359,41.756412506103516,87077178
2023-11-10T00:00:00.000000Z,41.760147094726562,46.661907196044922,40.632488250732422,46.185382843017578,165537107
2023-11-11T00:00:00.000000Z,46.224159240722656,46.400714874267578,42.828369140625,43.794727325439453,64389057
2023-11-12T00:00:00.000000Z,43.799598693847656,44.923576354980469,41.551479339599609,44.741729736328125,50222225
2023-11-13T00:00:00.000000Z,44.740753173828125,46.098064422607422,42.928112030029297,44.042476654052734,68823980
2023-11-14T00:00:00.000000Z,44.039878845214844,45.981689453125,42.695598602294922,45.114952087402344,70054009
2023-11-15T00:00:00.000000Z,45.129787445068359,47.667747497558594,44.769931793212891,47.072658538818359,63403446
2023-11-16T00:00:00.000000Z,47.076732635498047,48.87200927734375,42.452430725097656,43.450218200683594,65543070
2023-11-17T00:00:00.000000Z,43.451751708984375,45.804389953613281,43.401462554931641,45.504688262939453,68397679
2023-11-18T00:00:00.000000Z,45.509136199951172,45.516979217529297,41.445316314697266,43.393039703369141,37264012
2023-11-19T00:00:00.000000Z,43.403026580810547,46.326690673828125,42.358444213867188,46.326122283935547,62180610
2023-11-20T00:00:00.000000Z,46.330677032470703,46.443679809570312,44.098464965820312,44.451858520507812,41615435
2023-11-21T00:00:00.000000Z,44.447566986083984,44.832958221435547,39.742153167724609,40.002544403076172,42842923
2023-11-22T00:00:00.000000Z,39.993053436279297,43.947437286376953,39.874446868896484,43.451896667480469,31074908
2023-11-23T00:00:00.000000Z,43.451190948486328,44.446022033691406,43.225845336914062,43.994651794433594,27003154
2023-11-24T00:00:00.000000Z,43.994594573974609,47.220901489257812,43.924678802490234,47.034954071044922,77605161
2023-11-25T00:00:00.000000Z,47.063892364501953,47.300144195556641,45.372886657714844,46.647716522216797,36325712
2023-11-26T00:00:00.000000Z,46.648101806640625,46.671779632568359,44.424259185791016,45.233734130859375,26055260
2023-11-27T00:00:00.000000Z,45.230060577392578,45.297138214111328,43.27001953125,43.965728759765625,24531515
2023-11-28T00:00:00.000000Z,43.965602874755859,44.162055969238281,42.362049102783203,43.867885589599609,22078847
2023-11-29T00:00:00.000000Z,43.868972778320312,44.585903167724609,43.011043548583984,43.490413665771484,20303118
2023-11-30T00:00:00.000000Z,43.488048553466797,43.753940582275391,42.744407653808594,43.478771209716797,15176115
2023-12-01T00:00:00.000000Z,43.476451873779297,45.720558166503906,43.040412902832031,45.284385681152344,25588298
2023-12-02T00:00:00.000000Z,45.285503387451172,46.52581787109375,45.285503387451172,46.473453521728516,20396832
2023-12-03T00:00:00.000000Z,46.4752197265625,52.959075927734375,45.925086975097656,49.395736694335938,150677502
2023-12-04T00:00:00.000000Z,49.396907806396484,53.408149719238281,48.648181915283203,52.153026580810547,219516550
2023-12-05T00:00:00.000000Z,52.153812408447266,52.180374145507812,48.931221008300781,50.456058502197266,62620633
2023-12-06T00:00:00.000000Z,50.459636688232422,51.376426696777344,47.983386993408203,48.4747314453125,57425382
2023-12-07T00:00:00.000000Z,48.489410400390625,50.124214172363281,47.6885986328125,50.014335632324219,36414674
2023-12-08T00:00:00.000000Z,50.014759063720703,52.606990814208984,49.295665740966797,52.300823211669922,49550627
2023-12-09T00:00:00.000000Z,52.293529510498047,59.360263824462891,51.883274078369141,59.360263824462891,130080259
2023-12-10T00:00:00.000000Z,59.563529968261719,67.761940002441406,58.581680297851562,64.643157958984375,393804806
2023-12-11T00:00:00.000000Z,64.645347595214844,66.552215576171875,60.039226531982422,63.634078979492188,303951260
2023-12-12T00:00:00.000000Z,63.633766174316406,69.248062133789062,60.807315826416016,61.898468017578125,217373708
2023-12-13T00:00:00.000000Z,61.902942657470703,62.870738983154297,57.540500640869141,62.568389892578125,91991652
2023-12-14T00:00:00.000000Z,62.560882568359375,62.560882568359375,59.444820404052734,61.148967742919922,67770819
2023-12-15T00:00:00.000000Z,61.159648895263672,61.208911895751953,57.89813232421875,57.907466888427734,45634849
2023-12-16T00:00:00.000000Z,57.911186218261719,62.984363555908203,57.259727478027344,60.819515228271484,69381930
2023-12-17T00:00:00.000000Z,60.820747375488281,65.135589599609375,60.782680511474609,61.184612274169922,96528465
2023-12-18T00:00:00.000000Z,61.174888610839844,61.402111053466797,54.570541381835938,59.576446533203125,83223975
2023-12-19T00:00:00.000000Z,59.581039428710938,60.022754669189453,56.838336944580078,58.005443572998047,43554807
2023-12-20T00:00:00.000000Z,57.9990234375,63.210830688476562,56.964042663574219,63.057941436767578,65694959
2023-12-21T00:00:00.000000Z,63.083473205566406,64.669914245605469,61.4766845703125,62.130516052246094,69937486
2023-12-22T00:00:00.000000Z,62.131420135498047,62.555099487304688,59.471942901611328,62.036773681640625,51454203
2023-12-23T00:00:00.000000Z,62.028305053710938,66.298149108886719,60.82958984375,65.562774658203125,78891342
2023-12-24T00:00:00.000000Z,65.553215026855469,74.591087341308594,65.015167236328125,72.986404418945312,288182959
2023-12-25T00:00:00.000000Z,72.977775573730469,77.771514892578125,72.509422302246094,72.841468811035156,183572726
2023-12-26T00:00:00.000000Z,72.841827392578125,73.304473876953125,67.284645080566406,71.30731201171875,97390177
2023-12-27T00:00:00.000000Z,71.306037902832031,74.328926086425781,69.805229187011719,70.833320617675781,89667479
2023-12-28T00:00:00.000000Z,70.837135314941406,71.339370727539062,66.963142395019531,69.490966796875,68196807
2023-12-29T00:00:00.000000Z,69.484245300292969,71.836845397949219,67.323707580566406,71.481101989746094,70809628
2023-12-30T00:00:00.000000Z,71.465995788574219,71.547088623046875,67.402816772460938,68.7572021484375,40558847
2023-12-31T00:00:00.000000Z,68.744384765625,70.575958251953125,66.877937316894531,67.934326171875,43546691
2024-01-01T00:00:00.000000Z,67.950141906738281,71.637443542480469,66.919296264648438,71.371742248535156,51161669
2024-01-02T00:00:00.000000Z,71.375762939453125,72.856842041015625,68.674690246582031,68.993751525878906,64001318
2024-01-03T00:00:00.000000Z,69.005897521972656,70.934967041015625,54.977436065673828,59.851081848144531,121990031
2024-01-04T00:00:00.000000Z,59.834114074707031,60.817241668701172,56.492500305175781,60.316730499267578,67128992
2024-01-05T00:00:00.000000Z,60.311386108398438,60.399826049804688,55.122879028320312,57.106876373291016,48979976
2024-01-06T00:00:00.000000Z,57.106910705566406,57.112224578857422,52.071666717529297,54.507846832275391,41794778
2024-01-07T00:00:00.000000Z,54.510505676269531,55.997455596923828,51.185832977294922,51.585002899169922,36619103
2024-01-08T00:00:00.000000Z,51.593826293945312,55.991081237792969,47.080574035644531,55.357200622558594,60604693
2024-01-09T00:00:00.000000Z,55.384757995605469,55.668308258056641,51.351646423339844,52.996524810791016,42145583
2024-01-10T00:00:00.000000Z,52.993190765380859,57.953090667724609,50.395313262939453,56.539207458496094,61003948
2024-01-11T00:00:00.000000Z,56.577171325683594,59.838336944580078,55.735069274902344,57.627887725830078,72167938
2024-01-12T00:00:00.000000Z,57.629371643066406,58.484046936035156,52.366645812988281,53.885326385498047,48410125
2024-01-13T00:00:00.000000Z,53.883525848388672,54.774135589599609,52.378952026367188,54.419460296630859,28093481
2024-01-14T00:00:00.000000Z,54.418243408203125,55.544486999511719,52.283943176269531,52.381092071533203,28980821
2024-01-15T00:00:00.000000Z,52.371910095214844,54.640045166015625,52.345096588134766,53.28179931640625,28096737
2024-01-16T00:00:00.000000Z,53.270282745361328,56.347682952880859,53.212551116943359,55.294338226318359,71795864
2024-01-17T00:00:00.000000Z,55.315589904785156,57.563022613525391,53.829620361328125,54.716361999511719,62949995
2024-01-18T00:00:00.000000Z,54.716163635253906,54.740283966064453,50.652351379394531,51.444705963134766,32454604
2024-01-19T00:00:00.000000Z,51.446762084960938,51.998859405517578,48.0091552734375,50.742927551269531,34567059
2024-01-20T00:00:00.000000Z,50.741596221923828,53.261558532714844,50.329761505126953,52.548629760742188,35379515
2024-01-21T00:00:00.000000Z,52.548892974853516,52.835781097412109,51.455921173095703,51.45660400390625,21063294
2024-01-22T00:00:00.000000Z,51.474063873291016,52.316585540771484,48.933597564697266,49.577938079833984,37670500
2024-01-23T00:00:00.000000Z,49.580104827880859,51.054119110107422,46.392070770263672,48.693538665771484,36578634
2024-01-24T00:00:00.000000Z,48.688571929931641,50.973850250244141,48.482387542724609,49.741367340087891,32458133
2024-01-25T00:00:00.000000Z,49.743995666503906,49.807510375976562,47.85943603515625,48.967491149902344,22033940
2024-01-26T00:00:00.000000Z,48.972160339355469,52.105712890625,48.53466796875,51.848518371582031,24696894
2024-01-27T00:00:00.000000Z,51.848476409912109,53.886341094970703,51.232131958007812,53.577846527099609,23714061
2024-01-28T00:00:00.000000Z,53.586860656738281,54.27197265625,52.359432220458984,53.088359832763672,25773972
2024-01-29T00:00:00.000000Z,53.090476989746094,55.977279663085938,52.653339385986328,55.839389801025391,32276231
2024-01-30T00:00:00.000000Z,55.839389801025391,58.965423583984375,55.188808441162109,56.895961761474609,50730607
2024-01-31T00:00:00.000000Z,56.936550140380859,57.23931884765625,52.409706115722656,53.160900115966797,43281132
2024-02-01T00:00:00.000000Z,53.161403656005859,53.549461364746094,51.449169158935547,53.477706909179688,37854086
2024-02-02T00:00:00.000000Z,53.477039337158203,56.993309020996094,53.296245574951172,55.371082305908203,56865270
2024-02-03T00:00:00.000000Z,55.371875762939453,55.754680633544922,53.946060180664062,54.025505065917969,18338635
2024-02-04T00:00:00.000000Z,54.022682189941406,54.268795013427734,52.823322296142578,53.394672393798828,20495984
2024-02-05T00:00:00.000000Z,53.412750244140625,54.314208984375,52.42156982421875,53.250713348388672,21249641
2024-02-06T00:00:00.000000Z,53.253551483154297,53.780361175537109,52.253524780273438,52.543228149414062,21661133
2024-02-07T00:00:00.000000Z,52.543998718261719,53.570980072021484,50.928112030029297,53.433357238769531,24837230
2024-02-08T00:00:00.000000Z,53.438644409179688,55.574352264404297,53.113246917724609,53.931270599365234,50456670
2024-02-09T00:00:00.000000Z,53.931270599365234,55.467094421386719,53.810306549072266,55.420005798339844,32692474
2024-02-10T00:00:00.000000Z,55.421703338623047,57.871189117431641,55.091274261474609,56.964542388916016,59710602
2024-02-11T00:00:00.000000Z,56.962539672851562,57.024276733398438,55.137111663818359,55.794479370117188,30199802
2024-02-12T00:00:00.000000Z,55.786415100097656,58.911693572998047,55.168384552001953,57.9320068359375,61626469
2024-02-13T00:00:00.000000Z,57.931304931640625,60.944316864013672,57.727073669433594,59.276264190673828,95158647
2024-02-14T00:00:00.000000Z,59.267734527587891,60.952617645263672,58.126792907714844,60.865352630615234,48513738
2024-02-15T00:00:00.000000Z,60.865337371826172,61.107620239257812,58.910915374755859,60.888313293457031,55167420
2024-02-16T00:00:00.000000Z,60.883319854736328,62.570163726806641,58.390995025634766,59.366447448730469,46818563
2024-02-17T00:00:00.000000Z,59.369251251220703,59.369251251220703,56.143688201904297,57.953624725341797,32920130
2024-02-18T00:00:00.000000Z,57.953819274902344,59.990253448486328,57.309646606445312,59.477352142333984,30444945
2024-02-19T00:00:00.000000Z,59.491615295410156,61.650279998779297,59.089023590087891,60.81378173828125,44533112
2024-02-20T00:00:00.000000Z,60.814979553222656,61.801631927490234,57.54620361328125,60.138099670410156,53583126
2024-02-21T00:00:00.000000Z,60.142875671386719,60.142875671386719,55.541099548339844,57.554149627685547,36349128
2024-02-22T00:00:00.000000Z,57.554702758789062,58.893436431884766,56.261436462402344,57.361919403076172,27801895
2024-02-23T00:00:00.000000Z,57.359088897705078,58.153327941894531,55.427024841308594,56.189586639404297,25091277
2024-02-24T00:00:00.000000Z,56.188564300537109,58.555473327636719,55.069869995117188,58.312774658203125,22665830
2024-02-25T00:00:00.000000Z,58.311023712158203,58.349689483642578,56.797988891601562,57.679813385009766,19663658
2024-02-26T00:00:00.000000Z,57.677734375,60.654510498046875,57.084152221679688,60.499713897705078,38142842
2024-02-27T00:00:00.000000Z,60.501327514648438,61.972225189208984,58.628501892089844,60.181232452392578,55388838
2024-02-28T00:00:00.000000Z,60.182491302490234,62.664325714111328,56.6876220703125,59.782493591308594,72087767
2024-02-29T00:00:00.000000Z,59.786304473876953,63.590927124023438,58.722869873046875,60.2042236328125,71764872
2024-03-01T00:00:00.000000Z,60.190116882324219,63.439678192138672,60.189373016357422,63.256206512451172,42483752
2024-03-02T00:00:00.000000Z,63.258705139160156,66.369400024414062,63.152915954589844,66.0892333984375,56374969
2024-03-03T00:00:00.000000Z,66.094810485839844,72.598114013671875,65.960098266601562,71.406837463378906,299360151
2024-03-04T00:00:00.000000Z,71.383766174316406,71.53887939453125,66.377578735351562,68.372482299804688,90800013
2024-03-05T00:00:00.000000Z,68.376922607421875,68.502037048339844,56.778797149658203,61.183582305908203,119318292
2024-03-06T00:00:00.000000Z,61.171768188476562,64.575439453125,58.832019805908203,64.542312622070312,59191720
2024-03-07T00:00:00.000000Z,64.550811767578125,67.839950561523438,64.537033081054688,67.373268127441406,69671857
2024-03-08T00:00:00.000000Z,67.372528076171875,68.151130676269531,64.621726989746094,67.635284423828125,63344520
2024-03-09T00:00:00.000000Z,67.635284423828125,69.850875854492188,66.383560180664062,68.436820983886719,53985032
2024-03-10T00:00:00.000000Z,68.434226989746094,69.859146118164062,65.380859375,67.111984252929688,55274679
2024-03-11T00:00:00.000000Z,67.112312316894531,71.614639282226562,64.342155456542969,70.394721984863281,89358893
2024-03-12T00:00:00.000000Z,70.394721984863281,72.625190734863281,66.689529418945312,72.516395568847656,111535621
2024-03-13T00:00:00.000000Z,72.516395568847656,77.798858642578125,71.366432189941406,73.490829467773438,116823660
2024-03-14T00:00:00.000000Z,73.493667602539062,75.146209716796875,67.864356994628906,75.105873107910156,100269715
2024-03-15T00:00:00.000000Z,75.114830017089844,76.125396728515625,65.173393249511719,69.0858154296875,135158521
2024-03-16T00:00:00.000000Z,69.0858154296875,70.559555053710938,61.067996978759766,62.482719421386719,69902195
2024-03-17T00:00:00.000000Z,62.482719421386719,65.022628784179688,58.882255554199219,64.504119873046875,55791799
2024-03-18T00:00:00.000000Z,64.696022033691406,64.99554443359375,59.460502624511719,60.513420104980469,44080067
2024-03-19T00:00:00.000000Z,60.506507873535156,61.017547607421875,53.925662994384766,54.945640563964844,63532994
2024-03-20T00:00:00.000000Z,54.945640563964844,61.326381683349609,54.001110076904297,60.984638214111328,50418268
2024-03-21T00:00:00.000000Z,60.984638214111328,62.211013793945312,59.151847839355469,60.263160705566406,37922982
2024-03-22T00:00:00.000000Z,60.263851165771484,61.391117095947266,57.001388549804688,58.721210479736328,32292406
2024-03-23T00:00:00.000000Z,58.721210479736328,61.11383056640625,58.226169586181641,59.523227691650391,23323869
2024-03-24T00:00:00.000000Z,59.523227691650391,62.335174560546875,59.041759490966797,62.000713348388672,25217488
2024-03-25T00:00:00.000000Z,62.000713348388672,64.315650939941406,61.607074737548828,63.422962188720703,35395923
2024-03-26T00:00:00.000000Z,63.422962188720703,64.815208435058594,62.027851104736328,63.536739349365234,50130811
2024-03-27T00:00:00.000000Z,63.536739349365234,63.879226684570312,59.964248657226562,60.943691253662109,42566628
2024-03-28T00:00:00.000000Z,60.943691253662109,61.685039520263672,59.423316955566406,61.194293975830078,30533627
2024-03-29T00:00:00.000000Z,61.195404052734375,62.027042388916016,59.481479644775391,60.953510284423828,32803203
2024-03-30T00:00:00.000000Z,60.953510284423828,61.321311950683594,58.696643829345703,59.053176879882812,24502344
2024-03-31T00:00:00.000000Z,59.053176879882812,60.535591125488281,58.793437957763672,60.226390838623047,20264352
2024-04-01T00:00:00.000000Z,60.226390838623047,60.479736328125,55.814659118652344,57.619640350341797,40226702
2024-04-02T00:00:00.000000Z,57.619640350341797,57.620475769042969,52.359756469726562,53.619956970214844,41565330
2024-04-03T00:00:00.000000Z,53.619956970214844,55.710170745849609,52.044479370117188,53.741165161132812,27252845
2024-04-04T00:00:00.000000Z,53.741165161132812,55.799060821533203,52.797096252441406,54.746227264404297,24558965
2024-04-05T00:00:00.000000Z,54.746227264404297,54.794506072998047,51.787174224853516,53.680877685546875,22508422
2024-04-06T00:00:00.000000Z,53.680877685546875,54.928714752197266,53.506687164306641,54.672473907470703,14899231
2024-04-07T00:00:00.000000Z,54.672473907470703,55.122711181640625,53.528022766113281,54.199066162109375,17448979
2024-04-08T00:00:00.000000Z,54.199066162109375,57.112457275390625,53.173381805419922,56.852745056152344,26690388
2024-04-09T00:00:00.000000Z,56.852745056152344,57.093349456787109,53.511993408203125,53.713821411132812,25874593
2024-04-10T00:00:00.000000Z,53.713821411132812,54.026954650878906,51.248172760009766,52.881000518798828,28273164
2024-04-11T00:00:00.000000Z,52.881000518798828,53.703929901123047,51.061267852783203,51.884803771972656,21151734
2024-04-12T00:00:00.000000Z,51.884803771972656,52.239761352539062,40.430950164794922,43.520183563232422,66924566
2024-04-13T00:00:00.000000Z,43.520183563232422,43.563495635986328,33.269378662109375,37.905414581298828,72408463
2024-04-14T00:00:00.000000Z,37.905414581298828,41.6153564453125,36.432567596435547,41.198265075683594,47818336
2024-04-15T00:00:00.000000Z,41.198265075683594,43.397289276123047,38.766719818115234,39.810997009277344,36619844
2024-04-16T00:00:00.000000Z,39.810997009277344,40.892158508300781,38.261203765869141,40.358562469482422,27792789
2024-04-17T00:00:00.000000Z,40.356830596923828,41.082798004150391,38.350303649902344,39.629081726074219,23513116
2024-04-18T00:00:00.000000Z,39.629081726074219,41.200111389160156,38.721733093261719,40.770534515380859,25066750
2024-04-19T00:00:00.000000Z,40.770534515380859,41.639999389648438,37.414356231689453,40.986888885498047,27860745
2024-04-20T00:00:00.000000Z,40.986946105957031,45.383415222167969,40.444282531738281,44.474414825439453,22864789
2024-04-21T00:00:00.000000Z,44.474414825439453,44.697383880615234,42.798988342285156,43.351459503173828,18151620
2024-04-22T00:00:00.000000Z,43.351459503173828,45.306003570556641,43.317264556884766,45.042144775390625,20156271
2024-04-23T00:00:00.000000Z,45.042144775390625,45.431072235107422,43.799259185791016,43.949981689453125,20386518
2024-04-24T00:00:00.000000Z,43.949981689453125,45.379131317138672,41.134819030761719,41.601894378662109,26959943
2024-04-25T00:00:00.000000Z,41.602882385253906,43.373592376708984,40.785953521728516,42.861579895019531,21387420
2024-04-26T00:00:00.000000Z,42.861579895019531,43.225677490234375,41.835281372070312,41.971992492675781,17519274
2024-04-27T00:00:00.000000Z,41.971992492675781,42.707206726074219,40.837726593017578,41.363422393798828,23840622
2024-04-28T00:00:00.000000Z,41.363422393798828,42.149448394775391,40.400783538818359,40.494510650634766,13949137
2024-04-29T00:00:00.000000Z,40.494510650634766,40.814258575439453,39.273937225341797,40.097103118896484,22758069
2024-04-30T00:00:00.000000Z,40.097103118896484,40.497859954833984,36.653579711914062,38.411674499511719,25104152
2024-05-01T00:00:00.000000Z,38.41156005859375,38.934906005859375,35.428558349609375,38.687076568603516,31081735
2024-05-02T00:00:00.000000Z,38.687076568603516,40.096748352050781,37.488166809082031,39.727519989013672,17259813
2024-05-03T00:00:00.000000Z,39.727519989013672,41.715553283691406,39.221107482910156,41.498462677001953,19179124
2024-05-04T00:00:00.000000Z,41.499935150146484,41.962791442871094,40.768558502197266,41.437694549560547,14875146
2024-05-05T00:00:00.000000Z,41.437694549560547,42.547824859619141,40.478900909423828,41.634746551513672,17367275
2024-05-06T00:00:00.000000Z,41.634731292724609,43.416030883789062,39.813678741455078,39.920112609863281,47820161
2024-05-07T00:00:00.000000Z,39.920112609863281,40.756904602050781,39.188499450683594,39.285972595214844,21397364
2024-05-08T00:00:00.000000Z,39.285972595214844,41.091182708740234,38.985744476318359,40.096210479736328,35294982
2024-05-09T00:00:00.000000Z,40.096210479736328,40.962333679199219,39.129264831542969,40.789768218994141,21604782
2024-05-10T00:00:00.000000Z,40.789913177490234,41.753284454345703,39.341167449951172,39.654018402099609,24578366
2024-05-11T00:00:00.000000Z,39.654018402099609,40.185787200927734,39.230514526367188,39.246089935302734,13119881
2024-05-12T00:00:00.000000Z,39.246074676513672,39.795635223388672,38.298915863037109,38.579803466796875,14258584
2024-05-13T00:00:00.000000Z,38.579803466796875,39.418689727783203,37.176639556884766,38.521686553955078,21174631
2024-05-14T00:00:00.000000Z,38.521587371826172,38.781181335449219,37.091194152832031,37.549526214599609,23604923
2024-05-15T00:00:00.000000Z,37.549526214599609,40.400279998779297,37.255538940429688,40.302196502685547,27795175
2024-05-16T00:00:00.000000Z,40.303199768066406,41.098770141601562,39.599430084228516,39.992164611816406,22369765
2024-05-17T00:00:00.000000Z,39.992202758789062,40.950763702392578,39.632682800292969,40.600387573242188,22316532
2024-05-18T00:00:00.000000Z,40.600387573242188,40.922443389892578,40.204265594482422,40.393650054931641,15227752
2024-05-19T00:00:00.000000Z,40.393650054931641,40.577484130859375,37.889957427978516,37.977096557617188,22065757
2024-05-20T00:00:00.000000Z,37.977096557617188,41.158473968505859,37.344459533691406,41.090450286865234,34561012
2024-05-21T00:00:00.000000Z,41.089908599853516,42.833824157714844,40.763748168945312,40.898509979248047,48541609
2024-05-22T00:00:00.000000Z,40.898517608642578,40.924030303955078,38.949089050292969,39.121929168701172,34967531
2024-05-23T00:00:00.000000Z,39.121929168701172,39.754360198974609,36.972648620605469,38.373764038085938,41692510
2024-05-24T00:00:00.000000Z,38.373764038085938,38.820365905761719,37.388496398925781,38.811077117919922,25801195
2024-05-25T00:00:00.000000Z,38.811077117919922,39.633396148681641,38.792793273925781,39.497665405273438,16596293
2024-05-26T00:00:00.000000Z,39.497665405273438,39.736118316650391,38.618144989013672,38.971549987792969,26383246
2024-05-27T00:00:00.000000Z,38.971549987792969,40.378444671630859,38.708927154541016,39.870887756347656,27506743
2024-05-28T00:00:00.000000Z,39.871006011962891,40.105533599853516,38.733158111572266,39.831859588623047,30177984
2024-05-29T00:00:00.000000Z,39.831859588623047,41.240203857421875,39.549167633056641,39.622291564941406,36128837
2024-05-30T00:00:00.000000Z,39.622306823730469,40.353252410888672,38.357372283935547,39.010944366455078,32545791
2024-05-31T00:00:00.000000Z,39.010944366455078,39.537097930908203,38.125282287597656,38.862808227539062,31388496
2024-06-01T00:00:00.000000Z,38.862815856933594,38.923030853271484,38.459098815917969,38.616390228271484,16760780
2024-06-02T00:00:00.000000Z,38.616416931152344,39.120567321777344,37.724037170410156,37.981494903564453,24890797
2024-06-03T00:00:00.000000Z,37.981590270996094,39.299388885498047,37.792194366455078,38.617305755615234,26773223
2024-06-04T00:00:00.000000Z,38.617305755615234,39.638961791992188,38.572799682617188,39.221748352050781,22687609
2024-06-05T00:00:00.000000Z,39.221748352050781,40.402244567871094,39.140346527099609,40.206386566162109,26041798
2024-06-06T00:00:00.000000Z,40.206386566162109,40.206684112548828,38.853870391845703,38.972438812255859,22276003
2024-06-07T00:00:00.000000Z,38.972446441650391,40.005012512207031,34.06732177734375,36.012641906738281,49466834
2024-06-08T00:00:00.000000Z,36.008342742919922,36.137901306152344,34.420612335205078,34.588485717773438,28599186
2024-06-09T00:00:00.000000Z,34.588298797607422,35.792991638183594,34.231708526611328,35.562786102294922,20495073
2024-06-10T00:00:00.000000Z,35.560184478759766,35.929656982421875,34.690212249755859,34.933986663818359,23570162
2024-06-11T00:00:00.000000Z,34.931396484375,35.112308502197266,32.663959503173828,33.365577697753906,22759624
2024-06-12T00:00:00.000000Z,33.364547729492188,35.792812347412109,32.788604736328125,34.806552886962891,22246430
2024-06-13T00:00:00.000000Z,34.808212280273438,34.904453277587891,32.784225463867188,33.134380340576172,18494722
2024-06-14T00:00:00.000000Z,33.133525848388672,34.213306427001953,31.834663391113281,32.553642272949219,23671944
2024-06-15T00:00:00.000000Z,32.552425384521484,33.348411560058594,32.490280151367188,33.220321655273438,12608550
2024-06-16T00:00:00.000000Z,33.222061157226562,33.507087707519531,32.720161437988281,33.339435577392578,10503487
2024-06-17T00:00:00.000000Z,33.345390319824219,33.584327697753906,30.283897399902344,31.115102767944336,27317155
2024-06-18T00:00:00.000000Z,31.108589172363281,31.219236373901367,27.633203506469727,29.239107131958008,41236819
2024-06-19T00:00:00.000000Z,29.241811752319336,30.527095794677734,28.933929443359375,29.427047729492188,22679946
2024-06-20T00:00:00.000000Z,29.427047729492188,30.746368408203125,28.822164535522461,29.065158843994141,41849212
2024-06-21T00:00:00.000000Z,29.065774917602539,29.606821060180664,28.206752777099609,28.717157363891602,27831418
2024-06-22T00:00:00.000000Z,28.712820053100586,28.875652313232422,28.12687873840332,28.645435333251953,12342307
2024-06-23T00:00:00.000000Z,28.647127151489258,29.238542556762695,28.028778076171875,28.231794357299805,12728066
2024-06-24T00:00:00.000000Z,28.230401992797852,29.170402526855469,27.033687591552734,29.128141403198242,30008852
2024-06-25T00:00:00.000000Z,29.127952575683594,30.678197860717773,28.912498474121094,29.763156890869141,25147942
2024-06-26T00:00:00.000000Z,29.761556625366211,30.268117904663086,29.052709579467773,29.437658309936523,17395246
2024-06-27T00:00:00.000000Z,29.437643051147461,30.204217910766602,29.005222320556641,29.958761215209961,18010085
2024-06-28T00:00:00.000000Z,29.959177017211914,30.173873901367188,29.015224456787109,29.037027359008789,18439412
2024-06-29T00:00:00.000000Z,29.038562774658203,29.520509719848633,28.385116577148438,28.394205093383789,12482936
2024-06-30T00:00:00.000000Z,28.394613265991211,29.802375793457031,27.873874664306641,29.642667770385742,17137079
2024-07-01T00:00:00.000000Z,29.6431884765625,31.922113418579102,29.580795288085938,30.792257308959961,42330189
2024-07-02T00:00:00.000000Z,30.792200088500977,32.599357604980469,30.710405349731445,31.990543365478516,44492193
2024-07-03T00:00:00.000000Z,31.991706848144531,32.173892974853516,30.561239242553711,31.014499664306641,35158619
2024-07-04T00:00:00.000000Z,31.008663177490234,32.247493743896484,28.86052131652832,31.091835021972656,43023928
2024-07-05T00:00:00.000000Z,31.082962036132812,33.520000457763672,27.335725784301758,33.146247863769531,84282369
2024-07-06T00:00:00.000000Z,33.148250579833984,35.053386688232422,32.797534942626953,34.595237731933594,40425957
2024-07-07T00:00:00.000000Z,34.596351623535156,34.860687255859375,32.437602996826172,32.813503265380859,30768471
2024-07-08T00:00:00.000000Z,32.816970825195312,35.276088714599609,31.781957626342773,35.203876495361328,46172772
2024-07-09T00:00:00.000000Z,35.23583984375,37.495826721191406,35.110260009765625,36.86663818359375,50330940
2024-07-10T00:00:00.000000Z,36.867900848388672,37.491710662841797,36.326698303222656,36.867954254150391,30329941
2024-07-11T00:00:00.000000Z,36.867092132568359,36.941814422607422,35.578243255615234,35.972515106201172,28475049
2024-07-12T00:00:00.000000Z,35.972869873046875,36.355693817138672,35.108055114746094,35.682479858398438,23531703
2024-07-13T00:00:00.000000Z,35.681552886962891,36.616565704345703,35.058071136474609,35.534992218017578,20473456
2024-07-14T00:00:00.000000Z,35.529674530029297,36.145866394042969,35.22552490234375,35.488029479980469,20035639
2024-07-15T00:00:00.000000Z,35.494167327880859,37.109970092773438,35.299224853515625,37.029598236083984,28948592
2024-07-16T00:00:00.000000Z,37.027301788330078,37.434314727783203,34.366832733154297,36.424144744873047,40290847
2024-07-17T00:00:00.000000Z,36.44769287109375,37.888809204101562,36.3355712890625,36.887668609619141,28085569
2024-07-18T00:00:00.000000Z,36.882835388183594,38.327175140380859,36.191486358642578,36.265041351318359,30597517
2024-07-19T00:00:00.000000Z,36.264564514160156,36.653656005859375,34.910293579101562,36.644855499267578,27432849
2024-07-20T00:00:00.000000Z,36.644523620605469,36.760787963867188,35.615509033203125,36.257129669189453,18160232
2024-07-21T00:00:00.000000Z,36.256210327148438,37.006755828857422,34.877864837646484,36.858249664306641,22417070
2024-07-22T00:00:00.000000Z,36.858249664306641,38.186061859130859,35.666973114013672,35.853469848632812,47191927
2024-07-23T00:00:00.000000Z,35.853469848632812,36.472301483154297,33.954746246337891,34.2239990234375,25390012
2024-07-24T00:00:00.000000Z,34.224254608154297,34.993705749511719,33.456958770751953,33.564670562744141,19159085
2024-07-25T00:00:00.000000Z,33.564670562744141,33.570602416992188,31.353044509887695,32.596809387207031,24089088
2024-07-26T00:00:00.000000Z,32.597919464111328,33.658523559570312,32.450702667236328,33.595954895019531,16097582
2024-07-27T00:00:00.000000Z,33.597064971923828,33.853137969970703,32.461204528808594,33.178657531738281,17509350
2024-07-28T00:00:00.000000Z,33.177173614501953,33.182830810546875,32.022174835205078,32.176994323730469,13517521
2024-07-29T00:00:00.000000Z,32.176994323730469,33.344486236572266,31.929357528686523,32.127193450927734,22301475
2024-07-30T00:00:00.000000Z,32.128192901611328,32.419578552246094,31.035482406616211,31.309341430664062,18762750
2024-07-31T00:00:00.000000Z,31.307336807250977,31.974164962768555,30.856792449951172,30.990602493286133,20385621
2024-08-01T00:00:00.000000Z,30.991838455200195,31.593864440917969,29.162038803100586,30.952199935913086,39571104
2024-08-02T00:00:00.000000Z,30.952199935913086,31.007150650024414,28.401002883911133,28.503143310546875,24787299
2024-08-03T00:00:00.000000Z,28.503143310546875,29.178230285644531,27.258800506591797,28.175840377807617,23884803
2024-08-04T00:00:00.000000Z,28.17540168762207,28.467683792114258,25.717233657836914,26.763959884643555,25764249
2024-08-05T00:00:00.000000Z,26.763959884643555,27.078714370727539,22.251401901245117,25.850759506225586,64414874
2024-08-06T00:00:00.000000Z,25.850578308105469,27.423856735229492,25.839912414550781,26.815084457397461,25776196
2024-08-07T00:00:00.000000Z,26.815616607666016,27.448200225830078,25.736663818359375,26.13835334777832,20126193
2024-08-08T00:00:00.000000Z,26.138511657714844,28.720586776733398,25.854225158691406,28.576725006103516,18633826
2024-08-09T00:00:00.000000Z,28.576725006103516,28.583347320556641,27.158214569091797,27.797834396362305,13933070
2024-08-10T00:00:00.000000Z,27.797834396362305,29.112539291381836,27.465536117553711,28.623645782470703,13031972
2024-08-11T00:00:00.000000Z,28.623672485351562,29.076572418212891,26.445808410644531,26.574773788452148,14482004
2024-08-12T00:00:00.000000Z,26.574773788452148,27.965944290161133,26.267574310302734,27.344470977783203,15497308
2024-08-13T00:00:00.000000Z,27.344470977783203,27.810001373291016,26.542457580566406,27.764297485351562,12130752
2024-08-14T00:00:00.000000Z,27.764297485351562,27.959737777709961,26.865741729736328,26.984014511108398,12390399
2024-08-15T00:00:00.000000Z,26.984014511108398,27.469928741455078,25.703460693359375,26.073953628540039,14599763
2024-08-16T00:00:00.000000Z,26.073953628540039,26.247793197631836,25.20576286315918,25.835409164428711,16029526
2024-08-17T00:00:00.000000Z,25.835409164428711,26.088768005371094,25.673173904418945,25.906173706054688,9626575
2024-08-18T00:00:00.000000Z,25.906173706054688,26.69276237487793,25.743768692016602,26.208457946777344,11413897
2024-08-19T00:00:00.000000Z,26.208457946777344,26.997058868408203,25.970558166503906,26.907659530639648,13973538
2024-08-20T00:00:00.000000Z,26.907659530639648,27.647363662719727,26.588895797729492,27.013492584228516,12519265
2024-08-21T00:00:00.000000Z,27.0177001953125,28.403507232666016,26.978099822998047,28.124366760253906,13789299
2024-08-22T00:00:00.000000Z,28.124366760253906,28.761983871459961,27.763866424560547,28.385768890380859,13254362
2024-08-23T00:00:00.000000Z,28.385768890380859,30.800399780273438,28.313333511352539,30.39207649230957,18747824
2024-08-24T00:00:00.000000Z,30.39207649230957,33.46124267578125,30.39207649230957,32.369846343994141,43855177
2024-08-25T00:00:00.000000Z,32.369846343994141,32.598762512207031,30.772972106933594,31.85270881652832,15519857
2024-08-26T00:00:00.000000Z,31.85270881652832,32.236289978027344,30.345470428466797,30.345470428466797,17401649
2024-08-27T00:00:00.000000Z,30.345470428466797,31.086940765380859,27.805332183837891,28.250362396240234,17717516
2024-08-28T00:00:00.000000Z,28.250362396240234,28.877204895019531,27.145162582397461,27.974296569824219,15675585
2024-08-29T00:00:00.000000Z,27.974296569824219,29.648868560791016,27.938632965087891,29.133407592773438,12829697
2024-08-30T00:00:00.000000Z,29.133407592773438,29.865764617919922,28.187726974487305,29.865764617919922,17390613
2024-08-31T00:00:00.000000Z,29.865764617919922,30.598249435424805,28.59583854675293,28.819995880126953,12854997
2024-09-01T00:00:00.000000Z,28.819995880126953,28.976184844970703,27.333736419677734,27.499290466308594,11457253
2024-09-02T00:00:00.000000Z,27.499290466308594,28.290273666381836,26.964847564697266,28.24567985534668,12800862
2024-09-03T00:00:00.000000Z,28.24567985534668,28.393695831298828,26.469644546508789,26.469644546508789,10735888
2024-09-04T00:00:00.000000Z,26.46910285949707,27.558893203735352,25.503761291503906,26.874303817749023,14064069
2024-09-05T00:00:00.000000Z,26.874303817749023,27.101699829101562,24.981729507446289,25.058156967163086,16362268
2024-09-06T00:00:00.000000Z,25.058156967163086,25.151975631713867,23.291481018066406,23.933671951293945,21171770
2024-09-07T00:00:00.000000Z,23.933671951293945,25.066299438476562,23.828025817871094,24.610223770141602,11498161
2024-09-08T00:00:00.000000Z,24.610223770141602,25.433740615844727,24.375499725341797,25.144292831420898,10074850
2024-09-09T00:00:00.000000Z,25.144292831420898,26.81982421875,25.144292831420898,26.474029541015625,14278361
2024-09-10T00:00:00.000000Z,26.474029541015625,26.96923828125,26.177181243896484,26.724161148071289,10943298
2024-09-11T00:00:00.000000Z,26.724519729614258,26.724519729614258,25.423744201660156,25.955150604248047,12064289
2024-09-12T00:00:00.000000Z,25.955158233642578,26.855712890625,25.943517684936523,26.772939682006836,12647407
2024-09-13T00:00:00.000000Z,26.772939682006836,26.989725112915039,26.180831909179688,26.832258224487305,11546287
2024-09-14T00:00:00.000000Z,26.832258224487305,26.935234069824219,26.250104904174805,26.471033096313477,8453484
2024-09-15T00:00:00.000000Z,26.471033096313477,26.658567428588867,25.269319534301758,25.404409408569336,8670493
2024-09-16T00:00:00.000000Z,25.404409408569336,25.501869201660156,24.427793502807617,24.818021774291992,11419778
2024-09-17T00:00:00.000000Z,24.818012237548828,26.205904006958008,24.551761627197266,25.730825424194336,18567864
2024-09-18T00:00:00.000000Z,25.730825424194336,26.354068756103516,25.161052703857422,26.101802825927734,19480480
2024-09-19T00:00:00.000000Z,26.101802825927734,27.792579650878906,26.101802825927734,27.335054397583008,16790995
2024-09-20T00:00:00.000000Z,27.335054397583008,28.368171691894531,27.262582778930664,27.847509384155273,16018309
2024-09-21T00:00:00.000000Z,27.847509384155273,28.980659484863281,27.652126312255859,28.932289123535156,12601417
2024-09-22T00:00:00.000000Z,28.932289123535156,28.932289123535156,27.314949035644531,28.134193420410156,12238737
2024-09-23T00:00:00.000000Z,28.134193420410156,29.172269821166992,27.7130126953125,28.857564926147461,16248504
2024-09-24T00:00:00.000000Z,28.857564926147461,29.154041290283203,27.951555252075195,29.037483215332031,14896945
2024-09-25T00:00:00.000000Z,29.037483215332031,29.490688323974609,28.736892700195312,28.93603515625,15422025
2024-09-26T00:00:00.000000Z,28.93626594543457,29.995597839355469,28.48170280456543,29.721548080444336,16211254
2024-09-27T00:00:00.000000Z,29.721548080444336,30.477006912231445,29.427179336547852,30.21929931640625,15713332
2024-09-28T00:00:00.000000Z,30.21929931640625,30.429693222045898,28.842254638671875,29.294403076171875,13681182
2024-09-29T00:00:00.000000Z,29.294403076171875,30.10810661315918,28.433731079101562,29.40960693359375,18614529
2024-09-30T00:00:00.000000Z,29.40960693359375,29.458908081054688,27.259668350219727,27.473413467407227,18317547
2024-10-01T00:00:00.000000Z,27.473413467407227,28.301321029663086,24.648159027099609,25.299417495727539,25098619
2024-10-02T00:00:00.000000Z,25.299417495727539,26.115457534790039,24.142398834228516,24.675615310668945,18058427
2024-10-03T00:00:00.000000Z,24.675615310668945,25.20020866394043,23.837915420532227,24.583484649658203,18585384
2024-10-04T00:00:00.000000Z,24.583484649658203,25.276159286499023,24.423112869262695,25.228248596191406,12300885
2024-10-05T00:00:00.000000Z,25.228248596191406,25.400199890136719,24.743457794189453,25.143972396850586,8787632
2024-10-06T00:00:00.000000Z,25.143972396850586,26.145988464355469,24.909250259399414,25.681848526000977,13258757
2024-10-07T00:00:00.000000Z,25.681848526000977,26.275999069213867,25.147642135620117,25.412281036376953,15691012
2024-10-08T00:00:00.000000Z,25.412281036376953,25.717710494995117,24.82988166809082,25.491687774658203,14278031
2024-10-09T00:00:00.000000Z,25.491687774658203,25.7685546875,24.496379852294922,24.649930953979492,13080719
2024-10-10T00:00:00.000000Z,24.649930953979492,24.894538879394531,24.00816535949707,24.814640045166016,12847367
2024-10-11T00:00:00.000000Z,24.814640045166016,26.102382659912109,24.682973861694336,26.05718994140625,13820989
2024-10-12T00:00:00.000000Z,26.05718994140625,27.824111938476562,26.05718994140625,27.410152435302734,18870329
2024-10-13T00:00:00.000000Z,27.410152435302734,27.615673065185547,26.13697624206543,26.810825347900391,12796115
2024-10-14T00:00:00.000000Z,26.810825347900391,27.989099502563477,26.471803665161133,27.868555068969727,16412777
2024-10-15T00:00:00.000000Z,27.868555068969727,28.115724563598633,26.412679672241211,27.019842147827148,19581253
2024-10-16T00:00:00.000000Z,27.019842147827148,27.031457901000977,26.268423080444336,26.327604293823242,12328748
2024-10-17T00:00:00.000000Z,26.327604293823242,26.331134796142578,25.222675323486328,25.594375610351562,12680037
2024-10-18T00:00:00.000000Z,25.594375610351562,26.748416900634766,25.528505325317383,26.734949111938477,11925143
2024-10-19T00:00:00.000000Z,26.734949111938477,27.320037841796875,26.514928817749023,26.768207550048828,9930376
2024-10-20T00:00:00.000000Z,26.768207550048828,27.939054489135742,26.446563720703125,27.758811950683594,13793101
2024-10-21T00:00:00.000000Z,27.758811950683594,27.943370819091797,26.503997802734375,26.789932250976562,17872557
2024-10-22T00:00:00.000000Z,26.789932250976562,27.135980606079102,25.928028106689453,26.189962387084961,15113775
2024-10-23T00:00:00.000000Z,26.189962387084961,26.201135635375977,24.987842559814453,25.919717788696289,16499341
2024-10-24T00:00:00.000000Z,26.060232162475586,26.446413040161133,25.381366729736328,25.990434646606445,17736314
2024-10-25T00:00:00.000000Z,25.990434646606445,26.032619476318359,22.791309356689453,23.480964660644531,25381260
2024-10-26T00:00:00.000000Z,23.480964660644531,24.065803527832031,23.125457763671875,23.746673583984375,14862795
2024-10-27T00:00:00.000000Z,23.747030258178711,24.286264419555664,23.585300445556641,24.144929885864258,10164620
2024-10-28T00:00:00.000000Z,24.144929885864258,24.430112838745117,23.303802490234375,24.178197860717773,17668296
2024-10-29T00:00:00.000000Z,24.178197860717773,25.793605804443359,24.142335891723633,25.318122863769531,21206934
2024-10-30T00:00:00.000000Z,25.318122863769531,25.347894668579102,24.296926498413086,24.444717407226562,17071883
2024-10-31T00:00:00.000000Z,24.444658279418945,24.463605880737305,23.213918685913086,23.410551071166992,19373854
2024-11-01T00:00:00.000000Z,23.410551071166992,23.835920333862305,22.884437561035156,23.282472610473633,17822420
2024-11-02T00:00:00.000000Z,23.282472610473633,23.545558929443359,22.764764785766602,22.976385116577148,10829425
2024-11-03T00:00:00.000000Z,22.976385116577148,23.045375823974609,21.514793395996094,22.502750396728516,22483766
2024-11-04T00:00:00.000000Z,22.502750396728516,22.724861145019531,21.669111251831055,22.101936340332031,17803431
2024-11-05T00:00:00.000000Z,22.101936340332031,23.574974060058594,22.101936340332031,23.534500122070312,17963105
2024-11-06T00:00:00.000000Z,23.534500122070312,26.173135757446289,23.525728225708008,25.917079925537109,35680481
2024-11-07T00:00:00.000000Z,25.917079925537109,26.991949081420898,25.496936798095703,26.6236572265625,32787750
2024-11-08T00:00:00.000000Z,26.6236572265625,28.903562545776367,26.056203842163086,28.41295051574707,35431967
2024-11-09T00:00:00.000000Z,28.41295051574707,31.179815292358398,28.403453826904297,29.643121719360352,66452587
2024-11-10T00:00:00.000000Z,29.643121719360352,31.725582122802734,29.269834518432617,30.470430374145508,53493327
2024-11-11T00:00:00.000000Z,30.470430374145508,33.547599792480469,30.067914962768555,33.501277923583984,56079513
2024-11-12T00:00:00.000000Z,33.501277923583984,34.496715545654297,29.99237060546875,31.581628799438477,67815568
2024-11-13T00:00:00.000000Z,31.581628799438477,31.743291854858398,28.658021926879883,29.564899444580078,54013602
2024-11-14T00:00:00.000000Z,29.564899444580078,30.459787368774414,27.650871276855469,27.971622467041016,38986965
2024-11-15T00:00:00.000000Z,27.971622467041016,28.962657928466797,27.396823883056641,28.91026496887207,33572090
2024-11-16T00:00:00.000000Z,28.970008850097656,31.920921325683594,28.76783561706543,31.853097915649414,46050007
2024-11-17T00:00:00.000000Z,31.853097915649414,32.804492950439453,28.641471862792969,29.104631423950195,46016387
2024-11-18T00:00:00.000000Z,29.104631423950195,31.622880935668945,28.931655883789062,31.358198165893555,45956866
2024-11-19T00:00:00.000000Z,31.358198165893555,32.465248107910156,30.472803115844727,31.341436386108398,53271650
2024-11-20T00:00:00.000000Z,31.341436386108398,31.36326789855957,28.321743011474609,28.826877593994141,54119150
2024-11-21T00:00:00.000000Z,28.826877593994141,30.919607162475586,27.950357437133789,30.184713363647461,58158323
2024-11-22T00:00:00.000000Z,30.185005187988281,34.052600860595703,29.362773895263672,34.046375274658203,70950813
2024-11-23T00:00:00.000000Z,34.046375274658203,37.728378295898438,33.324413299560547,35.960845947265625,125661502
2024-11-24T00:00:00.000000Z,35.960845947265625,39.645233154296875,34.627052307128906,38.998390197753906,111468652
2024-11-25T00:00:00.000000Z,38.998390197753906,40.348102569580078,35.645904541015625,36.608871459960938,90057606
2024-11-26T00:00:00.000000Z,36.608871459960938,37.790897369384766,34.303459167480469,37.003925323486328,63724989
2024-11-27T00:00:00.000000Z,37.003925323486328,38.946601867675781,35.929103851318359,38.881839752197266,55253718
2024-11-28T00:00:00.000000Z,38.881839752197266,39.325065612792969,37.002788543701172,39.253883361816406,53093961
2024-11-29T00:00:00.000000Z,39.25390625,42.924629211425781,38.514747619628906,42.564548492431641,78360064
2024-11-30T00:00:00.000000Z,42.564548492431641,43.779644012451172,40.882720947265625,42.724334716796875,63589678
2024-12-01T00:00:00.000000Z,42.724334716796875,45.276214599609375,41.109226226806641,44.037578582763672,84248651
2024-12-02T00:00:00.000000Z,44.037578582763672,48.469184875488281,41.922031402587891,48.103401184082031,145761317
2024-12-03T00:00:00.000000Z,48.104755401611328,54.819229125976562,47.434120178222656,54.643592834472656,192293705
2024-12-04T00:00:00.000000Z,54.643516540527344,57.654205322265625,52.366439819335938,54.783626556396484,167959630
2024-12-05T00:00:00.000000Z,54.783626556396484,58.147605895996094,52.632072448730469,54.698154449462891,167485964
2024-12-06T00:00:00.000000Z,54.522907257080078,56.006080627441406,51.91357421875,55.266017913818359,111195535
2024-12-07T00:00:00.000000Z,55.266017913818359,56.643325805664062,53.268363952636719,54.015666961669922,67225345
2024-12-08T00:00:00.000000Z,54.058330535888672,54.798183441162109,52.694713592529297,54.598709106445312,59557576
2024-12-09T00:00:00.000000Z,55.805946350097656,55.929641723632812,40.356292724609375,45.029212951660156,148077174
2024-12-10T00:00:00.000000Z,45.029212951660156,45.572872161865234,39.790920257568359,44.319831848144531,116241674
2024-12-11T00:00:00.000000Z,44.322097778320312,47.515922546386719,42.241565704345703,46.843677520751953,68815524
2024-12-12T00:00:00.000000Z,46.843677520751953,50.087284088134766,46.705455780029297,47.84326171875,82816576
2024-12-13T00:00:00.000000Z,47.845024108886719,49.322544097900391,46.360595703125,48.424602508544922,81956726
2024-12-14T00:00:00.000000Z,48.424602508544922,48.650417327880859,45.033535003662109,46.323986053466797,50924775
2024-12-15T00:00:00.000000Z,46.323986053466797,47.917633056640625,44.909374237060547,47.112308502197266,71767344
2024-12-16T00:00:00.000000Z,47.112308502197266,47.953899383544922,43.844154357910156,44.980487823486328,71022377
2024-12-17T00:00:00.000000Z,44.980487823486328,45.066974639892578,42.289287567138672,42.718746185302734,63559399
2024-12-18T00:00:00.000000Z,42.722629547119141,42.978912353515625,38.114646911621094,38.123542785644531,81163879
2024-12-19T00:00:00.000000Z,38.123542785644531,39.005115509033203,33.438674926757812,34.714698791503906,93051385
2024-12-20T00:00:00.000000Z,34.714698791503906,36.448642730712891,29.600238800048828,36.141536712646484,93822618
2024-12-21T00:00:00.000000Z,36.141536712646484,38.257289886474609,33.432117462158203,33.951393127441406,51989099
2024-12-22T00:00:00.000000Z,33.951393127441406,34.858737945556641,32.430309295654297,33.53082275390625,48273406
2024-12-23T00:00:00.000000Z,33.53082275390625,36.301025390625,32.659603118896484,35.909423828125,51259356
2024-12-24T00:00:00.000000Z,35.909423828125,37.392017364501953,34.746597290039062,37.071308135986328,39033989
2024-12-25T00:00:00.000000Z,37.071308135986328,37.071308135986328,35.315280914306641,35.645851135253906,32340574
2024-12-26T00:00:00.000000Z,35.645851135253906,38.423919677734375,33.137580871582031,33.733860015869141,121590529
2024-12-27T00:00:00.000000Z,33.735244750976562,35.324619293212891,33.346317291259766,33.975200653076172,41994875
2024-12-28T00:00:00.000000Z,33.975200653076172,35.447834014892578,33.495029449462891,35.445945739746094,29363797
2024-12-29T00:00:00.000000Z,35.445945739746094,35.652000427246094,33.824863433837891,34.145866394042969,27500083
2024-12-30T00:00:00.000000Z,34.145866394042969,35.539386749267578,33.055320739746094,34.272628784179688,42248712
2024-12-31T00:00:00.000000Z,34.272663116455078,34.992057800292969,33.077388763427734,33.376029968261719,33940199
2025-01-01T00:00:00.000000Z,33.376029968261719,35.259204864501953,32.895423889160156,34.868583679199219,29501192
2025-01-02T00:00:00.000000Z,34.868583679199219,35.998279571533203,34.866588592529297,35.776882171630859,36994935
2025-01-03T00:00:00.000000Z,35.776882171630859,38.271430969238281,35.268421173095703,37.970363616943359,36392501
2025-01-04T00:00:00.000000Z,37.970363616943359,38.62774658203125,37.546005249023438,38.069374084472656,32641482
2025-01-05T00:00:00.000000Z,38.069374084472656,38.372512817382812,36.845058441162109,37.541213989257812,27079867
2025-01-06T00:00:00.000000Z,37.541213989257812,39.250656127929688,36.891334533691406,38.345371246337891,39625261
2025-01-07T00:00:00.000000Z,38.345630645751953,38.459735870361328,34.224594116210938,34.224594116210938,49968584
2025-01-08T00:00:00.000000Z,34.224594116210938,34.518630981445312,31.337442398071289,33.092601776123047,51209583
2025-01-09T00:00:00.000000Z,33.092601776123047,33.720989227294922,32.037551879882812,32.858062744140625,45916852
2025-01-10T00:00:00.000000Z,32.857933044433594,33.698188781738281,32.311168670654297,33.212211608886719,41419420
2025-01-11T00:00:00.000000Z,33.212211608886719,34.096477508544922,32.624114990234375,33.716617584228516,21605642
2025-01-12T00:00:00.000000Z,33.716617584228516,34.151798248291016,32.348033905029297,32.868785858154297,24358054
2025-01-13T00:00:00.000000Z,32.868785858154297,33.712608337402344,29.690984725952148,31.738798141479492,55497128
2025-01-14T00:00:00.000000Z,31.738798141479492,32.698196411132812,31.557966232299805,32.643398284912109,26904950
2025-01-15T00:00:00.000000Z,32.643398284912109,35.449661254882812,31.829605102539062,35.420692443847656,49274226
2025-01-16T00:00:00.000000Z,35.421531677246094,36.911052703857422,34.504417419433594,35.974834442138672,61245605
2025-01-17T00:00:00.000000Z,35.971797943115234,37.795520782470703,35.970443725585938,37.441047668457031,47819341
2025-01-18T00:00:00.000000Z,37.441047668457031,37.809036254882812,34.682605743408203,35.618961334228516,50173984
2025-01-19T00:00:00.000000Z,35.618961334228516,36.256050109863281,31.581398010253906,31.983768463134766,84890844
2025-01-20T00:00:00.000000Z,31.985546112060547,34.445072174072266,30.509553909301758,31.577814102172852,99235316
2025-01-21T00:00:00.000000Z,31.577814102172852,33.085029602050781,30.215839385986328,32.231147766113281,54585123
2025-01-22T00:00:00.000000Z,32.231147766113281,32.508735656738281,30.967168807983398,31.004049301147461,25303439
2025-01-23T00:00:00.000000Z,31.002523422241211,31.517295837402344,30.04387092590332,30.87147331237793,33667984
2025-01-24T00:00:00.000000Z,30.87147331237793,31.558780670166016,29.770858764648438,29.939455032348633,25506345
2025-01-25T00:00:00.000000Z,29.939519882202148,30.568754196166992,29.637588500976562,30.119260787963867,16526789
2025-01-26T00:00:00.000000Z,30.120121002197266,30.978063583374023,29.541015625,29.541015625,15795110
2025-01-27T00:00:00.000000Z,29.541015625,29.548191070556641,26.48603630065918,28.759031295776367,47892999
2025-01-28T00:00:00.000000Z,28.759031295776367,29.005462646484375,26.877370834350586,27.239641189575195,22661092
2025-01-29T00:00:00.000000Z,27.239641189575195,28.774385452270508,27.084928512573242,28.078664779663086,30137130
2025-01-30T00:00:00.000000Z,28.078773498535156,30.389240264892578,27.981819152832031,30.265764236450195,32559753
2025-01-31T00:00:00.000000Z,30.265764236450195,31.139320373535156,29.552057266235352,29.676828384399414,26249559
2025-02-01T00:00:00.000000Z,29.676971435546875,30.214662551879883,27.018318176269531,27.183671951293945,27704735
2025-02-02T00:00:00.000000Z,27.178714752197266,27.601266860961914,22.987869262695312,23.958467483520508,72976587
2025-02-03T00:00:00.000000Z,23.958467483520508,24.74116325378418,18.403661727905273,24.658821105957031,160157651
2025-02-04T00:00:00.000000Z,24.658821105957031,24.885889053344727,22.06671142578125,22.875749588012695,53684142
2025-02-05T00:00:00.000000Z,22.875749588012695,23.040292739868164,21.587154388427734,21.875343322753906,26202961
2025-02-06T00:00:00.000000Z,21.875343322753906,22.324106216430664,20.764490127563477,21.0516357421875,28829188
2025-02-07T00:00:00.000000Z,21.0516357421875,22.793245315551758,20.703222274780273,21.361265182495117,27077308
2025-02-08T00:00:00.000000Z,21.361265182495117,22.035810470581055,20.906055450439453,21.948944091796875,17726868
2025-02-09T00:00:00.000000Z,21.948879241943359,23.056884765625,21.044841766357422,22.358791351318359,24714986
2025-02-10T00:00:00.000000Z,22.358791351318359,22.909746170043945,21.462448120117188,22.499185562133789,24139175
2025-02-11T00:00:00.000000Z,22.499185562133789,23.828952789306641,22.40252685546875,22.817977905273438,24915993
2025-02-12T00:00:00.000000Z,22.817977905273438,24.03636360168457,22.018135070800781,23.809070587158203,27559157
2025-02-13T00:00:00.000000Z,23.809070587158203,24.086212158203125,22.765188217163086,23.081998825073242,20096376
2025-02-14T00:00:00.000000Z,23.081613540649414,24.047082901000977,22.898366928100586,23.300359725952148,21195403
2025-02-15T00:00:00.000000Z,23.300359725952148,23.508390426635742,22.236528396606445,22.523519515991211,14301917
2025-02-16T00:00:00.000000Z,22.523519515991211,22.835544586181641,22.275630950927734,22.411664962768555,13382186
2025-02-17T00:00:00.000000Z,22.415216445922852,23.30894660949707,22.082387924194336,22.521299362182617,19257115
2025-02-18T00:00:00.000000Z,22.521268844604492,22.630325317382812,20.870525360107422,21.528022766113281,18934490
2025-02-19T00:00:00.000000Z,21.528022766113281,22.144292831420898,21.268722534179688,21.974523544311523,14584870
2025-02-20T00:00:00.000000Z,21.974523544311523,23.234598159790039,21.925422668457031,23.166349411010742,18375607
2025-02-21T00:00:00.000000Z,23.166349411010742,24.364635467529297,22.07075309753418,22.379552841186523,30488005
2025-02-22T00:00:00.000000Z,22.379552841186523,23.513961791992188,22.319326400756836,23.479225158691406,15470230
2025-02-23T00:00:00.000000Z,23.479215621948242,24.297910690307617,22.826568603515625,23.265277862548828,20432344
2025-02-24T00:00:00.000000Z,23.265277862548828,23.353702545166016,20.300363540649414,20.366998672485352,26984573
2025-02-25T00:00:00.000000Z,20.366998672485352,21.374956130981445,19.303829193115234,21.060722351074219,76531068
2025-02-26T00:00:00.000000Z,21.060722351074219,21.639276504516602,20.37883186340332,21.156166076660156,32588231
2025-02-27T00:00:00.000000Z,21.156166076660156,22.639514923095703,20.962497711181641,22.198078155517578,27087620
2025-02-28T00:00:00.000000Z,22.198078155517578,22.198122024536133,20.131940841674805,21.723432540893555,37159518
2025-03-01T00:00:00.000000Z,21.723577499389648,22.027633666992188,21.101018905639648,21.657785415649414,15984184
2025-03-02T00:00:00.000000Z,21.657785415649414,25.454748153686523,21.46379280090332,25.422830581665039,40537192
2025-03-03T00:00:00.000000Z,25.422830581665039,25.85942268371582,22.4381103515625,22.61836051940918,55380522
2025-03-04T00:00:00.000000Z,22.61836051940918,22.667600631713867,20.178739547729492,21.314239501953125,46438483
2025-03-05T00:00:00.000000Z,21.314239501953125,22.008827209472656,20.928993225097656,21.63641357421875,24925931
2025-03-06T00:00:00.000000Z,21.63641357421875,22.393362045288086,20.427995681762695,20.627643585205078,23909666
2025-03-07T00:00:00.000000Z,20.627643585205078,21.036203384399414,19.48353385925293,20.028961181640625,29568893
2025-03-08T00:00:00.000000Z,20.028961181640625,20.29481315612793,19.822864532470703,20.025285720825195,16498867
2025-03-09T00:00:00.000000Z,20.025270462036133,20.112775802612305,18.028247833251953,18.496124267578125,27622879
2025-03-10T00:00:00.000000Z,18.495803833007812,19.286550521850586,17.380167007446289,17.541143417358398,36671570
2025-03-11T00:00:00.000000Z,17.541162490844727,18.525222778320312,16.340524673461914,18.188068389892578,36848710
2025-03-12T00:00:00.000000Z,18.188068389892578,18.832763671875,17.599893569946289,18.457796096801758,22925499
2025-03-13T00:00:00.000000Z,18.457796096801758,18.466377258300781,17.209150314331055,17.555992126464844,28101089
2025-03-14T00:00:00.000000Z,17.555992126464844,18.277589797973633,17.528282165527344,18.024059295654297,17000394
2025-03-15T00:00:00.000000Z,18.023988723754883,18.52093505859375,17.911186218261719,18.434778213500977,11064509
2025-03-16T00:00:00.000000Z,18.434701919555664,18.435037612915039,17.638223648071289,17.767759323120117,15427087
2025-03-17T00:00:00.000000Z,17.768745422363281,18.474452972412109,17.758655548095703,18.374147415161133,18703073
2025-03-18T00:00:00.000000Z,18.374147415161133,18.400232315063477,17.433496475219727,18.038734436035156,28044658
2025-03-19T00:00:00.000000Z,18.038734436035156,18.726232528686523,18.008232116699219,18.717767715454102,28171189
2025-03-20T00:00:00.000000Z,18.717767715454102,18.718839645385742,17.762851715087891,18.100244522094727,22042218
2025-03-21T00:00:00.000000Z,18.100189208984375,18.298852920532227,17.678718566894531,17.891120910644531,17402268
2025-03-22T00:00:00.000000Z,17.891120910644531,18.465108871459961,17.890905380249023,18.117521286010742,15115084
2025-03-23T00:00:00.000000Z,18.117521286010742,19.006233215332031,18.074335098266602,18.45477294921875,35625501
2025-03-24T00:00:00.000000Z,18.454387664794922,19.412693023681641,18.249048233032227,19.254673004150391,33884328
2025-03-25T00:00:00.000000Z,19.254673004150391,19.988079071044922,19.206125259399414,19.935632705688477,26369713
2025-03-26T00:00:00.000000Z,19.935632705688477,19.93620491027832,18.884128570556641,19.020229339599609,26979055
2025-03-27T00:00:00.000000Z,19.020229339599609,19.442262649536133,18.631570816040039,18.742507934570312,29630040
2025-03-28T00:00:00.000000Z,18.742507934570312,18.744895935058594,16.733451843261719,17.057294845581055,29930609
2025-03-29T00:00:00.000000Z,17.057294845581055,17.138097763061523,15.874715805053711,16.161838531494141,19353102
2025-03-30T00:00:00.000000Z,16.157516479492188,16.745367050170898,15.972935676574707,16.338216781616211,12124913
2025-03-31T00:00:00.000000Z,16.338216781616211,16.385772705078125,15.741541862487793,16.083047866821289,18455528
2025-04-01T00:00:00.000000Z,16.083047866821289,16.709829330444336,15.940632820129395,16.496646881103516,16184684
2025-04-02T00:00:00.000000Z,16.496654510498047,16.716526031494141,15.095705032348633,15.279609680175781,23225081
2025-04-03T00:00:00.000000Z,15.278781890869141,15.845320701599121,14.71561336517334,15.242856025695801,28611237
2025-04-04T00:00:00.000000Z,15.242856025695801,15.425116539001465,14.518839836120605,14.653255462646484,33745394
2025-04-05T00:00:00.000000Z,14.653255462646484,14.740477561950684,13.750313758850098,14.076062202453613,28475576
2025-04-06T00:00:00.000000Z,14.075913429260254,14.182195663452148,12.323363304138184,12.630875587463379,24811766
2025-04-07T00:00:00.000000Z,12.630875587463379,13.793046951293945,11.884263038635254,13.041945457458496,38483270
2025-04-08T00:00:00.000000Z,13.041190147399902,13.43517017364502,12.474947929382324,12.485574722290039,17113424
2025-04-09T00:00:00.000000Z,12.485574722290039,14.29892635345459,12.175604820251465,14.204259872436523,23917051
2025-04-10T00:00:00.000000Z,14.204306602478027,14.27197265625,13.40034008026123,13.759147644042969,16574284
2025-04-11T00:00:00.000000Z,13.759147644042969,14.543330192565918,13.612702369689941,14.323943138122559,18463836
2025-04-12T00:00:00.000000Z,14.323943138122559,14.69428539276123,13.93363094329834,14.523366928100586,13354946
2025-04-13T00:00:00.000000Z,14.523366928100586,14.602034568786621,13.736324310302734,13.895096778869629,14026884
2025-04-14T00:00:00.000000Z,13.895096778869629,14.611483573913574,13.881499290466309,14.048500061035156,16039978
2025-04-15T00:00:00.000000Z,14.048500061035156,14.347592353820801,13.678153038024902,13.688875198364258,16165378
2025-04-16T00:00:00.000000Z,13.691176414489746,13.81004524230957,13.199210166931152,13.451305389404297,17997490
2025-04-17T00:00:00.000000Z,13.451305389404297,13.875372886657715,13.380230903625488,13.743897438049316,11176800
2025-04-18T00:00:00.000000Z,13.743897438049316,14.528101921081543,13.636092185974121,14.170871734619141,14919612
2025-04-19T00:00:00.000000Z,14.170871734619141,14.57512092590332,14.085281372070312,14.569660186767578,12091788
2025-04-20T00:00:00.000000Z,14.569660186767578,14.908535957336426,14.066383361816406,14.186942100524902,13516966
2025-04-21T00:00:00.000000Z,14.186942100524902,14.656471252441406,13.935817718505859,13.993251800537109,19610533
2025-04-22T00:00:00.000000Z,13.993192672729492,15.081179618835449,13.772130012512207,15.065940856933594,32885644
2025-04-23T00:00:00.000000Z,15.065940856933594,15.750790596008301,15.046491622924805,15.45561695098877,32849817
2025-04-24T00:00:00.000000Z,15.455293655395508,16.254928588867188,14.848411560058594,16.240428924560547,21079909
2025-04-25T00:00:00.000000Z,16.240428924560547,19.85011100769043,16.240428924560547,17.654184341430664,168787654
2025-04-26T00:00:00.000000Z,17.654697418212891,17.99505615234375,17.139963150024414,17.622840881347656,32327147
2025-04-27T00:00:00.000000Z,17.622840881347656,17.683149337768555,16.854740142822266,17.037984848022461,19490845
2025-04-28T00:00:00.000000Z,17.037984848022461,17.695705413818359,16.624019622802734,17.476882934570312,20961011
2025-04-29T00:00:00.000000Z,17.476882934570312,17.527339935302734,16.628322601318359,16.82487678527832,16145255
2025-04-30T00:00:00.000000Z,16.82487678527832,17.540233612060547,16.454135894775391,17.197948455810547,21580921
2025-05-01T00:00:00.000000Z,17.198251724243164,18.124824523925781,17.123264312744141,17.86138916015625,24178435
2025-05-02T00:00:00.000000Z,17.861322402954102,18.27049446105957,17.499885559082031,17.69349479675293,17688565
2025-05-03T00:00:00.000000Z,17.69349479675293,17.768423080444336,16.278654098510742,16.382282257080078,14242654
2025-05-04T00:00:00.000000Z,16.382282257080078,16.382604598999023,15.479857444763184,15.673037528991699,16954685
2025-05-05T00:00:00.000000Z,15.673037528991699,16.035909652709961,15.328431129455566,15.505596160888672,13329600
2025-05-06T00:00:00.000000Z,15.505596160888672,15.657158851623535,14.62275505065918,15.078756332397461,13979972
2025-05-07T00:00:00.000000Z,15.079469680786133,15.470195770263672,15.011289596557617,15.35859489440918,12460094
2025-05-08T00:00:00.000000Z,15.358545303344727,17.125917434692383,15.358532905578613,17.033021926879883,18189916
2025-05-09T00:00:00.000000Z,17.033021926879883,20.708990097045898,17.030130386352539,18.997114181518555,157573807
2025-05-10T00:00:00.000000Z,18.997114181518555,20.217657089233398,18.650257110595703,20.142797470092773,39198902
2025-05-11T00:00:00.000000Z,20.142475128173828,20.240171432495117,19.097400665283203,19.407386779785156,31269219
2025-05-12T00:00:00.000000Z,19.407510757446289,20.254745483398438,18.709627151489258,19.660482406616211,40677372
2025-05-13T00:00:00.000000Z,19.660482406616211,20.659120559692383,18.515039443969727,20.414365768432617,35475944
2025-05-14T00:00:00.000000Z,20.414365768432617,21.785856246948242,19.905414581298828,20.180610656738281,170927792
2025-05-15T00:00:00.000000Z,20.179433822631836,20.342922210693359,18.93553352355957,19.375387191772461,117421975
2025-05-16T00:00:00.000000Z,19.376758575439453,19.59376335144043,18.490507125854492,18.590627670288086,30100172
2025-05-17T00:00:00.000000Z,18.590627670288086,18.679431915283203,17.942760467529297,18.083381652832031,21655294
2025-05-18T00:00:00.000000Z,18.083381652832031,19.411735534667969,18.053102493286133,19.080230712890625,25754664
2025-05-19T00:00:00.000000Z,19.078008651733398,19.094465255737305,17.466207504272461,18.321123123168945,25874410
2025-05-20T00:00:00.000000Z,18.321123123168945,18.601375579833984,17.658662796020508,18.340612411499023,17506576
2025-05-21T00:00:00.000000Z,18.340612411499023,19.192193984985352,18.032463073730469,18.899450302124023,26529169
2025-05-22T00:00:00.000000Z,18.901409149169922,19.781364440917969,18.840671539306641,19.733993530273438,21367152
2025-05-23T00:00:00.000000Z,19.733993530273438,20.250080108642578,17.892234802246094,17.898429870605469,31871481
2025-05-24T00:00:00.000000Z,17.898124694824219,18.207490921020508,17.706050872802734,17.790008544921875,13009821
2025-05-25T00:00:00.000000Z,17.790008544921875,17.927347183227539,17.059579849243164,17.85395622253418,15794862
2025-05-26T00:00:00.000000Z,17.85395622253418,18.477588653564453,17.705436706542969,17.930656433105469,14835371
2025-05-27T00:00:00.000000Z,17.930656433105469,18.615360260009766,17.547754287719727,18.246444702148438,18934922
2025-05-28T00:00:00.000000Z,18.246120452880859,18.877960205078125,17.639226913452148,18.012485504150391,26702606
2025-05-29T00:00:00.000000Z,18.014345169067383,18.399822235107422,17.15620231628418,17.209108352661133,20183999
2025-05-30T00:00:00.000000Z,17.209150314331055,17.21446418762207,14.876580238342285,14.884206771850586,33388702
2025-05-31T00:00:00.000000Z,14.88449764251709,15.539216995239258,14.728780746459961,15.502016067504883,29378094
2025-06-01T00:00:00.000000Z,15.502016067504883,15.702149391174316,15.11104679107666,15.618535041809082,11978498
2025-06-02T00:00:00.000000Z,15.618533134460449,15.917488098144531,15.211335182189941,15.897974014282227,14336310
2025-06-03T00:00:00.000000Z,15.898344039916992,16.178573608398438,15.824756622314453,15.913987159729004,13103529
2025-06-04T00:00:00.000000Z,15.913987159729004,16.141941070556641,15.452136993408203,15.555953979492188,12584198
2025-06-05T00:00:00.000000Z,15.555953979492188,15.83065128326416,14.30280590057373,14.486152648925781,22012830
2025-06-06T00:00:00.000000Z,14.486152648925781,15.305511474609375,14.384934425354004,14.971746444702148,18002709
2025-06-07T00:00:00.000000Z,14.971720695495605,15.50244140625,14.932835578918457,15.421615600585938,11404922
2025-06-08T00:00:00.000000Z,15.421615600585938,15.421955108642578,15.026986122131348,15.148111343383789,10969580
2025-06-09T00:00:00.000000Z,15.148111343383789,15.75904655456543,14.84996509552002,15.752840042114258,20102139
2025-06-10T00:00:00.000000Z,15.752840042114258,16.201675415039062,15.509200096130371,16.153871536254883,26272615
2025-06-11T00:00:00.000000Z,16.153871536254883,16.178501129150391,15.290186882019043,15.412474632263184,20531858
2025-06-12T00:00:00.000000Z,15.412474632263184,15.412632942199707,14.252433776855469,14.375123023986816,20923014
2025-06-13T00:00:00.000000Z,14.375123023986816,14.375123023986816,13.42265510559082,14.071011543273926,23242604
2025-06-14T00:00:00.000000Z,14.071011543273926,14.084193229675293,13.694855690002441,13.941884994506836,10351100
2025-06-15T00:00:00.000000Z,13.941884994506836,14.034087181091309,13.646709442138672,13.958942413330078,9362277
2025-06-16T00:00:00.000000Z,13.958942413330078,14.691082000732422,13.810910224914551,14.218830108642578,15835084
2025-06-17T00:00:00.000000Z,14.218830108642578,14.296613693237305,13.243768692016602,13.55364990234375,17715456
2025-06-18T00:00:00.000000Z,13.55364990234375,13.856931686401367,13.245245933532715,13.803812980651855,14869250
2025-06-19T00:00:00.000000Z,13.803812980651855,13.915000915527344,13.481743812561035,13.650787353515625,8668976
2025-06-20T00:00:00.000000Z,13.650783538818359,14.022310256958008,12.977839469909668,13.257887840270996,14495636
2025-06-21T00:00:00.000000Z,13.257887840270996,13.537435531616211,12.375497817993164,12.587686538696289,12629473
2025-06-22T00:00:00.000000Z,12.587145805358887,12.713753700256348,11.502322196960449,12.026189804077148,23704934
2025-06-23T00:00:00.000000Z,12.026189804077148,13.588631629943848,12.015013694763184,13.562863349914551,20603118
2025-06-24T00:00:00.000000Z,13.562863349914551,13.930270195007324,13.432426452636719,13.750642776489258,15742426
2025-06-25T00:00:00.000000Z,13.750642776489258,13.808432579040527,13.235575675964355,13.269572257995605,11746744
2025-06-26T00:00:00.000000Z,13.269572257995605,13.67820930480957,12.952813148498535,13.02311897277832,13569325
2025-06-27T00:00:00.000000Z,13.02311897277832,13.198616027832031,12.760308265686035,13.078902244567871,12307111
2025-06-28T00:00:00.000000Z,13.078902244567871,13.524391174316406,13.016576766967773,13.482032775878906,8309277
2025-06-29T00:00:00.000000Z,13.482032775878906,14.08067798614502,13.344186782836914,13.971656799316406,10628337
2025-06-30T00:00:00.000000Z,13.971656799316406,14.2012939453125,13.443099975585938,13.537154197692871,15166991
2025-07-01T00:00:00.000000Z,13.537154197692871,13.571394920349121,12.876836776733398,12.938432693481445,10994752
2025-07-02T00:00:00.000000Z,12.938432693481445,14.368722915649414,12.932572364807129,14.192500114440918,18276110
2025-07-03T00:00:00.000000Z,14.192500114440918,14.273225784301758,13.855033874511719,14.095087051391602,12816693
2025-07-04T00:00:00.000000Z,14.095087051391602,14.111796379089355,13.177447319030762,13.346973419189453,12167509
2025-07-05T00:00:00.000000Z,13.346973419189453,13.444748878479004,13.048257827758789,13.273763656616211,8226028
2025-07-06T00:00:00.000000Z,13.273763656616211,13.604976654052734,13.133125305175781,13.392539978027344,8772295
2025-07-07T00:00:00.000000Z,13.392539978027344,13.507275581359863,13.140551567077637,13.315006256103516,9604249
2025-07-08T00:00:00.000000Z,13.315006256103516,13.713136672973633,13.116337776184082,13.645776748657227,9585472
2025-07-09T00:00:00.000000Z,13.645776748657227,14.354328155517578,13.508169174194336,14.230240821838379,13716185
2025-07-10T00:00:00.000000Z,14.230240821838379,15.207584381103516,14.12895679473877,15.17265510559082,18363695
2025-07-11T00:00:00.000000Z,15.17265510559082,15.817282676696777,14.976963996887207,15.188310623168945,29834367
2025-07-12T00:00:00.000000Z,15.188310623168945,15.468761444091797,14.753846168518066,15.241518974304199,16187047
2025-07-13T00:00:00.000000Z,15.241518974304199,15.93433952331543,15.175183296203613,15.619402885437012,19853305
2025-07-14T00:00:00.000000Z,15.619402885437012,16.222362518310547,15.18132495880127,15.353856086730957,25418668
2025-07-15T00:00:00.000000Z,15.353856086730957,15.812429428100586,14.790608406066895,15.799288749694824,26763897
2025-07-16T00:00:00.000000Z,15.799288749694824,16.793186187744141,15.595349311828613,16.417661666870117,37618433
2025-07-17T00:00:00.000000Z,16.417661666870117,16.797895431518555,16.017095565795898,16.718315124511719,24852286
2025-07-18T00:00:00.000000Z,16.718315124511719,17.754985809326172,16.357902526855469,16.662841796875,35857946
2025-07-19T00:00:00.000000Z,16.662996292114258,17.188041687011719,16.282386779785156,17.058113098144531,16961258
2025-07-20T00:00:00.000000Z,17.058113098144531,17.910402297973633,16.963973999023438,17.573925018310547,31809115
2025-07-21T00:00:00.000000Z,17.573925018310547,18.437211990356445,17.321550369262695,17.851316452026367,31262172
2025-07-22T00:00:00.000000Z,17.851316452026367,18.163576126098633,17.012136459350586,18.163576126098633,33419555
2025-07-23T00:00:00.000000Z,18.163576126098633,18.381816864013672,16.25404167175293,16.737943649291992,34980847
2025-07-24T00:00:00.000000Z,16.739151000976562,17.039125442504883,15.665904998779297,16.070484161376953,30951945
2025-07-25T00:00:00.000000Z,16.070484161376953,16.435705184936523,15.535470008850098,16.374847412109375,23098983
2025-07-26T00:00:00.000000Z,16.374847412109375,16.644668579101562,16.248111724853516,16.379938125610352,13005947
2025-07-27T00:00:00.000000Z,16.379938125610352,17.0262451171875,16.352834701538086,16.956306457519531,25295841
2025-07-28T00:00:00.000000Z,16.956306457519531,17.253398895263672,15.638014793395996,15.698575973510742,24788313
2025-07-29T00:00:00.000000Z,15.698859214782715,16.17308235168457,15.142539024353027,15.318437576293945,20610489
2025-07-30T00:00:00.000000Z,15.318437576293945,15.320180892944336,14.475982666015625,15.117035865783691,19848344
2025-07-31T00:00:00.000000Z,15.117035865783691,15.428891181945801,14.220671653747559,14.260350227355957,14740556
2025-08-01T00:00:00.000000Z,14.260350227355957,14.39561653137207,13.645845413208008,13.95748233795166,21842935
2025-08-02T00:00:00.000000Z,13.957169532775879,14.107410430908203,13.458159446716309,13.789196968078613,11663403
2025-08-03T00:00:00.000000Z,13.789196968078613,14.333909034729004,13.667575836181641,14.284314155578613,11894913
2025-08-04T00:00:00.000000Z,14.284314155578613,14.950183868408203,14.270416259765625,14.882275581359863,13528602
2025-08-05T00:00:00.000000Z,14.882275581359863,14.902242660522461,14.046553611755371,14.29384708404541,15832922
2025-08-06T00:00:00.000000Z,14.29384708404541,14.694402694702148,13.907046318054199,14.534215927124023,16558845
2025-08-07T00:00:00.000000Z,14.534215927124023,15.339686393737793,14.454320907592773,15.280612945556641,19617546
2025-08-08T00:00:00.000000Z,15.280612945556641,15.670151710510254,15.13764762878418,15.546581268310547,42339894
2025-08-09T00:00:00.000000Z,15.546581268310547,16.336095809936523,15.531268119812012,16.150911331176758,19676305
2025-08-10T00:00:00.000000Z,16.150911331176758,16.477603912353516,15.650945663452148,16.085458755493164,20377323
2025-08-11T00:00:00.000000Z,16.085458755493164,16.430036544799805,15.02501106262207,15.132000923156738,21076931
2025-08-12T00:00:00.000000Z,15.132000923156738,16.196308135986328,14.875705718994141,16.035627365112305,23016218
2025-08-13T00:00:00.000000Z,16.035627365112305,16.817729949951172,16.03400993347168,16.746179580688477,53070601
2025-08-14T00:00:00.000000Z,16.746179580688477,16.930118560791016,14.985342979431152,15.25576114654541,34457285
2025-08-15T00:00:00.000000Z,15.25576114654541,15.584564208984375,14.507664680480957,14.928693771362305,23185247
2025-08-16T00:00:00.000000Z,14.928693771362305,15.438137054443359,14.928693771362305,15.390212059020996,12915778
2025-08-17T00:00:00.000000Z,15.390212059020996,16.013275146484375,15.287607192993164,15.575554847717285,16688869
2025-08-18T00:00:00.000000Z,15.575554847717285,15.629073143005371,14.709036827087402,14.875252723693848,22700924
2025-08-19T00:00:00.000000Z,14.875252723693848,15.055118560791016,14.334280967712402,14.354020118713379,26054164
2025-08-20T00:00:00.000000Z,14.354020118713379,15.304813385009766,14.287064552307129,15.201661109924316,21124201
2025-08-21T00:00:00.000000Z,15.201661109924316,15.36873722076416,14.67690372467041,14.724343299865723,17937893
2025-08-22T00:00:00.000000Z,14.724343299865723,16.204429626464844,14.243817329406738,16.07874870300293,31900999
2025-08-23T00:00:00.000000Z,16.07874870300293,16.215976715087891,15.703167915344238,15.952701568603516,19702097
2025-08-24T00:00:00.000000Z,15.952832221984863,16.355684280395508,15.358163833618164,15.662638664245605,37028979
2025-08-25T00:00:00.000000Z,15.662638664245605,15.85693359375,14.093755722045898,14.235506057739258,32188455
2025-08-26T00:00:00.000000Z,14.235160827636719,15.10142993927002,14.034395217895508,15.024401664733887,21263390
2025-08-27T00:00:00.000000Z,15.024401664733887,15.271857261657715,14.789264678955078,14.812091827392578,20747114
2025-08-28T00:00:00.000000Z,14.812091827392578,15.279730796813965,14.763742446899414,15.278322219848633,16958607
2025-08-29T00:00:00.000000Z,15.278146743774414,15.475705146789551,14.088622093200684,14.428886413574219,28156167
2025-08-30T00:00:00.000000Z,14.428886413574219,14.628019332885742,14.169670104980469,14.387944221496582,14117637
2025-08-31T00:00:00.000000Z,14.387944221496582,14.849319458007812,14.173867225646973,14.17440128326416,15116384
2025-09-01T00:00:00.000000Z,14.17440128326416,14.632587432861328,13.64129638671875,13.87671947479248,30014050
2025-09-02T00:00:00.000000Z,13.877004623413086,14.41639232635498,13.877004623413086,14.253782272338867,23357953
2025-09-03T00:00:00.000000Z,14.253782272338867,14.343399047851562,14.019167900085449,14.04572582244873,15915550
2025-09-04T00:00:00.000000Z,14.04572582244873,14.091885566711426,13.622425079345703,13.746281623840332,18365931
2025-09-05T00:00:00.000000Z,13.746281623840332,14.238492965698242,13.708804130554199,13.94051456451416,21093674
2025-09-06T00:00:00.000000Z,13.94051456451416,13.988970756530762,13.523244857788086,13.613341331481934,12745445
2025-09-07T00:00:00.000000Z,13.613341331481934,13.860246658325195,13.612826347351074,13.731993675231934,11425616
2025-09-08T00:00:00.000000Z,13.731993675231934,14.095108032226562,13.65748405456543,14.018746376037598,20960031
2025-09-09T00:00:00.000000Z,14.018746376037598,14.555258750915527,13.833822250366211,14.018527030944824,25433134
2025-09-10T00:00:00.000000Z,14.018527030944824,14.279511451721191,13.943179130554199,14.180026054382324,19643606
2025-09-11T00:00:00.000000Z,14.180026054382324,14.310555458068848,13.901127815246582,14.159603118896484,21438055
2025-09-12T00:00:00.000000Z,14.159603118896484,14.500040054321289,13.943074226379395,14.498767852783203,21019866
2025-09-13T00:00:00.000000Z,14.49817943572998,14.831731796264648,14.36491870880127,14.694478034973145,22676198
2025-09-14T00:00:00.000000Z,14.694478034973145,15.183801651000977,14.346382141113281,14.717755317687988,55842219
2025-09-15T00:00:00.000000Z,14.717384338378906,14.916343688964844,13.702138900756836,13.888506889343262,37801929
2025-09-16T00:00:00.000000Z,13.888506889343262,14.085445404052734,13.675124168395996,13.986994743347168,19629662
2025-09-17T00:00:00.000000Z,13.986994743347168,14.463339805603027,13.658683776855469,14.381975173950195,21485539
2025-09-18T00:00:00.000000Z,14.381975173950195,14.609358787536621,14.193536758422852,14.475440979003906,27590236
2025-09-19T00:00:00.000000Z,14.475440979003906,14.739560127258301,13.971563339233398,14.08154296875,30783428
2025-09-20T00:00:00.000000Z,14.08154296875,14.351786613464355,13.916194915771484,14.26271915435791,12601136
2025-09-21T00:00:00.000000Z,14.26271915435791,14.668933868408203,14.208806991577148,14.414682388305664,17456223
2025-09-22T00:00:00.000000Z,14.414682388305664,14.468146324157715,12.821420669555664,13.098518371582031,35033184
2025-09-23T00:00:00.000000Z,13.098518371582031,13.248169898986816,12.746390342712402,12.858617782592773,18462666
2025-09-24T00:00:00.000000Z,12.858617782592773,13.329434394836426,12.67142391204834,13.050070762634277,16236564
2025-09-25T00:00:00.000000Z,13.050070762634277,13.065993309020996,11.995303153991699,12.130240440368652,23810788
2025-09-26T00:00:00.000000Z,12.130240440368652,13.160421371459961,12.122464179992676,13.070150375366211,30822179
2025-09-27T00:00:00.000000Z,13.070150375366211,13.373652458190918,12.849676132202148,12.991342544555664,19262426
2025-09-28T00:00:00.000000Z,12.991342544555664,13.445714950561523,12.678152084350586,13.36481761932373,15824416
2025-09-29T00:00:00.000000Z,13.36481761932373,13.401734352111816,12.923843383789062,13.251775741577148,18278745
2025-09-30T00:00:00.000000Z,13.251775741577148,13.25441837310791,12.589706420898438,12.971497535705566,18370098
2025-10-01T00:00:00.000000Z,12.971497535705566,13.712265968322754,12.83687686920166,13.658406257629395,18447525
2025-10-02T00:00:00.000000Z,13.659517288208008,14.258931159973145,13.619602203369141,14.140888214111328,24828595
2025-10-03T00:00:00.000000Z,14.140888214111328,14.515035629272461,13.943099021911621,14.231461524963379,21254704
2025-10-04T00:00:00.000000Z,14.231461524963379,14.288244247436523,13.343172073364258,13.479602813720703,32833304
2025-10-05T00:00:00.000000Z,13.480179786682129,14.188575744628906,13.240870475769043,13.593457221984863,37377002
2025-10-06T00:00:00.000000Z,13.593457221984863,14.175468444824219,13.525562286376953,14.026453018188477,26417006
2025-10-07T00:00:00.000000Z,14.026453018188477,14.12017822265625,13.286832809448242,13.36295223236084,23249396
2025-10-08T00:00:00.000000Z,13.36295223236084,13.542331695556641,13.01848030090332,13.511869430541992,18409260
2025-10-09T00:00:00.000000Z,13.511869430541992,13.54290771484375,12.771329879760742,13.258440971374512,23366013
2025-10-10T00:00:00.000000Z,13.258393287658691,13.672395706176758,4.5403790473937988,8.8673124313354492,68537454
2025-10-11T00:00:00.000000Z,8.8673124313354492,10.184234619140625,8.7422266006469727,9.5505943298339844,52276122
2025-10-12T00:00:00.000000Z,9.5515823364257812,10.77045726776123,9.4583492279052734,10.646710395812988,28569313
2025-10-13T00:00:00.000000Z,10.646958351135254,11.459477424621582,10.439173698425293,11.311211585998535,31695290
2025-10-14T00:00:00.000000Z,11.311211585998535,11.344011306762695,10.182378768920898,10.701479911804199,27503076
2025-10-15T00:00:00.000000Z,10.701479911804199,10.972625732421875,10.031535148620605,10.108963966369629,18060842
2025-10-16T00:00:00.000000Z,10.108963966369629,10.343650817871094,9.5687599182128906,9.6847352981567383,24293431
2025-10-17T00:00:00.000000Z,9.6847352981567383,9.7348747253417969,8.9995861053466797,9.5154743194580078,26534754
2025-10-18T00:00:00.000000Z,9.5154743194580078,9.8766565322875977,9.5154743194580078,9.7153892517089844,11529174
2025-10-19T00:00:00.000000Z,9.7153892517089844,10.006032943725586,9.4823408126831055,9.8243389129638672,15179241
2025-10-20T00:00:00.000000Z,9.8242740631103516,10.265585899353027,9.6564788818359375,10.009884834289551,16504980
2025-10-21T00:00:00.000000Z,10.012953758239746,10.374698638916016,9.5663318634033203,9.7431840896606445,20279497
2025-10-22T00:00:00.000000Z,9.7431840896606445,9.7928829193115234,9.1820306777954102,9.3820199966430664,17934178
2025-10-23T00:00:00.000000Z,9.3820199966430664,9.9139280319213867,9.3505468368530273,9.7425661087036133,12784250
2025-10-24T00:00:00.000000Z,9.7425661087036133,9.9401187896728516,9.6608123779296875,9.8972911834716797,12577886
2025-10-25T00:00:00.000000Z,9.8972911834716797,9.9050407409667969,9.6854696273803711,9.8308753967285156,8424295
2025-10-26T00:00:00.000000Z,9.8308753967285156,10.066084861755371,9.6836700439453125,9.9613475799560547,11641651
2025-10-27T00:00:00.000000Z,9.9613475799560547,10.117402076721191,9.5789728164672852,9.6394233703613281,15655265
2025-10-28T00:00:00.000000Z,9.6394233703613281,10.00882625579834,9.3935775756835938,9.5761690139770508,23239688
2025-10-29T00:00:00.000000Z,9.5761690139770508,9.9162425994873047,9.5335254669189453,9.6565113067626953,15523132
2025-10-30T00:00:00.000000Z,9.6565113067626953,9.9018049240112305,8.7604866027832031,9.118107795715332,32026580
2025-10-31T00:00:00.000000Z,9.118107795715332,9.3043279647827148,8.969508171081543,9.1109180450439453,12525484
2025-11-01T00:00:00.000000Z,9.1109180450439453,9.6872940063476562,9.0650396347045898,9.6866188049316406,14838718
2025-11-02T00:00:00.000000Z,9.6866188049316406,9.9509305953979492,9.4440431594848633,9.7828121185302734,14529811
2025-11-03T00:00:00.000000Z,9.7828121185302734,9.7828121185302734,8.3731775283813477,8.5944986343383789,22799057
2025-11-04T00:00:00.000000Z,8.59417724609375,8.7394266128540039,7.838986873626709,8.2870979309082031,26706575
2025-11-05T00:00:00.000000Z,8.2870979309082031,8.60162353515625,7.9185600280761719,8.5362415313720703,16079202
2025-11-06T00:00:00.000000Z,8.535670280456543,8.535670280456543,8.0205240249633789,8.4279394149780273,19042977
2025-11-07T00:00:00.000000Z,8.428767204284668,10.408505439758301,8.4281625747680664,10.084329605102539,56553235
2025-11-08T00:00:00.000000Z,10.084329605102539,10.696967124938965,9.8815641403198242,10.335829734802246,45394215
2025-11-09T00:00:00.000000Z,10.336142539978027,10.755345344543457,9.5918960571289062,10.078474998474121,33701474
2025-11-10T00:00:00.000000Z,10.078474998474121,10.277203559875488,9.860264778137207,10.091693878173828,20010672
2025-11-11T00:00:00.000000Z,10.091693878173828,10.198774337768555,9.4210548400878906,9.4340400695800781,15062267
2025-11-12T00:00:00.000000Z,9.4340400695800781,9.8591623306274414,9.0920343399047852,9.2015228271484375,12845467
2025-11-13T00:00:00.000000Z,9.2019071578979492,9.5512094497680664,8.7195749282836914,8.9899301528930664,15153178
2025-11-14T00:00:00.000000Z,8.9899301528930664,9.0164813995361328,8.5131340026855469,8.6337165832519531,14991481
2025-11-15T00:00:00.000000Z,8.6337165832519531,8.9874677658081055,8.6314096450805664,8.7249994277954102,7546639
2025-11-16T00:00:00.000000Z,8.7249994277954102,8.8529253005981445,8.2438650131225586,8.4209251403808594,10189415
2025-11-17T00:00:00.000000Z,8.4209251403808594,8.5608024597167969,8.0120830535888672,8.1447639465332031,14642876
2025-11-18T00:00:00.000000Z,8.1447639465332031,8.5467309951782227,8.0651607513427734,8.4023056030273438,12346120
2025-11-19T00:00:00.000000Z,8.4023056030273438,8.4433326721191406,7.758458137512207,8.2064666748046875,13637860
2025-11-20T00:00:00.000000Z,8.2064666748046875,8.4721355438232422,7.6900210380554199,7.8268299102783203,14372363
2025-11-21T00:00:00.000000Z,7.8265171051025391,7.9751582145690918,7.1215729713439941,7.4380159378051758,17724797
2025-11-22T00:00:00.000000Z,7.4380159378051758,7.527289867401123,7.234766960144043,7.432013988494873,9019091
2025-11-23T00:00:00.000000Z,7.432013988494873,7.5630087852478027,7.3952212333679199,7.4514799118041992,7472575
2025-11-24T00:00:00.000000Z,7.4514799118041992,8.0324020385742188,7.4104208946228027,7.8828468322753906,10799592
2025-11-25T00:00:00.000000Z,7.8828468322753906,7.972804069519043,7.6184282302856445,7.9419069290161133,9358811
2025-11-26T00:00:00.000000Z,7.9419069290161133,8.0489015579223633,7.6701312065124512,7.9558138847351074,9064169
2025-11-27T00:00:00.000000Z,7.9561171531677246,8.1900444030761719,7.8226819038391113,7.8600320816040039,39522510
2025-11-28T00:00:00.000000Z,7.8600401878356934,7.9184989929199219,7.4727020263671875,7.4829068183898926,64301288
2025-11-29T00:00:00.000000Z,7.4829068183898926,7.4863510131835938,7.0742287635803223,7.1331210136413574,34129336
2025-11-30T00:00:00.000000Z,7.1331210136413574,7.265988826751709,6.9419870376586914,7.1117620468139648,18710065
2025-12-01T00:00:00.000000Z,7.1117620468139648,7.1117620468139648,6.6212239265441895,6.809025764465332,12848065
2025-12-02T00:00:00.000000Z,6.809025764465332,7.5383458137512207,6.7660508155822754,7.4596128463745117,41756255
2025-12-03T00:00:00.000000Z,7.4596128463745117,7.705848217010498,7.3986377716064453,7.5811910629272461,17511229
2025-12-04T00:00:00.000000Z,7.5808677673339844,7.5812158584594727,7.115537166595459,7.1655969619750977,10621056
2025-12-05T00:00:00.000000Z,7.1655969619750977,8.5873136520385742,7.1655969619750977,8.4694280624389648,179667954
2025-12-06T00:00:00.000000Z,8.4694280624389648,8.4969282150268555,7.9280409812927246,7.9564452171325684,43725679
2025-12-07T00:00:00.000000Z,7.9564452171325684,8.0628271102905273,7.6486477851867676,7.886326789855957,23035792
2025-12-08T00:00:00.000000Z,7.8880629539489746,8.1698207855224609,7.8149337768554688,8.0184383392333984,18847261
2025-12-09T00:00:00.000000Z,8.0184383392333984,8.4628238677978516,7.9160909652709961,8.1774606704711914,22190015
2025-12-10T00:00:00.000000Z,8.1774606704711914,8.1781835556030273,7.7309398651123047,7.7866091728210449,13553962
2025-12-11T00:00:00.000000Z,7.7865891456604004,7.7869219779968262,7.5231962203979492,7.5524358749389648,11783408
2025-12-12T00:00:00.000000Z,7.5524358749389648,7.6725797653198242,7.2217040061950684,7.3932671546936035,9268705
2025-12-13T00:00:00.000000Z,7.3932671546936035,7.5600471496582031,7.3932218551635742,7.4867181777954102,13008320
2025-12-14T00:00:00.000000Z,7.4867181777954102,7.513023853302002,7.0777702331542969,7.0995631217956543,8212741
2025-12-15T00:00:00.000000Z,7.0996708869934082,7.2855629920959473,6.7174072265625,6.8911938667297363,11019189
2025-12-16T00:00:00.000000Z,6.8911938667297363,6.9883031845092773,6.7766251564025879,6.9239950180053711,9804028
2025-12-17T00:00:00.000000Z,6.9239950180053711,6.9692378044128418,6.4195141792297363,6.420985221862793,11150284
2025-12-18T00:00:00.000000Z,6.420985221862793,6.6160378456115723,6.1680440902709961,6.3336319923400879,9817104
2025-12-19T00:00:00.000000Z,6.3329868316650391,6.7240209579467773,6.2594451904296875,6.6224260330200195,9698505
2025-12-20T00:00:00.000000Z,6.6224260330200195,6.6811108589172363,6.5907011032104492,6.6645889282226562,5765342
2025-12-21T00:00:00.000000Z,6.6643719673156738,6.710111141204834,6.332183837890625,6.4344320297241211,8064129
2025-12-22T00:00:00.000000Z,6.4344320297241211,6.5186810493469238,6.2594170570373535,6.3257608413696289,8768206
2025-12-23T00:00:00.000000Z,6.3257608413696289,6.3692679405212402,6.1830081939697266,6.3170228004455566,7498773
2025-12-24T00:00:00.000000Z,6.3170228004455566,6.3358068466186523,6.1350350379943848,6.2800998687744141,7664982
2025-12-25T00:00:00.000000Z,6.2800998687744141,6.3548698425292969,6.1107850074768066,6.1150960922241211,10970620
2025-12-26T00:00:00.000000Z,6.1150960922241211,6.2621011734008789,6.0418977737426758,6.1361641883850098,7747425
2025-12-27T00:00:00.000000Z,6.1361641883850098,6.2917861938476562,6.1288962364196777,6.2917180061340332,7674465
2025-12-28T00:00:00.000000Z,6.292388916015625,6.4311990737915039,6.0643720626831055,6.1108098030090332,8308631
2025-12-29T00:00:00.000000Z,6.1108098030090332,6.2351040840148926,5.7323060035705566,5.8389439582824707,13491767
2025-12-30T00:00:00.000000Z,5.8389439582824707,5.8397021293640137,5.5850110054016113,5.6645159721374512,10519234
2025-12-31T00:00:00.000000Z,5.6645159721374512,5.7011260986328125,5.4695839881896973,5.5387210845947266,10642563
2026-01-01T00:00:00.000000Z,5.5387210845947266,5.9185371398925781,5.3898391723632812,5.9072918891906738,19310885
2026-01-02T00:00:00.000000Z,5.9072918891906738,6.0669541358947754,5.7748908996582031,6.0512070655822754,12967698
2026-01-03T00:00:00.000000Z,6.0512070655822754,6.2244138717651367,6.0402178764343262,6.2039389610290527,11336004
2026-01-04T00:00:00.000000Z,6.2039389610290527,6.3077478408813477,6.1767058372497559,6.2089829444885254,9779596
2026-01-05T00:00:00.000000Z,6.2089829444885254,6.5613288879394531,6.0956392288208008,6.5344138145446777,12263498
2026-01-06T00:00:00.000000Z,6.5344138145446777,6.7732467651367188,6.3439731597900391,6.6824741363525391,17200648
2026-01-07T00:00:00.000000Z,6.6824741363525391,6.6826791763305664,6.1926350593566895,6.2213358879089355,12626222
2026-01-08T00:00:00.000000Z,6.2213358879089355,6.2913689613342285,5.8938431739807129,5.9392518997192383,11862215
2026-01-09T00:00:00.000000Z,5.9393329620361328,6.4914989471435547,5.8890938758850098,6.2497258186340332,23269190
2026-01-10T00:00:00.000000Z,6.2497258186340332,6.8557491302490234,6.2493982315063477,6.4458560943603516,61416350
2026-01-11T00:00:00.000000Z,6.4458560943603516,6.5391111373901367,6.1784019470214844,6.2142319679260254,22350740
2026-01-12T00:00:00.000000Z,6.2142319679260254,6.2596430778503418,5.9217681884765625,5.9426097869873047,12635513
2026-01-13T00:00:00.000000Z,5.9426097869873047,6.3883500099182129,5.9333419799804688,6.3396658897399902,14704479
2026-01-14T00:00:00.000000Z,6.3396658897399902,6.4250478744506836,6.1833109855651855,6.2217669486999512,13938548
2026-01-15T00:00:00.000000Z,6.2217669486999512,6.2566847801208496,5.9392552375793457,6.0121679306030273,11673862
2026-01-16T00:00:00.000000Z,6.0121679306030273,6.1771278381347656,5.9306340217590332,6.1769819259643555,7587273
2026-01-17T00:00:00.000000Z,6.1769819259643555,6.8462471961975098,6.1714091300964355,6.6244678497314453,23587756
2026-01-18T00:00:00.000000Z,6.6244678497314453,7.3703532218933105,6.4390859603881836,6.4416418075561523,62527232
2026-01-19T00:00:00.000000Z,6.4419360160827637,6.4430909156799316,5.9600448608398438,6.1710710525512695,18869592
2026-01-20T00:00:00.000000Z,6.1710710525512695,6.2882890701293945,5.8526220321655273,5.8759560585021973,13686035
2026-01-21T00:00:00.000000Z,5.8759560585021973,6.1137008666992188,5.8319730758666992,6.0074400901794434,12109137
2026-01-22T00:00:00.000000Z,6.0074400901794434,6.1326298713684082,5.8353757858276367,5.9563679695129395,8244216
2026-01-23T00:00:00.000000Z,5.9563679695129395,6.0716948509216309,5.8955187797546387,5.9278907775878906,8431679
2026-01-24T00:00:00.000000Z,5.9278907775878906,5.9668841361999512,5.8439521789550781,5.9133939743041992,5873150
2026-01-25T00:00:00.000000Z,5.9133939743041992,5.9143848419189453,5.5027651786804199,5.584589958190918,9436702
2026-01-26T00:00:00.000000Z,5.584589958190918,5.8238239288330078,5.5613818168640137,5.7558407783508301,7664345
2026-01-27T00:00:00.000000Z,5.7558407783508301,5.8517742156982422,5.6147041320800781,5.8126587867736816,6810699
2026-01-28T00:00:00.000000Z,5.8126587867736816,5.8180360794067383,5.6482291221618652,5.7583818435668945,7481859
2026-01-29T00:00:00.000000Z,5.7579350471496582,5.7679028511047363,5.2138481140136719,5.2849721908569336,9649938
2026-01-30T00:00:00.000000Z,5.2849721908569336,5.3169398307800293,5.0737781524658203,5.1891798973083496,11211342
2026-01-31T00:00:00.000000Z,5.1891798973083496,5.1972780227661133,4.4591150283813477,4.73114013671875,14157039
2026-02-01T00:00:00.000000Z,4.73114013671875,4.9243459701538086,4.588162899017334,4.6440830230712891,19430063
2026-02-02T00:00:00.000000Z,4.6436991691589355,4.8597540855407715,4.5195269584655762,4.805391788482666,11244286
2026-02-03T00:00:00.000000Z,4.805391788482666,5.0924339294433594,4.5714221000671387,4.8544487953186035,12537885
2026-02-04T00:00:00.000000Z,4.8544487953186035,5.0543308258056641,4.6022958755493164,4.7139778137207031,13284373
2026-02-05T00:00:00.000000Z,4.7139778137207031,4.7350301742553711,3.991703987121582,4.0163178443908691,17337161
2026-02-06T00:00:00.000000Z,4.0163178443908691,4.6282367706298828,3.7619459629058838,4.5303688049316406,17017318
2026-02-07T00:00:00.000000Z,4.5303688049316406,4.8882241249084473,4.3915729522705078,4.8853178024291992,13447566
2026-02-08T00:00:00.000000Z,4.8853178024291992,4.9461989402770996,4.5780801773071289,4.622035026550293,18154203
2026-02-09T00:00:00.000000Z,4.6219010353088379,4.7246861457824707,4.4575271606445312,4.5777277946472168,8145395
2026-02-10T00:00:00.000000Z,4.5777277946472168,4.6062798500061035,4.4219541549682617,4.5018701553344727,7517318
2026-02-11T00:00:00.000000Z,4.5018701553344727,4.6547918319702148,4.3938608169555664,4.5563220977783203,11428030
2026-02-12T00:00:00.000000Z,4.5566339492797852,4.7814450263977051,4.5432748794555664,4.6585450172424316,8059330
2026-02-13T00:00:00.000000Z,4.6585450172424316,5.1963920593261719,4.5759129524230957,5.1922311782836914,29790829
2026-02-14T00:00:00.000000Z,5.1914448738098145,5.3535871505737305,5.0367398262023926,5.2669520378112793,18595383
2026-02-15T00:00:00.000000Z,5.2669520378112793,5.3659777641296387,4.856478214263916,4.8931832313537598,11988897
2026-02-16T00:00:00.000000Z,4.8931832313537598,4.927483081817627,4.7287921905517578,4.832798957824707,8327361
2026-02-17T00:00:00.000000Z,4.832798957824707,4.9252810478210449,4.6212821006774902,4.6926741600036621,15555922
2026-02-18T00:00:00.000000Z,4.6926741600036621,4.7174220085144043,4.4681358337402344,4.4989871978759766,6482614
2026-02-19T00:00:00.000000Z,4.4989871978759766,4.5290560722351074,4.3596811294555664,4.5243477821350098,7225848
2026-02-20T00:00:00.000000Z,4.5243477821350098,4.6416721343994141,4.4388318061828613,4.612217903137207,6636502
2026-02-21T00:00:00.000000Z,4.612217903137207,4.7014899253845215,4.5631132125854492,4.5633678436279297,5003789
2026-02-22T00:00:00.000000Z,4.5633678436279297,4.563690185546875,4.3758640289306641,4.4572629928588867,5284655
2026-02-23T00:00:00.000000Z,4.4572629928588867,4.4620962142944336,4.2428889274597168,4.3165321350097656,6711274
2026-02-24T00:00:00.000000Z,4.3165321350097656,4.3503379821777344,4.1696572303771973,4.2815561294555664,6898535
2026-02-25T00:00:00.000000Z,4.2815561294555664,4.7785091400146484,4.2598071098327637,4.6025390625,9602364
2026-02-26T00:00:00.000000Z,4.6023402214050293,4.6297001838684082,4.3985781669616699,4.4668121337890625,7125904
2026-02-27T00:00:00.000000Z,4.4668121337890625,4.7158041000366211,4.3967399597167969,4.4408459663391113,8747685
2026-02-28T00:00:00.000000Z,4.4408230781555176,4.5213818550109863,4.1673569679260254,4.5190939903259277,8469970
2026-03-01T00:00:00.000000Z,4.5190939903259277,4.6564078330993652,4.261387825012207,4.3349199295043945,7406295
2026-03-02T00:00:00.000000Z,4.3349199295043945,4.5711078643798828,4.300203800201416,4.3937320709228516,13806980
2026-03-03T00:00:00.000000Z,4.3937301635742188,4.3944458961486816,4.1187100410461426,4.1905732154846191,9278213
2026-03-04T00:00:00.000000Z,4.1905732154846191,4.4456758499145508,4.1112260818481445,4.2744288444519043,23146114
2026-03-05T00:00:00.000000Z,4.2744288444519043,4.2750988006591797,4.0998101234436035,4.1442131996154785,7587302
2026-03-06T00:00:00.000000Z,4.1442131996154785,4.2418241500854492,4.0359377861022949,4.1234002113342285,6903358
2026-03-07T00:00:00.000000Z,4.1234002113342285,4.2558040618896484,4.0459399223327637,4.0592160224914551,9587507
2026-03-08T00:00:00.000000Z,4.0592608451843262,4.1857151985168457,4.0240449905395508,4.0649428367614746,8396798
2026-03-09T00:00:00.000000Z,4.0649428367614746,4.2437071800231934,4.0632810592651367,4.1615290641784668,8016879
2026-03-10T00:00:00.000000Z,4.1615290641784668,4.259735107421875,4.1239109039306641,4.1376791000366211,6403760
2026-03-11T00:00:00.000000Z,4.1376791000366211,4.2061710357666016,4.0471739768981934,4.1850991249084473,9248993
2026-03-12T00:00:00.000000Z,4.1850991249084473,4.1878490447998047,4.0550069808959961,4.1466760635375977,5810828
2026-03-13T00:00:00.000000Z,4.1466760635375977,4.295011043548584,4.1292037963867188,4.1358189582824707,7308221
2026-03-14T00:00:00.000000Z,4.1358189582824707,4.1358280181884766,4.0557460784912109,4.1140789985656738,5171645
2026-03-15T00:00:00.000000Z,4.1140789985656738,4.3492269515991211,4.1070528030395508,4.2964239120483398,17412703
2026-03-16T00:00:00.000000Z,4.2964239120483398,4.4745111465454102,4.2687869071960449,4.4506030082702637,9773427
2026-03-17T00:00:00.000000Z,4.4506030082702637,4.4697561264038086,4.3237051963806152,4.3412671089172363,8182902
2026-03-18T00:00:00.000000Z,4.3412671089172363,4.4123411178588867,4.0888361930847168,4.1350560188293457,9045085
2026-03-19T00:00:00.000000Z,4.1350560188293457,4.1350560188293457,3.9842660427093506,4.0727200508117676,5804230
2026-03-20T00:00:00.000000Z,4.0727200508117676,4.277069091796875,4.0716500282287598,4.1434001922607422,11007147
2026-03-21T00:00:00.000000Z,4.1434001922607422,4.1650490760803223,3.9820399284362793,3.9843730926513672,4570368
2026-03-22T00:00:00.000000Z,3.9850630760192871,4.0109000205993652,3.8718359470367432,3.9061388969421387,5804696
2026-03-23T00:00:00.000000Z,3.9061388969421387,4.1264472007751465,3.8803229331970215,4.1172308921813965,6939466
2026-03-24T00:00:00.000000Z,4.1172308921813965,4.1195230484008789,4.0057811737060547,4.0636191368103027,5891443
2026-03-25T00:00:00.000000Z,4.0636191368103027,4.0936150550842285,4.0092158317565918,4.044281005859375,4931801
2026-03-26T00:00:00.000000Z,4.044281005859375,4.0481019020080566,3.8550550937652588,3.9027531147003174,5415125
2026-03-27T00:00:00.000000Z,3.9027531147003174,4.0534629821777344,3.8106119632720947,3.8239850997924805,10748234
2026-03-28T00:00:00.000000Z,3.8239850997924805,3.8800439834594727,3.7663390636444092,3.792694091796875,4338856
2026-03-29T00:00:00.000000Z,3.792694091796875,3.8055140972137451,3.6839621067047119,3.718451976776123,4501661
2026-03-30T00:00:00.000000Z,3.718451976776123,3.8492259979248047,3.6927680969238281,3.7003030776977539,5987657
2026-03-31T00:00:00.000000Z,3.7003030776977539,3.8009960651397705,3.699882984161377,3.7987570762634277,6047402
2026-04-01T00:00:00.000000Z,3.7987570762634277,3.9234840869903564,3.7682309150695801,3.8261260986328125,7151872
2026-04-02T00:00:00.000000Z,3.8261260986328125,3.8536310195922852,3.6217029094696045,3.6865749359130859,6544839
2026-04-03T00:00:00.000000Z,3.6865749359130859,3.878680944442749,3.6836960315704346,3.7550129890441895,6128415
2026-04-04T00:00:00.000000Z,3.7550129890441895,3.7956099510192871,3.7369420528411865,3.7753028869628906,3552495
2026-04-05T00:00:00.000000Z,3.7753028869628906,3.7786269187927246,3.6576979160308838,3.74009108543396,4734450
2026-04-06T00:00:00.000000Z,3.74009108543396,3.832892894744873,3.6927099227905273,3.722851037979126,6367181
2026-04-07T00:00:00.000000Z,3.722851037979126,3.9080328941345215,3.6179490089416504,3.8990390300750732,7071840
2026-04-08T00:00:00.000000Z,3.8990809917449951,3.9050590991973877,3.7887380123138428,3.8033781051635742,5655332
2026-04-09T00:00:00.000000Z,3.8033781051635742,3.9118099212646484,3.7509191036224365,3.8748559951782227,5608905
2026-04-10T00:00:00.000000Z,3.8748559951782227,3.9156060218811035,3.8214519023895264,3.9150919914245605,6764257
2026-04-11T00:00:00.000000Z,3.9150919914245605,3.9165248870849609,3.8223490715026855,3.8786818981170654,5024398
2026-04-12T00:00:00.000000Z,3.8786818981170654,3.8929240703582764,3.690377950668335,3.7011740207672119,7071334
2026-04-13T00:00:00.000000Z,3.7011740207672119,3.918565034866333,3.6772689819335938,3.902271032333374,6979859
2026-04-14T00:00:00.000000Z,3.902271032333374,3.9056050777435303,3.7345960140228271,3.7570381164550781,5691208
2026-04-15T00:00:00.000000Z,3.7570381164550781,4.0566649436950684,3.7540080547332764,4.0393967628479004,8418259
2026-04-16T00:00:00.000000Z,4.0393967628479004,4.3151140213012695,4.0393967628479004,4.2943310737609863,18454952
2026-04-17T00:00:00.000000Z,4.2943310737609863,4.6192479133605957,4.148892879486084,4.512423038482666,16328280
2026-04-18T00:00:00.000000Z,4.512423038482666,4.5179190635681152,4.1945772171020508,4.2185149192810059,9432297
2026-04-19T00:00:00.000000Z,4.2185149192810059,4.2185602188110352,4.0239548683166504,4.025360107421875,7696368
2026-04-20T00:00:00.000000Z,4.025360107421875,4.2708220481872559,3.9858880043029785,4.1603708267211914,10494207
2026-04-21T00:00:00.000000Z,4.1599860191345215,4.3222551345825195,4.0779628753662109,4.1534748077392578,9315947
2026-04-22T00:00:00.000000Z,4.1534748077392578,4.3328380584716797,4.1335067749023438,4.1920552253723145,6580350
2026-04-23T00:00:00.000000Z,4.1920552253723145,4.2190008163452148,4.0988750457763672,4.2170910835266113,6462739
2026-04-24T00:00:00.000000Z,4.2170910835266113,4.3149590492248535,4.1573538780212402,4.2830410003662109,7541902
2026-04-25T00:00:00.000000Z,4.2830410003662109,4.4936718940734863,4.2622098922729492,4.3593931198120117,10209458
2026-04-26T00:00:00.000000Z,4.3593931198120117,4.5211391448974609,4.3193149566650391,4.4468379020690918,7363032
2026-04-27T00:00:00.000000Z,4.4468379020690918,4.4917850494384766,4.1629137992858887,4.2288918495178223,6364680
2026-04-28T00:00:00.000000Z,4.2288918495178223,4.2530708312988281,4.1732988357543945,4.2161731719970703,5119899
2026-04-29T00:00:00.000000Z,4.2161731719970703,4.3042130470275879,4.0441641807556152,4.1232938766479492,6072774
2026-04-30T00:00:00.000000Z,4.1232938766479492,4.1244711875915527,4.0413479804992676,4.0731167793273926,5136415
2026-05-01T00:00:00.000000Z,4.0731167793273926,4.1599311828613281,4.0588669776916504,4.0987110137939453,4821475
2026-05-02T00:00:00.000000Z,4.0987110137939453,4.1450390815734863,4.0441741943359375,4.1204690933227539,4110137
2026-05-03T00:00:00.000000Z,4.1204690933227539,4.1214971542358398,4.0437102317810059,4.0586681365966797,3749261
2026-05-04T00:00:00.000000Z,4.0586681365966797,4.1659250259399414,4.0247669219970703,4.0595479011535645,5575612
2026-05-05T00:00:00.000000Z,4.0595479011535645,4.2037348747253418,4.054649829864502,4.1722211837768555,7704678
2026-05-06T00:00:00.000000Z,4.1722211837768555,4.3899540901184082,4.1721248626708984,4.3145909309387207,11550883
2026-05-07T00:00:00.000000Z,4.3145909309387207,4.3787651062011719,4.214332103729248,4.3218059539794922,8930637
2026-05-08T00:00:00.000000Z,4.3218059539794922,4.6791701316833496,4.2918682098388672,4.6050848960876465,11234352
2026-05-09T00:00:00.000000Z,4.6050848960876465,4.690770149230957,4.5225777626037598,4.5625548362731934,7411655
2026-05-10T00:00:00.000000Z,4.5625548362731934,4.857886791229248,4.522946834564209,4.7542791366577148,27358996
2026-05-11T00:00:00.000000Z,4.7542791366577148,4.8542370796203613,4.6301488876342773,4.8207001686096191,13120172
2026-05-12T00:00:00.000000Z,4.821044921875,4.8217530250549316,4.5673599243164062,4.6406841278076172,6254944
2026-05-13T00:00:00.000000Z,4.6406841278076172,4.768794059753418,4.4066300392150879,4.4390912055969238,6657268
2026-05-14T00:00:00.000000Z,4.4390912055969238,4.5124750137329102,4.3392457962036133,4.4281868934631348,6684355
2026-05-15T00:00:00.000000Z,4.4281868934631348,4.4562559127807617,4.1400852203369141,4.1900219917297363,6950547
2026-05-16T00:00:00.000000Z,4.1900219917297363,4.1907291412353516,3.9756429195404053,4.0122780799865723,6364239
2026-05-17T00:00:00.000000Z,4.0122780799865723,4.0303540229797363,3.8346889019012451,3.8673779964447021,5109015
2026-05-18T00:00:00.000000Z,3.8673779964447021,3.9625530242919922,3.8432888984680176,3.9367899894714355,6533616
2026-05-19T00:00:00.000000Z,3.9367899894714355,3.9569940567016602,3.8407089710235596,3.8522939682006836,6176476
2026-05-20T00:00:00.000000Z,3.8522939682006836,3.9815490245819092,3.8432381153106689,3.9591560363769531,6141401
2026-05-21T00:00:00.000000Z,3.9591560363769531,4.0423259735107422,3.924591064453125,4.0186419486999512,5777370
2026-05-22T00:00:00.000000Z,4.0186457633972168,4.1548881530761719,3.8800649642944336,3.8872749805450439,6289754
2026-05-23T00:00:00.000000Z,3.8872749805450439,4.0943398475646973,3.7994139194488525,4.0481619834899902,5258230
2026-05-24T00:00:00.000000Z,4.0481619834899902,4.058931827545166,3.8616569042205811,3.9121360778808594,4025278
2026-05-25T00:00:00.000000Z,3.912147045135498,4.0065231323242188,3.9051120281219482,3.9436750411987305,9948220
2026-05-26T00:00:00.000000Z,3.9436750411987305,3.9561750888824463,3.7649068832397461,3.7649710178375244,17756427
2026-05-27T00:00:00.000000Z,3.7649710178375244,3.8682849407196045,3.6789290904998779,3.6958720684051514,16227191
2026-05-28T00:00:00.000000Z,3.6958720684051514,3.7001841068267822,3.4881689548492432,3.5929241180419922,17383358
2026-05-29T00:00:00.000000Z,3.5929241180419922,3.6198379993438721,3.4615418910980225,3.5680899620056152,35174292
2026-05-30T00:00:00.000000Z,3.5680899620056152,3.6405239105224609,3.5503349304199219,3.5581419467926025,10624146
2026-05-31T00:00:00.000000Z,3.5581419467926025,3.6051878929138184,3.4827589988708496,3.5572390556335449,10961444
2026-06-01T00:00:00.000000Z,3.5572390556335449,3.6373970508575439,3.4824469089508057,3.6091361045837402,21767327
2026-06-02T00:00:00.000000Z,3.6091361045837402,3.6150319576263428,3.264754056930542,3.3155748844146729,26846712
2026-06-03T00:00:00.000000Z,3.3155748844146729,3.4684140682220459,3.2924690246582031,3.3539400100708008,25624174
2026-06-04T00:00:00.000000Z,3.3539400100708008,3.371143102645874,3.0157148838043213,3.0949749946594238,33649283
2026-06-05T00:00:00.000000Z,3.0949749946594238,3.1014890670776367,2.7435600757598877,2.8507840633392334,11852695
2026-06-06T00:00:00.000000Z,2.8507840633392334,3.0064370632171631,2.6970360279083252,2.9089159965515137,10150194
2026-06-07T00:00:00.000000Z,2.9089159965515137,3.0325620174407959,2.8761789798736572,2.9686539173126221,6450472
2026-06-08T00:00:00.000000Z,2.9686539173126221,3.025662899017334,2.9020140171051025,2.95296311378479,5180468
2026-06-09T00:00:00.000000Z,2.95296311378479,2.9564309120178223,2.8419489860534668,2.9192640781402588,5061125
2026-06-10T00:00:00.000000Z,2.9192640781402588,2.9270339012145996,2.7644920349121094,2.8133270740509033,6546904
2026-06-11T00:00:00.000000Z,2.8133270740509033,2.9289729595184326,2.8119790554046631,2.8807859420776367,5072214
2026-06-12T00:00:00.000000Z,2.8807859420776367,2.9184069633483887,2.8323841094970703,2.862339973449707,5785569
2026-06-13T00:00:00.000000Z,2.862339973449707,2.9542069435119629,2.855151891708374,2.9185218811035156,4250184
2026-06-14T00:00:00.000000Z,2.9185218811035156,2.972465991973877,2.8438360691070557,2.9613509178161621,4114814
2026-06-15T00:00:00.000000Z,2.9613509178161621,3.1624810695648193,2.9485549926757812,3.0559549331665039,7028765
2026-06-16T00:00:00.000000Z,3.0559549331665039,3.075916051864624,2.9576559066772461,3.0022280216217041,4626214
2026-06-17T00:00:00.000000Z,3.0022280216217041,3.0762948989868164,2.9185359477996826,2.9504148960113525,6340718
2026-06-18T00:00:00.000000Z,2.9504148960113525,2.960874080657959,2.7822940349578857,2.8794400691986084,5121082
2026-06-19T00:00:00.000000Z,2.8794400691986084,2.9069969654083252,2.8213191032409668,2.8731300830841064,4345650
2026-06-20T00:00:00.000000Z,2.8731300830841064,2.9005520343780518,2.8036799430847168,2.884476900100708,3629431
2026-06-21T00:00:00.000000Z,2.884476900100708,2.9012010097503662,2.8068909645080566,2.807560920715332,3191492
2026-06-22T00:00:00.000000Z,2.807560920715332,2.8866739273071289,2.7602798938751221,2.7761709690093994,4317448
2026-06-23T00:00:00.000000Z,2.7761709690093994,2.8069610595703125,2.6471738815307617,2.6710810661315918,5074011
2026-06-24T00:00:00.000000Z,2.6710810661315918,2.6826410293579102,2.5099000930786133,2.6597011089324951,6155287
2026-06-25T00:00:00.000000Z,2.6597011089324951,2.6627159118652344,2.4322350025177002,2.5037209987640381,6143871
2026-06-26T00:00:00.000000Z,2.5037209987640381,2.5626230239868164,2.426206111907959,2.5607230663299561,5948831
2026-06-27T00:00:00.000000Z,2.5607230663299561,2.6299340724945068,2.5071818828582764,2.5099890232086182,3644861
2026-06-28T00:00:00.000000Z,2.5099890232086182,2.5717320442199707,2.4890708923339844,2.5192999839782715,3630028
2026-06-29T00:00:00.000000Z,2.5192999839782715,2.7155539989471436,2.5043048858642578,2.6389470100402832,7766414
2026-06-30T00:00:00.000000Z,2.6389470100402832,2.6458098888397217,2.4835720062255859,2.5197060108184814,4995534
2026-07-01T00:00:00.000000Z,2.5197060108184814,2.6290199756622314,2.4751970767974854,2.5818209648132324,4873989
2026-07-02T00:00:00.000000Z,2.5818209648132324,2.7098720073699951,2.5694749355316162,2.6467270851135254,5045348
2026-07-03T00:00:00.000000Z,2.6467270851135254,2.7688179016113281,2.6417319774627686,2.7454929351806641,3733547
2026-07-04T00:00:00.000000Z,2.7454860210418701,2.8116559982299805,2.66867995262146,2.7520210742950439,5015546
2026-07-05T00:00:00.000000Z,2.7520020008087158,2.7753500938415527,2.6533420085906982,2.7054429054260254,3151328
2026-07-06T00:00:00.000000Z,2.7054390907287598,2.9041869640350342,2.6498548984527588,2.8955850601196289,7150556
2026-07-07T00:00:00.000000Z,2.8955819606781006,2.9012629985809326,2.7244360446929932,2.7353780269622803,5239780
2026-07-08T00:00:00.000000Z,2.7353780269622803,2.8108670711517334,2.6601839065551758,2.7711300849914551,4877561
2026-07-09T00:00:00.000000Z,2.7711300849914551,3.1738159656524658,2.7711000442504883,2.8942239284515381,33923480
2026-07-10T00:00:00.000000Z,2.8942239284515381,2.9793379306793213,2.8332509994506836,2.8550989627838135,6246305
2026-07-11T00:00:00.000000Z,2.8550989627838135,2.9350121021270752,2.8036429882049561,2.9081270694732666,4557132
2026-07-12T00:00:00.000000Z,2.9081270694732666,3.107698917388916,2.8995299339294434,3.0298199653625488,11072818
2026-07-13T00:00:00.000000Z,3.0298299789428711,3.1715610027313232,3.0281569957733154,3.0996949672698975,9069826
2026-07-14T00:00:00.000000Z,3.0996870994567871,3.6156229972839355,3.0996649265289307,3.4211249351501465,44439690
2026-07-15T00:00:00.000000Z,3.4211299419403076,3.4211359024047852,3.1338620185852051,3.1700310707092285,11235568
2026-07-16T00:00:00.000000Z,3.1700599193572998,3.3202049732208252,3.0657570362091064,3.1387929916381836,7753789
2026-07-17T00:00:00.000000Z,3.1387929916381836,3.2798869609832764,3.0122919082641602,3.2593560218811035,6660304
2026-07-18T00:00:00.000000Z,3.2593441009521484,3.290626049041748,3.2044079303741455,3.2346749305725098,5001059
2026-07-19T00:00:00.000000Z,3.2346749305725098,3.3885610103607178,3.137584924697876,3.1712698936462402,7307446
2026-07-20T00:00:00.000000Z,3.1712698936462402,3.201138973236084,3.0972590446472168,3.1494181156158447,3903678
2026-07-21T00:00:00.000000Z,3.1494200229644775,3.1932229995727539,3.1093230247497559,3.1436159610748291,3742902
2026-07-22T00:00:00.000000Z,3.1436269283294678,3.2383859157562256,3.0876688957214355,3.120582103729248,4212349
2026-07-23T00:00:00.000000Z,3.120574951171875,3.1213080883026123,2.9509420394897461,2.9733860492706299,3422132
2026-07-24T00:00:00.000000Z,2.9733250141143799,2.9747068881988525,2.8489630222320557,2.9033970832824707,3920234
2026-07-25T00:00:00.000000Z,2.9034008979797363,2.9074640274047852,2.8001739978790283,2.8609399795532227,2813347
2026-07-26T00:00:00.000000Z,2.8609399795532227,2.9121220111846924,2.8112680912017822,2.8623309135437012,2724159
2026-07-27T00:00:00.000000Z,2.8623409271240234,2.8635621070861816,2.7347879409790039,2.7397251129150391,3397090
2026-07-28T00:00:00.000000Z,2.7397348880767822,2.8246951103210449,2.7196300029754639,2.7386989593505859,4274961
2026-07-29T00:00:00.000000Z,2.7387111186981201,2.8203060626983643,2.6797199249267578,2.75028395652771,4763643
2026-07-30T00:00:00.000000Z,2.7502989768981934,2.7612628936767578,2.7120699882507324,2.7125639915466309,2411446
2026-07-31T00:00:00.000000Z,2.7125780582427979,2.7125880718231201,2.6407361030578613,2.6524429321289062,3178650
2026-08-01T00:00:00.000000Z,2.6524429321289062,2.7542591094970703,2.6514708995819092,2.6731669902801514,3408322
2026-08-02T00:00:00.000000Z,2.673166036605835,2.7105240821838379,2.6628749370574951,2.6794710159301758,1999485
2026-08-03T00:00:00.000000Z,2.6794719696044922,2.7484729290008545,2.6126019954681396,2.7149651050567627,3678539
2026-08-04T00:00:00.000000Z,2.7149660587310791,2.8532700538635254,2.6845910549163818,2.7425839900970459,4505355
2026-08-05T00:00:00.000000Z,2.7425839900970459,2.8336830139160156,2.7340350151062012,2.8215479850769043,3053303
2026-08-06T00:00:00.000000Z,2.8215479850769043,2.8422479629516602,2.7699129581451416,2.8017640113830566,2789270
2026-08-07T00:00:00.000000Z,2.8017640113830566,2.8188230991363525,2.604032039642334,2.6713190078735352,4813988
2026-08-08T00:00:00.000000Z,2.6713221073150635,2.709881067276001,2.6641919612884521,2.7061779499053955,2024609
2026-08-09T00:00:00.000000Z,2.7061779499053955,2.7365210056304932,2.6639499664306641,2.6659350395202637,2821185
2026-08-10T00:00:00.000000Z,2.6659440994262695,2.7945430278778076,2.6659018993377686,2.7627570629119873,3323658
2026-08-11T00:00:00.000000Z,2.762768030166626,2.818519115447998,2.6512150764465332,2.6908369064331055,3431489
2026-08-12T00:00:00.000000Z,2.6908369064331055,2.725182056427002,2.6107819080352783,2.6209800243377686,3071126
2026-08-13T00:00:00.000000Z,2.6209800243377686,2.6609320640563965,2.5877840518951416,2.6108410358428955,4338927
2026-08-14T00:00:00.000000Z,2.6108410358428955,2.650691032409668,2.5533161163330078,2.6448400020599365,5775585
2026-08-15T00:00:00.000000Z,2.6448400020599365,2.6978580951690674,2.6241800785064697,2.6244080066680908,2939419
2026-08-16T00:00:00.000000Z,2.6244080066680908,2.6644508838653564,2.5937321186065674,2.6100060939788818,3310953
2026-08-17T00:00:00.000000Z,2.6100089550018311,2.7759850025177002,2.6095070838928223,2.7300159931182861,4786888
2026-08-18T00:00:00.000000Z,2.7300159931182861,2.8087539672851562,2.7202680110931396,2.7425529956817627,4307396
2026-08-19T00:00:00.000000Z,2.7425711154937744,2.8706009387969971,2.7112259864807129,2.8542881011962891,3938302
2026-08-20T00:00:00.000000Z,2.8542881011962891,2.9838559627532959,2.8239810466766357,2.9692349433898926,4717380
2026-08-21T00:00:00.000000Z,2.9692480564117432,3.3140799999237061,2.9659109115600586,3.2604091167449951,6332292
2026-08-22T00:00:00.000000Z,3.2604091167449951,3.4798219203948975,3.1958858966827393,3.3117790222167969,8675043
2026-08-23T00:00:00.000000Z,3.3117790222167969,3.6132349967956543,3.1687819957733154,3.5440380573272705,11877444
2026-08-24T00:00:00.000000Z,3.5440359115600586,3.6864349842071533,3.4257619380950928,3.5184879302978516,7183207
2026-08-25T00:00:00.000000Z,3.5184879302978516,3.6165421009063721,3.3695049285888672,3.3908050060272217,4067931
2026-08-26T00:00:00.000000Z,3.3908159732818604,3.4989900588989258,3.3297340869903564,3.4491560459136963,3916564
2026-08-27T00:00:00.000000Z,3.4491419792175293,3.6001970767974854,3.3854379653930664,3.5032899379730225,4397951
2026-08-28T00:00:00.000000Z,3.5032870769500732,3.5661990642547607,3.356626033782959,3.5065829753875732,3554570
2026-08-29T00:00:00.000000Z,3.5065860748291016,3.6230258941650391,3.4539320468902588,3.6217010021209717,3572632
2026-08-30T00:00:00.000000Z,3.6217010021209717,4.0319709777832031,3.6215460300445557,3.7544159889221191,19968470
2026-08-31T00:00:00.000000Z,3.7544190883636475,3.9947879314422607,3.7351589202880859,3.8858740329742432,6224869
2026-09-01T00:00:00.000000Z,3.8859000205993652,4.0265111923217773,3.8427350521087646,4.0146360397338867,6710949
2026-09-02T00:00:00.000000Z,4.0146360397338867,5.4438881874084473,4.0021967887878418,5.2296271324157715,48838709
2026-09-04T00:00:00.000000Z,4.7254791259765625,4.7813544273376465,4.5626111030578613,4.5920000076293945,30936140
