timestamp_utc,Open,High,Low,Close,Volume
2017-11-09T00:00:00.000000Z,7.6687297821044922,8.4412603378295898,7.5734801292419434,8.0254898071289062,53112900
2017-11-10T00:00:00.000000Z,8.0435695648193359,8.0859098434448242,6.7801299095153809,7.00885009765625,43885700
2017-11-11T00:00:00.000000Z,6.9910697937011719,7.5427999496459961,6.8834099769592285,7.3038101196289062,26845400
2017-11-12T00:00:00.000000Z,7.2905402183532715,7.3167300224304199,6.1431798934936523,6.5883898735046387,40913300
2017-11-13T00:00:00.000000Z,6.6039700508117676,7.6950101852416992,6.6039700508117676,7.5667400360107422,45628000
2017-11-14T00:00:00.000000Z,7.5495200157165527,7.8932099342346191,7.2681498527526855,7.8446202278137207,25075600
2017-11-15T00:00:00.000000Z,7.8696999549865723,8.0434198379516602,7.3084301948547363,7.7169899940490723,29403800
2017-11-16T00:00:00.000000Z,7.7221598625183105,7.7222700119018555,7.1028499603271484,7.1561098098754883,25723800
2017-11-17T00:00:00.000000Z,7.1263599395751953,7.7385601997375488,7.082240104675293,7.5841097831726074,28740500
2017-11-18T00:00:00.000000Z,7.6920599937438965,8.6155796051025391,7.4232401847839355,7.9467601776123047,61839300
2017-11-19T00:00:00.000000Z,7.930840015411377,8.2292699813842773,7.6425299644470215,7.8248300552368164,27424000
2017-11-20T00:00:00.000000Z,7.7999200820922852,8.175379753112793,7.7999200820922852,8.0334997177124023,25838900
2017-11-21T00:00:00.000000Z,8.0776300430297852,8.0776300430297852,7.5501899719238281,7.6534299850463867,28377000
2017-11-22T00:00:00.000000Z,7.6755900382995605,7.9444699287414551,7.6197700500488281,7.9444699287414551,23540600
2017-11-23T00:00:00.000000Z,7.9797601699829102,8.1676397323608398,7.7186999320983887,7.7186999320983887,29220900
2017-11-24T00:00:00.000000Z,7.6982002258300781,7.7359199523925781,7.4408001899719238,7.6098198890686035,25535100
2017-11-25T00:00:00.000000Z,7.6040902137756348,8.9541101455688477,7.5958499908447266,8.7237701416015625,68154896
2017-11-26T00:00:00.000000Z,8.7398395538330078,8.7398395538330078,8.2506504058837891,8.4877595901489258,35970800
2017-11-27T00:00:00.000000Z,8.5231199264526367,9.4913101196289062,8.5231199264526367,9.4913101196289062,54701200
2017-11-28T00:00:00.000000Z,9.4848203659057617,9.9411602020263672,9.0541896820068359,9.3936500549316406,60471100
2017-11-29T00:00:00.000000Z,9.4188899993896484,9.4188899993896484,7.2874598503112793,7.9461798667907715,68267600
2017-11-30T00:00:00.000000Z,7.9514298439025879,8.5972604751586914,7.2894201278686523,8.129420280456543,46661000
2017-12-01T00:00:00.000000Z,8.1169300079345703,8.9810104370117188,7.8290700912475586,8.8971996307373047,45778600
2017-12-02T00:00:00.000000Z,8.8776302337646484,9.7109804153442383,8.6617698669433594,9.3109598159790039,49352400
2017-12-03T00:00:00.000000Z,9.3025398254394531,10.072699546813965,8.9281902313232422,9.4274101257324219,53617600
2017-12-04T00:00:00.000000Z,9.4198198318481445,10.512499809265137,9.1360797882080078,10.512499809265137,51229800
2017-12-05T00:00:00.000000Z,10.409099578857422,10.472100257873535,9.8508996963500977,10.083499908447266,63711700
2017-12-06T00:00:00.000000Z,10.10789966583252,10.10789966583252,8.5223398208618164,8.6396198272705078,64531900
2017-12-07T00:00:00.000000Z,8.6223001480102539,9.0145597457885742,7.8369002342224121,7.8502402305603027,54413600
2017-12-08T00:00:00.000000Z,7.8808498382568359,8.7336797714233398,7.5811901092529297,8.4479999542236328,54457900
2017-12-09T00:00:00.000000Z,8.430419921875,9.220829963684082,8.3070802688598633,8.5842504501342773,41798400
2017-12-10T00:00:00.000000Z,8.5945901870727539,8.5945901870727539,7.7648401260375977,7.9490299224853516,34660500
2017-12-11T00:00:00.000000Z,7.9537701606750488,9.3565797805786133,7.9455299377441406,9.0101699829101562,47554300
2017-12-12T00:00:00.000000Z,9.0747299194335938,10.496800422668457,8.8301296234130859,10.37969970703125,116442000
2017-12-13T00:00:00.000000Z,10.356200218200684,11.553199768066406,9.6558799743652344,10.713299751281738,110463000
2017-12-14T00:00:00.000000Z,10.697500228881836,11.741399765014648,10.321100234985352,11.435299873352051,95547296
2017-12-15T00:00:00.000000Z,11.448800086975098,11.71720027923584,10.030099868774414,11.71720027923584,77923696
2017-12-16T00:00:00.000000Z,11.836600303649902,14.973299980163574,11.836600303649902,14.268400192260742,316999008
2017-12-17T00:00:00.000000Z,14.187100410461426,17.441200256347656,13.965999603271484,15.622400283813477,197259008
2017-12-18T00:00:00.000000Z,16.204900741577148,18.58489990234375,14.81190013885498,18.501899719238281,216024000
2017-12-19T00:00:00.000000Z,18.500999450683594,21.513599395751953,17.12339973449707,18.144599914550781,247996000
2017-12-20T00:00:00.000000Z,18.188699722290039,19.180299758911133,15.875900268554688,17.790199279785156,178068992
2017-12-21T00:00:00.000000Z,17.873199462890625,18.842300415039062,16.119600296020508,17.118600845336914,127590000
2017-12-22T00:00:00.000000Z,17.53339958190918,17.53339958190918,9.6734695434570312,12.879300117492676,210268992
2017-12-23T00:00:00.000000Z,13.156100273132324,15.752099990844727,12.843899726867676,14.407199859619141,106232000
2017-12-24T00:00:00.000000Z,14.528800010681152,14.528800010681152,11.842800140380859,14.348699569702148,87459296
2017-12-25T00:00:00.000000Z,14.539199829101562,15.694000244140625,14.121500015258789,15.644900321960449,91485296
2017-12-26T00:00:00.000000Z,15.597499847412109,16.197200775146484,14.571000099182129,15.240599632263184,89081800
2017-12-27T00:00:00.000000Z,15.247799873352051,15.779000282287598,14.21720027923584,15.035499572753906,65350300
2017-12-28T00:00:00.000000Z,14.997400283813477,15.168700218200684,13.031599998474121,15.08899974822998,69410704
2017-12-29T00:00:00.000000Z,15.161800384521484,16.70989990234375,14.542799949645996,16.01569938659668,121258000
2017-12-30T00:00:00.000000Z,15.947400093078613,16.567600250244141,13.022500038146973,16.567600250244141,124915000
2017-12-31T00:00:00.000000Z,16.01460075378418,21.608400344848633,15.463500022888184,19.889499664306641,349531008
2018-01-01T00:00:00.000000Z,19.595199584960938,20.991800308227539,18.249500274658203,19.332399368286133,166860000
2018-01-02T00:00:00.000000Z,19.344600677490234,22.235599517822266,18.727699279785156,20.295499801635742,229552992
2018-01-03T00:00:00.000000Z,20.148199081420898,20.979400634765625,19.074899673461914,20.540000915527344,139039008
2018-01-04T00:00:00.000000Z,20.597900390625,21.936800003051758,19.625200271606445,19.93079948425293,150260000
2018-01-05T00:00:00.000000Z,19.805900573730469,20.403999328613281,18.12339973449707,18.688299179077148,138392992
2018-01-06T00:00:00.000000Z,18.702999114990234,19.755699157714844,18.115499496459961,19.306100845336914,99421600
2018-01-07T00:00:00.000000Z,19.307300567626953,24.411899566650391,19.28230094909668,24.411899566650391,250608992
2018-01-08T00:00:00.000000Z,24.394599914550781,28.351900100708008,20.685300827026367,23.88909912109375,382895008
2018-01-09T00:00:00.000000Z,23.841499328613281,26.107400894165039,22.921100616455078,25.290899276733398,191508992
2018-01-10T00:00:00.000000Z,25.398700714111328,25.398700714111328,21.89940071105957,23.346900939941406,137934000
2018-01-11T00:00:00.000000Z,23.455699920654297,23.82390022277832,19.337299346923828,21.656600952148438,122602000
2018-01-12T00:00:00.000000Z,21.697700500488281,23.180000305175781,20.850400924682617,22.835199356079102,83835504
2018-01-13T00:00:00.000000Z,22.829399108886719,26.073099136352539,22.659200668334961,25.716999053955078,120921000
2018-01-14T00:00:00.000000Z,25.720800399780273,25.810300827026367,22.2406005859375,23.826200485229492,74017296
2018-01-15T00:00:00.000000Z,23.697799682617188,24.6156005859375,22.461099624633789,22.461099624633789,91802400
2018-01-16T00:00:00.000000Z,22.504800796508789,22.504800796508789,13.905699729919434,17.375299453735352,132224000
2018-01-17T00:00:00.000000Z,17.301300048828125,18.911699295043945,12.410699844360352,18.056400299072266,114904000
2018-01-18T00:00:00.000000Z,18.230499267578125,19.447500228881836,17.156400680541992,17.729299545288086,87971600
2018-01-19T00:00:00.000000Z,17.623699188232422,18.936700820922852,17.078500747680664,18.432600021362305,72477800
2018-01-20T00:00:00.000000Z,18.630399703979492,19.952899932861328,18.630399703979492,19.711099624633789,89103800
2018-01-21T00:00:00.000000Z,19.735300064086914,19.737199783325195,16.407600402832031,16.965499877929688,55861100
2018-01-22T00:00:00.000000Z,17.136699676513672,17.963699340820312,14.222900390625,15.655799865722656,70101200
2018-01-23T00:00:00.000000Z,15.657199859619141,16.616600036621094,14.303000450134277,16.045299530029297,58931400
2018-01-24T00:00:00.000000Z,16.04789924621582,18.497499465942383,15.479900360107422,17.850000381469727,72241696
2018-01-25T00:00:00.000000Z,18.048999786376953,19.119800567626953,16.670400619506836,17.957700729370117,79337504
2018-01-26T00:00:00.000000Z,17.925199508666992,18.579099655151367,14.931900024414062,16.575300216674805,145708992
2018-01-27T00:00:00.000000Z,16.600099563598633,16.765600204467773,15.790599822998047,15.975099563598633,99130000
2018-01-28T00:00:00.000000Z,16.057300567626953,17.29010009765625,15.773099899291992,17.089199066162109,83798896
2018-01-29T00:00:00.000000Z,17.150600433349609,17.350500106811523,16.039499282836914,16.906900405883789,46635600
2018-01-30T00:00:00.000000Z,16.890300750732422,17.856500625610352,14.671999931335449,14.916099548339844,96893296
2018-01-31T00:00:00.000000Z,14.900400161743164,15.854000091552734,14.155400276184082,15.742099761962891,71504304
2018-02-01T00:00:00.000000Z,15.850099563598633,15.949299812316895,13.254199981689453,13.985899925231934,60157800
2018-02-02T00:00:00.000000Z,13.969300270080566,13.969300270080566,10.53849983215332,13.251999855041504,62454300
2018-02-03T00:00:00.000000Z,13.35200023651123,14.297200202941895,12.20259952545166,14.054599761962891,31593400
2018-02-04T00:00:00.000000Z,14.088199615478516,14.159999847412109,11.717399597167969,12.062399864196777,36225800
2018-02-05T00:00:00.000000Z,11.922800064086914,12.675299644470215,8.7458600997924805,9.2667999267578125,45236500
2018-02-06T00:00:00.000000Z,9.3073101043701172,11.393799781799316,7.3903899192810059,11.369000434875488,56968000
2018-02-07T00:00:00.000000Z,11.320300102233887,12.548299789428711,10.173100471496582,10.902500152587891,36639600
2018-02-08T00:00:00.000000Z,10.882499694824219,12.255499839782715,10.882499694824219,11.894100189208984,31563700
2018-02-09T00:00:00.000000Z,12.211400032043457,13.20989990234375,11.562600135803223,13.199000358581543,41973800
2018-02-10T00:00:00.000000Z,13.198800086975098,13.883199691772461,11.928400039672852,12.512999534606934,43385500
2018-02-11T00:00:00.000000Z,12.541299819946289,12.66510009765625,11.056699752807617,11.855600357055664,29981600
2018-02-12T00:00:00.000000Z,11.948300361633301,13.00469970703125,11.93340015411377,12.84119987487793,24588600
2018-02-13T00:00:00.000000Z,12.880599975585938,13.056699752807617,12.310799598693848,12.994600296020508,23326000
2018-02-14T00:00:00.000000Z,12.970800399780273,15.718400001525879,12.970800399780273,15.661399841308594,91650800
2018-02-15T00:00:00.000000Z,15.628700256347656,16.712600708007812,14.992799758911133,16.669500350952148,54142700
2018-02-16T00:00:00.000000Z,16.673099517822266,18.229700088500977,16.02910041809082,18.168399810791016,81337504
2018-02-17T00:00:00.000000Z,18.16670036315918,18.63800048828125,17.688899993896484,18.28809928894043,59295600
2018-02-18T00:00:00.000000Z,18.323400497436523,18.408700942993164,16.351499557495117,16.655300140380859,42287800
2018-02-19T00:00:00.000000Z,16.491800308227539,18.366600036621094,16.324499130249023,17.687299728393555,54814700
2018-02-20T00:00:00.000000Z,17.718099594116211,20.203500747680664,17.707599639892578,18.403600692749023,109202000
2018-02-21T00:00:00.000000Z,18.321100234985352,19.54319953918457,17.387500762939453,18.058599472045898,110798000
2018-02-22T00:00:00.000000Z,18.054599761962891,18.71980094909668,15.964200019836426,16.601999282836914,65150100
2018-02-23T00:00:00.000000Z,16.536300659179688,17.963300704956055,15.833499908447266,17.573099136352539,63981000
2018-02-24T00:00:00.000000Z,17.507400512695312,18.459499359130859,16.494499206542969,16.751499176025391,51605900
2018-02-25T00:00:00.000000Z,16.722000122070312,17.4822998046875,16.323200225830078,16.770000457763672,36436400
2018-02-26T00:00:00.000000Z,16.771600723266602,18.205900192260742,16.286100387573242,17.966699600219727,37163300
2018-02-27T00:00:00.000000Z,18.011800765991211,20.897100448608398,17.795799255371094,20.138200759887695,114453000
2018-02-28T00:00:00.000000Z,20.132499694824219,20.92970085144043,18.618000030517578,18.618000030517578,108895000
2018-03-01T00:00:00.000000Z,18.613100051879883,19.945400238037109,18.460899353027344,19.214799880981445,67000600
2018-03-02T00:00:00.000000Z,19.190799713134766,19.360700607299805,17.815799713134766,18.51569938659668,50691600
2018-03-03T00:00:00.000000Z,18.520500183105469,19.020999908447266,17.721700668334961,17.899099349975586,49308100
2018-03-04T00:00:00.000000Z,17.878599166870117,18.477699279785156,17.088100433349609,17.943399429321289,39416700
2018-03-05T00:00:00.000000Z,17.958000183105469,18.079299926757812,17.160800933837891,17.217899322509766,39490400
2018-03-06T00:00:00.000000Z,17.201200485229492,17.201200485229492,15.572699546813965,15.859399795532227,38911600
2018-03-07T00:00:00.000000Z,15.868200302124023,16.461599349975586,13.708000183105469,14.500699996948242,52446000
2018-03-08T00:00:00.000000Z,14.473199844360352,15.266200065612793,13.372799873352051,13.74120044708252,41855800
2018-03-09T00:00:00.000000Z,13.724599838256836,15.107199668884277,11.754300117492676,15.016300201416016,59857400
2018-03-10T00:00:00.000000Z,15.010299682617188,15.364199638366699,13.254599571228027,13.440999984741211,44982900
2018-03-11T00:00:00.000000Z,13.413200378417969,14.984100341796875,12.853099822998047,14.678600311279297,30486600
2018-03-12T00:00:00.000000Z,14.660799980163574,14.84220027923584,13.47029972076416,13.777899742126465,23439900
2018-03-13T00:00:00.000000Z,13.737799644470215,14.13640022277832,12.982399940490723,13.753100395202637,24721000
2018-03-14T00:00:00.000000Z,13.611599922180176,13.752099990844727,11.344900131225586,11.69320011138916,28942400
2018-03-15T00:00:00.000000Z,11.700499534606934,11.726499557495117,10.342599868774414,11.314000129699707,44593200
2018-03-16T00:00:00.000000Z,11.324999809265137,11.827099800109863,10.827799797058105,11.218400001525879,28698800
2018-03-17T00:00:00.000000Z,11.223199844360352,11.262399673461914,9.8224802017211914,9.8646697998046875,30985800
2018-03-18T00:00:00.000000Z,9.8270797729492188,10.52970027923584,8.441349983215332,10.467100143432617,39837300
2018-03-19T00:00:00.000000Z,10.519100189208984,11.446800231933594,10.059499740600586,11.446800231933594,42172600
2018-03-20T00:00:00.000000Z,11.541199684143066,12.533499717712402,10.662699699401855,12.084799766540527,46839900
2018-03-21T00:00:00.000000Z,12.152099609375,12.652700424194336,11.564999580383301,11.855500221252441,33733200
2018-03-22T00:00:00.000000Z,11.862099647521973,12.389699935913086,10.777299880981445,11.568900108337402,36755900
2018-03-23T00:00:00.000000Z,11.53439998626709,11.53439998626709,10.58590030670166,11.50100040435791,30954000
2018-03-24T00:00:00.000000Z,11.587100028991699,11.763999938964844,11.026900291442871,11.103799819946289,29693200
2018-03-25T00:00:00.000000Z,11.027799606323242,11.149299621582031,10.663000106811523,10.88070011138916,21690300
2018-03-26T00:00:00.000000Z,10.86620044708252,10.925100326538086,9.4656801223754883,10.338899612426758,31909400
2018-03-27T00:00:00.000000Z,10.33489990234375,10.383700370788574,9.3818798065185547,9.7729501724243164,23759900
2018-03-28T00:00:00.000000Z,9.7476596832275391,10.241800308227539,9.676609992980957,9.725830078125,20930600
2018-03-29T00:00:00.000000Z,9.7314300537109375,9.8028402328491211,8.3467702865600586,8.4582595825195312,34338700
2018-03-30T00:00:00.000000Z,8.4339799880981445,8.6744699478149414,8.0043296813964844,8.2804803848266602,31776100
2018-03-31T00:00:00.000000Z,8.28240966796875,8.7295303344726562,8.1569595336914062,8.234649658203125,21296300
2018-04-01T00:00:00.000000Z,8.2259502410888672,8.4192800521850586,7.522550106048584,8.0923299789428711,24526400
2018-04-02T00:00:00.000000Z,8.1193504333496094,9.3946199417114258,8.0680303573608398,8.752659797668457,48495000
2018-04-03T00:00:00.000000Z,8.7908697128295898,9.7817697525024414,8.7068996429443359,9.5193595886230469,38323300
2018-04-04T00:00:00.000000Z,9.4962997436523438,9.4962997436523438,8.1870203018188477,8.2502098083496094,29824900
2018-04-05T00:00:00.000000Z,8.2435703277587891,9.6359195709228516,8.1020698547363281,8.9351596832275391,86820000
2018-04-06T00:00:00.000000Z,8.8768301010131836,9.5079402923583984,8.7452602386474609,9.3204002380371094,63649300
2018-04-07T00:00:00.000000Z,9.2904996871948242,9.6106100082397461,9.1068000793457031,9.3928298950195312,31193800
2018-04-08T00:00:00.000000Z,9.392970085144043,9.6611900329589844,9.2412099838256836,9.5586395263671875,22099000
2018-04-09T00:00:00.000000Z,9.5803699493408203,9.8177900314331055,8.918609619140625,9.0964899063110352,29849700
2018-04-10T00:00:00.000000Z,9.0974397659301758,9.3016300201416016,8.9039096832275391,9.2487802505493164,28200500
2018-04-11T00:00:00.000000Z,9.2378902435302734,9.8174400329589844,9.2377796173095703,9.8174400329589844,37589500
2018-04-12T00:00:00.000000Z,9.7998800277709961,12.197799682617188,9.4704504013061523,12.021200180053711,119743000
2018-04-13T00:00:00.000000Z,12.03909969329834,16.055999755859375,11.654800415039062,12.667099952697754,349808992
2018-04-14T00:00:00.000000Z,12.981900215148926,13.957300186157227,12.981900215148926,13.663999557495117,109430000
2018-04-15T00:00:00.000000Z,13.879500389099121,14.35890007019043,13.822500228881836,14.103099822998047,68222200
2018-04-16T00:00:00.000000Z,14.10200023651123,15.594400405883789,13.200599670410156,15.444299697875977,222730000
2018-04-17T00:00:00.000000Z,15.358799934387207,15.685299873352051,14.211099624633789,14.241700172424316,151960000
2018-04-18T00:00:00.000000Z,14.564000129699707,15.152700424194336,14.355199813842773,15.019599914550781,84420304
2018-04-19T00:00:00.000000Z,15.023500442504883,15.957400321960449,14.913399696350098,15.730199813842773,125155000
2018-04-20T00:00:00.000000Z,15.715900421142578,16.402299880981445,15.252099990844727,16.231500625610352,126297000
2018-04-21T00:00:00.000000Z,16.267200469970703,16.267200469970703,14.481499671936035,15.397100448608398,91124800
2018-04-22T00:00:00.000000Z,15.365599632263184,15.890299797058105,15.12909984588623,15.190999984741211,57141600
2018-04-23T00:00:00.000000Z,15.189599990844727,15.940099716186523,15.157099723815918,15.854599952697754,58387200
2018-04-24T00:00:00.000000Z,15.840200424194336,18.651399612426758,15.780200004577637,18.157499313354492,153864992
2018-04-25T00:00:00.000000Z,18.048099517822266,18.048099517822266,14.867300033569336,15.586099624633789,122642000
2018-04-26T00:00:00.000000Z,15.719599723815918,21.369100570678711,15.188799858093262,18.222000122070312,675097984
2018-04-27T00:00:00.000000Z,18.171499252319336,19.018299102783203,17.413299560546875,17.413299560546875,143819008
2018-04-28T00:00:00.000000Z,17.358100891113281,18.302600860595703,17.308599472045898,18.080499649047852,79047200
2018-04-29T00:00:00.000000Z,18.077699661254883,18.462900161743164,17.144899368286133,18.093299865722656,93513696
2018-04-30T00:00:00.000000Z,18.050399780273438,18.055900573730469,16.805900573730469,16.952600479125977,68967800
2018-05-01T00:00:00.000000Z,16.985200881958008,17.082700729370117,16.071500778198242,16.992399215698242,58684400
2018-05-02T00:00:00.000000Z,16.963100433349609,17.289699554443359,16.687700271606445,17.243000030517578,73425104
2018-05-03T00:00:00.000000Z,17.239400863647461,18.711799621582031,17.109100341796875,18.216400146484375,134736992
2018-05-04T00:00:00.000000Z,18.184099197387695,18.184099197387695,17.200700759887695,17.812299728393555,70046496
2018-05-05T00:00:00.000000Z,17.802700042724609,17.905399322509766,17.35930061340332,17.385599136352539,55580400
2018-05-06T00:00:00.000000Z,17.399499893188477,17.631000518798828,16.501399993896484,16.921699523925781,45342000
2018-05-07T00:00:00.000000Z,16.919099807739258,16.959699630737305,15.789299964904785,16.610300064086914,51355400
2018-05-08T00:00:00.000000Z,16.679300308227539,16.884799957275391,15.831100463867188,16.046600341796875,43030100
2018-05-09T00:00:00.000000Z,16.04010009765625,16.675399780273438,15.38700008392334,16.178499221801758,48365400
2018-05-10T00:00:00.000000Z,16.184000015258789,16.38800048828125,15.311300277709961,15.311300277709961,45211900
2018-05-11T00:00:00.000000Z,15.29889965057373,15.29889965057373,13.156299591064453,13.373800277709961,58339000
2018-05-12T00:00:00.000000Z,13.330499649047852,14.11400032043457,12.634599685668945,13.704500198364258,39982700
2018-05-13T00:00:00.000000Z,13.723099708557129,14.653300285339355,13.433600425720215,14.276700019836426,39654500
2018-05-14T00:00:00.000000Z,14.250499725341797,14.596099853515625,13.306599617004395,14.246399879455566,46665600
2018-05-15T00:00:00.000000Z,14.237600326538086,14.479399681091309,13.518799781799316,13.570799827575684,32125800
2018-05-16T00:00:00.000000Z,13.545299530029297,13.548399925231934,12.832200050354004,13.167499542236328,32027500
2018-05-17T00:00:00.000000Z,13.165499687194824,13.577300071716309,12.29170036315918,12.411499977111816,38815700
2018-05-18T00:00:00.000000Z,12.377400398254395,12.777199745178223,12.108400344848633,12.524499893188477,38880800
2018-05-19T00:00:00.000000Z,12.519599914550781,12.881500244140625,12.369400024414062,12.508399963378906,32444300
2018-05-20T00:00:00.000000Z,12.518699645996094,13.244099617004395,12.405200004577637,13.020000457763672,37409600
2018-05-21T00:00:00.000000Z,13.036100387573242,13.135000228881836,12.324899673461914,12.574399948120117,28183300
2018-05-22T00:00:00.000000Z,12.570400238037109,12.909700393676758,11.474300384521484,11.527299880981445,27751100
2018-05-23T00:00:00.000000Z,11.507100105285645,11.604000091552734,10.129500389099121,10.647100448608398,46023500
2018-05-24T00:00:00.000000Z,10.633000373840332,11.34060001373291,10.223899841308594,11.151100158691406,47290900
2018-05-25T00:00:00.000000Z,11.186800003051758,11.477299690246582,10.606200218200684,10.723299980163574,40454300
2018-05-26T00:00:00.000000Z,10.713299751281738,11.158699989318848,10.547800064086914,10.778200149536133,35272400
2018-05-27T00:00:00.000000Z,10.78279972076416,10.78279972076416,10.276900291442871,10.419099807739258,39393500
2018-05-28T00:00:00.000000Z,10.421500205993652,10.588800430297852,9.6139097213745117,9.6381397247314453,36995300
2018-05-29T00:00:00.000000Z,9.638580322265625,10.752900123596191,9.5612297058105469,10.520600318908691,45009000
2018-05-30T00:00:00.000000Z,10.522899627685547,10.839099884033203,9.9796895980834961,10.329099655151367,45997000
2018-05-31T00:00:00.000000Z,10.307399749755859,10.887399673461914,10.291399955749512,10.549500465393066,50501700
2018-06-01T00:00:00.000000Z,10.560500144958496,10.843799591064453,10.371000289916992,10.811599731445312,58000500
2018-06-02T00:00:00.000000Z,10.807299613952637,11.833900451660156,10.706000328063965,11.552700042724609,79031200
2018-06-03T00:00:00.000000Z,11.549699783325195,12.303999900817871,11.549699783325195,11.778200149536133,65306600
2018-06-04T00:00:00.000000Z,11.792900085449219,12.007499694824219,10.921799659729004,11.097299575805664,57932500
2018-06-05T00:00:00.000000Z,11.115400314331055,11.476099967956543,10.640299797058105,11.305600166320801,48334800
2018-06-06T00:00:00.000000Z,11.325900077819824,11.363800048828125,10.802900314331055,11.071700096130371,48931100
2018-06-07T00:00:00.000000Z,11.0625,11.980600357055664,11.0625,11.432000160217285,44687900
2018-06-08T00:00:00.000000Z,11.43809986114502,11.495200157165527,11.003899574279785,11.103500366210938,37601400
2018-06-09T00:00:00.000000Z,11.110699653625488,11.2322998046875,10.758099555969238,10.758099555969238,33837000
2018-06-10T00:00:00.000000Z,10.734600067138672,10.734600067138672,9.3725299835205078,9.4757900238037109,42230200
2018-06-11T00:00:00.000000Z,9.4930000305175781,9.9923496246337891,9.3092498779296875,9.9923496246337891,35785400
2018-06-12T00:00:00.000000Z,10.00100040435791,10.102199554443359,9.0333499908447266,9.0557804107666016,41821200
2018-06-13T00:00:00.000000Z,9.0817203521728516,9.269129753112793,8.6912498474121094,8.8106698989868164,46390200
2018-06-14T00:00:00.000000Z,8.8105201721191406,9.6286296844482422,8.8105201721191406,9.4594898223876953,50523800
2018-06-15T00:00:00.000000Z,9.4578895568847656,9.4949398040771484,8.9029397964477539,8.9532098770141602,27561400
2018-06-16T00:00:00.000000Z,8.9267597198486328,9.4132204055786133,8.9267597198486328,9.1577701568603516,21213000
2018-06-17T00:00:00.000000Z,9.1773900985717773,9.2890796661376953,9.0627803802490234,9.0787696838378906,17789000
2018-06-18T00:00:00.000000Z,9.0608701705932617,9.6120700836181641,8.9641304016113281,9.4346704483032227,19742000
2018-06-19T00:00:00.000000Z,9.4326400756835938,9.5368204116821289,9.1772098541259766,9.2403202056884766,21339100
2018-06-20T00:00:00.000000Z,9.2359304428100586,9.2501897811889648,8.9363803863525391,9.1183795928955078,20301600
2018-06-21T00:00:00.000000Z,9.1256303787231445,9.2237997055053711,8.9128503799438477,8.9318704605102539,15787800
2018-06-22T00:00:00.000000Z,8.9485797882080078,8.9741401672363281,8.1198701858520508,8.2362203598022461,29074200
2018-06-23T00:00:00.000000Z,8.2276096343994141,8.3868703842163086,7.9523601531982422,8.2008399963378906,17019300
2018-06-24T00:00:00.000000Z,8.1998500823974609,8.2091197967529297,7.2541499137878418,7.8253998756408691,25100200
2018-06-25T00:00:00.000000Z,7.821619987487793,8.0593395233154297,7.5734000205993652,7.8429999351501465,18410300
2018-06-26T00:00:00.000000Z,7.8465299606323242,7.8729500770568848,7.2660698890686035,7.2660698890686035,17106100
2018-06-27T00:00:00.000000Z,7.2380499839782715,7.3032398223876953,7.1377601623535156,7.2535099983215332,18861600
2018-06-28T00:00:00.000000Z,7.2609901428222656,7.5042099952697754,6.770319938659668,6.7931199073791504,25485000
2018-06-29T00:00:00.000000Z,6.791989803314209,7.2503700256347656,6.7301301956176758,7.1975598335266113,21350700
2018-06-30T00:00:00.000000Z,7.196770191192627,7.6999001502990723,7.1516399383544922,7.5926799774169922,22759600
2018-07-01T00:00:00.000000Z,7.611879825592041,8.27593994140625,7.6075801849365234,8.1151599884033203,47072300
2018-07-02T00:00:00.000000Z,8.0702495574951172,8.6370000839233398,7.8435502052307129,8.3700704574584961,35895700
2018-07-03T00:00:00.000000Z,8.3527002334594727,8.7145500183105469,7.9608101844787598,8.0021400451660156,39613600
2018-07-04T00:00:00.000000Z,8.0025596618652344,8.5231599807739258,7.820580005645752,8.1526899337768555,32650300
2018-07-05T00:00:00.000000Z,8.1717500686645508,8.3557596206665039,7.9773001670837402,8.1862201690673828,29959400
2018-07-06T00:00:00.000000Z,8.1922903060913086,8.2139701843261719,7.8790497779846191,8.1125001907348633,30249100
2018-07-07T00:00:00.000000Z,8.1017704010009766,8.2404003143310547,7.6646299362182617,8.234950065612793,30547300
2018-07-08T00:00:00.000000Z,8.207859992980957,8.3568201065063477,7.8278498649597168,7.841829776763916,29905000
2018-07-09T00:00:00.000000Z,7.8468098640441895,7.8941497802734375,7.183650016784668,7.2584700584411621,40761300
2018-07-10T00:00:00.000000Z,7.2574901580810547,7.4482498168945312,6.8541097640991211,6.854680061340332,35271400
2018-07-11T00:00:00.000000Z,6.8566098213195801,7.0005102157592773,6.6799798011779785,6.8756599426269531,26385100
2018-07-12T00:00:00.000000Z,6.8753299713134766,6.8986902236938477,6.5480599403381348,6.6944999694824219,25113200
2018-07-13T00:00:00.000000Z,6.7232398986816406,7.1796698570251465,6.7131400108337402,6.7382898330688477,30547500
2018-07-14T00:00:00.000000Z,6.7342901229858398,6.8964600563049316,6.7189102172851562,6.7297801971435547,21307000
2018-07-15T00:00:00.000000Z,6.7294998168945312,6.9352798461914062,6.6756501197814941,6.8529200553894043,23081900
2018-07-16T00:00:00.000000Z,6.8587899208068848,7.4684000015258789,6.8034200668334961,7.4684000015258789,33432200
2018-07-17T00:00:00.000000Z,7.4646902084350586,7.8898000717163086,7.231870174407959,7.8633098602294922,41531200
2018-07-18T00:00:00.000000Z,7.8553600311279297,8.3285598754882812,7.778749942779541,7.8946099281311035,58329400
2018-07-19T00:00:00.000000Z,7.8847699165344238,8.0608997344970703,7.5130801200866699,7.5693597793579102,65153200
2018-07-20T00:00:00.000000Z,7.5544500350952148,7.5615701675415039,6.7335901260375977,6.7366299629211426,33970400
2018-07-21T00:00:00.000000Z,6.7361397743225098,7.0896100997924805,6.641660213470459,6.9721999168395996,22341500
2018-07-22T00:00:00.000000Z,6.9759001731872559,7.3387398719787598,6.8671298027038574,7.1451997756958008,30473800
2018-07-23T00:00:00.000000Z,7.145939826965332,7.3193497657775879,6.7946300506591797,6.7946300506591797,29158200
2018-07-24T00:00:00.000000Z,6.8092598915100098,7.2187900543212891,6.7334198951721191,7.1705398559570312,55308600
2018-07-25T00:00:00.000000Z,7.1345601081848145,7.191500186920166,6.9893498420715332,7.1292800903320312,42619900
2018-07-26T00:00:00.000000Z,7.1222701072692871,7.2991399765014648,6.8436298370361328,6.8436298370361328,34841700
2018-07-27T00:00:00.000000Z,6.8487801551818848,7.061460018157959,6.7845101356506348,7.0174698829650879,46417200
2018-07-28T00:00:00.000000Z,7.0169200897216797,7.037409782409668,6.8466901779174805,6.9032402038574219,38823800
2018-07-29T00:00:00.000000Z,6.9068098068237305,6.960209846496582,6.7980499267578125,6.8312101364135742,52491700
2018-07-30T00:00:00.000000Z,6.8348798751831055,6.8978800773620605,6.6041197776794434,6.6745400428771973,61047700
2018-07-31T00:00:00.000000Z,6.6800599098205566,6.6862998008728027,6.0313801765441895,6.147709846496582,41831000
2018-08-01T00:00:00.000000Z,6.1476798057556152,6.1476798057556152,5.7812199592590332,5.9239897727966309,66545900
2018-08-02T00:00:00.000000Z,5.9369001388549805,5.9980998039245605,5.5298600196838379,5.551609992980957,45873400
2018-08-03T00:00:00.000000Z,5.5587701797485352,5.6042098999023438,5.1947598457336426,5.4523501396179199,36740800
2018-08-04T00:00:00.000000Z,5.4544601440429688,5.6425800323486328,5.3367099761962891,5.3766398429870605,31551100
2018-08-05T00:00:00.000000Z,5.3766298294067383,5.504889965057373,5.3181700706481934,5.4659199714660645,35870000
2018-08-06T00:00:00.000000Z,5.4717898368835449,5.5584602355957031,5.211860179901123,5.2348198890686035,32603100
2018-08-07T00:00:00.000000Z,5.2328300476074219,5.5312399864196777,4.9628901481628418,4.9930801391601562,38301700
2018-08-08T00:00:00.000000Z,4.9931797981262207,5.3956699371337891,4.323850154876709,4.4595298767089844,68019800
2018-08-09T00:00:00.000000Z,4.4608898162841797,5.0446701049804688,4.4067502021789551,4.82666015625,48063300
2018-08-10T00:00:00.000000Z,4.8077502250671387,4.8767900466918945,4.3309998512268066,4.3568501472473145,39125100
2018-08-11T00:00:00.000000Z,4.3564400672912598,4.3620100021362305,4.0591697692871094,4.1805200576782227,27153100
2018-08-12T00:00:00.000000Z,4.1537699699401855,4.2660398483276367,4.017399787902832,4.0606098175048828,38894100
2018-08-13T00:00:00.000000Z,4.0778999328613281,4.1557698249816895,3.5571200847625732,3.630079984664917,50289800
2018-08-14T00:00:00.000000Z,3.6116399765014648,3.621690034866333,3.269819974899292,3.5816600322723389,35639300
2018-08-15T00:00:00.000000Z,3.6080300807952881,3.9843499660491943,3.5648500919342041,3.5722498893737793,53566900
2018-08-16T00:00:00.000000Z,3.5700399875640869,3.8218200206756592,3.5306398868560791,3.6922399997711182,51812300
2018-08-17T00:00:00.000000Z,3.6944599151611328,4.4381899833679199,3.6861600875854492,4.4257102012634277,60654200
2018-08-18T00:00:00.000000Z,4.4131298065185547,4.5625,3.858489990234375,4.0895400047302246,60907900
2018-08-19T00:00:00.000000Z,4.0903401374816895,4.3457298278808594,4.0020499229431152,4.1665501594543457,54813900
2018-08-20T00:00:00.000000Z,4.1670899391174316,4.2367401123046875,3.6792600154876709,3.690000057220459,39823000
2018-08-21T00:00:00.000000Z,3.6758100986480713,3.9050500392913818,3.6540100574493408,3.8291199207305908,22701000
2018-08-22T00:00:00.000000Z,3.8323600292205811,4.0581398010253906,3.5199398994445801,3.5328900814056396,30121200
2018-08-23T00:00:00.000000Z,3.5390000343322754,3.7325398921966553,3.503849983215332,3.6871700286865234,20096700
2018-08-24T00:00:00.000000Z,3.6869399547576904,3.9884500503540039,3.6333599090576172,3.946199893951416,26309500
2018-08-25T00:00:00.000000Z,3.9471199512481689,4.0083699226379395,3.6980199813842773,3.8515400886535645,11617400
2018-08-26T00:00:00.000000Z,3.8515899181365967,3.8552100658416748,3.6919500827789307,3.8311200141906738,12345900
2018-08-27T00:00:00.000000Z,3.8314499855041504,4.2185602188110352,3.7770500183105469,4.1729898452758789,19883300
2018-08-28T00:00:00.000000Z,4.158329963684082,4.4835400581359863,4.142509937286377,4.4589900970458984,20710300
2018-08-29T00:00:00.000000Z,4.4592700004577637,4.6488299369812012,4.2800102233886719,4.3706598281860352,28261600
2018-08-30T00:00:00.000000Z,4.368649959564209,4.401090145111084,4.0103898048400879,4.2244400978088379,25742900
2018-08-31T00:00:00.000000Z,4.2183499336242676,4.3113799095153809,4.1523799896240234,4.2309298515319824,22818500
2018-09-01T00:00:00.000000Z,4.2334098815917969,4.5579700469970703,4.2210397720336914,4.4984598159790039,24396000
2018-09-02T00:00:00.000000Z,4.498499870300293,4.5149397850036621,4.1895999908447266,4.3445801734924316,26450100
2018-09-03T00:00:00.000000Z,4.3559098243713379,4.5,4.2273697853088379,4.4027800559997559,26759400
2018-09-04T00:00:00.000000Z,4.4012999534606934,5.0314102172851562,4.4009299278259277,4.8100099563598633,51446800
2018-09-05T00:00:00.000000Z,4.8116998672485352,5.0089201927185059,3.8012499809265137,3.8012499809265137,40795500
2018-09-06T00:00:00.000000Z,3.7774701118469238,3.9646799564361572,3.5285999774932861,3.9484999179840088,46000100
2018-09-07T00:00:00.000000Z,3.9467999935150146,4.0051498413085938,3.6855399608612061,3.7233500480651855,33755400
2018-09-08T00:00:00.000000Z,3.7170300483703613,3.7649600505828857,3.3792400360107422,3.4291300773620605,33313000
2018-09-09T00:00:00.000000Z,3.4179599285125732,3.5988399982452393,3.3328800201416016,3.4133200645446777,23730400
2018-09-10T00:00:00.000000Z,3.4272799491882324,3.5629000663757324,3.3712799549102783,3.4698700904846191,26200200
2018-09-11T00:00:00.000000Z,3.4806499481201172,3.5460200309753418,3.0794100761413574,3.1944000720977783,34700000
2018-09-12T00:00:00.000000Z,3.1858100891113281,3.2717299461364746,3.0649299621582031,3.2683699131011963,27724500
2018-09-13T00:00:00.000000Z,3.2739200592041016,3.4854099750518799,3.241879940032959,3.4565799236297607,41013300
2018-09-14T00:00:00.000000Z,3.4515299797058105,3.528209924697876,3.4046800136566162,3.4515600204467773,27700600
2018-09-15T00:00:00.000000Z,3.4557499885559082,3.5742299556732178,3.4409599304199219,3.529979944229126,23809000
2018-09-16T00:00:00.000000Z,3.5307300090789795,3.5338699817657471,3.3357200622558594,3.4175300598144531,24099800
2018-09-17T00:00:00.000000Z,3.4180200099945068,3.4272201061248779,3.0759499073028564,3.107029914855957,26310200
2018-09-18T00:00:00.000000Z,3.1077001094818115,3.2328999042510986,3.0787599086761475,3.1733500957489014,22197400
2018-09-19T00:00:00.000000Z,3.1728200912475586,3.2105400562286377,3.0352699756622314,3.1502299308776855,20142700
2018-09-20T00:00:00.000000Z,3.1538600921630859,3.4114201068878174,3.1533401012420654,3.3841400146484375,25834600
2018-09-21T00:00:00.000000Z,3.382390022277832,3.7298400402069092,3.357219934463501,3.6893301010131836,50232900
2018-09-22T00:00:00.000000Z,3.6972200870513916,3.8184399604797363,3.437190055847168,3.5824999809265137,34756900
2018-09-23T00:00:00.000000Z,3.5897500514984131,3.7565500736236572,3.5611400604248047,3.6421101093292236,35454400
2018-09-24T00:00:00.000000Z,3.6414000988006592,3.6812300682067871,3.3756299018859863,3.4079499244689941,40878500
2018-09-25T00:00:00.000000Z,3.408440113067627,3.408440113067627,3.2335400581359863,3.3651399612426758,47571400
2018-09-26T00:00:00.000000Z,3.376230001449585,3.4624600410461426,3.2991199493408203,3.3640999794006348,45641500
2018-09-27T00:00:00.000000Z,3.3682999610900879,3.7097198963165283,3.3194398880004883,3.6410000324249268,54060600
2018-09-28T00:00:00.000000Z,3.6450800895690918,3.683880090713501,3.4671399593353271,3.5234100818634033,47769700
2018-09-29T00:00:00.000000Z,3.5177500247955322,3.729640007019043,3.4373099803924561,3.6777598857879639,46661300
2018-09-30T00:00:00.000000Z,3.6705598831176758,3.7938299179077148,3.6356699466705322,3.7188498973846436,33890200
2018-10-01T00:00:00.000000Z,3.7202200889587402,3.7428700923919678,3.5438199043273926,3.6182000637054443,31395400
2018-10-02T00:00:00.000000Z,3.6119899749755859,3.6732900142669678,3.541409969329834,3.5603199005126953,31720700
2018-10-03T00:00:00.000000Z,3.5572299957275391,3.5580101013183594,3.3886198997497559,3.4314999580383301,35637000
2018-10-04T00:00:00.000000Z,3.4302399158477783,3.5109200477600098,3.4191899299621582,3.4606099128723145,33323500
2018-10-05T00:00:00.000000Z,3.4676799774169922,3.5108199119567871,3.4234099388122559,3.499229907989502,37263500
2018-10-06T00:00:00.000000Z,3.5077700614929199,3.5247600078582764,3.4165101051330566,3.434999942779541,34826500
2018-10-07T00:00:00.000000Z,3.4408800601959229,3.4736499786376953,3.4149200916290283,3.4736499786376953,31536400
2018-10-08T00:00:00.000000Z,3.4749100208282471,3.5479199886322021,3.4749100208282471,3.5136098861694336,19934000
2018-10-09T00:00:00.000000Z,3.514739990234375,3.5364999771118164,3.4449698925018311,3.505850076675415,22696100
2018-10-10T00:00:00.000000Z,3.5032100677490234,3.5794200897216797,3.4635899066925049,3.4833199977874756,47566100
2018-10-11T00:00:00.000000Z,3.4832499027252197,3.4832499027252197,2.9889900684356689,2.9889900684356689,17913600
2018-10-12T00:00:00.000000Z,2.9868600368499756,3.0880200862884521,2.9720399379730225,3.0078198909759521,17132500
2018-10-13T00:00:00.000000Z,3.0120699405670166,3.085129976272583,3.0120699405670166,3.0597701072692871,13660200
2018-10-14T00:00:00.000000Z,3.0592000484466553,3.0918400287628174,3.0046999454498291,3.0046999454498291,14092300
2018-10-15T00:00:00.000000Z,3.0102701187133789,3.2505700588226318,2.9823400974273682,3.187809944152832,24773700
2018-10-16T00:00:00.000000Z,3.1884100437164307,3.2307798862457275,3.1317501068115234,3.1559500694274902,14373600
2018-10-17T00:00:00.000000Z,3.1675701141357422,3.2761499881744385,3.1075499057769775,3.2374300956726074,16769200
2018-10-18T00:00:00.000000Z,3.2360599040985107,3.3870899677276611,3.1814699172973633,3.2119901180267334,27196300
2018-10-19T00:00:00.000000Z,3.2117400169372559,3.3104701042175293,3.1677699089050293,3.2743000984191895,16932000
2018-10-20T00:00:00.000000Z,3.2723801136016846,3.3552100658416748,3.2536499500274658,3.3119199275970459,17254400
2018-10-21T00:00:00.000000Z,3.3162500858306885,3.3936600685119629,3.3124599456787109,3.3245799541473389,16665300
2018-10-22T00:00:00.000000Z,3.324199914932251,3.5129599571228027,3.2883999347686768,3.4331099987030029,24130600
2018-10-23T00:00:00.000000Z,3.4360001087188721,3.4767498970031738,3.344559907913208,3.359450101852417,21533000
2018-10-24T00:00:00.000000Z,3.3495700359344482,3.5158500671386719,3.3446600437164307,3.4191899299621582,20949400
2018-10-25T00:00:00.000000Z,3.4237699508666992,3.4291300773620605,3.3035399913787842,3.3035399913787842,20625400
2018-10-26T00:00:00.000000Z,3.3028500080108643,3.3213000297546387,3.2581400871276855,3.3044900894165039,29048400
2018-10-27T00:00:00.000000Z,3.3050699234008789,3.3210101127624512,3.1772000789642334,3.2074398994445801,26075300
2018-10-28T00:00:00.000000Z,3.2117500305175781,3.2481598854064941,3.1915700435638428,3.2441699504852295,23477000
2018-10-29T00:00:00.000000Z,3.2359700202941895,3.236259937286377,3.0600900650024414,3.1109700202941895,29190900
2018-10-30T00:00:00.000000Z,3.1108300685882568,3.1878499984741211,3.093980073928833,3.1822700500488281,29941500
2018-10-31T00:00:00.000000Z,3.1905300617218018,3.2583599090576172,3.0965499877929688,3.2517199516296387,23890800
2018-11-01T00:00:00.000000Z,3.2557299137115479,3.5048398971557617,3.2144598960876465,3.2849700450897217,20158600
2018-11-02T00:00:00.000000Z,3.2793200016021729,3.2869100570678711,3.21055006980896,3.2436299324035645,20844400
2018-11-03T00:00:00.000000Z,3.2469298839569092,3.2621800899505615,3.1838400363922119,3.1901299953460693,18947500
2018-11-04T00:00:00.000000Z,3.1946399211883545,3.2866098880767822,3.1881000995635986,3.2763199806213379,20764200
2018-11-05T00:00:00.000000Z,3.2734799385070801,3.4192399978637695,3.2506000995635986,3.3697900772094727,23155300
2018-11-06T00:00:00.000000Z,3.3756198883056641,3.5262699127197266,3.3583500385284424,3.4706699848175049,25999000
2018-11-07T00:00:00.000000Z,3.4671199321746826,3.5071299076080322,3.3985800743103027,3.41267991065979,38376700
2018-11-08T00:00:00.000000Z,3.4113700389862061,3.4467101097106934,3.317310094833374,3.3241899013519287,43351600
2018-11-09T00:00:00.000000Z,3.3229100704193115,3.3778800964355469,3.2943899631500244,3.3329501152038574,26698600
2018-11-10T00:00:00.000000Z,3.3325200080871582,3.3468101024627686,3.3037400245666504,3.3118700981140137,19821900
2018-11-11T00:00:00.000000Z,3.3075499534606934,3.3295800685882568,3.1475300788879395,3.1940999031066895,21624300
2018-11-12T00:00:00.000000Z,3.1984200477600098,3.2946701049804688,3.1547999382019043,3.2675399780273438,22747200
2018-11-13T00:00:00.000000Z,3.2599198818206787,3.2681701183319092,3.1517999172210693,3.1701500415802002,19122600
2018-11-14T00:00:00.000000Z,3.1684999465942383,3.206510066986084,2.6579599380493164,2.7835700511932373,29480000
2018-11-15T00:00:00.000000Z,2.7861499786376953,2.8084299564361572,2.5891299247741699,2.7497200965881348,31943100
2018-11-16T00:00:00.000000Z,2.7611598968505859,2.8959000110626221,2.6686000823974609,2.7170898914337158,24813500
2018-11-17T00:00:00.000000Z,2.7237300872802734,2.7257199287414551,2.6593101024627686,2.6775000095367432,23506100
2018-11-18T00:00:00.000000Z,2.6786398887634277,2.8190898895263672,2.6786398887634277,2.7703700065612793,32028200
2018-11-19T00:00:00.000000Z,2.7679200172424316,2.7684900760650635,2.1893599033355713,2.2501399517059326,51107400
2018-11-20T00:00:00.000000Z,2.2463099956512451,2.2735700607299805,1.7142499685287476,1.8919500112533569,30324600
2018-11-21T00:00:00.000000Z,1.9099700450897217,2.0121300220489502,1.8430700302124023,2.010930061340332,20707400
2018-11-22T00:00:00.000000Z,2.0131199359893799,2.0393800735473633,1.8273400068283081,1.8273400068283081,18851000
2018-11-23T00:00:00.000000Z,1.8241100311279297,1.8303500413894653,1.6456799507141113,1.701259970664978,25951200
2018-11-24T00:00:00.000000Z,1.7018300294876099,1.7556899785995483,1.4616899490356445,1.5031000375747681,21631300
2018-11-25T00:00:00.000000Z,1.4991899728775024,1.563289999961853,1.3120900392532349,1.5365099906921387,21124200
2018-11-26T00:00:00.000000Z,1.5319499969482422,1.5563600063323975,1.3512599468231201,1.4113500118255615,19959600
2018-11-27T00:00:00.000000Z,1.4067000150680542,1.4114500284194946,1.3160200119018555,1.3925900459289551,19288400
2018-11-28T00:00:00.000000Z,1.3916599750518799,1.6483000516891479,1.3916599750518799,1.6030999422073364,24890100
2018-11-29T00:00:00.000000Z,1.6040339469909668,1.7402540445327759,1.5295779705047607,1.6453390121459961,28601412
2018-11-30T00:00:00.000000Z,1.648838996887207,1.6495189666748047,1.4377809762954712,1.5065369606018066,21314192
2018-12-01T00:00:00.000000Z,1.5070569515228271,1.6577240228652954,1.4798120260238647,1.6268769502639771,20768958
2018-12-02T00:00:00.000000Z,1.6232470273971558,1.6452620029449463,1.5965609550476074,1.5991899967193604,22204410
2018-12-03T00:00:00.000000Z,1.604112982749939,1.6075619459152222,1.4205889701843262,1.460381031036377,22839198
2018-12-04T00:00:00.000000Z,1.4559789896011353,1.5822349786758423,1.4203510284423828,1.4786930084228516,17714179
2018-12-05T00:00:00.000000Z,1.479854941368103,1.4954270124435425,1.3689169883728027,1.3689169883728027,22767815
2018-12-06T00:00:00.000000Z,1.3661669492721558,1.4139529466629028,1.2321079969406128,1.2382789850234985,20039322
2018-12-07T00:00:00.000000Z,1.2350000143051147,1.3412150144577026,1.1359679698944092,1.3102610111236572,25639405
2018-12-08T00:00:00.000000Z,1.3072539567947388,1.3428909778594971,1.2202320098876953,1.3328299522399902,25853058
2018-12-09T00:00:00.000000Z,1.3272379636764526,1.4428999423980713,1.2782900333404541,1.3753019571304321,23654868
2018-12-10T00:00:00.000000Z,1.3753750324249268,1.399772047996521,1.3029919862747192,1.3262059688568115,24528285
2018-12-11T00:00:00.000000Z,1.3242080211639404,1.3498309850692749,1.2708309888839722,1.2877750396728516,22431374
2018-12-12T00:00:00.000000Z,1.2898340225219727,1.3195569515228271,1.2481939792633057,1.250249981880188,24652374
2018-12-13T00:00:00.000000Z,1.255200982093811,1.3012620210647583,1.1689929962158203,1.1872450113296509,29088307
2018-12-14T00:00:00.000000Z,1.1878060102462769,1.203590989112854,1.087954044342041,1.1124709844589233,31314354
2018-12-15T00:00:00.000000Z,1.1146600246429443,1.1368249654769897,1.0836130380630493,1.1121859550476074,23510164
2018-12-16T00:00:00.000000Z,1.1134879589080811,1.1959689855575562,1.1092439889907837,1.1485209465026855,30389613
2018-12-17T00:00:00.000000Z,1.1498700380325317,1.3087589740753174,1.1401809453964233,1.2701879739761353,35416210
2018-12-18T00:00:00.000000Z,1.2703549861907959,1.3407349586486816,1.2137229442596436,1.3376530408859253,39316389
2018-12-19T00:00:00.000000Z,1.339508056640625,1.4613649845123291,1.3183250427246094,1.3649499416351318,41089959
2018-12-20T00:00:00.000000Z,1.3617919683456421,1.6764060258865356,1.3518520593643188,1.6436430215835571,55437269
2018-12-21T00:00:00.000000Z,1.6391350030899048,1.6786550283432007,1.4700030088424683,1.4911190271377563,39135083
2018-12-22T00:00:00.000000Z,1.4836900234222412,1.5663230419158936,1.4720679521560669,1.5663230419158936,30933747
2018-12-23T00:00:00.000000Z,1.5705009698867798,1.6955850124359131,1.5685520172119141,1.6631629467010498,36814115
2018-12-24T00:00:00.000000Z,1.661808967590332,1.8886829614639282,1.5939040184020996,1.6044629812240601,55619766
2018-12-25T00:00:00.000000Z,1.6075860261917114,1.6094859838485718,1.4222279787063599,1.4809349775314331,37234003
2018-12-26T00:00:00.000000Z,1.4716850519180298,1.5460330247879028,1.4291410446166992,1.4901829957962036,36215492
2018-12-27T00:00:00.000000Z,1.4890300035476685,1.4890300035476685,1.3140690326690674,1.3185089826583862,32173186
2018-12-28T00:00:00.000000Z,1.3140590190887451,1.4740760326385498,1.300894021987915,1.4735230207443237,30251721
2018-12-29T00:00:00.000000Z,1.4754179716110229,1.4926290512084961,1.4109280109405518,1.4694839715957642,33575307
2018-12-30T00:00:00.000000Z,1.4639090299606323,1.4668680429458618,1.389307975769043,1.4209649562835693,36130806
2018-12-31T00:00:00.000000Z,1.4216849803924561,1.465474009513855,1.3423659801483154,1.350944995880127,35845432
2019-01-01T00:00:00.000000Z,1.3571900129318237,1.4318430423736572,1.3382660150527954,1.4316489696502686,35937624
2019-01-02T00:00:00.000000Z,1.4351149797439575,1.5416589975357056,1.4351149797439575,1.5259020328521729,41520879
2019-01-03T00:00:00.000000Z,1.5210549831390381,1.5309089422225952,1.4522089958190918,1.4649059772491455,34089456
2019-01-04T00:00:00.000000Z,1.465319037437439,1.5083800554275513,1.433987021446228,1.4793540239334106,42369429
2019-01-05T00:00:00.000000Z,1.4700030088424683,1.5701500177383423,1.4690920114517212,1.5063149929046631,40015078
2019-01-06T00:00:00.000000Z,1.5023629665374756,1.5864739418029785,1.4738019704818726,1.5811660289764404,38151567
2019-01-07T00:00:00.000000Z,1.5801860094070435,1.5855109691619873,1.4891079664230347,1.4895620346069336,26418926
2019-01-08T00:00:00.000000Z,1.4939509630203247,1.5439239740371704,1.4666969776153564,1.498708963394165,30829957
2019-01-09T00:00:00.000000Z,1.5002880096435547,1.5345009565353394,1.5002880096435547,1.5278710126876831,27260830
2019-01-10T00:00:00.000000Z,1.5293420553207397,1.5743099451065063,1.2693599462509155,1.2847219705581665,32484274
2019-01-11T00:00:00.000000Z,1.2808929681777954,1.3203740119934082,1.2660770416259766,1.3055770397186279,26655202
2019-01-12T00:00:00.000000Z,1.3058459758758545,1.3195439577102661,1.2859419584274292,1.3027019500732422,24670045
2019-01-13T00:00:00.000000Z,1.3010200262069702,1.3196729421615601,1.1961630582809448,1.2029080390930176,25255337
2019-01-14T00:00:00.000000Z,1.2031480073928833,1.3005399703979492,1.1985969543457031,1.2964329719543457,27036149
2019-01-15T00:00:00.000000Z,1.2948600053787231,1.302935004234314,1.2382309436798096,1.2441649436950684,31468074
2019-01-16T00:00:00.000000Z,1.2421489953994751,1.2922179698944092,1.2363770008087158,1.2811800241470337,28067293
2019-01-17T00:00:00.000000Z,1.2800400257110596,1.3090319633483887,1.2677539587020874,1.3083750009536743,32756642
2019-01-18T00:00:00.000000Z,1.3067710399627686,1.3088070154190063,1.2531709671020508,1.2817909717559814,33869874
2019-01-19T00:00:00.000000Z,1.2847969532012939,1.3384389877319336,1.2687870264053345,1.3107030391693115,37763114
2019-01-20T00:00:00.000000Z,1.3076610565185547,1.3651330471038818,1.2410180568695068,1.2663099765777588,42350450
2019-01-21T00:00:00.000000Z,1.2662279605865479,1.2820969820022583,1.2477120161056519,1.2778680324554443,34986326
2019-01-22T00:00:00.000000Z,1.2759619951248169,1.308629035949707,1.2596390247344971,1.2989330291748047,34292931
2019-01-23T00:00:00.000000Z,1.2994120121002197,1.3063730001449585,1.2603169679641724,1.2768900394439697,34046645
2019-01-24T00:00:00.000000Z,1.2769980430603027,1.2788070440292358,1.2569210529327393,1.2650070190429688,33525966
2019-01-25T00:00:00.000000Z,1.2680909633636475,1.2690639495849609,1.2346630096435547,1.2497730255126953,28230371
2019-01-26T00:00:00.000000Z,1.2492929697036743,1.3032510280609131,1.2435760498046875,1.2451709508895874,29147952
2019-01-27T00:00:00.000000Z,1.2455019950866699,1.2543489933013916,1.1372499465942383,1.1781009435653687,34769493
2019-01-28T00:00:00.000000Z,1.1775039434432983,1.1775039434432983,1.0818849802017212,1.118306040763855,30125583
2019-01-29T00:00:00.000000Z,1.1200369596481323,1.1261140108108521,1.0839450359344482,1.1123110055923462,29485455
2019-01-30T00:00:00.000000Z,1.1108690500259399,1.1497060060501099,1.1062920093536377,1.1368329524993896,34712014
2019-01-31T00:00:00.000000Z,1.1386799812316895,1.1579099893569946,1.0826179981231689,1.0940539836883545,21318364
2019-02-01T00:00:00.000000Z,1.0943789482116699,1.100816011428833,1.0521219968795776,1.0933140516281128,23568253
2019-02-02T00:00:00.000000Z,1.0897279977798462,1.1063159704208374,1.0777740478515625,1.1036059856414795,24571340
2019-02-03T00:00:00.000000Z,1.1020129919052124,1.1249710321426392,1.0872030258178711,1.0998740196228027,31917647
2019-02-04T00:00:00.000000Z,1.1012760400772095,1.1250970363616943,1.0986560583114624,1.1092369556427002,36779666
2019-02-05T00:00:00.000000Z,1.1060260534286499,1.1072549819946289,1.0749330520629883,1.079893946647644,36140606
2019-02-06T00:00:00.000000Z,1.0828440189361572,1.0828440189361572,1.0110050439834595,1.0231200456619263,30106992
2019-02-07T00:00:00.000000Z,1.021725058555603,1.0526130199432373,1.0140529870986938,1.035315990447998,37191979
2019-02-08T00:00:00.000000Z,1.0362859964370728,1.1453080177307129,1.0337380170822144,1.1453080177307129,44474319
2019-02-09T00:00:00.000000Z,1.1440249681472778,1.1593799591064453,1.1244970560073853,1.1518570184707642,33203990
2019-02-10T00:00:00.000000Z,1.1530120372772217,1.2095919847488403,1.1500229835510254,1.1927649974822998,46084278
2019-02-11T00:00:00.000000Z,1.1926759481430054,1.1926759481430054,1.148542046546936,1.1545350551605225,40084272
2019-02-12T00:00:00.000000Z,1.1549750566482544,1.1661809682846069,1.1349910497665405,1.1606090068817139,35769001
2019-02-13T00:00:00.000000Z,1.1612600088119507,1.1630630493164062,1.1315950155258179,1.1427149772644043,32180757
2019-02-14T00:00:00.000000Z,1.1413389444351196,1.145967960357666,1.1136430501937866,1.1251480579376221,28927385
2019-02-15T00:00:00.000000Z,1.1258430480957031,1.1618529558181763,1.1219120025634766,1.1377999782562256,32903775
2019-02-16T00:00:00.000000Z,1.1385829448699951,1.2571860551834106,1.1381549835205078,1.2186959981918335,39307645
2019-02-17T00:00:00.000000Z,1.2182049751281738,1.2496370077133179,1.1760729551315308,1.2233630418777466,45448157
2019-02-18T00:00:00.000000Z,1.2247090339660645,1.3541799783706665,1.2142050266265869,1.3139259815216064,48842570
2019-02-19T00:00:00.000000Z,1.3140319585800171,1.341081976890564,1.2853829860687256,1.296036958694458,45987734
2019-02-20T00:00:00.000000Z,1.2948369979858398,1.3516119718551636,1.2851029634475708,1.3327649831771851,46379965
2019-02-21T00:00:00.000000Z,1.3269089460372925,1.3269089460372925,1.2474280595779419,1.3195760250091553,44188759
2019-02-22T00:00:00.000000Z,1.318621039390564,1.3315069675445557,1.2866120338439941,1.3052020072937012,35298125
2019-02-23T00:00:00.000000Z,1.3042260408401489,1.3453580141067505,1.2743779420852661,1.3389559984207153,44860523
2019-02-24T00:00:00.000000Z,1.3420109748840332,1.5200439691543579,1.2670340538024902,1.3340909481048584,69410124
2019-02-25T00:00:00.000000Z,1.3277790546417236,1.385998010635376,1.2968080043792725,1.3289140462875366,48828980
2019-02-26T00:00:00.000000Z,1.3240640163421631,1.3782960176467896,1.2965949773788452,1.3475019931793213,46088839
2019-02-27T00:00:00.000000Z,1.350337028503418,1.3588279485702515,1.2835350036621094,1.3285249471664429,41304214
2019-02-28T00:00:00.000000Z,1.3260190486907959,1.3345999717712402,1.3038150072097778,1.3113490343093872,39251706
2019-03-01T00:00:00.000000Z,1.3101539611816406,1.3657079935073853,1.3092319965362549,1.332245945930481,37980949
2019-03-02T00:00:00.000000Z,1.3312360048294067,1.342710018157959,1.269320011138916,1.2838690280914307,36224173
2019-03-03T00:00:00.000000Z,1.28062903881073,1.2920370101928711,1.2366310358047485,1.245447039604187,31931178
2019-03-04T00:00:00.000000Z,1.2481679916381836,1.2547680139541626,1.153704047203064,1.1560750007629395,147620177
2019-03-05T00:00:00.000000Z,1.1582950353622437,1.2391699552536011,1.1553009748458862,1.2391699552536011,35866379
2019-03-06T00:00:00.000000Z,1.2366050481796265,1.2572309970855713,1.2167819738388062,1.250417947769165,35518321
2019-03-07T00:00:00.000000Z,1.2505810260772705,1.269258975982666,1.2449389696121216,1.2461260557174683,38419909
2019-03-08T00:00:00.000000Z,1.2479629516601562,1.2969310283660889,1.2326149940490723,1.2582980394363403,39848587
2019-03-09T00:00:00.000000Z,1.2573690414428711,1.3661839962005615,1.2537569999694824,1.3634920120239258,61807400
2019-03-10T00:00:00.000000Z,1.3672599792480469,1.4435269832611084,1.3453270196914673,1.3893879652023315,69420683
2019-03-11T00:00:00.000000Z,1.3897980451583862,1.4092700481414795,1.3286980390548706,1.3464540243148804,61954418
2019-03-12T00:00:00.000000Z,1.3469820022583008,1.4772330522537231,1.2855730056762695,1.4501650333404541,67358881
2019-03-13T00:00:00.000000Z,1.4541800022125244,1.4682660102844238,1.4060100317001343,1.4286600351333618,55290380
2019-03-14T00:00:00.000000Z,1.4288849830627441,1.6539850234985352,1.4027080535888672,1.5145779848098755,84500873
2019-03-15T00:00:00.000000Z,1.5166250467300415,1.6066440343856812,1.4959169626235962,1.5226000547409058,75193611
2019-03-16T00:00:00.000000Z,1.5241119861602783,1.571619987487793,1.5089499950408936,1.5420379638671875,46587086
2019-03-17T00:00:00.000000Z,1.5407660007476807,1.5472379922866821,1.4908709526062012,1.5177910327911377,36196131
2019-03-18T00:00:00.000000Z,1.5173369646072388,1.5455830097198486,1.4614620208740234,1.4994820356369019,36720113
2019-03-19T00:00:00.000000Z,1.4989759922027588,1.5212650299072266,1.47803795337677,1.5071109533309937,45926680
2019-03-20T00:00:00.000000Z,1.5079649686813354,1.5640280246734619,1.4670829772949219,1.5640280246734619,55908288
2019-03-21T00:00:00.000000Z,1.5653469562530518,1.6563810110092163,1.5038520097732544,1.5603890419006348,75173608
2019-03-22T00:00:00.000000Z,1.5607119798660278,1.690775990486145,1.554455041885376,1.669579029083252,58118781
2019-03-23T00:00:00.000000Z,1.6658890247344971,1.7940959930419922,1.6506450176239014,1.7940959930419922,84731394
2019-03-24T00:00:00.000000Z,1.793254017829895,1.8457620143890381,1.7218120098114014,1.7357640266418457,81160662
2019-03-25T00:00:00.000000Z,1.7336119413375854,1.7401249408721924,1.6203320026397705,1.6709649562835693,75193773
2019-03-26T00:00:00.000000Z,1.6720670461654663,1.6756919622421265,1.5793759822845459,1.645084023475647,69430220
2019-03-27T00:00:00.000000Z,1.6405760049819946,1.8154189586639404,1.6359790563583374,1.8061319589614868,85901606
2019-03-28T00:00:00.000000Z,1.8020830154418945,1.8025540113449097,1.7444369792938232,1.7641880512237549,72411552
2019-03-29T00:00:00.000000Z,1.7638230323791504,2.0453510284423828,1.762065052986145,1.9842089414596558,110529284
2019-03-30T00:00:00.000000Z,1.9827589988708496,2.0129520893096924,1.8465360403060913,1.8878500461578369,102468031
2019-03-31T00:00:00.000000Z,1.8878500461578369,1.9131150245666504,1.8405270576477051,1.8492159843444824,67077907
2019-04-01T00:00:00.000000Z,1.8493529558181763,1.9085099697113037,1.7948939800262451,1.8362059593200684,71562650
2019-04-02T00:00:00.000000Z,1.8360940217971802,2.1009259223937988,1.8202430009841919,2.0846190452575684,123714345
2019-04-03T00:00:00.000000Z,2.0869059562683105,2.2848579883575439,1.9719769954681396,2.0069708824157715,132414174
2019-04-04T00:00:00.000000Z,2.0063910484313965,2.2199609279632568,1.982571005821228,2.1334619522094727,129214952
2019-04-05T00:00:00.000000Z,2.1316220760345459,2.4730169773101807,2.1316220760345459,2.4697830677032471,151318213
2019-04-06T00:00:00.000000Z,2.4651010036468506,2.466778039932251,2.3136360645294189,2.3384499549865723,118508715
2019-04-07T00:00:00.000000Z,2.3383820056915283,2.3696041107177734,2.2753429412841797,2.3450260162353516,102619989
2019-04-08T00:00:00.000000Z,2.3472130298614502,2.4863688945770264,2.2238640785217285,2.3445250988006592,113856945
2019-04-09T00:00:00.000000Z,2.3438711166381836,2.3452990055084229,2.2171781063079834,2.2536120414733887,87034949
2019-04-10T00:00:00.000000Z,2.2527608871459961,2.3220279216766357,2.2234079837799072,2.2422399520874023,81981239
2019-04-11T00:00:00.000000Z,2.2439889907836914,2.2451739311218262,1.9042700529098511,2.0114219188690186,93298888
2019-04-12T00:00:00.000000Z,2.0106339454650879,2.0381009578704834,1.8825869560241699,1.984171986579895,76781751
2019-04-13T00:00:00.000000Z,1.9838190078735352,2.0059421062469482,1.9141459465026855,1.9285780191421509,63364797
2019-04-14T00:00:00.000000Z,1.9298590421676636,1.9760669469833374,1.8430900573730469,1.9760669469833374,72843940
2019-04-15T00:00:00.000000Z,1.9816269874572754,2.0240828990936279,1.824923038482666,1.8676309585571289,74435862
2019-04-16T00:00:00.000000Z,1.867264986038208,1.954503059387207,1.8442590236663818,1.9285869598388672,60485933
2019-04-17T00:00:00.000000Z,1.9303890466690063,1.9675960540771484,1.8924609422683716,1.9462679624557495,68437540
2019-04-18T00:00:00.000000Z,1.9459079504013062,1.9915319681167603,1.9315749406814575,1.9790149927139282,73087957
2019-04-19T00:00:00.000000Z,1.9809149503707886,1.9887230396270752,1.9219100475311279,1.9750659465789795,66191810
2019-04-20T00:00:00.000000Z,1.9764449596405029,1.9900100231170654,1.9321999549865723,1.9622910022735596,62974905
2019-04-21T00:00:00.000000Z,1.9621000289916992,1.9726790189743042,1.788377046585083,1.8603919744491577,71561700
2019-04-22T00:00:00.000000Z,1.8609590530395508,1.885295033454895,1.8222299814224243,1.868664026260376,80589453
2019-04-23T00:00:00.000000Z,1.8699460029602051,1.8909770250320435,1.7642580270767212,1.7656010389328003,88155403
2019-04-24T00:00:00.000000Z,1.7657790184020996,1.7674030065536499,1.5851190090179443,1.6724560260772705,86644352
2019-04-25T00:00:00.000000Z,1.6749340295791626,1.7082289457321167,1.4397720098495483,1.5025069713592529,66750837
2019-04-26T00:00:00.000000Z,1.504796028137207,1.531296968460083,1.446120023727417,1.5093859434127808,65015246
2019-04-27T00:00:00.000000Z,1.5101790428161621,1.6158850193023682,1.4788780212402344,1.5668139457702637,56598482
2019-04-28T00:00:00.000000Z,1.5669269561767578,1.5960730314254761,1.5088210105895996,1.5205080509185791,50555544
2019-04-29T00:00:00.000000Z,1.5201820135116577,1.5610129833221436,1.460129976272583,1.4792560338973999,52054464
2019-04-30T00:00:00.000000Z,1.4808889627456665,1.576388955116272,1.4808889627456665,1.576388955116272,58321224
2019-05-01T00:00:00.000000Z,1.576524019241333,1.6332279443740845,1.5731799602508545,1.603754997253418,54508475
2019-05-02T00:00:00.000000Z,1.6047840118408203,1.7089090347290039,1.5791000127792358,1.6860599517822266,57602128
2019-05-03T00:00:00.000000Z,1.686305046081543,1.7248749732971191,1.6407489776611328,1.6979160308837891,58339442
2019-05-04T00:00:00.000000Z,1.6974400281906128,1.7692970037460327,1.5841039419174194,1.6108169555664062,59201331
2019-05-05T00:00:00.000000Z,1.6092790365219116,1.6249350309371948,1.5734920501708984,1.5753699541091919,47819074
2019-05-06T00:00:00.000000Z,1.5776669979095459,1.6881890296936035,1.5170650482177734,1.6642630100250244,65541995
2019-05-07T00:00:00.000000Z,1.656836986541748,1.7903189659118652,1.6381310224533081,1.6685160398483276,81407313
2019-05-08T00:00:00.000000Z,1.6685479879379272,1.7629220485687256,1.6296969652175903,1.6918720006942749,81518927
2019-05-09T00:00:00.000000Z,1.7186909914016724,1.7719559669494629,1.6102720499038696,1.6463179588317871,77953675
2019-05-10T00:00:00.000000Z,1.6793390512466431,1.7545449733734131,1.5734829902648926,1.5893789529800415,63153227
2019-05-11T00:00:00.000000Z,1.6302230358123779,1.8695390224456787,1.592350959777832,1.7930320501327515,98707289
2019-05-12T00:00:00.000000Z,1.8066359758377075,1.8673980236053467,1.629127025604248,1.6657630205154419,89448624
2019-05-13T00:00:00.000000Z,1.667328953742981,1.8299779891967773,1.6560499668121338,1.760045051574707,96195270
2019-05-14T00:00:00.000000Z,1.7548710107803345,1.8928439617156982,1.6846280097961426,1.8008450269699097,102851203
2019-05-15T00:00:00.000000Z,1.8748739957809448,2.3162291049957275,1.7767820358276367,2.2520630359649658,142023007
2019-05-16T00:00:00.000000Z,2.246121883392334,2.4506559371948242,2.0823640823364258,2.1725239753723145,138229339
2019-05-17T00:00:00.000000Z,2.1744399070739746,2.1990458965301514,1.8370829820632935,2.0418660640716553,101528133
2019-05-18T00:00:00.000000Z,2.0749969482421875,2.2044310569763184,1.7924809455871582,1.9732040166854858,90479666
2019-05-19T00:00:00.000000Z,1.9676610231399536,2.1709580421447754,1.8902490139007568,2.0738010406494141,123747432
2019-05-20T00:00:00.000000Z,2.0977210998535156,2.0977210998535156,1.8861700296401978,2.0334069728851318,127688093
2019-05-21T00:00:00.000000Z,2.0322790145874023,2.1334290504455566,1.9923789501190186,2.0901839733123779,126413878
2019-05-22T00:00:00.000000Z,2.1109919548034668,2.1341030597686768,1.9425009489059448,1.946802020072937,129026963
2019-05-23T00:00:00.000000Z,1.9463880062103271,1.982530951499939,1.8336310386657715,1.9518790245056152,119272455
2019-05-24T00:00:00.000000Z,1.937311053276062,2.0528180599212646,1.9286149740219116,1.9843319654464722,103738217
2019-05-25T00:00:00.000000Z,1.9994649887084961,2.0480549335479736,1.9703880548477173,1.998371958732605,94664777
2019-05-26T00:00:00.000000Z,2.0015339851379395,2.1331229209899902,1.9456330537796021,2.1219689846038818,96650138
2019-05-27T00:00:00.000000Z,2.1129050254821777,2.2604210376739502,2.0903120040893555,2.2069110870361328,121856033
2019-05-28T00:00:00.000000Z,2.215487003326416,2.3382580280303955,2.1745960712432861,2.3116719722747803,127223077
2019-05-29T00:00:00.000000Z,2.2594270706176758,2.3815169334411621,2.1263821125030518,2.3120620250701904,127518171
2019-05-30T00:00:00.000000Z,2.3353369235992432,2.4963550567626953,2.0912120342254639,2.1643610000610352,150296535
2019-05-31T00:00:00.000000Z,2.200124979019165,2.3218789100646973,2.0872409343719482,2.3110170364379883,116274920
2019-06-01T00:00:00.000000Z,2.295936107635498,2.3709089756011963,2.2364170551300049,2.2545130252838135,123328427
2019-06-02T00:00:00.000000Z,2.2602798938751221,2.4016499519348145,2.2524080276489258,2.3690240383148193,119929111
2019-06-03T00:00:00.000000Z,2.3485651016235352,2.3737990856170654,2.12300705909729,2.1289539337158203,123622722
2019-06-04T00:00:00.000000Z,2.1284770965576172,2.1395111083984375,1.9536269903182983,2.0129609107971191,108284859
2019-06-05T00:00:00.000000Z,2.0058939456939697,2.0893180370330811,1.976485013961792,2.0501260757446289,93771664
2019-06-06T00:00:00.000000Z,2.0614650249481201,2.0845019817352295,1.8162930011749268,1.994439959526062,113587093
2019-06-07T00:00:00.000000Z,2.0362648963928223,2.1005160808563232,1.8774980306625366,2.0394070148468018,99110517
2019-06-08T00:00:00.000000Z,2.0574569702148438,2.0957460403442383,1.9143739938735962,2.035254955291748,119787155
2019-06-09T00:00:00.000000Z,2.0049729347229004,2.0551810264587402,1.7713799476623535,1.9879709482192993,109804242
2019-06-10T00:00:00.000000Z,1.9873030185699463,2.1039559841156006,1.9478950500488281,2.092432975769043,144549389
2019-06-11T00:00:00.000000Z,2.0943009853363037,2.1127750873565674,1.8353999853134155,1.999066948890686,124058417
2019-06-12T00:00:00.000000Z,2.0387439727783203,2.0924429893493652,1.8980569839477539,2.0583260059356689,129241157
2019-06-13T00:00:00.000000Z,2.0458700656890869,2.1991710662841797,1.9890300035476685,2.1303930282592773,146546330
2019-06-14T00:00:00.000000Z,2.071274995803833,2.2156729698181152,2.0123820304870605,2.0953660011291504,171193168
2019-06-15T00:00:00.000000Z,2.1301500797271729,2.224639892578125,2.0534598827362061,2.1810810565948486,167446417
2019-06-16T00:00:00.000000Z,2.0925760269165039,2.2786719799041748,2.084752082824707,2.1769540309906006,163496753
2019-06-17T00:00:00.000000Z,2.1762480735778809,2.228193998336792,2.1091110706329346,2.1313300132751465,98806882
2019-06-18T00:00:00.000000Z,2.1292018890380859,2.132504940032959,2.0206630229949951,2.0504031181335449,86549680
2019-06-19T00:00:00.000000Z,2.0503060817718506,2.1398389339447021,2.041208028793335,2.0998320579528809,92067297
2019-06-20T00:00:00.000000Z,2.1002109050750732,2.1019599437713623,2.023900032043457,2.0313239097595215,88899839
2019-06-21T00:00:00.000000Z,2.033358097076416,2.1020989418029785,2.0306050777435303,2.0615019798278809,81566873
2019-06-22T00:00:00.000000Z,2.0649890899658203,2.3066749572753906,2.0536398887634277,2.2572040557861328,100020326
2019-06-23T00:00:00.000000Z,2.2574429512023926,2.3245749473571777,2.1768290996551514,2.2483611106872559,83296768
2019-06-24T00:00:00.000000Z,2.2510950565338135,2.4469189643859863,2.1936330795288086,2.3555989265441895,117314651
2019-06-25T00:00:00.000000Z,2.3575680255889893,2.7088770866394043,2.2837738990783691,2.7088770866394043,136055522
2019-06-26T00:00:00.000000Z,2.7051548957824707,3.2265999317169189,2.5605649948120117,2.7787179946899414,263145474
2019-06-27T00:00:00.000000Z,2.7830588817596436,2.8751449584960938,2.2277119159698486,2.3888309001922607,160031166
2019-06-28T00:00:00.000000Z,2.3923940658569336,2.7548649311065674,2.3209490776062012,2.6786060333251953,157438921
2019-06-29T00:00:00.000000Z,2.6811099052429199,2.8503448963165283,2.5715279579162598,2.8466510772705078,180609832
2019-06-30T00:00:00.000000Z,2.8472349643707275,2.8601799011230469,2.4789779186248779,2.4845490455627441,124421190
2019-07-01T00:00:00.000000Z,2.4722850322723389,2.595134973526001,2.2769789695739746,2.4269049167633057,123605138
2019-07-02T00:00:00.000000Z,2.4273109436035156,2.450577974319458,2.2148540019989014,2.3791699409484863,127609901
2019-07-03T00:00:00.000000Z,2.3803310394287109,2.4860949516296387,2.3578610420227051,2.4829509258270264,109142382
2019-07-04T00:00:00.000000Z,2.482125997543335,2.4848880767822266,2.3108160495758057,2.3108160495758057,101430362
2019-07-05T00:00:00.000000Z,2.3124110698699951,2.3374309539794922,2.2691769599914551,2.2992808818817139,103684174
2019-07-06T00:00:00.000000Z,2.2999629974365234,2.430203914642334,2.2999629974365234,2.3659029006958008,120107002
2019-07-07T00:00:00.000000Z,2.3666279315948486,2.4121201038360596,2.3269801139831543,2.3958139419555664,104837349
2019-07-08T00:00:00.000000Z,2.3954761028289795,2.6909329891204834,2.3724939823150635,2.5815870761871338,140808953
2019-07-09T00:00:00.000000Z,2.5813620090484619,2.5830070972442627,2.4265620708465576,2.4386129379272461,110371392
2019-07-10T00:00:00.000000Z,2.4393110275268555,2.4918570518493652,2.1143798828125,2.2398738861083984,95065989
2019-07-11T00:00:00.000000Z,2.2400519847869873,2.2400519847869873,1.8741509914398193,1.9232510328292847,99623071
2019-07-12T00:00:00.000000Z,1.924232006072998,2.0250189304351807,1.8888529539108276,2.0047109127044678,86191936
2019-07-13T00:00:00.000000Z,2.0063910484313965,2.0070540904998779,1.802111029624939,1.8633190393447876,66470516
2019-07-14T00:00:00.000000Z,1.8634020090103149,1.874919056892395,1.5752090215682983,1.5752090215682983,86659784
2019-07-15T00:00:00.000000Z,1.573112964630127,1.6141159534454346,1.3937269449234009,1.590440034866333,83741374
2019-07-16T00:00:00.000000Z,1.5878599882125854,1.6107879877090454,1.3343110084533691,1.3451559543609619,75283546
2019-07-17T00:00:00.000000Z,1.3426749706268311,1.4689470529556274,1.310263991355896,1.4104089736938477,74470505
2019-07-18T00:00:00.000000Z,1.4109640121459961,1.5532989501953125,1.3858870267868042,1.5342320203781128,74670721
2019-07-19T00:00:00.000000Z,1.532850980758667,1.5360829830169678,1.4701590538024902,1.5352879762649536,62911884
2019-07-20T00:00:00.000000Z,1.5351309776306152,1.8413909673690796,1.5302649736404419,1.7223680019378662,81687929
2019-07-21T00:00:00.000000Z,1.7219539880752563,1.7595880031585693,1.6629290580749512,1.7248150110244751,62484697
2019-07-22T00:00:00.000000Z,1.725121021270752,1.7301019430160522,1.6187080144882202,1.6549040079116821,68665442
2019-07-23T00:00:00.000000Z,1.6541470289230347,1.6634269952774048,1.5474809408187866,1.5645099878311157,66820639
2019-07-24T00:00:00.000000Z,1.5656280517578125,1.716933012008667,1.5024199485778809,1.7126109600067139,76759229
2019-07-25T00:00:00.000000Z,1.7104179859161377,1.7394380569458008,1.6885449886322021,1.692870020866394,52655015
2019-07-26T00:00:00.000000Z,1.692255973815918,1.7041089534759521,1.6509929895401001,1.6947289705276489,43268382
2019-07-27T00:00:00.000000Z,1.6947289705276489,1.7363799810409546,1.5623209476470947,1.5853300094604492,50767225
2019-07-28T00:00:00.000000Z,1.5850980281829834,1.602295994758606,1.4838060140609741,1.5522589683532715,39318528
2019-07-29T00:00:00.000000Z,1.5508699417114258,1.5791480541229248,1.5077199935913086,1.5405759811401367,45305426
2019-07-30T00:00:00.000000Z,1.5394669771194458,1.558724045753479,1.5033919811248779,1.5400999784469604,38504883
2019-07-31T00:00:00.000000Z,1.5410300493240356,1.594167947769165,1.53603196144104,1.5893169641494751,53688782
2019-08-01T00:00:00.000000Z,1.5897690057754517,1.5963460206985474,1.5272489786148071,1.5531059503555298,45676575
2019-08-02T00:00:00.000000Z,1.5540159940719604,1.5699599981307983,1.5263060331344604,1.5408660173416138,36996668
2019-08-03T00:00:00.000000Z,1.5408309698104858,1.5653430223464966,1.5336689949035645,1.5434620380401611,38667148
2019-08-04T00:00:00.000000Z,1.5429320335388184,1.5619029998779297,1.5058770179748535,1.5370949506759644,39779997
2019-08-05T00:00:00.000000Z,1.5381729602813721,1.6047999858856201,1.5365699529647827,1.566027045249939,65614820
2019-08-06T00:00:00.000000Z,1.5774229764938354,1.5794910192489624,1.4492590427398682,1.4891279935836792,61945054
2019-08-07T00:00:00.000000Z,1.4861069917678833,1.5130029916763306,1.4107320308685303,1.4621330499649048,64457177
2019-08-08T00:00:00.000000Z,1.4623969793319702,1.5020819902420044,1.405771017074585,1.4304720163345337,56972376
2019-08-09T00:00:00.000000Z,1.4307670593261719,1.4482320547103882,1.3055939674377441,1.3399699926376343,55523051
2019-08-10T00:00:00.000000Z,1.3399699926376343,1.361549973487854,1.2832839488983154,1.3245669603347778,54942655
2019-08-11T00:00:00.000000Z,1.3254159688949585,1.4495359659194946,1.3182049989700317,1.4259680509567261,65516696
2019-08-12T00:00:00.000000Z,1.4259049892425537,1.4307310581207275,1.3590459823608398,1.4046529531478882,52285942
2019-08-13T00:00:00.000000Z,1.4049999713897705,1.4119030237197876,1.3064550161361694,1.3898979425430298,48600655
2019-08-14T00:00:00.000000Z,1.3622440099716187,1.3894360065460205,1.1247529983520508,1.1625230312347412,63138892
2019-08-15T00:00:00.000000Z,1.1618859767913818,1.1892880201339722,1.1145850419998169,1.1734930276870728,50334390
2019-08-16T00:00:00.000000Z,1.1735630035400391,1.1857659816741943,1.128059983253479,1.1674749851226807,45171432
2019-08-17T00:00:00.000000Z,1.1674909591674805,1.2109440565109253,1.1471819877624512,1.2109440565109253,32125657
2019-08-18T00:00:00.000000Z,1.2105259895324707,1.2696720361709595,1.186769962310791,1.2595410346984863,36408967
2019-08-19T00:00:00.000000Z,1.260794997215271,1.2738850116729736,1.2118209600448608,1.2465590238571167,38399597
2019-08-20T00:00:00.000000Z,1.2467110157012939,1.2576290369033813,1.2047289609909058,1.235124945640564,33525668
2019-08-21T00:00:00.000000Z,1.2354170083999634,1.2367490530014038,1.1358040571212769,1.1816270351409912,44866877
2019-08-22T00:00:00.000000Z,1.1821190118789673,1.2539240121841431,1.1585210561752319,1.2343720197677612,49575317
2019-08-23T00:00:00.000000Z,1.2343720197677612,1.2618700265884399,1.2282030582427979,1.242792010307312,43839130
2019-08-24T00:00:00.000000Z,1.2425440549850464,1.273360013961792,1.2085469961166382,1.2726680040359497,45483631
2019-08-25T00:00:00.000000Z,1.2702020406723022,1.2993799448013306,1.2344629764556885,1.2379180192947388,45190188
2019-08-26T00:00:00.000000Z,1.2377640008926392,1.2864619493484497,1.2137789726257324,1.2336779832839966,46898174
2019-08-27T00:00:00.000000Z,1.2336130142211914,1.2383500337600708,1.176300048828125,1.1850310564041138,34224263
2019-08-28T00:00:00.000000Z,1.1844680309295654,1.1985839605331421,1.1001249551773071,1.1046730279922485,41377670
2019-08-29T00:00:00.000000Z,1.105381965637207,1.105381965637207,1.0442589521408081,1.0670219659805298,45782993
2019-08-30T00:00:00.000000Z,1.0684479475021362,1.0916229486465454,1.0574120283126831,1.0866060256958008,30609493
2019-08-31T00:00:00.000000Z,1.0865709781646729,1.101652979850769,1.0619640350341797,1.0924880504608154,30732894
2019-09-01T00:00:00.000000Z,1.0920640230178833,1.1102980375289917,1.0755579471588135,1.0963989496231079,32149890
2019-09-02T00:00:00.000000Z,1.0974299907684326,1.1062209606170654,1.0660519599914551,1.0976359844207764,34515211
2019-09-03T00:00:00.000000Z,1.0956159830093384,1.1120680570602417,1.0768239498138428,1.0873429775238037,34453242
2019-09-04T00:00:00.000000Z,1.0870430469512939,1.0953960418701172,1.0592410564422607,1.0800509452819824,31234086
2019-09-05T00:00:00.000000Z,1.0793529748916626,1.0877449512481689,1.0457839965820312,1.0476089715957642,27183876
2019-09-06T00:00:00.000000Z,1.0481539964675903,1.0733000040054321,1.016044020652771,1.0284320116043091,32139393
2019-09-07T00:00:00.000000Z,1.0274579524993896,1.0844310522079468,1.0169080495834351,1.0698469877243042,38076812
2019-09-08T00:00:00.000000Z,1.0702680349349976,1.0955740213394165,1.0620379447937012,1.0875890254974365,41721448
2019-09-09T00:00:00.000000Z,1.0877629518508911,1.0928510427474976,1.047685980796814,1.0722359418869019,41358863
2019-09-10T00:00:00.000000Z,1.0716480016708374,1.1006269454956055,1.0614989995956421,1.0677069425582886,35863341
2019-09-11T00:00:00.000000Z,1.0684980154037476,1.08063805103302,1.0291149616241455,1.0454980134963989,39958893
2019-09-12T00:00:00.000000Z,1.0457960367202759,1.0643919706344604,1.0312999486923218,1.0547319650650024,41213634
2019-09-13T00:00:00.000000Z,1.0545589923858643,1.0621019601821899,1.0169520378112793,1.0451220273971558,39608366
2019-09-14T00:00:00.000000Z,1.0445899963378906,1.0642729997634888,1.0360100269317627,1.0526070594787598,35766915
2019-09-15T00:00:00.000000Z,1.0526410341262817,1.0601500272750854,1.04339599609375,1.0555249452590942,37260446
2019-09-16T00:00:00.000000Z,1.0559630393981934,1.0757189989089966,1.0422029495239258,1.057515025138855,50303418
2019-09-17T00:00:00.000000Z,1.0579919815063477,1.1297450065612793,1.0556139945983887,1.1111719608306885,53655607
2019-09-18T00:00:00.000000Z,1.1110780239105225,1.2057420015335083,1.1104040145874023,1.1857479810714722,69395372
2019-09-19T00:00:00.000000Z,1.1858700513839722,1.1858700513839722,1.0974620580673218,1.1428040266036987,62179557
2019-09-20T00:00:00.000000Z,1.1439789533615112,1.1483160257339478,1.1203310489654541,1.1377249956130981,48058569
2019-09-21T00:00:00.000000Z,1.1383839845657349,1.1517800092697144,1.116258978843689,1.1199749708175659,43924135
2019-09-22T00:00:00.000000Z,1.1203110218048096,1.1204309463500977,1.0670750141143799,1.0752710103988647,42786553
2019-09-23T00:00:00.000000Z,1.0752660036087036,1.0754020214080811,1.0176889896392822,1.0178209543228149,42423880
2019-09-24T00:00:00.000000Z,1.017454981803894,1.0256350040435791,0.74341297149658203,0.79507601261138916,50856988
2019-09-25T00:00:00.000000Z,0.7953600287437439,0.83878302574157715,0.77069097757339478,0.82078897953033447,55341915
2019-09-26T00:00:00.000000Z,0.82092499732971191,0.83749097585678101,0.76547497510910034,0.80639702081680298,42114580
2019-09-27T00:00:00.000000Z,0.80727601051330566,0.82922202348709106,0.78782200813293457,0.82692801952362061,54655684
2019-09-28T00:00:00.000000Z,0.826774001121521,0.83429998159408569,0.80721402168273926,0.81875401735305786,35407143
2019-09-29T00:00:00.000000Z,0.81900602579116821,0.82072502374649048,0.78426402807235718,0.79789602756500244,33474677
2019-09-30T00:00:00.000000Z,0.79797297716140747,0.82605201005935669,0.78099298477172852,0.81939500570297241,41707392
2019-10-01T00:00:00.000000Z,0.81956297159194946,0.84770298004150391,0.80615502595901489,0.81699901819229126,36968724
2019-10-02T00:00:00.000000Z,0.81692802906036377,0.83512997627258301,0.81486999988555908,0.83512997627258301,35598876
2019-10-03T00:00:00.000000Z,0.83470398187637329,0.83738899230957031,0.80965197086334229,0.81998598575592041,34887428
2019-10-04T00:00:00.000000Z,0.81915897130966187,0.8511970043182373,0.8129270076751709,0.84207099676132202,36389204
2019-10-05T00:00:00.000000Z,0.84141701459884644,0.84271800518035889,0.82825601100921631,0.83664798736572266,34815291
2019-10-06T00:00:00.000000Z,0.83595997095108032,0.89787697792053223,0.83595997095108032,0.88696801662445068,42715175
2019-10-07T00:00:00.000000Z,0.88606899976730347,0.9158480167388916,0.86837899684906006,0.90683799982070923,60747338
2019-10-08T00:00:00.000000Z,0.90660202503204346,0.92075902223587036,0.88928902149200439,0.91009402275085449,45239708
2019-10-09T00:00:00.000000Z,0.91033297777175903,0.93197202682495117,0.89856600761413574,0.9228060245513916,52991029
2019-10-10T00:00:00.000000Z,0.9223179817199707,0.92308801412582397,0.88645398616790771,0.89368897676467896,49723757
2019-10-11T00:00:00.000000Z,0.89350497722625732,0.89439302682876587,0.84098798036575317,0.84289002418518066,44994626
2019-10-12T00:00:00.000000Z,0.84095001220703125,0.84859102964401245,0.83430397510528564,0.83518600463867188,42769175
2019-10-13T00:00:00.000000Z,0.83476698398590088,0.84770697355270386,0.82791101932525635,0.82995301485061646,40290384
2019-10-14T00:00:00.000000Z,0.82970201969146729,0.83199101686477661,0.82240098714828491,0.82886898517608643,41021402
2019-10-15T00:00:00.000000Z,0.82908600568771362,0.83195197582244873,0.79618901014328003,0.80068200826644897,42520412
2019-10-16T00:00:00.000000Z,0.80045598745346069,0.80552798509597778,0.76657199859619141,0.77547800540924072,31430154
2019-10-17T00:00:00.000000Z,0.780426025390625,0.80356097221374512,0.7686690092086792,0.79698902368545532,44481108
2019-10-18T00:00:00.000000Z,0.79690301418304443,0.79998600482940674,0.76748597621917725,0.77220600843429565,41891500
2019-10-19T00:00:00.000000Z,0.77294200658798218,0.78322499990463257,0.76329499483108521,0.76948702335357666,38030060
2019-10-20T00:00:00.000000Z,0.76984602212905884,0.82642197608947754,0.76559001207351685,0.81487399339675903,42969435
2019-10-21T00:00:00.000000Z,0.81474500894546509,0.8181769847869873,0.79985201358795166,0.81060099601745605,45122071
2019-10-22T00:00:00.000000Z,0.81057602167129517,0.81957602500915527,0.78283298015594482,0.78352200984954834,39943269
2019-10-23T00:00:00.000000Z,0.78338497877120972,0.7895209789276123,0.71726202964782715,0.72746497392654419,55068994
2019-10-24T00:00:00.000000Z,0.72779601812362671,0.79565602540969849,0.71714299917221069,0.78895002603530884,48333628
2019-10-25T00:00:00.000000Z,0.78942602872848511,0.84856897592544556,0.77222901582717896,0.84128499031066895,56806362
2019-10-26T00:00:00.000000Z,0.84219497442245483,0.89274400472640991,0.82381397485733032,0.84852200746536255,80336043
2019-10-27T00:00:00.000000Z,0.84877997636795044,1.0336010456085205,0.84359300136566162,0.9729200005531311,97111717
2019-10-28T00:00:00.000000Z,0.9722750186920166,1.0921059846878052,0.92804497480392456,1.0333030223846436,102830081
2019-10-29T00:00:00.000000Z,1.0314509868621826,1.1134779453277588,1.009376049041748,1.0394610166549683,88082444
2019-10-30T00:00:00.000000Z,1.0402920246124268,1.0403870344161987,0.94619500637054443,0.98688197135925293,84843382
2019-10-31T00:00:00.000000Z,0.98646199703216553,1.0010900497436523,0.93391001224517822,0.95237898826599121,67314161
2019-11-01T00:00:00.000000Z,0.95219200849533081,0.98649698495864868,0.93979799747467041,0.98111099004745483,77721012
2019-11-02T00:00:00.000000Z,0.98077398538589478,1.0058499574661255,0.9657289981842041,0.98896902799606323,78723221
2019-11-03T00:00:00.000000Z,0.98890501260757446,0.99755299091339111,0.94732797145843506,0.96627599000930786,82001689
2019-11-04T00:00:00.000000Z,0.96618002653121948,0.99213302135467529,0.95208799839019775,0.9862220287322998,81250051
2019-11-05T00:00:00.000000Z,0.9868050217628479,1.062764048576355,0.97302800416946411,1.0336979627609253,82105557
2019-11-06T00:00:00.000000Z,1.0339369773864746,1.0943349599838257,1.0227019786834717,1.0364780426025391,82979411
2019-11-07T00:00:00.000000Z,1.0360469818115234,1.0459020137786865,0.97209197282791138,1.0048619508743286,73571454
2019-11-08T00:00:00.000000Z,1.005465030670166,1.0061140060424805,0.93408501148223877,0.95519900321960449,78258864
2019-11-09T00:00:00.000000Z,0.95535600185394287,0.97320699691772461,0.95042598247528076,0.96219998598098755,60716234
2019-11-10T00:00:00.000000Z,0.96213799715042114,1.0219509601593018,0.95306599140167236,1.0076860189437866,69200085
2019-11-11T00:00:00.000000Z,1.0075670480728149,1.0093220472335815,0.9290199875831604,0.95410400629043579,121144998
2019-11-12T00:00:00.000000Z,0.95409899950027466,0.98540002107620239,0.94921797513961792,0.96609902381896973,69335483
2019-11-13T00:00:00.000000Z,0.96556097269058228,1.003013014793396,0.95408397912979126,0.98261100053787231,66216981
2019-11-14T00:00:00.000000Z,0.98265302181243896,1.042261004447937,0.96634697914123535,1.0217829942703247,92425983
2019-11-15T00:00:00.000000Z,1.0215959548950195,1.0766439437866211,0.99776500463485718,1.0115319490432739,85352795
2019-11-16T00:00:00.000000Z,1.0101859569549561,1.0775599479675293,0.99992698431015015,1.0531909465789795,94079612
2019-11-17T00:00:00.000000Z,1.0531159639358521,1.0581179857254028,1.0029350519180298,1.0343739986419678,100695745
2019-11-18T00:00:00.000000Z,1.0347650051116943,1.0354000329971313,0.92945700883865356,0.95336300134658813,71480920
2019-11-19T00:00:00.000000Z,0.95249301195144653,0.96382498741149902,0.87963700294494629,0.91142302751541138,96316945
2019-11-20T00:00:00.000000Z,0.91177701950073242,0.93605202436447144,0.88790202140808105,0.89085501432418823,64665344
2019-11-21T00:00:00.000000Z,0.89082199335098267,0.89357602596282959,0.80583298206329346,0.82287299633026123,58449132
2019-11-22T00:00:00.000000Z,0.8228759765625,0.83251899480819702,0.73181700706481934,0.77887201309204102,64634058
2019-11-23T00:00:00.000000Z,0.77851498126983643,0.82250398397445679,0.76091098785400391,0.81537699699401855,58546731
2019-11-24T00:00:00.000000Z,0.81384998559951782,0.81906700134277344,0.74786597490310669,0.74786597490310669,81156704
2019-11-25T00:00:00.000000Z,0.74825102090835571,0.75829601287841797,0.67331099510192871,0.72496998310089111,84558140
2019-11-26T00:00:00.000000Z,0.72460997104644775,0.75186902284622192,0.72388297319412231,0.7506679892539978,50727708
2019-11-27T00:00:00.000000Z,0.7469480037689209,0.78592497110366821,0.72401899099349976,0.7663949728012085,57994418
2019-11-28T00:00:00.000000Z,0.7665410041809082,0.80953800678253174,0.76557201147079468,0.78516101837158203,49836198
2019-11-29T00:00:00.000000Z,0.78459197282791138,0.81878900527954102,0.78182500600814819,0.80804699659347534,51526957
2019-11-30T00:00:00.000000Z,0.80844199657440186,0.81520098447799683,0.75944602489471436,0.7698739767074585,47133952
2019-12-01T00:00:00.000000Z,0.76923900842666626,0.78055602312088013,0.73402798175811768,0.7590019702911377,53325153
2019-12-02T00:00:00.000000Z,0.7596849799156189,0.76468497514724731,0.73118501901626587,0.73635202646255493,39449997
2019-12-03T00:00:00.000000Z,0.73684900999069214,0.74768102169036865,0.72438997030258179,0.74349099397659302,41224949
2019-12-04T00:00:00.000000Z,0.7430260181427002,0.75392997264862061,0.71949601173400879,0.72867900133132935,43667919
2019-12-05T00:00:00.000000Z,0.72780001163482666,0.74835699796676636,0.71709001064300537,0.73843902349472046,43357561
2019-12-06T00:00:00.000000Z,0.73781800270080566,0.75359600782394409,0.73466700315475464,0.75244200229644775,43215113
2019-12-07T00:00:00.000000Z,0.75173699855804443,0.76301902532577515,0.74905097484588623,0.75219899415969849,38804667
2019-12-08T00:00:00.000000Z,0.75318801403045654,0.76029002666473389,0.74142897129058838,0.75085198879241943,41533820
2019-12-09T00:00:00.000000Z,0.75059598684310913,0.76736098527908325,0.73624002933502197,0.73688000440597534,61873282
2019-12-10T00:00:00.000000Z,0.73653602600097656,0.74307197332382202,0.71140801906585693,0.73596501350402832,56398596
2019-12-11T00:00:00.000000Z,0.73625701665878296,0.74737399816513062,0.71673297882080078,0.72118502855300903,56987067
2019-12-12T00:00:00.000000Z,0.72095900774002075,0.73075097799301147,0.70840400457382202,0.71567398309707642,58053949
2019-12-13T00:00:00.000000Z,0.71512997150421143,0.72793400287628174,0.70725399255752563,0.71258401870727539,58595779
2019-12-14T00:00:00.000000Z,0.71083402633666992,0.73511302471160889,0.70286500453948975,0.71224701404571533,60722973
2019-12-15T00:00:00.000000Z,0.71163302659988403,0.71163302659988403,0.6918330192565918,0.706309974193573,56522735
2019-12-16T00:00:00.000000Z,0.70564401149749756,0.70782500505447388,0.6419370174407959,0.66106802225112915,53218776
2019-12-17T00:00:00.000000Z,0.65831702947616577,0.66110199689865112,0.58044701814651489,0.59184998273849487,58671580
2019-12-18T00:00:00.000000Z,0.59143400192260742,0.66659897565841675,0.57930099964141846,0.66181099414825439,68442696
2019-12-19T00:00:00.000000Z,0.66171997785568237,0.66719400882720947,0.62555599212646484,0.63804399967193604,54470347
2019-12-20T00:00:00.000000Z,0.63806700706481934,0.66075897216796875,0.63322198390960693,0.65878897905349731,48929584
2019-12-21T00:00:00.000000Z,0.65889900922775269,0.65889900922775269,0.64336699247360229,0.65278702974319458,43591750
2019-12-22T00:00:00.000000Z,0.65274101495742798,0.66093999147415161,0.64872097969055176,0.65283501148223877,49274414
2019-12-23T00:00:00.000000Z,0.65265601873397827,0.66608202457427979,0.62784302234649658,0.63122099637985229,46534397
2019-12-24T00:00:00.000000Z,0.63130098581314087,0.63954800367355347,0.61937600374221802,0.62685000896453857,41544063
2019-12-25T00:00:00.000000Z,0.6265450119972229,0.62772601842880249,0.61138302087783813,0.61461198329925537,38304525
2019-12-26T00:00:00.000000Z,0.61518901586532593,0.62957102060317993,0.60265302658081055,0.61640697717666626,40843044
2019-12-27T00:00:00.000000Z,0.6166759729385376,0.63177800178527832,0.61386400461196899,0.6300089955329895,41238630
2019-12-28T00:00:00.000000Z,0.63019001483917236,0.63378697633743286,0.62237900495529175,0.62414300441741943,39096404
2019-12-29T00:00:00.000000Z,0.62427598237991333,0.65084898471832275,0.62291598320007324,0.64192402362823486,45353640
2019-12-30T00:00:00.000000Z,0.64226001501083374,0.64678299427032471,0.62102597951889038,0.62285101413726807,46724429
2019-12-31T00:00:00.000000Z,0.62293398380279541,0.62739300727844238,0.6040949821472168,0.60616397857666016,37839651
2020-01-01T00:00:00.000000Z,0.6056169867515564,0.62199199199676514,0.60513800382614136,0.62158000469207764,38410695
2020-01-02T00:00:00.000000Z,0.62168502807617188,0.62408900260925293,0.58897602558135986,0.59492397308349609,34794310
2020-01-03T00:00:00.000000Z,0.59490799903869629,0.62907201051712036,0.58758598566055298,0.62777698040008545,51694168
2020-01-04T00:00:00.000000Z,0.6275789737701416,0.63497000932693481,0.61901402473449707,0.6312909722328186,50021531
2020-01-05T00:00:00.000000Z,0.63067001104354858,0.65397900342941284,0.62969797849655151,0.63974899053573608,42573647
2020-01-06T00:00:00.000000Z,0.64012199640274048,0.68404901027679443,0.63714897632598877,0.68382799625396729,53770817
2020-01-07T00:00:00.000000Z,0.68314200639724731,0.69888597726821899,0.66771602630615234,0.67266601324081421,49369154
2020-01-08T00:00:00.000000Z,0.67298799753189087,0.68634700775146484,0.64350998401641846,0.66368997097015381,51643692
2020-01-09T00:00:00.000000Z,0.66176098585128784,0.6623309850692749,0.63704001903533936,0.64373600482940674,49366967
2020-01-10T00:00:00.000000Z,0.64328700304031372,0.66747099161148071,0.63216102123260498,0.66357600688934326,55948300
2020-01-11T00:00:00.000000Z,0.66324001550674438,0.68382102251052856,0.66192501783370972,0.67118901014328003,45615196
2020-01-12T00:00:00.000000Z,0.67111498117446899,0.69319897890090942,0.66736602783203125,0.69051599502563477,42686513
2020-01-13T00:00:00.000000Z,0.6913679838180542,0.69698101282119751,0.65843701362609863,0.67466598749160767,45154028
2020-01-14T00:00:00.000000Z,0.67518800497055054,0.74054801464080811,0.67175799608230591,0.73479902744293213,56731071
2020-01-15T00:00:00.000000Z,0.73374301195144653,0.81865298748016357,0.73000597953796387,0.79704397916793823,81583040
2020-01-16T00:00:00.000000Z,0.79751598834991455,0.80044901371002197,0.74559497833251953,0.77411997318267822,55035545
2020-01-17T00:00:00.000000Z,0.77358102798461914,0.89207297563552856,0.76380902528762817,0.89003002643585205,78884775
2020-01-18T00:00:00.000000Z,0.8892819881439209,0.89446902275085449,0.81655597686767578,0.84131497144699097,78424371
2020-01-19T00:00:00.000000Z,0.84152901172637939,0.85424000024795532,0.77014899253845215,0.79924702644348145,67584895
2020-01-20T00:00:00.000000Z,0.79923397302627563,0.80034500360488892,0.75960397720336914,0.78238099813461304,60484563
2020-01-21T00:00:00.000000Z,0.7819409966468811,0.83374297618865967,0.77918702363967896,0.8331339955329895,63103479
2020-01-22T00:00:00.000000Z,0.83353602886199951,0.84819698333740234,0.81169098615646362,0.81779998540878296,59344680
2020-01-23T00:00:00.000000Z,0.81779897212982178,0.81888902187347412,0.75630497932434082,0.76007097959518433,62448795
2020-01-24T00:00:00.000000Z,0.76123398542404175,0.78970801830291748,0.73066598176956177,0.77990400791168213,56574309
2020-01-25T00:00:00.000000Z,0.77976298332214355,0.77976298332214355,0.75446897745132446,0.76309502124786377,44290812
2020-01-26T00:00:00.000000Z,0.76306098699569702,0.80389899015426636,0.75778502225875854,0.79225099086761475,52950894
2020-01-27T00:00:00.000000Z,0.79257601499557495,0.82803899049758911,0.79133701324462891,0.81300300359725952,68737244
2020-01-28T00:00:00.000000Z,0.81317597627639771,0.83072197437286377,0.79323601722717285,0.81725102663040161,74698682
2020-01-29T00:00:00.000000Z,0.81753700971603394,0.85153299570083618,0.81663399934768677,0.84626901149749756,45710380
2020-01-30T00:00:00.000000Z,0.84560698270797729,0.89207297563552856,0.82614797353744507,0.88860499858856201,44947825
2020-01-31T00:00:00.000000Z,0.88862901926040649,0.92022299766540527,0.8758929967880249,0.90483099222183228,72840842
2020-02-01T00:00:00.000000Z,0.90549802780151367,0.91725802421569824,0.90091598033905029,0.91407698392868042,70208127
2020-02-02T00:00:00.000000Z,0.91416299343109131,1.0265690088272095,0.91398501396179199,0.97546297311782837,94024812
2020-02-03T00:00:00.000000Z,0.97496497631072998,0.99103200435638428,0.94178998470306396,0.96998202800750732,85600651
2020-02-04T00:00:00.000000Z,0.96992599964141846,0.9972730278968811,0.94177597761154175,0.98126798868179321,69665207
2020-02-05T00:00:00.000000Z,0.98116797208786011,1.0378780364990234,0.98060297966003418,1.0353820323944092,84339078
2020-02-06T00:00:00.000000Z,1.0357619524002075,1.1483010053634644,1.0331490039825439,1.114982008934021,101431866
2020-02-07T00:00:00.000000Z,1.1147639751434326,1.1768230199813843,1.1147329807281494,1.1316360235214233,101468791
2020-02-08T00:00:00.000000Z,1.1318180561065674,1.1708600521087646,1.0725699663162231,1.1577780246734619,92116114
2020-02-09T00:00:00.000000Z,1.1576260328292847,1.170943021774292,1.1043020486831665,1.1353659629821777,94437943
2020-02-10T00:00:00.000000Z,1.1353989839553833,1.1521450281143188,1.0770280361175537,1.123600959777832,94293839
2020-02-11T00:00:00.000000Z,1.1233869791030884,1.1920119524002075,1.099141001701355,1.1920119524002075,109706741
2020-02-12T00:00:00.000000Z,1.1918380260467529,1.2786580324172974,1.1918380260467529,1.2505919933319092,121947116
2020-02-13T00:00:00.000000Z,1.2512120008468628,1.3110389709472656,1.2303550243377686,1.2801409959793091,126960638
2020-02-14T00:00:00.000000Z,1.2801710367202759,1.3765569925308228,1.2613359689712524,1.3709069490432739,118817863
2020-02-15T00:00:00.000000Z,1.3704459667205811,1.4571839570999146,1.2615050077438354,1.2894129753112793,138736067
2020-02-16T00:00:00.000000Z,1.2895809412002563,1.3377439975738525,1.0965449810028076,1.1908969879150391,143628966
2020-02-17T00:00:00.000000Z,1.1887229681015015,1.1887229681015015,1.0690129995346069,1.1696300506591797,120925677
2020-02-18T00:00:00.000000Z,1.1699329614639282,1.2113529443740845,1.1229920387268066,1.1999330520629883,123890510
2020-02-19T00:00:00.000000Z,1.1995270252227783,1.2210570573806763,1.10480797290802,1.1056259870529175,108210661
2020-02-20T00:00:00.000000Z,1.1052629947662354,1.1330889463424683,1.0420379638671875,1.0852459669113159,135431613
2020-02-21T00:00:00.000000Z,1.0840539932250977,1.120542049407959,1.075456976890564,1.0994549989700317,115151822
2020-02-22T00:00:00.000000Z,1.0999469757080078,1.1148580312728882,1.0676809549331665,1.1106979846954346,112813281
2020-02-23T00:00:00.000000Z,1.1104049682617188,1.1544369459152222,1.1063220500946045,1.1399049758911133,119515970
2020-02-24T00:00:00.000000Z,1.1405309438705444,1.1431070566177368,1.0517369508743286,1.0709429979324341,115059470
2020-02-25T00:00:00.000000Z,1.0701539516448975,1.0701980590820312,0.98710101842880249,0.99574398994445801,106596219
2020-02-26T00:00:00.000000Z,0.99533098936080933,1.0062320232391357,0.83452397584915161,0.86170399188995361,220755270
2020-02-27T00:00:00.000000Z,0.85769098997116089,0.94441497325897217,0.810139000415802,0.88958597183227539,262090904
2020-02-28T00:00:00.000000Z,0.88983798027038574,0.91543298959732056,0.8235200047492981,0.85496699810028076,222675464
2020-02-29T00:00:00.000000Z,0.85475701093673706,0.88305997848510742,0.8397979736328125,0.8397979736328125,225868887
2020-03-01T00:00:00.000000Z,0.83905500173568726,0.8648650050163269,0.80807298421859741,0.84650498628616333,212519202
2020-03-02T00:00:00.000000Z,0.8464360237121582,0.90621399879455566,0.83174800872802734,0.88940602540969849,183741437
2020-03-03T00:00:00.000000Z,0.88940399885177612,0.9042549729347229,0.86764299869537354,0.89549297094345093,204314021
2020-03-04T00:00:00.000000Z,0.8953089714050293,0.90646398067474365,0.88176500797271729,0.8952370285987854,271276123
2020-03-05T00:00:00.000000Z,0.89527899026870728,0.95034301280975342,0.89527899026870728,0.92332899570465088,179651767
2020-03-06T00:00:00.000000Z,0.92348200082778931,0.950950026512146,0.91732197999954224,0.94040101766586304,214750511
2020-03-07T00:00:00.000000Z,0.94674402475357056,0.96999400854110718,0.90400898456573486,0.91555702686309814,178998913
2020-03-08T00:00:00.000000Z,0.91020900011062622,0.9104040265083313,0.76659500598907471,0.77184700965881348,169558671
2020-03-09T00:00:00.000000Z,0.77581900358200073,0.81571000814437866,0.7382509708404541,0.78107601404190063,175920987
2020-03-10T00:00:00.000000Z,0.78156197071075439,0.81157600879669189,0.77496898174285889,0.79308801889419556,164903879
2020-03-11T00:00:00.000000Z,0.79784899950027466,0.80660802125930786,0.7309269905090332,0.74902600049972534,134004912
2020-03-12T00:00:00.000000Z,0.75347501039505005,0.76402699947357178,0.42682600021362305,0.42682600021362305,102500872
2020-03-13T00:00:00.000000Z,0.42519998550415039,0.54618299007415771,0.33715200424194336,0.50171202421188354,147540062
2020-03-14T00:00:00.000000Z,0.50214099884033203,0.5212090015411377,0.46795299649238586,0.47230100631713867,129317635
2020-03-15T00:00:00.000000Z,0.47306498885154724,0.55002301931381226,0.46691799163818359,0.50209498405456543,158012406
2020-03-16T00:00:00.000000Z,0.50208598375320435,0.50806498527526855,0.4055820107460022,0.43841099739074707,134065741
2020-03-17T00:00:00.000000Z,0.43789300322532654,0.48183399438858032,0.43768998980522156,0.46527299284934998,110991918
2020-03-18T00:00:00.000000Z,0.4627000093460083,0.48870599269866943,0.43569099903106689,0.45730999112129211,85177491
2020-03-19T00:00:00.000000Z,0.45631000399589539,0.55572998523712158,0.45624300837516785,0.5422549843788147,150835507
2020-03-20T00:00:00.000000Z,0.54444402456283569,0.59655702114105225,0.48756599426269531,0.53290998935699463,155794069
2020-03-21T00:00:00.000000Z,0.53090298175811768,0.53939598798751831,0.49660199880599976,0.52718299627304077,135941725
2020-03-22T00:00:00.000000Z,0.5247499942779541,0.54610699415206909,0.47779399156570435,0.47812899947166443,129271982
2020-03-23T00:00:00.000000Z,0.47966399788856506,0.51352697610855103,0.4713129997253418,0.50218802690505981,148515176
2020-03-24T00:00:00.000000Z,0.5001710057258606,0.53357100486755371,0.49461299180984497,0.53161698579788208,154904593
2020-03-25T00:00:00.000000Z,0.52818202972412109,0.5327489972114563,0.50035899877548218,0.51289099454879761,141432341
2020-03-26T00:00:00.000000Z,0.51298898458480835,0.52416402101516724,0.50655001401901245,0.52284801006317139,143069584
2020-03-27T00:00:00.000000Z,0.52193301916122437,0.53269797563552856,0.51082801818847656,0.51377701759338379,134257828
2020-03-28T00:00:00.000000Z,0.51597702503204346,0.51597702503204346,0.47572100162506104,0.50298601388931274,153384697
2020-03-29T00:00:00.000000Z,0.50336498022079468,0.50919198989868164,0.46747100353240967,0.47168099880218506,133851192
2020-03-30T00:00:00.000000Z,0.4705359935760498,0.52516597509384155,0.46928000450134277,0.51804602146148682,124771081
2020-03-31T00:00:00.000000Z,0.5153769850730896,0.52350801229476929,0.50943201780319214,0.51875400543212891,89918849
2020-04-01T00:00:00.000000Z,0.51875400543212891,0.53558999300003052,0.50102198123931885,0.5348929762840271,142738254
2020-04-02T00:00:00.000000Z,0.53326898813247681,0.56411302089691162,0.52661597728729248,0.55631399154663086,131600117
2020-04-03T00:00:00.000000Z,0.55396497249603271,0.58157998323440552,0.53931200504302979,0.54922300577163696,162506139
2020-04-04T00:00:00.000000Z,0.54327499866485596,0.55834197998046875,0.54096198081970215,0.55597299337387085,175208064
2020-04-05T00:00:00.000000Z,0.55580002069473267,0.56067901849746704,0.54174000024795532,0.54724997282028198,174156672
2020-04-06T00:00:00.000000Z,0.54734897613525391,0.59936302900314331,0.54539597034454346,0.59663498401641846,172306622
2020-04-07T00:00:00.000000Z,0.59759199619293213,0.63763898611068726,0.59458202123641968,0.60259401798248291,115949532
2020-04-08T00:00:00.000000Z,0.60206598043441772,0.63826501369476318,0.59274101257324219,0.62437701225280762,96991374
2020-04-09T00:00:00.000000Z,0.62358701229095459,0.62949901819229126,0.60044598579406738,0.61045902967453003,98735182
2020-04-10T00:00:00.000000Z,0.61188602447509766,0.61886101961135864,0.54223799705505371,0.56181997060775757,87944952
2020-04-11T00:00:00.000000Z,0.56181997060775757,0.57675701379776001,0.55046802759170532,0.56174600124359131,100623060
2020-04-12T00:00:00.000000Z,0.55935198068618774,0.59268999099731445,0.55452001094818115,0.57328802347183228,94198042
2020-04-13T00:00:00.000000Z,0.57125598192214966,0.5757099986076355,0.53018498420715332,0.5597730278968811,101940659
2020-04-14T00:00:00.000000Z,0.56057697534561157,0.57091397047042847,0.54117602109909058,0.55452001094818115,87644062
2020-04-15T00:00:00.000000Z,0.55247598886489868,0.56914198398590088,0.52769297361373901,0.53158402442932129,106752396
2020-04-16T00:00:00.000000Z,0.53195399045944214,0.5716249942779541,0.51132398843765259,0.56672799587249756,109225947
2020-04-17T00:00:00.000000Z,0.56759798526763916,0.58684498071670532,0.5609700083732605,0.5754929780960083,115509806
2020-04-18T00:00:00.000000Z,0.57640302181243896,0.60453599691390991,0.57121002674102783,0.59822899103164673,129235219
2020-04-19T00:00:00.000000Z,0.60145199298858643,0.60762602090835571,0.5811840295791626,0.58459597826004028,112001621
2020-04-20T00:00:00.000000Z,0.58546799421310425,0.59699100255966187,0.53622102737426758,0.54582899808883667,109419892
2020-04-21T00:00:00.000000Z,0.5468909740447998,0.59963202476501465,0.5399399995803833,0.57160502672195435,126526320
2020-04-22T00:00:00.000000Z,0.57181602716445923,0.59458500146865845,0.56238400936126709,0.58056402206420898,114810776
2020-04-23T00:00:00.000000Z,0.57915800809860229,0.60821002721786499,0.57733398675918579,0.59693998098373413,95397124
2020-04-24T00:00:00.000000Z,0.59536200761795044,0.62879198789596558,0.59306299686431885,0.624409019947052,85691861
2020-04-25T00:00:00.000000Z,0.62468701601028442,0.63978701829910278,0.61415201425552368,0.63382697105407715,88466787
2020-04-26T00:00:00.000000Z,0.63453501462936401,0.66647899150848389,0.63208901882171631,0.66273397207260132,87207410
2020-04-27T00:00:00.000000Z,0.66538101434707642,0.68821001052856445,0.64750897884368896,0.66099298000335693,95544963
2020-04-28T00:00:00.000000Z,0.66161298751831055,0.67593801021575928,0.64635902643203735,0.67246401309967041,87895106
2020-04-29T00:00:00.000000Z,0.67289000749588013,0.77134698629379272,0.66720998287200928,0.76902198791503906,129564059
2020-04-30T00:00:00.000000Z,0.76889199018478394,0.81719100475311279,0.73222202062606812,0.74373000860214233,156437343
2020-05-01T00:00:00.000000Z,0.74373000860214233,0.77308100461959839,0.7422029972076416,0.76076197624206543,162452310
2020-05-02T00:00:00.000000Z,0.7613070011138916,0.80230402946472168,0.74338400363922119,0.75664901733398438,160795890
2020-05-03T00:00:00.000000Z,0.75734001398086548,0.76459199190139771,0.72772699594497681,0.7296149730682373,158964237
2020-05-04T00:00:00.000000Z,0.7296220064163208,0.73347198963165283,0.67895799875259399,0.71902197599411011,132092757
2020-05-05T00:00:00.000000Z,0.71911197900772095,0.73212897777557373,0.70148599147796631,0.70818799734115601,120225714
2020-05-06T00:00:00.000000Z,0.70845001935958862,0.72637701034545898,0.69772201776504517,0.69772201776504517,96442535
2020-05-07T00:00:00.000000Z,0.69742399454116821,0.71824902296066284,0.68628597259521484,0.7113569974899292,132114292
2020-05-08T00:00:00.000000Z,0.71119397878646851,0.81700199842453003,0.71023398637771606,0.77230197191238403,147172224
2020-05-09T00:00:00.000000Z,0.77248001098632812,0.77786499261856079,0.73324698209762573,0.74612802267074585,135697871
2020-05-10T00:00:00.000000Z,0.74646401405334473,0.76819002628326416,0.651233971118927,0.67952501773834229,114133417
2020-05-11T00:00:00.000000Z,0.67883700132369995,0.69715297222137451,0.63567197322845459,0.66897797584533691,102069224
2020-05-12T00:00:00.000000Z,0.66960799694061279,0.74575400352478027,0.66325300931930542,0.72161197662353516,117266625
2020-05-13T00:00:00.000000Z,0.72071599960327148,0.77132797241210938,0.71218502521514893,0.76095598936080933,122943140
2020-05-14T00:00:00.000000Z,0.76049399375915527,0.98860597610473633,0.75108402967453003,0.93908202648162842,225144325
2020-05-15T00:00:00.000000Z,0.93940800428390503,1.0674229860305786,0.93671298027038574,0.9568210244178772,206036619
2020-05-16T00:00:00.000000Z,0.95593297481536865,0.95833802223205566,0.91867202520370483,0.93369102478027344,107556101
2020-05-17T00:00:00.000000Z,0.93373399972915649,1.0124080181121826,0.9187920093536377,0.9765239953994751,115832839
2020-05-18T00:00:00.000000Z,0.97601401805877686,1.0548919439315796,0.9398229718208313,1.0161939859390259,120163207
2020-05-19T00:00:00.000000Z,1.0183470249176025,1.18927001953125,0.96479099988937378,1.1821869611740112,186067435
2020-05-20T00:00:00.000000Z,1.1811259984970093,1.2039300203323364,1.1332269906997681,1.1672500371932983,161410890
2020-05-21T00:00:00.000000Z,1.1666229963302612,1.5867129564285278,1.146509051322937,1.5490440130233765,431405008
2020-05-22T00:00:00.000000Z,1.5480339527130127,2.198544979095459,1.4855220317840576,1.8079359531402588,995071989
2020-05-23T00:00:00.000000Z,1.8078960180282593,2.0860979557037354,1.8026590347290039,1.8796390295028687,427060491
2020-05-24T00:00:00.000000Z,1.8793729543685913,1.9217770099639893,1.5313680171966553,1.5396120548248291,270387006
2020-05-25T00:00:00.000000Z,1.5388410091400146,1.8414440155029297,1.5318260192871094,1.7410440444946289,340772196
2020-05-26T00:00:00.000000Z,1.7343720197677612,1.7719379663467407,1.614251971244812,1.6545330286026001,228866597
2020-05-27T00:00:00.000000Z,1.6549830436706543,1.7164779901504517,1.6249599456787109,1.6486940383911133,191604946
2020-05-28T00:00:00.000000Z,1.6489360332489014,1.6629569530487061,1.5893440246582031,1.6083760261535645,168638764
2020-05-29T00:00:00.000000Z,1.6081440448760986,1.660269021987915,1.5903249979019165,1.6066130399703979,161595936
2020-05-30T00:00:00.000000Z,1.6067349910736084,1.6092339754104614,1.5375239849090576,1.5811610221862793,158272400
2020-05-31T00:00:00.000000Z,1.5813759565353394,1.5813759565353394,1.4752780199050903,1.5136740207672119,155690499
2020-06-01T00:00:00.000000Z,1.5137180089950562,1.7728339433670044,1.4888219833374023,1.7247560024261475,370899161
2020-06-02T00:00:00.000000Z,1.7211810350418091,1.7811729907989502,1.6137069463729858,1.7304090261459351,249784656
2020-06-03T00:00:00.000000Z,1.7303309440612793,1.7714489698410034,1.7049410343170166,1.7086939811706543,161201667
2020-06-04T00:00:00.000000Z,1.7105230093002319,1.7222139835357666,1.6664350032806396,1.6962499618530273,123119928
2020-06-05T00:00:00.000000Z,1.6964160203933716,1.7000299692153931,1.6532429456710815,1.6532429456710815,105173139
2020-06-06T00:00:00.000000Z,1.6544630527496338,1.7587519884109497,1.6230380535125732,1.7069269418716431,126248570
2020-06-07T00:00:00.000000Z,1.7072739601135254,1.7404769659042358,1.6611449718475342,1.6976139545440674,112228834
2020-06-08T00:00:00.000000Z,1.6981470584869385,1.7091590166091919,1.6711030006408691,1.6785420179367065,94390363
2020-06-09T00:00:00.000000Z,1.6769479513168335,1.6997439861297607,1.6331150531768799,1.6552289724349976,104192424
2020-06-10T00:00:00.000000Z,1.654636025428772,1.6925660371780396,1.6202809810638428,1.6524440050125122,96810207
2020-06-11T00:00:00.000000Z,1.6522300243377686,1.6593489646911621,1.496304988861084,1.5131069421768188,106234936
2020-06-12T00:00:00.000000Z,1.5132410526275635,1.5792950391769409,1.4998610019683838,1.5552999973297119,94636046
2020-06-13T00:00:00.000000Z,1.5554690361022949,1.6778659820556641,1.5521340370178223,1.6210869550704956,113187543
2020-06-14T00:00:00.000000Z,1.6213669776916504,1.6225709915161133,1.5394300222396851,1.5724389553070068,95815637
2020-06-15T00:00:00.000000Z,1.5724389553070068,1.577455997467041,1.4207140207290649,1.5067919492721558,106249607
2020-06-16T00:00:00.000000Z,1.5068219900131226,1.5432029962539673,1.4956239461898804,1.5270960330963135,85057867
2020-06-17T00:00:00.000000Z,1.5276269912719727,1.5283260345458984,1.4937700033187866,1.5138670206069946,82744087
2020-06-18T00:00:00.000000Z,1.5138670206069946,1.5200070142745972,1.4584120512008667,1.4829000234603882,88423037
2020-06-19T00:00:00.000000Z,1.4833780527114868,1.4860550165176392,1.4483590126037598,1.4540489912033081,94567352
2020-06-20T00:00:00.000000Z,1.4540489912033081,1.4989759922027588,1.4526059627532959,1.4694889783859253,93105320
2020-06-21T00:00:00.000000Z,1.4686870574951172,1.4839509725570679,1.453449010848999,1.4538429975509644,78029403
2020-06-22T00:00:00.000000Z,1.4542169570922852,1.6254949569702148,1.4533829689025879,1.6198409795761108,143407724
2020-06-23T00:00:00.000000Z,1.6202529668807983,1.6687450408935547,1.5669640302658081,1.5695630311965942,103654066
2020-06-24T00:00:00.000000Z,1.5697649717330933,1.5931320190429688,1.4923369884490967,1.5169680118560791,81398480
2020-06-25T00:00:00.000000Z,1.5162479877471924,1.5163240432739258,1.4676330089569092,1.4733109474182129,79492554
2020-06-26T00:00:00.000000Z,1.4734510183334351,1.4814070463180542,1.452644944190979,1.4590619802474976,69593457
2020-06-27T00:00:00.000000Z,1.4589669704437256,1.4670560359954834,1.3364770412445068,1.3929159641265869,78848729
2020-06-28T00:00:00.000000Z,1.3929159641265869,1.4356110095977783,1.3544470071792603,1.4192290306091309,79054749
2020-06-29T00:00:00.000000Z,1.4198399782180786,1.4999040365219116,1.3775579929351807,1.4717940092086792,88030823
2020-06-30T00:00:00.000000Z,1.4709910154342651,1.4942810535430908,1.4561480283737183,1.4725810289382935,72949467
2020-07-01T00:00:00.000000Z,1.4718910455703735,1.4844110012054443,1.4519670009613037,1.4703719615936279,71263690
2020-07-02T00:00:00.000000Z,1.4690550565719604,1.4797689914703369,1.4100650548934937,1.4328509569168091,73891255
2020-07-03T00:00:00.000000Z,1.4332849979400635,1.4418309926986694,1.3994599580764771,1.4325870275497437,77682735
2020-07-04T00:00:00.000000Z,1.4405759572982788,1.5490050315856934,1.4360640048980713,1.5169219970703125,123412719
2020-07-05T00:00:00.000000Z,1.5170199871063232,1.5212759971618652,1.4654059410095215,1.4887800216674805,86945293
2020-07-06T00:00:00.000000Z,1.4887800216674805,1.5753159523010254,1.4887800216674805,1.5640610456466675,108653303
2020-07-07T00:00:00.000000Z,1.5620900392532349,1.5680969953536987,1.5066180229187012,1.5270129442214966,89853294
2020-07-08T00:00:00.000000Z,1.5281620025634766,1.6347390413284302,1.522784948348999,1.6155680418014526,112878433
2020-07-09T00:00:00.000000Z,1.6155680418014526,1.6160240173339844,1.5235300064086914,1.5574799776077271,102705983
2020-07-10T00:00:00.000000Z,1.5574320554733276,1.5575900077819824,1.4961960315704346,1.5495500564575195,79737075
2020-07-11T00:00:00.000000Z,1.5494569540023804,1.5534520149230957,1.5276869535446167,1.5306500196456909,70697106
2020-07-12T00:00:00.000000Z,1.5311599969863892,1.5804129838943481,1.5156999826431274,1.5346850156784058,78687275
2020-07-13T00:00:00.000000Z,1.5346850156784058,1.577936053276062,1.5192240476608276,1.5413839817047119,89038136
2020-07-14T00:00:00.000000Z,1.5389449596405029,1.5389449596405029,1.4994540214538574,1.5285379886627197,75125964
2020-07-15T00:00:00.000000Z,1.5283800363540649,1.5299639701843262,1.5063450336456299,1.5211549997329712,65294264
2020-07-16T00:00:00.000000Z,1.5211280584335327,1.5279799699783325,1.4675999879837036,1.4771369695663452,76315777
2020-07-17T00:00:00.000000Z,1.4771319627761841,1.507114052772522,1.4732389450073242,1.4919699430465698,66449753
2020-07-18T00:00:00.000000Z,1.4922070503234863,1.5822000503540039,1.4801390171051025,1.5714340209960938,104983309
2020-07-19T00:00:00.000000Z,1.5711879730224609,1.6256380081176758,1.5340909957885742,1.546394944190979,96662983
2020-07-20T00:00:00.000000Z,1.5470839738845825,1.721377968788147,1.5464270114898682,1.6181310415267944,118688958
2020-07-21T00:00:00.000000Z,1.6176439523696899,1.717581033706665,1.6121569871902466,1.636044979095459,116380243
2020-07-22T00:00:00.000000Z,1.635822057723999,1.7211400270462036,1.6246229410171509,1.7150759696960449,109557482
2020-07-23T00:00:00.000000Z,1.7150590419769287,1.7452770471572876,1.6692889928817749,1.6811059713363647,95968264
2020-07-24T00:00:00.000000Z,1.681475043296814,1.6835310459136963,1.6204420328140259,1.6270400285720825,85132425
2020-07-25T00:00:00.000000Z,1.6275279521942139,1.676906943321228,1.6272259950637817,1.6502590179443359,71923162
2020-07-26T00:00:00.000000Z,1.6498939990997314,1.6885570287704468,1.6244289875030518,1.639788031578064,87426075
2020-07-27T00:00:00.000000Z,1.6401029825210571,1.6447490453720093,1.5199929475784302,1.5820289850234985,112990873
2020-07-28T00:00:00.000000Z,1.5827039480209351,1.6211830377578735,1.5545439720153809,1.6084259748458862,92846682
2020-07-29T00:00:00.000000Z,1.6082619428634644,1.6498219966888428,1.588426947593689,1.6208510398864746,84236187
2020-07-30T00:00:00.000000Z,1.6215020418167114,1.6438930034637451,1.558182954788208,1.6033339500427246,69171055
2020-07-31T00:00:00.000000Z,1.6028310060501099,1.6694730520248413,1.5971510410308838,1.6436280012130737,69984720
2020-08-01T00:00:00.000000Z,1.6436280012130737,1.7179689407348633,1.6056309938430786,1.7171299457550049,91724397
2020-08-02T00:00:00.000000Z,1.7183339595794678,1.737267017364502,1.5460120439529419,1.5887559652328491,92987979
2020-08-03T00:00:00.000000Z,1.5892599821090698,1.6123420000076294,1.5689100027084351,1.5758060216903687,74230911
2020-08-04T00:00:00.000000Z,1.5757689476013184,1.6083240509033203,1.5593340396881104,1.5902750492095947,61885639
2020-08-05T00:00:00.000000Z,1.5900349617004395,1.6279560327529907,1.5872169733047485,1.5958629846572876,76959132
2020-08-06T00:00:00.000000Z,1.5958219766616821,1.6224470138549805,1.5773810148239136,1.6116529703140259,62837891
2020-08-07T00:00:00.000000Z,1.6120929718017578,1.6424260139465332,1.5546469688415527,1.5723259449005127,70793655
2020-08-08T00:00:00.000000Z,1.5725259780883789,1.6137460470199585,1.5623259544372559,1.6098190546035767,61718800
2020-08-09T00:00:00.000000Z,1.6117229461669922,1.72188401222229,1.591575026512146,1.7069799900054932,81276899
2020-08-10T00:00:00.000000Z,1.7087260484695435,1.8487410545349121,1.7044800519943237,1.801131010055542,136346366
2020-08-11T00:00:00.000000Z,1.8011369705200195,1.8020370006561279,1.627485990524292,1.6578480005264282,86130985
2020-08-12T00:00:00.000000Z,1.6581530570983887,1.727957010269165,1.5972529649734497,1.7137490510940552,73069983
2020-08-13T00:00:00.000000Z,1.7137570381164551,1.9053599834442139,1.658079981803894,1.855754017829895,126656935
2020-08-14T00:00:00.000000Z,1.8565469980239868,2.0746760368347168,1.8175870180130005,2.0213379859924316,147784217
2020-08-15T00:00:00.000000Z,2.0201339721679688,2.0438010692596436,1.9177559614181519,1.9481920003890991,95630945
2020-08-16T00:00:00.000000Z,1.9480810165405273,3.1048779487609863,1.9128739833831787,2.7933061122894287,425917385
2020-08-17T00:00:00.000000Z,2.7933061122894287,3.2803690433502197,2.682373046875,2.682373046875,491175213
2020-08-18T00:00:00.000000Z,2.6990370750427246,2.8909859657287598,2.5206010341644287,2.7110850811004639,244953068
2020-08-19T00:00:00.000000Z,2.7110850811004639,3.4239521026611328,2.668910026550293,3.3458759784698486,589606813
2020-08-20T00:00:00.000000Z,3.354686975479126,5.9450278282165527,3.2731080055236816,5.7231569290161133,2292512926
2020-08-21T00:00:00.000000Z,5.722620964050293,9.432307243347168,5.6670222282409668,6.1716151237487793,4170231184
2020-08-22T00:00:00.000000Z,6.1383771896362305,6.4488368034362793,5.3565258979797363,6.0402131080627441,1553216210
2020-08-23T00:00:00.000000Z,6.0861821174621582,7.1735830307006836,6.0221381187438965,6.4137849807739258,1483940041
2020-08-24T00:00:00.000000Z,6.4173030853271484,6.4335727691650391,5.7575368881225586,5.855076789855957,651989584
2020-08-25T00:00:00.000000Z,5.8550138473510742,5.8779430389404297,4.881101131439209,5.1675329208374023,789356267
2020-08-26T00:00:00.000000Z,5.1709527969360352,5.8111181259155273,4.9535088539123535,5.5075840950012207,1010815043
2020-08-27T00:00:00.000000Z,5.5011811256408691,5.5093398094177246,4.9538531303405762,5.0123147964477539,659488012
2020-08-28T00:00:00.000000Z,5.0077028274536133,5.4392900466918945,4.8948168754577637,5.368412971496582,545623952
2020-08-29T00:00:00.000000Z,5.4005880355834961,5.4345798492431641,5.0750069618225098,5.1309280395507812,498069543
2020-08-30T00:00:00.000000Z,5.1140341758728027,5.7905597686767578,5.0954780578613281,5.5129637718200684,583246290
2020-08-31T00:00:00.000000Z,5.4973077774047852,5.5686478614807129,5.129237174987793,5.1333541870117188,541165704
2020-09-01T00:00:00.000000Z,5.1307401657104492,5.1588220596313477,4.9885659217834473,5.0046582221984863,464910255
2020-09-02T00:00:00.000000Z,5.0061860084533691,5.2279038429260254,4.1221671104431152,4.4265542030334473,508356830
2020-09-03T00:00:00.000000Z,4.4261951446533203,4.4351601600646973,3.4701309204101562,3.5654339790344238,416473324
2020-09-04T00:00:00.000000Z,3.5660789012908936,4.4799442291259766,3.3513660430908203,4.2640361785888672,646760694
2020-09-05T00:00:00.000000Z,4.2692098617553711,4.5064969062805176,3.4731369018554688,3.7576830387115479,503799867
2020-09-06T00:00:00.000000Z,3.7576830387115479,4.0315961837768555,3.4059689044952393,3.9291338920593262,346616271
2020-09-07T00:00:00.000000Z,3.9360859394073486,3.9502410888671875,3.3365790843963623,3.6011419296264648,291670975
2020-09-08T00:00:00.000000Z,3.6029360294342041,3.7930359840393066,3.4151771068572998,3.525691032409668,238351756
2020-09-09T00:00:00.000000Z,3.5290899276733398,3.8785929679870605,3.4388389587402344,3.8415639400482178,241194438
2020-09-10T00:00:00.000000Z,3.8428659439086914,4.0377798080444336,3.7328081130981445,3.824383020401001,265414166
2020-09-11T00:00:00.000000Z,3.824383020401001,3.8705780506134033,3.6413319110870361,3.8274331092834473,187233808
2020-09-12T00:00:00.000000Z,3.8276979923248291,4.1384868621826172,3.7734439373016357,4.0984501838684082,210775775
2020-09-13T00:00:00.000000Z,4.0984501838684082,4.1183099746704102,3.6783730983734131,3.8183929920196533,226246285
2020-09-14T00:00:00.000000Z,3.8162369728088379,3.9534459114074707,3.7031700611114502,3.8341920375823975,167695432
2020-09-15T00:00:00.000000Z,3.8336300849914551,3.8515799045562744,3.4627609252929688,3.4754259586334229,145086131
2020-09-16T00:00:00.000000Z,3.4763309955596924,3.552541971206665,3.3438549041748047,3.4191899299621582,127361189
2020-09-17T00:00:00.000000Z,3.418971061706543,3.5296878814697266,3.2178409099578857,3.2707240581512451,136966413
2020-09-18T00:00:00.000000Z,3.2707240581512451,3.4183530807495117,2.9597299098968506,3.0135500431060791,184356276
2020-09-19T00:00:00.000000Z,3.0215470790863037,3.1576569080352783,2.9868431091308594,3.0673060417175293,122559404
2020-09-20T00:00:00.000000Z,3.0644419193267822,3.1199080944061279,2.8399100303649902,2.9115710258483887,101215718
2020-09-21T00:00:00.000000Z,2.9102649688720703,2.9466021060943604,2.5387930870056152,2.5753319263458252,130550131
2020-09-22T00:00:00.000000Z,2.5749471187591553,3.2466309070587158,2.5491600036621094,3.2287869453430176,202499365
2020-09-23T00:00:00.000000Z,3.2301108837127686,3.230910062789917,2.721121072769165,2.7449789047241211,270172372
2020-09-24T00:00:00.000000Z,2.748939037322998,3.1446399688720703,2.7337760925292969,3.102863073348999,168634909
2020-09-25T00:00:00.000000Z,3.107184886932373,3.2195830345153809,2.9440829753875732,3.1161739826202393,142239875
2020-09-26T00:00:00.000000Z,3.1266169548034668,3.1781539916992188,3.0518150329589844,3.0993070602416992,121966620
2020-09-27T00:00:00.000000Z,3.1003799438476562,3.1051208972930908,2.9763391017913818,3.0850570201873779,100729216
2020-09-28T00:00:00.000000Z,3.0792350769042969,4.2508468627929688,3.0768749713897705,3.7831060886383057,566247480
2020-09-29T00:00:00.000000Z,3.7751259803771973,4.3694519996643066,3.7687809467315674,4.0933809280395508,635837595
2020-09-30T00:00:00.000000Z,4.0972661972045898,4.1027431488037109,3.8544418811798096,4.0080771446228027,252873641
2020-10-01T00:00:00.000000Z,4.0136837959289551,4.3778071403503418,3.8601651191711426,4.0173139572143555,371045852
2020-10-02T00:00:00.000000Z,4.019618034362793,4.2379717826843262,3.6188590526580811,3.8322999477386475,403531497
2020-10-03T00:00:00.000000Z,3.7972919940948486,3.8738369941711426,3.7214610576629639,3.7346000671386719,190122144
2020-10-04T00:00:00.000000Z,3.736112117767334,3.7417449951171875,3.5324079990386963,3.6303238868713379,175014526
2020-10-05T00:00:00.000000Z,3.6339049339294434,3.879086971282959,3.6339049339294434,3.8167619705200195,184954172
2020-10-06T00:00:00.000000Z,3.8148939609527588,3.8148939609527588,3.2921679019927979,3.3657369613647461,212765829
2020-10-07T00:00:00.000000Z,3.3650400638580322,3.3650400638580322,3.1231689453125,3.2584059238433838,202407704
2020-10-08T00:00:00.000000Z,3.2638370990753174,3.4592599868774414,3.0348930358886719,3.3653709888458252,223479616
2020-10-09T00:00:00.000000Z,3.3779129981994629,3.5944170951843262,3.276339054107666,3.4894299507141113,209072352
2020-10-10T00:00:00.000000Z,3.4866271018981934,3.8621909618377686,3.4829089641571045,3.6376121044158936,254655342
2020-10-11T00:00:00.000000Z,3.6287209987640381,3.7712199687957764,3.5324039459228516,3.6520531177520752,164014673
2020-10-12T00:00:00.000000Z,3.6521329879760742,3.7210168838500977,3.5088129043579102,3.6345338821411133,168165416
2020-10-13T00:00:00.000000Z,3.639509916305542,3.6570780277252197,3.4684779644012451,3.5314099788665771,126506529
2020-10-14T00:00:00.000000Z,3.5318570137023926,3.5517699718475342,3.2834939956665039,3.3581140041351318,136540448
2020-10-15T00:00:00.000000Z,3.344264030456543,3.5027968883514404,3.2460479736328125,3.4324359893798828,144951300
2020-10-16T00:00:00.000000Z,3.4342830181121826,3.4908339977264404,3.2403740882873535,3.2441248893737793,123224244
2020-10-17T00:00:00.000000Z,3.2394020557403564,3.2835919857025146,3.1395139694213867,3.2620940208435059,105388599
2020-10-18T00:00:00.000000Z,3.2599809169769287,3.4332189559936523,3.2533829212188721,3.4063210487365723,97022347
2020-10-19T00:00:00.000000Z,3.4068961143493652,3.482964038848877,3.2591331005096436,3.3505840301513672,116391847
2020-10-20T00:00:00.000000Z,3.3574810028076172,3.3769850730895996,3.0956320762634277,3.1457149982452393,112707106
2020-10-21T00:00:00.000000Z,3.1441559791564941,3.4102780818939209,3.1328949928283691,3.2773010730743408,124734468
2020-10-22T00:00:00.000000Z,3.2755610942840576,3.5729169845581055,3.271367073059082,3.4818120002746582,132941991
2020-10-23T00:00:00.000000Z,3.4879341125488281,3.6453590393066406,3.4068679809570312,3.5196480751037598,126156600
2020-10-24T00:00:00.000000Z,3.5196599960327148,3.5574750900268555,3.4329550266265869,3.4898960590362549,101841848
2020-10-25T00:00:00.000000Z,3.4898960590362549,3.4909210205078125,3.3134219646453857,3.3487479686737061,93028511
2020-10-26T00:00:00.000000Z,3.348750114440918,3.4071168899536133,3.0948200225830078,3.2448379993438721,120267652
2020-10-27T00:00:00.000000Z,3.2448298931121826,3.2920539379119873,3.1540300846099854,3.2094790935516357,102671202
2020-10-28T00:00:00.000000Z,3.2094860076904297,3.2440009117126465,2.993804931640625,3.0596721172332764,102797754
2020-10-29T00:00:00.000000Z,3.0596680641174316,3.1160891056060791,2.8541069030761719,2.8872280120849609,112387946
2020-10-30T00:00:00.000000Z,2.8872449398040771,2.9108688831329346,2.7680220603942871,2.8661079406738281,109124833
2020-10-31T00:00:00.000000Z,2.8661220073699951,2.9893739223480225,2.855942964553833,2.9195430278778076,91821074
2020-11-01T00:00:00.000000Z,2.9195430278778076,3.1770420074462891,2.8745670318603516,3.1300439834594727,124134113
2020-11-02T00:00:00.000000Z,3.1299929618835449,3.1755459308624268,2.9613480567932129,2.9924020767211914,101934088
2020-11-03T00:00:00.000000Z,2.992387056350708,2.9953770637512207,2.8159110546112061,2.8784360885620117,104746171
2020-11-04T00:00:00.000000Z,2.8784070014953613,2.9841670989990234,2.6524229049682617,2.770392894744873,124588696
2020-11-05T00:00:00.000000Z,2.7704219818115234,2.9492900371551514,2.6929969787597656,2.8976600170135498,139291672
2020-11-06T00:00:00.000000Z,2.8976709842681885,3.3477199077606201,2.8849189281463623,3.3049280643463135,161502965
2020-11-07T00:00:00.000000Z,3.3049280643463135,3.4703969955444336,2.9489150047302246,3.0581638813018799,186595247
2020-11-08T00:00:00.000000Z,3.0581638813018799,3.2880110740661621,3.0149528980255127,3.1817929744720459,127780754
2020-11-09T00:00:00.000000Z,3.1818249225616455,3.2315449714660645,3.0324881076812744,3.163100004196167,119767298
2020-11-10T00:00:00.000000Z,3.1633260250091553,3.2514519691467285,3.0895841121673584,3.2113749980926514,120774707
2020-11-11T00:00:00.000000Z,3.2113690376281738,3.8088390827178955,3.2113690376281738,3.5135750770568848,288956146
2020-11-12T00:00:00.000000Z,3.513556957244873,3.7816579341888428,3.403778076171875,3.4854369163513184,277821890
2020-11-13T00:00:00.000000Z,3.4854350090026855,3.6260910034179688,3.4392359256744385,3.6166059970855713,174525051
2020-11-14T00:00:00.000000Z,3.6166059970855713,3.6278989315032959,3.3315460681915283,3.4192790985107422,194527663
2020-11-15T00:00:00.000000Z,3.4192790985107422,3.4670729637145996,3.2490971088409424,3.3175849914550781,145281673
2020-11-16T00:00:00.000000Z,3.3175818920135498,3.4602839946746826,3.2826790809631348,3.4237399101257324,126043461
2020-11-17T00:00:00.000000Z,3.4632570743560791,3.5311648845672607,3.4135050773620605,3.4494340419769287,149823096
2020-11-18T00:00:00.000000Z,3.4494218826293945,3.4780690670013428,3.200753927230835,3.3295578956604004,166289428
2020-11-19T00:00:00.000000Z,3.3294849395751953,3.3380401134490967,3.1986639499664307,3.2634749412536621,133315607
2020-11-20T00:00:00.000000Z,3.2635290622711182,3.6305959224700928,3.2599890232086182,3.531696081161499,213557690
2020-11-21T00:00:00.000000Z,3.5316939353942871,4.2804107666015625,3.5303440093994141,4.2198591232299805,528066156
2020-11-22T00:00:00.000000Z,4.2198591232299805,4.2267341613769531,3.6413919925689697,3.8721749782562256,327880112
2020-11-23T00:00:00.000000Z,3.8721868991851807,4.2037591934204102,3.7982831001281738,4.2037501335144043,312210277
2020-11-24T00:00:00.000000Z,4.2027778625488281,4.5889391899108887,3.9946410655975342,4.3177962303161621,453199862
2020-11-25T00:00:00.000000Z,4.3181819915771484,5.0353488922119141,4.1417732238769531,4.408203125,610753905
2020-11-26T00:00:00.000000Z,4.4052119255065918,4.629086971282959,3.2599821090698242,3.6730349063873291,497453663
2020-11-27T00:00:00.000000Z,3.6748020648956299,3.8118031024932861,3.3465909957885742,3.5854589939117432,256373928
2020-11-28T00:00:00.000000Z,3.586967945098877,3.9212150573730469,3.4819159507751465,3.7554969787597656,227561390
2020-11-29T00:00:00.000000Z,3.7561359405517578,3.8282959461212158,3.6034049987792969,3.7496271133422852,175687884
2020-11-30T00:00:00.000000Z,3.7495450973510742,3.9651060104370117,3.6917450428009033,3.9017219543457031,237551987
2020-12-01T00:00:00.000000Z,3.9030110836029053,4.0427060127258301,3.5680599212646484,3.6491849422454834,242599842
2020-12-02T00:00:00.000000Z,3.6500658988952637,3.8327169418334961,3.5942239761352539,3.7629330158233643,188243571
2020-12-03T00:00:00.000000Z,3.7640490531921387,3.823875904083252,3.6917190551757812,3.7702751159667969,143399303
2020-12-04T00:00:00.000000Z,3.7708249092102051,4.3441591262817383,3.4995639324188232,3.5271079540252686,513039441
2020-12-05T00:00:00.000000Z,3.524245023727417,3.7824819087982178,3.4802420139312744,3.759026050567627,191333018
2020-12-06T00:00:00.000000Z,3.7582080364227295,3.7626349925994873,3.5721619129180908,3.6783509254455566,129763996
2020-12-07T00:00:00.000000Z,3.6783089637756348,3.7090580463409424,3.5347139835357666,3.5756790637969971,140899577
2020-12-08T00:00:00.000000Z,3.5754580497741699,3.5801599025726318,3.1867361068725586,3.2381539344787598,174121680
2020-12-09T00:00:00.000000Z,3.2379889488220215,3.3065340518951416,3.0316810607910156,3.2775208950042725,164183860
2020-12-10T00:00:00.000000Z,3.2771589756011963,3.2955648899078369,3.0736989974975586,3.1444830894470215,112351708
2020-12-11T00:00:00.000000Z,3.1445920467376709,3.2607250213623047,2.9695758819580078,2.9973559379577637,151677143
2020-12-12T00:00:00.000000Z,2.9957079887390137,3.2193019390106201,2.9911949634552002,3.1893980503082275,123061401
2020-12-13T00:00:00.000000Z,3.1895880699157715,3.3381381034851074,3.1126880645751953,3.2648589611053467,130152930
2020-12-14T00:00:00.000000Z,3.2655680179595947,3.2797338962554932,3.1537868976593018,3.2192139625549316,120074622
2020-12-15T00:00:00.000000Z,3.2193698883056641,3.298612117767334,3.1462359428405762,3.162269115447998,133688436
2020-12-16T00:00:00.000000Z,3.1614749431610107,3.3244659900665283,3.0891029834747314,3.3214030265808105,172686590
2020-12-17T00:00:00.000000Z,3.3221950531005859,3.4671599864959717,3.1870839595794678,3.2301681041717529,243713466
2020-12-18T00:00:00.000000Z,3.2307078838348389,3.3036649227142334,3.1741020679473877,3.229788064956665,157820225
2020-12-19T00:00:00.000000Z,3.2292730808258057,3.3679718971252441,3.2177538871765137,3.249906063079834,162067311
2020-12-20T00:00:00.000000Z,3.2494359016418457,3.3064889907836914,3.1396510601043701,3.1562049388885498,169539888
2020-12-21T00:00:00.000000Z,3.1574831008911133,3.2401111125946045,2.917057991027832,2.9629330635070801,188276439
2020-12-22T00:00:00.000000Z,2.9602560997009277,3.0115840435028076,2.8197140693664551,2.991365909576416,172332430
2020-12-23T00:00:00.000000Z,2.9910900592803955,3.0024120807647705,2.0477850437164307,2.3357470035552979,236599548
2020-12-24T00:00:00.000000Z,2.3372800350189209,2.581334114074707,2.2646560668945312,2.5774929523468018,181299541
2020-12-25T00:00:00.000000Z,2.5775060653686523,2.7517590522766113,2.5355930328369141,2.5828859806060791,156795723
2020-12-26T00:00:00.000000Z,2.5827798843383789,2.6252350807189941,2.4896500110626221,2.5297160148620605,136861013
2020-12-27T00:00:00.000000Z,2.5294909477233887,2.8193459510803223,2.4184279441833496,2.6040070056915283,201337355
2020-12-28T00:00:00.000000Z,2.6128990650177002,2.7736198902130127,2.5914840698242188,2.6504690647125244,174113614
2020-12-29T00:00:00.000000Z,2.650223970413208,2.7100639343261719,2.4202709197998047,2.5320670604705811,182090235
2020-12-30T00:00:00.000000Z,2.5306999683380127,2.5391590595245361,2.4154360294342041,2.4335529804229736,137540248
2020-12-31T00:00:00.000000Z,2.4327700138092041,2.52274489402771,2.3636600971221924,2.4492928981781006,150993454
2021-01-01T00:00:00.000000Z,2.4476358890533447,2.6934831142425537,2.4193589687347412,2.501533031463623,194121720
2021-01-02T00:00:00.000000Z,2.5016129016876221,2.6571331024169922,2.4412539005279541,2.4994900226593018,226311855
2021-01-03T00:00:00.000000Z,2.4996740818023682,3.0416290760040283,2.4550819396972656,3.0416290760040283,325168905
2021-01-04T00:00:00.000000Z,3.0426421165466309,3.3537890911102295,2.6903460025787354,3.22884202003479,600097784
2021-01-05T00:00:00.000000Z,3.2344579696655273,3.6650769710540771,3.1079010963439941,3.4389359951019287,739878375
2021-01-06T00:00:00.000000Z,3.4398999214172363,3.8536999225616455,3.2800300121307373,3.6489009857177734,616535817
2021-01-07T00:00:00.000000Z,3.6497910022735596,3.8546750545501709,3.4258460998535156,3.4746880531311035,497258472
2021-01-08T00:00:00.000000Z,3.4733591079711914,3.5163919925689697,3.0880610942840576,3.3573770523071289,351005163
2021-01-09T00:00:00.000000Z,3.3570940494537354,3.7667429447174072,3.2750389575958252,3.6552391052246094,366113876
2021-01-10T00:00:00.000000Z,3.6591188907623291,4.0619277954101562,3.2886919975280762,3.6068758964538574,546000952
2021-01-11T00:00:00.000000Z,3.6065919399261475,3.6065919399261475,2.6349339485168457,3.0744481086730957,458235992
2021-01-12T00:00:00.000000Z,3.0748629570007324,3.2463231086730957,2.895582914352417,2.9808230400085449,275907431
2021-01-13T00:00:00.000000Z,2.9810938835144043,3.2525970935821533,2.9079709053039551,3.2260200977325439,247920014
2021-01-14T00:00:00.000000Z,3.2255120277404785,3.3392119407653809,3.1051230430603027,3.2032630443572998,290322194
2021-01-15T00:00:00.000000Z,3.2064049243927002,3.7712509632110596,3.1968860626220703,3.5536520481109619,624500944
2021-01-16T00:00:00.000000Z,3.5539929866790771,3.8028919696807861,3.4532139301300049,3.5432460308074951,481926924
2021-01-17T00:00:00.000000Z,3.5372788906097412,3.7335660457611084,3.3298499584197998,3.6655330657958984,406344509
2021-01-18T00:00:00.000000Z,3.6675729751586914,4.3580751419067383,3.6038229465484619,4.1584558486938477,965640263
2021-01-19T00:00:00.000000Z,4.1557650566101074,4.2545709609985352,3.8228859901428223,3.8562209606170654,473962838
2021-01-20T00:00:00.000000Z,3.8448660373687744,3.9661860466003418,3.4832179546356201,3.7991080284118652,381938861
2021-01-21T00:00:00.000000Z,3.8005850315093994,3.8083059787750244,3.2139420509338379,3.2139420509338379,369346407
2021-01-22T00:00:00.000000Z,3.2123219966888428,3.4853711128234863,2.9696910381317139,3.3626000881195068,319795769
2021-01-23T00:00:00.000000Z,3.3600709438323975,3.747852087020874,3.3201820850372314,3.6235411167144775,386101666
2021-01-24T00:00:00.000000Z,3.6238739490509033,3.847506046295166,3.4682919979095459,3.5888841152191162,389403859
2021-01-25T00:00:00.000000Z,3.5865070819854736,3.8026959896087646,3.5052199363708496,3.5469439029693604,418566122
2021-01-26T00:00:00.000000Z,3.5473339557647705,3.6549339294433594,3.2722470760345459,3.4351639747619629,297067071
2021-01-27T00:00:00.000000Z,3.4347829818725586,3.4417440891265869,3.0784890651702881,3.1367220878601074,248274215
2021-01-28T00:00:00.000000Z,3.1351230144500732,3.3641979694366455,3.0858500003814697,3.3221418857574463,246218394
2021-01-29T00:00:00.000000Z,3.5580549240112305,3.8016119003295898,3.3093569278717041,3.5115220546722412,697362255
2021-01-30T00:00:00.000000Z,3.5101330280303955,3.5887210369110107,3.3461439609527588,3.4723649024963379,306198148
2021-01-31T00:00:00.000000Z,3.4738430976867676,3.7543060779571533,3.4229838848114014,3.5195438861846924,421555374
2021-02-01T00:00:00.000000Z,3.5189909934997559,4.2989368438720703,3.4002320766448975,4.1385989189147949,1084404767
2021-02-02T00:00:00.000000Z,4.1445198059082031,4.1543259620666504,3.8184430599212646,3.9515860080718994,641408209
2021-02-03T00:00:00.000000Z,3.9511489868164062,4.779566764831543,3.876168966293335,4.6015372276306152,1000543103
2021-02-04T00:00:00.000000Z,4.605194091796875,4.646151065826416,4.1506009101867676,4.4374289512634277,690161412
2021-02-05T00:00:00.000000Z,4.4366922378540039,5.4568548202514648,4.4272308349609375,5.1748418807983398,1192522262
2021-02-06T00:00:00.000000Z,5.1695570945739746,5.362037181854248,4.7214140892028809,4.8822097778320312,825959597
2021-02-07T00:00:00.000000Z,4.8861141204833984,5.0066280364990234,4.316133975982666,4.6373519897460938,698309451
2021-02-08T00:00:00.000000Z,4.6327757835388184,4.921295166015625,4.5143208503723145,4.8533492088317871,670809650
2021-02-09T00:00:00.000000Z,4.8526821136474609,5.2161169052124023,4.6807680130004883,5.106874942779541,758524996
2021-02-10T00:00:00.000000Z,5.1056299209594727,5.9023451805114746,4.9466419219970703,5.5241689682006836,1227317118
2021-02-11T00:00:00.000000Z,5.5297389030456543,6.1643519401550293,5.4140782356262207,5.9408321380615234,1184768806
2021-02-12T00:00:00.000000Z,5.9365749359130859,6.2801871299743652,5.6960878372192383,6.1544718742370605,918141274
2021-02-13T00:00:00.000000Z,6.1512999534606934,7.8845620155334473,6.1512999534606934,7.6554379463195801,2087054696
2021-02-14T00:00:00.000000Z,7.6545982360839844,7.743535041809082,6.5441927909851074,6.7197332382202148,1288234913
2021-02-15T00:00:00.000000Z,6.7108049392700195,6.8996748924255371,5.6283559799194336,6.1666479110717773,1005386730
2021-02-16T00:00:00.000000Z,6.1556382179260254,6.5206742286682129,5.9234809875488281,6.1662731170654297,686902871
2021-02-17T00:00:00.000000Z,6.1662130355834961,6.3932681083679199,5.7457199096679688,6.3623991012573242,590100042
2021-02-18T00:00:00.000000Z,6.3635659217834473,6.6439762115478516,6.2928371429443359,6.5473241806030273,596141743
2021-02-19T00:00:00.000000Z,6.5482640266418457,6.7221760749816895,6.223355770111084,6.5232610702514648,598292090
2021-02-20T00:00:00.000000Z,6.5240979194641113,6.9021120071411133,6.0459799766540527,6.2539248466491699,869974623
2021-02-21T00:00:00.000000Z,6.2467451095581055,6.4786200523376465,6.1220941543579102,6.3273720741271973,513941205
2021-02-22T00:00:00.000000Z,6.3300862312316895,6.3399147987365723,4.7047100067138672,5.547947883605957,766605965
2021-02-23T00:00:00.000000Z,5.5465550422668457,5.5633769035339355,3.850045919418335,4.6436848640441895,827662491
2021-02-24T00:00:00.000000Z,4.647712230682373,5.1242809295654297,4.4264068603515625,4.7434139251708984,489994939
2021-02-25T00:00:00.000000Z,4.7410640716552734,5.0870580673217773,4.5346179008483887,4.5378408432006836,345542442
2021-02-26T00:00:00.000000Z,4.5474262237548828,4.6604251861572266,4.138185977935791,4.4368472099304199,322360300
2021-02-27T00:00:00.000000Z,4.4394330978393555,4.709867000579834,4.4204998016357422,4.4984011650085449,259942626
2021-02-28T00:00:00.000000Z,4.4986820220947266,4.5508389472961426,3.9732680320739746,4.2594470977783203,268523897
2021-03-01T00:00:00.000000Z,4.2626228332519531,4.6542849540710449,4.2227139472961426,4.6025519371032715,303981715
2021-03-02T00:00:00.000000Z,4.5984659194946289,4.8942370414733887,4.4642510414123535,4.6598978042602539,370769219
2021-03-03T00:00:00.000000Z,4.6614232063293457,4.9725217819213867,4.6209487915039062,4.8522229194641113,330197721
2021-03-04T00:00:00.000000Z,4.8501338958740234,4.9402117729187012,4.5477809906005859,4.6705970764160156,320109676
2021-03-05T00:00:00.000000Z,4.6698808670043945,4.6789660453796387,4.3589458465576172,4.6319022178649902,268354508
2021-03-06T00:00:00.000000Z,4.6289100646972656,5.2413840293884277,4.5474600791931152,5.079442024230957,425960228
2021-03-07T00:00:00.000000Z,5.0821437835693359,5.2380728721618652,4.9266738891601562,5.1224460601806641,335051441
2021-03-08T00:00:00.000000Z,5.1270709037780762,5.2345747947692871,4.9275941848754883,5.150719165802002,307908527
2021-03-09T00:00:00.000000Z,5.155275821685791,5.5133719444274902,5.0993208885192871,5.4160828590393066,438357698
2021-03-10T00:00:00.000000Z,5.4184889793395996,5.4417190551757812,5.0194091796875,5.0753979682922363,395213303
2021-03-11T00:00:00.000000Z,5.07147216796875,5.1934561729431152,4.8272309303283691,5.176002025604248,415446034
2021-03-12T00:00:00.000000Z,5.1857008934020996,5.4434599876403809,5.0024838447570801,5.1387648582458496,568132198
2021-03-13T00:00:00.000000Z,5.1397452354431152,5.3795928955078125,4.8890299797058105,5.3311338424682617,431123905
2021-03-14T00:00:00.000000Z,5.3303031921386719,5.430901050567627,5.1173410415649414,5.1173410415649414,329229742
2021-03-15T00:00:00.000000Z,5.1157970428466797,5.3289399147033691,4.854215145111084,5.0340819358825684,428420733
2021-03-16T00:00:00.000000Z,5.0350050926208496,5.2042860984802246,4.8181309700012207,5.2042860984802246,317411818
2021-03-17T00:00:00.000000Z,5.2038431167602539,5.6356668472290039,5.0868058204650879,5.6032228469848633,435582237
2021-03-18T00:00:00.000000Z,5.6020522117614746,6.20281982421875,5.5441951751708984,6.1316351890563965,626122117
2021-03-19T00:00:00.000000Z,6.1340799331665039,6.3438520431518555,5.9060678482055664,5.9721798896789551,521140647
2021-03-20T00:00:00.000000Z,5.9689121246337891,6.0859708786010742,5.7165789604187012,5.7185020446777344,379601296
2021-03-21T00:00:00.000000Z,5.7222790718078613,5.7952508926391602,5.452880859375,5.6446638107299805,363946677
2021-03-22T00:00:00.000000Z,5.645637035369873,5.9443387985229492,5.3789300918579102,5.3820810317993164,434666915
2021-03-23T00:00:00.000000Z,5.3802127838134766,5.826901912689209,5.2601938247680664,5.826901912689209,431290594
2021-03-24T00:00:00.000000Z,5.8249039649963379,5.9280872344970703,5.0636868476867676,5.1686458587646484,425883027
2021-03-25T00:00:00.000000Z,5.1648359298706055,5.1789932250976562,4.7590250968933105,4.9996747970581055,352436028
2021-03-26T00:00:00.000000Z,4.9993000030517578,5.3548121452331543,4.9952049255371094,5.3453359603881836,273613205
2021-03-27T00:00:00.000000Z,5.3444271087646484,5.4956398010253906,5.2482137680053711,5.3587040901184082,324903878
2021-03-28T00:00:00.000000Z,5.3571968078613281,6.244286060333252,5.3075881004333496,5.9190988540649414,641249795
2021-03-29T00:00:00.000000Z,5.9180631637573242,7.1671161651611328,5.8987069129943848,6.8342089653015137,998522994
2021-03-30T00:00:00.000000Z,6.8333277702331543,7.3863611221313477,6.6551938056945801,6.7018232345581055,740966676
2021-03-31T00:00:00.000000Z,6.6999268531799316,8.366058349609375,6.6714367866516113,7.9015159606933594,1334027871
2021-04-01T00:00:00.000000Z,7.9264621734619141,8.1054782867431641,7.4547619819641113,7.5038800239562988,775654275
2021-04-02T00:00:00.000000Z,7.4850912094116211,7.7928948402404785,7.2153730392456055,7.6413431167602539,562211777
2021-04-03T00:00:00.000000Z,7.6405978202819824,7.6831197738647461,6.8859648704528809,6.9122219085693359,473053496
2021-04-04T00:00:00.000000Z,6.9114718437194824,8.1420650482177734,6.8251981735229492,7.9840230941772461,649611079
2021-04-05T00:00:00.000000Z,7.9974827766418457,8.8671588897705078,7.9974827766418457,8.7353515625,918275547
2021-04-06T00:00:00.000000Z,8.7439947128295898,9.6450138092041016,8.2420930862426758,9.3441686630249023,1092818281
2021-04-07T00:00:00.000000Z,9.3465251922607422,11.250312805175781,8.7248640060424805,9.8902397155761719,2788646849
2021-04-08T00:00:00.000000Z,9.9672145843505859,10.213502883911133,9.0701541900634766,10.167498588562012,1177034063
2021-04-09T00:00:00.000000Z,10.174864768981934,11.036849975585938,9.5354833602905273,10.457732200622559,922515351
2021-04-10T00:00:00.000000Z,10.459256172180176,11.331646919250488,9.666290283203125,10.065726280212402,829811208
2021-04-11T00:00:00.000000Z,10.066596031188965,10.166766166687012,9.4932050704956055,9.6750888824462891,526557696
2021-04-12T00:00:00.000000Z,9.6696367263793945,9.7759380340576172,9.18756103515625,9.4112110137939453,509511614
2021-04-13T00:00:00.000000Z,9.4070873260498047,9.7445144653320312,9.0461864471435547,9.5632028579711914,510316902
2021-04-14T00:00:00.000000Z,9.5697231292724609,9.9900283813476562,8.8530550003051758,9.3174686431884766,602504297
2021-04-15T00:00:00.000000Z,9.3031034469604492,9.8522090911865234,9.1344814300537109,9.7394027709960938,523494241
2021-04-16T00:00:00.000000Z,9.7313909530639648,10.638546943664551,9.032588005065918,10.208995819091797,936259188
2021-04-17T00:00:00.000000Z,10.201372146606445,10.408753395080566,9.3848934173583984,9.5332670211791992,573952390
2021-04-18T00:00:00.000000Z,9.5245323181152344,9.6177759170532227,7.1560530662536621,8.4240016937255859,774639879
2021-04-19T00:00:00.000000Z,8.4467754364013672,9.1853914260864258,7.817680835723877,7.8555498123168945,786074952
2021-04-20T00:00:00.000000Z,7.8372387886047363,8.0567493438720703,6.9326319694519043,7.9183139801025391,590091836
2021-04-21T00:00:00.000000Z,7.9255270957946777,8.4375,7.4188041687011719,7.6861557960510254,484262074
2021-04-22T00:00:00.000000Z,7.6628179550170898,8.1844482421875,6.9864778518676758,6.9992761611938477,550495720
2021-04-23T00:00:00.000000Z,6.9886488914489746,7.159146785736084,5.6464991569519043,6.5688819885253906,724319390
2021-04-24T00:00:00.000000Z,6.5764069557189941,6.6164650917053223,5.957615852355957,6.007357120513916,349323478
2021-04-25T00:00:00.000000Z,6.019679069519043,6.6824569702148438,5.8467998504638672,6.1952881813049316,352687996
2021-04-26T00:00:00.000000Z,6.2141318321228027,7.1041579246520996,6.1299681663513184,7.1041579246520996,363015788
2021-04-27T00:00:00.000000Z,7.1093788146972656,7.5658121109008789,7.0063090324401855,7.5512661933898926,315350876
2021-04-28T00:00:00.000000Z,7.5580220222473145,7.8699431419372559,6.950106143951416,7.4116630554199219,315140857
2021-04-29T00:00:00.000000Z,7.4149761199951172,7.4619112014770508,6.9719161987304688,7.2678952217102051,247661690
2021-04-30T00:00:00.000000Z,7.2708578109741211,7.8250551223754883,7.1344480514526367,7.7455339431762695,281533862
2021-05-01T00:00:00.000000Z,7.7509260177612305,8.2093038558959961,7.6238517761230469,8.1390380859375,328900155
2021-05-02T00:00:00.000000Z,8.1432123184204102,8.1789932250976562,7.6246547698974609,7.8495922088623047,272933838
2021-05-03T00:00:00.000000Z,7.8486027717590332,9.3985881805419922,7.8338751792907715,9.2981033325195312,760560214
2021-05-04T00:00:00.000000Z,9.3434734344482422,10.180488586425781,8.4997138977050781,8.7431545257568359,1167271953
2021-05-05T00:00:00.000000Z,8.7006549835205078,10.271178245544434,8.6151542663574219,9.9202966690063477,992405947
2021-05-06T00:00:00.000000Z,9.9168844223022461,12.968951225280762,9.6376276016235352,12.968951225280762,1520581637
2021-05-07T00:00:00.000000Z,13.175589561462402,15.323430061340332,11.177593231201172,11.946142196655273,3293135317
2021-05-08T00:00:00.000000Z,11.887900352478027,12.473851203918457,11.233700752258301,11.850868225097656,1056341405
2021-05-09T00:00:00.000000Z,11.819494247436523,12.456232070922852,10.919025421142578,11.62672233581543,697124345
2021-05-10T00:00:00.000000Z,11.614479064941406,12.165837287902832,9.4907131195068359,10.091245651245117,767768944
2021-05-11T00:00:00.000000Z,10.062370300292969,12.502552032470703,9.5816688537597656,12.337926864624023,1543596417
2021-05-12T00:00:00.000000Z,12.322299003601074,12.355630874633789,9.5267086029052734,9.5267086029052734,939762534
2021-05-13T00:00:00.000000Z,9.6633386611938477,10.45466423034668,9.030853271484375,9.6752090454101562,778078454
2021-05-14T00:00:00.000000Z,9.6681127548217773,10.888810157775879,9.6195039749145508,10.222857475280762,683088252
2021-05-15T00:00:00.000000Z,10.22420597076416,10.524274826049805,9.3046245574951172,9.3541803359985352,516098039
2021-05-16T00:00:00.000000Z,9.3260908126831055,10.558402061462402,8.7301521301269531,9.3331317901611328,638307012
2021-05-17T00:00:00.000000Z,9.3115110397338867,9.3115110397338867,7.9809408187866211,8.4941377639770508,584624764
2021-05-18T00:00:00.000000Z,8.4812393188476562,9.2599554061889648,8.4043989181518555,8.6926403045654297,488332988
2021-05-19T00:00:00.000000Z,8.7035112380981445,8.8424606323242188,4.2368621826171875,5.5230398178100586,756497542
2021-05-20T00:00:00.000000Z,5.4592561721801758,6.9816708564758301,4.9133510589599609,6.6812429428100586,558192221
2021-05-21T00:00:00.000000Z,6.6561980247497559,7.2738261222839355,4.8316469192504883,5.6825470924377441,538415108
2021-05-22T00:00:00.000000Z,5.6829061508178711,5.7127838134765625,4.8298158645629883,5.1741299629211426,383572549
2021-05-23T00:00:00.000000Z,5.1823749542236328,5.4919419288635254,3.4052529335021973,4.3255457878112793,458486139
2021-05-24T00:00:00.000000Z,4.3007030487060547,6.9585208892822266,4.2644162178039551,6.2351632118225098,1074530222
2021-05-25T00:00:00.000000Z,6.259943962097168,6.5370950698852539,5.5183820724487305,6.1564722061157227,524495929
2021-05-26T00:00:00.000000Z,6.1458301544189453,7.6923961639404297,6.1458301544189453,7.2445168495178223,699522648
2021-05-27T00:00:00.000000Z,7.2449817657470703,7.9838981628417969,7.1084499359130859,7.1787781715393066,611551372
2021-05-28T00:00:00.000000Z,7.2330842018127441,7.3112468719482422,5.9559140205383301,6.2691187858581543,569672163
2021-05-29T00:00:00.000000Z,6.2724208831787109,6.7166051864624023,5.4837050437927246,5.8547439575195312,422199776
2021-05-30T00:00:00.000000Z,5.8581628799438477,6.5263638496398926,5.4764318466186523,6.1009001731872559,356195579
2021-05-31T00:00:00.000000Z,6.0885181427001953,6.6270499229431152,5.8757271766662598,6.6270499229431152,354548861
2021-06-01T00:00:00.000000Z,6.6196351051330566,6.7057919502258301,6.1736860275268555,6.3289141654968262,341627588
2021-06-02T00:00:00.000000Z,6.324531078338623,6.7903308868408203,6.1404762268066406,6.4604611396789551,330059739
2021-06-03T00:00:00.000000Z,6.460547924041748,7.0883941650390625,6.3780059814453125,6.6984667778015137,311259563
2021-06-04T00:00:00.000000Z,6.704841136932373,6.8600401878356934,5.7982358932495117,6.2130827903747559,413418267
2021-06-05T00:00:00.000000Z,6.2103757858276367,6.462806224822998,5.6851911544799805,5.8846569061279297,320085189
2021-06-06T00:00:00.000000Z,5.8829941749572754,6.1025547981262207,5.8128318786621094,6.047849178314209,233935300
2021-06-07T00:00:00.000000Z,6.0373101234436035,6.1974248886108398,5.3358020782470703,5.3590550422668457,233818409
2021-06-08T00:00:00.000000Z,5.3703641891479492,5.4898548126220703,4.7619071006774902,5.3851900100708008,330853950
2021-06-09T00:00:00.000000Z,5.3681840896606445,5.5298309326171875,5.0844998359680176,5.5148720741271973,298325349
2021-06-10T00:00:00.000000Z,5.5215439796447754,5.5698451995849609,4.9847040176391602,5.0712389945983887,232834547
2021-06-11T00:00:00.000000Z,5.0830178260803223,5.2559242248535156,4.6733388900756836,4.7804818153381348,206078796
2021-06-12T00:00:00.000000Z,4.7842302322387695,4.8557391166687012,4.3645720481872559,4.6431679725646973,214940065
2021-06-13T00:00:00.000000Z,4.6478428840637207,5.0706977844238281,4.4740781784057617,5.0630030632019043,233625203
2021-06-14T00:00:00.000000Z,5.0533699989318848,5.2321047782897949,4.9168949127197266,5.0926809310913086,256783047
2021-06-15T00:00:00.000000Z,5.3521947860717773,5.4896321296691895,5.0909972190856934,5.3783450126647949,273417324
2021-06-16T00:00:00.000000Z,5.1929588317871094,5.3685522079467773,5.0135641098022461,5.0491847991943359,200603049
2021-06-17T00:00:00.000000Z,5.0571150779724121,5.4001851081848145,4.9395689964294434,5.0404829978942871,167904388
2021-06-18T00:00:00.000000Z,5.0433001518249512,5.0983729362487793,4.527623176574707,4.6286149024963379,172915416
2021-06-19T00:00:00.000000Z,4.638789176940918,4.7592377662658691,4.4753198623657227,4.4929280281066895,130239819
2021-06-20T00:00:00.000000Z,4.4838600158691406,4.6561179161071777,4.1645689010620117,4.5977950096130371,156181747
2021-06-21T00:00:00.000000Z,4.586306095123291,4.6143360137939453,3.453495979309082,3.4591479301452637,221199178
2021-06-22T00:00:00.000000Z,3.4552381038665771,3.7133870124816895,2.9082069396972656,3.3132209777832031,278095111
2021-06-23T00:00:00.000000Z,3.31781005859375,3.8584549427032471,3.1748080253601074,3.6469359397888184,228345682
2021-06-24T00:00:00.000000Z,3.7188429832458496,4.0517277717590332,3.5245950222015381,3.8891949653625488,165259045
2021-06-25T00:00:00.000000Z,3.8994369506835938,3.9871070384979248,3.4883179664611816,3.5535819530487061,188592112
2021-06-26T00:00:00.000000Z,3.5354878902435303,3.6640119552612305,3.3250360488891602,3.5507810115814209,182408290
2021-06-27T00:00:00.000000Z,3.5540070533752441,3.7155330181121826,3.4323899745941162,3.7047109603881836,160459315
2021-06-28T00:00:00.000000Z,3.7101800441741943,3.873682975769043,3.6182050704956055,3.8535060882568359,168419008
2021-06-29T00:00:00.000000Z,3.860598087310791,4.3683910369873047,3.8539979457855225,4.2026028633117676,201934521
2021-06-30T00:00:00.000000Z,4.2193779945373535,4.5105710029602051,4.0153408050537109,4.3716778755187988,250669057
2021-07-01T00:00:00.000000Z,4.3694372177124023,4.4503412246704102,4.0484871864318848,4.1599388122558594,187271012
2021-07-02T00:00:00.000000Z,4.1473388671875,4.219423770904541,3.8758680820465088,4.1469941139221191,134638480
2021-07-03T00:00:00.000000Z,4.1465539932250977,4.6511869430541992,4.0385408401489258,4.5948309898376465,181946648
2021-07-04T00:00:00.000000Z,4.5972528457641602,4.6302947998046875,4.3461179733276367,4.5210838317871094,173138094
2021-07-05T00:00:00.000000Z,4.5377888679504395,4.8520908355712891,4.2729759216308594,4.4187679290771484,235036540
2021-07-06T00:00:00.000000Z,4.4087648391723633,4.7662110328674316,4.3870940208435059,4.5558981895446777,199401068
2021-07-07T00:00:00.000000Z,4.5520429611206055,4.709108829498291,4.4653310775756836,4.4993090629577637,168239562
2021-07-08T00:00:00.000000Z,4.5091919898986816,4.5115790367126465,4.002586841583252,4.082252025604248,188374559
2021-07-09T00:00:00.000000Z,4.0752549171447754,4.2391729354858398,3.8442130088806152,4.1609959602355957,172062385
2021-07-10T00:00:00.000000Z,4.1643319129943848,4.2800889015197754,3.9353640079498291,4.0594611167907715,143987368
2021-07-11T00:00:00.000000Z,4.0600671768188477,4.2680268287658691,4.0186581611633301,4.157012939453125,137015548
2021-07-12T00:00:00.000000Z,4.1632661819458008,4.2744312286376953,3.9851779937744141,4.0801658630371094,138233461
2021-07-13T00:00:00.000000Z,4.0737080574035645,4.1016359329223633,3.836529016494751,3.8932859897613525,129417163
2021-07-14T00:00:00.000000Z,3.8943920135498047,3.9483230113983154,3.6390869617462158,3.8967959880828857,151969471
2021-07-15T00:00:00.000000Z,3.8980340957641602,3.9606149196624756,3.672050952911377,3.7474091053009033,166969200
2021-07-16T00:00:00.000000Z,3.7608110904693604,3.8926069736480713,3.5655930042266846,3.6064651012420654,164579527
2021-07-17T00:00:00.000000Z,3.5965321063995361,3.7626678943634033,3.5798940658569336,3.6702260971069336,149001242
2021-07-18T00:00:00.000000Z,3.6722769737243652,3.8910479545593262,3.6132359504699707,3.6592979431152344,158729055
2021-07-19T00:00:00.000000Z,3.6569209098815918,3.6743550300598145,3.3286230564117432,3.3286230564117432,148443008
2021-07-20T00:00:00.000000Z,3.342073917388916,3.4387359619140625,3.057913064956665,3.1769340038299561,163904865
2021-07-21T00:00:00.000000Z,3.1743900775909424,3.514725923538208,3.0940859317779541,3.4541499614715576,167388611
2021-07-22T00:00:00.000000Z,3.4589478969573975,3.6140930652618408,3.3860599994659424,3.5840508937835693,166874695
2021-07-23T00:00:00.000000Z,3.5874021053314209,3.7166979312896729,3.4630589485168457,3.7067699432373047,142876544
2021-07-24T00:00:00.000000Z,3.7028660774230957,3.8092789649963379,3.6552600860595703,3.7305839061737061,150975778
2021-07-25T00:00:00.000000Z,3.7275528907775879,3.7791280746459961,3.5974481105804443,3.7778079509735107,122561401
2021-07-26T00:00:00.000000Z,3.7810690402984619,4.1575098037719727,3.7810690402984619,3.8015739917755127,250345816
2021-07-27T00:00:00.000000Z,3.7946169376373291,3.9308669567108154,3.6862599849700928,3.9283769130706787,167779766
2021-07-28T00:00:00.000000Z,3.9324800968170166,4.0076041221618652,3.8026180267333984,3.9219880104064941,167755173
2021-07-29T00:00:00.000000Z,3.9362349510192871,4.1256289482116699,3.8294129371643066,4.0898928642272949,170901334
2021-07-30T00:00:00.000000Z,4.1031680107116699,4.2556209564208984,3.9269959926605225,4.2556209564208984,217280900
2021-07-31T00:00:00.000000Z,4.2469501495361328,4.5124602317810059,4.1857318878173828,4.4726309776306152,207559688
2021-08-01T00:00:00.000000Z,4.4588279724121094,4.7516889572143555,4.2705368995666504,4.3150310516357422,275854149
2021-08-02T00:00:00.000000Z,4.3044562339782715,4.4503521919250488,4.18743896484375,4.3747048377990723,180127450
2021-08-03T00:00:00.000000Z,4.371035099029541,4.4405279159545898,4.0746450424194336,4.1855912208557129,163783686
2021-08-04T00:00:00.000000Z,4.1976032257080078,4.3671631813049316,4.0679821968078613,4.3307328224182129,165261573
2021-08-05T00:00:00.000000Z,4.3335819244384766,4.4860401153564453,4.1636562347412109,4.4651122093200684,211102696
2021-08-06T00:00:00.000000Z,4.4654850959777832,4.7584781646728516,4.3436908721923828,4.7281379699707031,229773217
2021-08-07T00:00:00.000000Z,4.7306251525878906,5.3612899780273438,4.6651220321655273,5.0677280426025391,468155548
2021-08-08T00:00:00.000000Z,5.0680360794067383,5.1428608894348145,4.7115049362182617,4.7691731452941895,277730346
2021-08-09T00:00:00.000000Z,4.7714681625366211,5.1914610862731934,4.6112871170043945,4.9895439147949219,275453255
2021-08-10T00:00:00.000000Z,4.9890809059143066,5.1969609260559082,4.9032168388366699,5.1260738372802734,243241153
2021-08-11T00:00:00.000000Z,5.1245641708374023,5.4691710472106934,5.0957798957824707,5.2716817855834961,259435901
2021-08-12T00:00:00.000000Z,5.265221118927002,5.4969348907470703,4.8352808952331543,5.0246930122375488,316314284
2021-08-13T00:00:00.000000Z,5.0451488494873047,5.6383061408996582,4.9664788246154785,5.6170940399169922,357094085
2021-08-14T00:00:00.000000Z,5.6202487945556641,5.7630748748779297,5.3759341239929199,5.6420378684997559,328522405
2021-08-15T00:00:00.000000Z,5.6433358192443848,5.7272062301635742,5.3482179641723633,5.688748836517334,249295279
2021-08-16T00:00:00.000000Z,5.6902351379394531,5.9815850257873535,5.509861946105957,5.666083812713623,366393133
2021-08-17T00:00:00.000000Z,5.6449308395385742,5.8986310958862305,5.1996049880981445,5.2408480644226074,340482225
2021-08-18T00:00:00.000000Z,5.2377190589904785,5.3681640625,4.9718379974365234,5.1754279136657715,262925786
2021-08-19T00:00:00.000000Z,5.1637401580810547,6.2432231903076172,4.9955391883850098,6.1512041091918945,631862928
2021-08-20T00:00:00.000000Z,6.1618399620056152,6.3215599060058594,5.9358220100402832,6.1468629837036133,489249899
2021-08-21T00:00:00.000000Z,6.1565542221069336,6.5590419769287109,5.9968051910400391,6.1403388977050781,407434109
2021-08-22T00:00:00.000000Z,6.1436347961425781,6.5331869125366211,6.0188698768615723,6.2828431129455566,302706363
2021-08-23T00:00:00.000000Z,6.2792792320251465,7.2409300804138184,6.1895279884338379,6.7710080146789551,769934566
2021-08-24T00:00:00.000000Z,6.7782711982727051,7.1718358993530273,6.1364970207214355,6.2993979454040527,547968450
2021-08-25T00:00:00.000000Z,6.3029870986938477,6.8282041549682617,6.0996088981628418,6.6352190971374512,505357632
2021-08-26T00:00:00.000000Z,6.644622802734375,6.7429718971252441,5.9434809684753418,6.0011940002441406,388834811
2021-08-27T00:00:00.000000Z,5.9940428733825684,6.6299738883972168,5.7373919486999512,6.5552549362182617,392696211
2021-08-28T00:00:00.000000Z,6.5709199905395508,6.6082911491394043,6.3399748802185059,6.4463748931884766,276396131
2021-08-29T00:00:00.000000Z,6.4479889869689941,6.779296875,6.3749551773071289,6.6520891189575195,435227747
2021-08-30T00:00:00.000000Z,6.6587009429931641,6.6978769302368164,6.1965279579162598,6.2042088508605957,309932738
2021-08-31T00:00:00.000000Z,6.2190971374511719,6.6305131912231445,6.0867800712585449,6.3476691246032715,382811153
2021-09-01T00:00:00.000000Z,6.3344769477844238,6.869293212890625,6.1602988243103027,6.7670888900756836,401294471
2021-09-02T00:00:00.000000Z,6.7687830924987793,6.9546098709106445,6.5798687934875488,6.7881121635437012,354857498
2021-09-03T00:00:00.000000Z,6.7760581970214844,7.0964908599853516,6.5780420303344727,6.9564881324768066,420790441
2021-09-04T00:00:00.000000Z,6.9499201774597168,7.2794451713562012,6.8211050033569336,7.1675329208374023,443314933
2021-09-05T00:00:00.000000Z,7.176638126373291,9.0765447616577148,7.0788779258728027,8.9022598266601562,1330699128
2021-09-06T00:00:00.000000Z,8.9412708282470703,10.194783210754395,8.383662223815918,9.0106916427612305,2474759376
2021-09-07T00:00:00.000000Z,9.0319004058837891,9.6959218978881836,6.563201904296875,7.6266632080078125,1593475647
2021-09-08T00:00:00.000000Z,7.6249680519104004,8.4836196899414062,6.6817779541015625,8.0285463333129883,1202273641
2021-09-09T00:00:00.000000Z,8.3295249938964844,9.3114786148071289,7.6588411331176758,8.7662258148193359,1322862900
2021-09-10T00:00:00.000000Z,8.7650375366210938,9.5207633972167969,7.7700247764587402,8.1733932495117188,958588185
2021-09-11T00:00:00.000000Z,8.1819667816162109,9.5779256820678711,8.1006441116333008,9.1398391723632812,1062875535
2021-09-12T00:00:00.000000Z,9.1833782196044922,10.019036293029785,8.7740373611450195,9.4857597351074219,1367155158
2021-09-13T00:00:00.000000Z,9.4857540130615234,9.702357292175293,8.0446510314941406,8.569157600402832,911180738
2021-09-14T00:00:00.000000Z,8.5823383331298828,8.9978876113891602,8.1835222244262695,8.9854841232299805,696849046
2021-09-15T00:00:00.000000Z,8.9812612533569336,9.0802526473999023,8.5694026947021484,9.0802526473999023,481664874
2021-09-16T00:00:00.000000Z,9.0938882827758789,9.2869606018066406,8.5813961029052734,8.9900550842285156,506105415
2021-09-17T00:00:00.000000Z,8.9716606140136719,8.9716606140136719,8.161890983581543,8.4637203216552734,406863019
2021-09-18T00:00:00.000000Z,8.4938650131225586,8.9650335311889648,8.3051729202270508,8.8078184127807617,399150567
2021-09-19T00:00:00.000000Z,8.7932109832763672,10.077528953552246,8.5554742813110352,9.6430273056030273,1568493182
2021-09-20T00:00:00.000000Z,9.6856698989868164,11.352490425109863,7.8635201454162598,10.196262359619141,3369088670
2021-09-21T00:00:00.000000Z,10.296546936035156,11.394998550415039,8.4331216812133789,8.5275535583496094,2715136586
2021-09-22T00:00:00.000000Z,8.5251979827880859,9.7345104217529297,8.3031463623046875,9.5874500274658203,2056788823
2021-09-23T00:00:00.000000Z,9.5770349502563477,10.073611259460449,9.2353658676147461,9.8782291412353516,1463383684
2021-09-24T00:00:00.000000Z,9.8817987442016602,9.9088277816772461,8.4734630584716797,9.169886589050293,1346627782
2021-09-25T00:00:00.000000Z,9.1652374267578125,9.276188850402832,8.5493841171264648,8.9341087341308594,678114549
2021-09-26T00:00:00.000000Z,8.9379777908325195,9.3830022811889648,8.0215721130371094,9.0712709426879883,856906471
2021-09-27T00:00:00.000000Z,9.1143131256103516,9.5926971435546875,8.8100776672363281,9.3163127899169922,857891621
2021-09-28T00:00:00.000000Z,9.3325052261352539,9.8519868850708008,8.768275260925293,8.8911962509155273,1125549275
2021-09-29T00:00:00.000000Z,8.9405803680419922,10.584623336791992,8.7304983139038086,10.303998947143555,1516459110
2021-09-30T00:00:00.000000Z,10.35503101348877,12.472169876098633,10.281414985656738,12.472169876098633,2400483471
2021-10-01T00:00:00.000000Z,12.46540355682373,13.429244995117188,12.102106094360352,12.830470085144043,2264097686
2021-10-02T00:00:00.000000Z,12.813641548156738,16.457557678222656,12.58720874786377,15.540036201477051,3477651612
2021-10-03T00:00:00.000000Z,15.503792762756348,17.952093124389648,15.019816398620605,16.486612319946289,3543601969
2021-10-04T00:00:00.000000Z,16.53663444519043,18.1246337890625,15.565158843994141,16.584560394287109,2983769934
2021-10-05T00:00:00.000000Z,16.566076278686523,17.14561653137207,15.285078048706055,15.541516304016113,1488456592
2021-10-06T00:00:00.000000Z,15.563857078552246,15.563857078552246,13.809610366821289,14.40315055847168,1614400670
2021-10-07T00:00:00.000000Z,14.409744262695312,15.000947952270508,13.818474769592285,14.922889709472656,1340034740
2021-10-08T00:00:00.000000Z,14.929518699645996,15.527647018432617,13.926212310791016,13.999880790710449,1158897298
2021-10-09T00:00:00.000000Z,13.991123199462891,14.420955657958984,13.748802185058594,14.104632377624512,760983713
2021-10-10T00:00:00.000000Z,14.089740753173828,14.464155197143555,12.898850440979004,12.898850440979004,907659286
2021-10-11T00:00:00.000000Z,12.901124000549316,14.858381271362305,12.744084358215332,13.588539123535156,1487830399
2021-10-12T00:00:00.000000Z,13.587812423706055,15.431366920471191,13.36388111114502,14.662498474121094,1805996584
2021-10-13T00:00:00.000000Z,14.66744327545166,15.913992881774902,14.549656867980957,14.989102363586426,1407081205
2021-10-14T00:00:00.000000Z,15.003990173339844,15.229345321655273,14.291908264160156,14.459042549133301,663062783
2021-10-15T00:00:00.000000Z,14.472920417785645,14.672793388366699,13.726823806762695,13.906265258789062,991148192
2021-10-16T00:00:00.000000Z,13.912124633789062,14.574721336364746,13.865214347839355,14.111086845397949,505570485
2021-10-17T00:00:00.000000Z,14.129488945007324,14.249332427978516,13.386714935302734,13.796796798706055,373791259
2021-10-18T00:00:00.000000Z,13.803396224975586,14.48393440246582,13.682271003723145,13.998786926269531,593114028
2021-10-19T00:00:00.000000Z,13.994515419006348,14.23698616027832,13.757407188415527,14.23698616027832,421590259
2021-10-20T00:00:00.000000Z,14.219870567321777,14.714230537414551,13.83889102935791,14.648301124572754,518354453
2021-10-21T00:00:00.000000Z,14.671341896057129,15.992074012756348,14.450090408325195,14.792048454284668,1074595982
2021-10-22T00:00:00.000000Z,14.796377182006836,16.188655853271484,13.983760833740234,14.188570022583008,1397246083
2021-10-23T00:00:00.000000Z,14.183810234069824,14.534486770629883,13.987014770507812,14.242295265197754,488388048
2021-10-24T00:00:00.000000Z,14.250555992126465,14.787307739257812,13.900066375732422,14.353638648986816,596689772
2021-10-25T00:00:00.000000Z,14.350061416625977,15.144295692443848,14.150491714477539,14.464759826660156,814313496
2021-10-26T00:00:00.000000Z,14.463397026062012,14.73808765411377,14.041927337646484,14.106802940368652,580497224
2021-10-27T00:00:00.000000Z,14.094741821289062,14.25751781463623,11.962985992431641,12.71331787109375,1045140728
2021-10-28T00:00:00.000000Z,12.717719078063965,13.362552642822266,12.560769081115723,13.194623947143555,820913018
2021-10-29T00:00:00.000000Z,13.216418266296387,13.665937423706055,12.944315910339355,13.531448364257812,646933827
2021-10-30T00:00:00.000000Z,13.483181953430176,14.165672302246094,13.151611328125,13.534253120422363,701919094
2021-10-31T00:00:00.000000Z,13.554814338684082,13.675041198730469,12.88815975189209,13.396359443664551,568952643
2021-11-01T00:00:00.000000Z,13.428235054016113,15.173471450805664,13.345419883728027,14.696279525756836,1756603486
2021-11-02T00:00:00.000000Z,14.681164741516113,15.509463310241699,14.444815635681152,14.812054634094238,1205017222
2021-11-03T00:00:00.000000Z,14.810078620910645,15.382123947143555,13.905070304870605,15.382123947143555,1276110017
2021-11-04T00:00:00.000000Z,15.384711265563965,19.174270629882812,15.214651107788086,19.115760803222656,3902884661
2021-11-05T00:00:00.000000Z,19.166645050048828,20.042495727539062,16.734537124633789,17.227741241455078,3294128906
2021-11-06T00:00:00.000000Z,17.218503952026367,17.218503952026367,15.804524421691895,16.639368057250977,1401330543
2021-11-07T00:00:00.000000Z,16.675714492797852,17.686798095703125,16.30714225769043,16.468292236328125,1396115956
2021-11-08T00:00:00.000000Z,16.494451522827148,17.901769638061523,15.611273765563965,17.467058181762695,2178893534
2021-11-09T00:00:00.000000Z,17.509330749511719,17.820507049560547,16.141872406005859,16.668304443359375,2612793994
2021-11-10T00:00:00.000000Z,16.515323638916016,17.36396598815918,14.782046318054199,15.201079368591309,1858662777
2021-11-11T00:00:00.000000Z,15.230471611022949,19.600870132446289,15.136865615844727,17.588083267211914,4678487855
2021-11-12T00:00:00.000000Z,17.36583137512207,17.36583137512207,12.512340545654297,13.012592315673828,5492495641
2021-11-13T00:00:00.000000Z,13.051737785339355,13.249726295471191,11.744361877441406,12.195549011230469,1586707759
2021-11-14T00:00:00.000000Z,12.201484680175781,12.208306312561035,11.550175666809082,11.817068099975586,739073568
2021-11-15T00:00:00.000000Z,11.82500171661377,11.852522850036621,11.130866050720215,11.162548065185547,748920282
2021-11-16T00:00:00.000000Z,11.197017669677734,11.197017669677734,9.3314027786254883,10.320428848266602,1472840492
2021-11-17T00:00:00.000000Z,10.312239646911621,10.906675338745117,10.159717559814453,10.395354270935059,1337853776
2021-11-18T00:00:00.000000Z,10.38587474822998,10.38587474822998,8.8209257125854492,9.0682086944580078,894926752
2021-11-19T00:00:00.000000Z,9.0562620162963867,10.530916213989258,8.9079914093017578,10.161679267883301,1422513828
2021-11-20T00:00:00.000000Z,10.164737701416016,10.164915084838867,9.5814151763916016,9.8951749801635742,576328745
2021-11-21T00:00:00.000000Z,9.9021091461181641,9.9021091461181641,9.486907958984375,9.5185737609863281,491833575
2021-11-22T00:00:00.000000Z,9.5144557952880859,9.5343427658081055,8.9747419357299805,9.0819187164306641,506145106
2021-11-23T00:00:00.000000Z,9.0935230255126953,9.4529256820678711,9.0049142837524414,9.3376798629760742,589564895
2021-11-24T00:00:00.000000Z,9.3376941680908203,9.3558692932128906,8.5362987518310547,9.0295209884643555,545473923
2021-11-25T00:00:00.000000Z,8.6515731811523438,9.1114597320556641,8.5474443435668945,8.7228107452392578,514000267
2021-11-26T00:00:00.000000Z,8.8906621932983398,8.9394140243530273,7.8512439727783203,7.9668960571289062,724436774
2021-11-27T00:00:00.000000Z,7.996826171875,8.276275634765625,7.9652791023254395,8.1234893798828125,330987719
2021-11-28T00:00:00.000000Z,8.1415433883666992,8.1620588302612305,7.5048408508300781,8.0994405746459961,402151075
2021-11-29T00:00:00.000000Z,8.1072368621826172,8.9321403503417969,7.9923219680786133,8.8155841827392578,526277877
2021-11-30T00:00:00.000000Z,8.7916908264160156,9.2968206405639648,8.5813627243041992,8.6091699600219727,1046760511
2021-12-01T00:00:00.000000Z,8.6417722702026367,8.7602663040161133,8.2131557464599609,8.2884902954101562,423931846
2021-12-02T00:00:00.000000Z,8.2911338806152344,8.3258438110351562,8.02569580078125,8.0925312042236328,293415994
2021-12-03T00:00:00.000000Z,8.1066341400146484,8.2605266571044922,7.3910508155822754,7.6535611152648926,458001688
2021-12-04T00:00:00.000000Z,7.6752791404724121,7.6935520172119141,4.8298301696777344,6.6066889762878418,1047209608
2021-12-05T00:00:00.000000Z,6.6045918464660645,6.725165843963623,5.9844579696655273,6.2280640602111816,664809745
2021-12-06T00:00:00.000000Z,6.2355208396911621,6.5456218719482422,5.6905031204223633,6.4803628921508789,842525974
2021-12-07T00:00:00.000000Z,6.4802370071411133,7.3701000213623047,6.4238300323486328,7.0736870765686035,765371726
2021-12-08T00:00:00.000000Z,7.0718550682067871,7.3452730178833008,6.6039309501647949,7.1347770690917969,571915677
2021-12-09T00:00:00.000000Z,7.1254410743713379,7.2078008651733398,6.3994388580322266,6.4033451080322266,460854688
2021-12-10T00:00:00.000000Z,6.4038600921630859,6.5766811370849609,6.017341136932373,6.0307521820068359,400371337
2021-12-11T00:00:00.000000Z,6.0431008338928223,6.3806262016296387,5.9106431007385254,6.3567380905151367,322120245
2021-12-12T00:00:00.000000Z,6.3501400947570801,6.5389981269836426,6.2395401000976562,6.4515581130981445,217055476
2021-12-13T00:00:00.000000Z,6.4555001258850098,6.6680140495300293,5.6005358695983887,5.733555793762207,429941014
2021-12-14T00:00:00.000000Z,5.7325701713562012,6.072117805480957,5.6235241889953613,5.7989568710327148,396453632
2021-12-15T00:00:00.000000Z,5.9818520545959473,6.1915230751037598,5.5656390190124512,6.0445771217346191,402017347
2021-12-16T00:00:00.000000Z,6.045374870300293,6.442410945892334,6.045374870300293,6.0952548980712891,389559414
2021-12-17T00:00:00.000000Z,6.1037278175354004,6.6086478233337402,5.8308968544006348,5.9353890419006348,529161844
2021-12-18T00:00:00.000000Z,5.9386000633239746,6.1708412170410156,5.8140602111816406,6.0417499542236328,258471168
2021-12-19T00:00:00.000000Z,6.0438308715820312,6.1944470405578613,5.8995871543884277,5.9206738471984863,212598648
2021-12-20T00:00:00.000000Z,5.9227380752563477,5.9616451263427734,5.5864028930664062,5.8601999282836914,313261493
2021-12-21T00:00:00.000000Z,5.8568410873413086,6.1459898948669434,5.8321762084960938,6.1312828063964844,233167149
2021-12-22T00:00:00.000000Z,6.133936882019043,6.7599849700927734,6.0615558624267578,6.5420222282409668,378315465
2021-12-23T00:00:00.000000Z,6.5425739288330078,6.9853100776672363,6.4224457740783691,6.9018158912658691,722866827
2021-12-24T00:00:00.000000Z,6.9045848846435547,7.0841522216796875,6.6078119277954102,6.6763958930969238,407077744
2021-12-25T00:00:00.000000Z,6.688046932220459,6.9091100692749023,6.6470799446105957,6.8178877830505371,226907757
2021-12-26T00:00:00.000000Z,6.8187241554260254,6.9919219017028809,6.6310930252075195,6.8229608535766602,219527381
2021-12-27T00:00:00.000000Z,6.8144731521606445,7.1947441101074219,6.7807960510253906,6.862637996673584,292729546
2021-12-28T00:00:00.000000Z,6.8701701164245605,6.8701701164245605,6.2282037734985352,6.2488012313842773,357850804
2021-12-29T00:00:00.000000Z,6.2515420913696289,6.4152579307556152,5.8663902282714844,5.9188981056213379,364390936
2021-12-30T00:00:00.000000Z,5.9255738258361816,6.1464700698852539,5.793848991394043,6.0716128349304199,278903815
2021-12-31T00:00:00.000000Z,6.071052074432373,6.1282248497009277,5.7377529144287109,5.8915438652038574,281177714
2022-01-01T00:00:00.000000Z,5.8915839195251465,6.1126871109008789,5.8796820640563965,6.1119828224182129,212281676
2022-01-02T00:00:00.000000Z,6.1107320785522461,6.4615440368652344,6.0819511413574219,6.2964367866516113,286531212
2022-01-03T00:00:00.000000Z,6.2966518402099609,6.442467212677002,6.1044530868530273,6.1875782012939453,335366029
2022-01-04T00:00:00.000000Z,6.1876230239868164,6.2455339431762695,6.0261588096618652,6.0354700088500977,285595034
2022-01-05T00:00:00.000000Z,6.0371761322021484,6.2337098121643066,5.3968539237976074,5.6065559387207031,325679959
2022-01-06T00:00:00.000000Z,5.6052470207214355,5.6914258003234863,5.4244318008422852,5.6541748046875,291146897
2022-01-07T00:00:00.000000Z,5.6535701751708984,5.6766090393066406,5.2477622032165527,5.506843090057373,316226503
2022-01-08T00:00:00.000000Z,5.5073099136352539,5.8695878982543945,5.1993799209594727,5.3726811408996582,321724157
2022-01-09T00:00:00.000000Z,5.3729629516601562,5.4896149635314941,5.3222908973693848,5.374420166015625,178439754
2022-01-10T00:00:00.000000Z,5.3735198974609375,5.4075617790222168,4.9167251586914062,5.106259822845459,259213755
2022-01-11T00:00:00.000000Z,5.1059122085571289,5.397496223449707,5.0591988563537598,5.3192667961120605,196148374
2022-01-12T00:00:00.000000Z,5.3201498985290527,6.0302557945251465,5.3201498985290527,5.8745088577270508,418008120
2022-01-13T00:00:00.000000Z,5.874046802520752,6.3200101852416992,5.874046802520752,5.954617977142334,546214609
2022-01-14T00:00:00.000000Z,5.954413890838623,6.2548608779907227,5.8362221717834473,6.035728931427002,313592215
2022-01-15T00:00:00.000000Z,6.0358681678771973,6.8241767883300781,6.035491943359375,6.764503002166748,569458853
2022-01-16T00:00:00.000000Z,6.7621269226074219,6.8836441040039062,6.3641557693481445,6.5697841644287109,390595301
2022-01-17T00:00:00.000000Z,6.5674691200256348,6.5769782066345215,6.0090270042419434,6.2425398826599121,293622933
2022-01-18T00:00:00.000000Z,6.2424030303955078,6.2825450897216797,5.7682948112487793,5.9269499778747559,285683930
2022-01-19T00:00:00.000000Z,5.9308409690856934,5.9313058853149414,5.4721131324768066,5.4728307723999023,215654622
2022-01-20T00:00:00.000000Z,5.4719638824462891,5.8480100631713867,5.2240028381347656,5.2240028381347656,204151578
2022-01-21T00:00:00.000000Z,5.2253308296203613,5.3298201560974121,4.5859789848327637,4.7046380043029785,401542499
2022-01-22T00:00:00.000000Z,4.7060332298278809,4.8829388618469238,3.9984540939331055,4.2352871894836426,546670999
2022-01-23T00:00:00.000000Z,4.2379012107849121,4.4957118034362793,4.1779098510742188,4.4183511734008789,319541662
2022-01-24T00:00:00.000000Z,4.4193220138549805,4.4239840507507324,3.7125499248504639,4.1212291717529297,444578667
2022-01-25T00:00:00.000000Z,4.1206440925598145,4.287693977355957,3.9153668880462646,4.2220911979675293,289505363
2022-01-26T00:00:00.000000Z,4.2215008735656738,4.5554409027099609,4.1360611915588379,4.2319450378417969,315525853
2022-01-27T00:00:00.000000Z,4.230903148651123,4.4063930511474609,4.0449352264404297,4.2185158729553223,364297757
2022-01-28T00:00:00.000000Z,4.217803955078125,4.6134939193725586,4.2155852317810059,4.5808248519897461,402526393
2022-01-29T00:00:00.000000Z,4.5811591148376465,4.911919116973877,4.5707387924194336,4.8615589141845703,321329232
2022-01-30T00:00:00.000000Z,4.8634881973266602,4.991112232208252,4.7058639526367188,4.8344650268554688,246228394
2022-01-31T00:00:00.000000Z,4.8343420028686523,5.1171669960021973,4.5648260116577148,5.0157771110534668,317639656
2022-02-01T00:00:00.000000Z,5.0159978866577148,5.0436148643493652,4.7875480651855469,4.9035549163818359,194921096
2022-02-02T00:00:00.000000Z,4.9030370712280273,4.9560809135437012,4.5990939140319824,4.6349620819091797,159730372
2022-02-03T00:00:00.000000Z,4.6348190307617188,4.77783203125,4.5371451377868652,4.698300838470459,174988968
2022-02-04T00:00:00.000000Z,4.6979827880859375,4.9937219619750977,4.6180248260498047,4.9834799766540527,199768366
2022-02-05T00:00:00.000000Z,4.9828381538391113,5.2189931869506836,4.9647130966186523,5.1278672218322754,197466429
2022-02-06T00:00:00.000000Z,5.1278200149536133,5.2349948883056641,4.9924077987670898,5.1705899238586426,174906258
2022-02-07T00:00:00.000000Z,5.1703510284423828,5.4288392066955566,5.0589590072631836,5.4053921699523926,271518282
2022-02-08T00:00:00.000000Z,5.4062099456787109,5.6035909652709961,5.0784988403320312,5.2134571075439453,358973895
2022-02-09T00:00:00.000000Z,5.2115612030029297,5.4284911155700684,5.1935939788818359,5.3612618446350098,237775785
2022-02-10T00:00:00.000000Z,5.3613080978393555,5.4613561630249023,5.0862479209899902,5.0972409248352051,327357440
2022-02-11T00:00:00.000000Z,5.0960960388183594,5.172539234161377,4.6616501808166504,4.7092609405517578,304814251
2022-02-12T00:00:00.000000Z,4.7095208168029785,4.8713998794555664,4.5845208168029785,4.7747960090637207,186210777
2022-02-13T00:00:00.000000Z,4.7745461463928223,4.8185849189758301,4.5311789512634277,4.6776161193847656,166190428
2022-02-14T00:00:00.000000Z,4.6743178367614746,4.6835298538208008,4.4923009872436523,4.6136031150817871,195156710
2022-02-15T00:00:00.000000Z,4.6139130592346191,4.9615230560302734,4.6131548881530762,4.9491081237792969,203628347
2022-02-16T00:00:00.000000Z,4.9504809379577637,4.9530158042907715,4.6994471549987793,4.8222470283508301,152278583
2022-02-17T00:00:00.000000Z,4.8211240768432617,4.868523120880127,4.3421759605407715,4.3656048774719238,179608967
2022-02-18T00:00:00.000000Z,4.3672370910644531,4.4842791557312012,4.2950677871704102,4.3351740837097168,151402434
2022-02-19T00:00:00.000000Z,4.3342142105102539,4.4821748733520508,4.184657096862793,4.3063559532165527,116235738
2022-02-20T00:00:00.000000Z,4.3057398796081543,4.3057398796081543,4.0271711349487305,4.0954470634460449,142952238
2022-02-21T00:00:00.000000Z,4.0946459770202637,4.2819328308105469,3.7739229202270508,3.778249979019165,186894443
2022-02-22T00:00:00.000000Z,3.7777130603790283,3.9896268844604492,3.6749229431152344,3.9844129085540771,174458346
2022-02-23T00:00:00.000000Z,3.983889102935791,4.1634979248046875,3.8712170124053955,3.8840799331665039,191040200
2022-02-24T00:00:00.000000Z,3.8813419342041016,3.8876149654388428,3.3470809459686279,3.7482290267944336,262724736
2022-02-25T00:00:00.000000Z,3.7487199306488037,3.9955589771270752,3.6981630325317383,3.9501340389251709,151629213
2022-02-26T00:00:00.000000Z,3.950423002243042,4.1376261711120605,3.950423002243042,4.0518760681152344,102813498
2022-02-27T00:00:00.000000Z,4.0521249771118164,4.0837950706481934,3.7825100421905518,3.8260889053344727,127329926
2022-02-28T00:00:00.000000Z,3.8253800868988037,4.2230219841003418,3.7793490886688232,4.2230219841003418,139260764
2022-03-01T00:00:00.000000Z,4.2223100662231445,4.3928737640380859,4.1523370742797852,4.2824549674987793,151978473
2022-03-02T00:00:00.000000Z,4.2820701599121094,4.5497798919677734,4.1879301071166992,4.423342227935791,267638499
2022-03-03T00:00:00.000000Z,4.4237861633300781,4.4269218444824219,4.189971923828125,4.2706389427185059,131388938
2022-03-04T00:00:00.000000Z,4.2707428932189941,4.2707428932189941,3.9254748821258545,3.9658761024475098,125459179
2022-03-05T00:00:00.000000Z,3.9669818878173828,4.0554580688476562,3.8506560325622559,4.0296001434326172,75219465
2022-03-06T00:00:00.000000Z,4.029757022857666,4.0444140434265137,3.7837560176849365,3.7861380577087402,79051783
2022-03-07T00:00:00.000000Z,3.7865068912506104,3.8954501152038574,3.6010210514068604,3.6759300231933594,123425950
2022-03-08T00:00:00.000000Z,3.6758589744567871,3.8585119247436523,3.6563920974731445,3.8016750812530518,97697053
2022-03-09T00:00:00.000000Z,3.8028929233551025,4.0236577987670898,3.8028929233551025,3.9835329055786133,88129389
2022-03-10T00:00:00.000000Z,3.9837698936462402,4.7350878715515137,3.8803250789642334,4.3010778427124023,837697285
2022-03-11T00:00:00.000000Z,4.3047909736633301,4.3134231567382812,3.9981529712677002,4.0381970405578613,208732870
2022-03-12T00:00:00.000000Z,4.0382428169250488,4.2098178863525391,4.0057320594787598,4.0057320594787598,121926539
2022-03-13T00:00:00.000000Z,4.0048799514770508,4.1039509773254395,3.9197649955749512,3.9264669418334961,90211684
2022-03-14T00:00:00.000000Z,3.9258410930633545,4.033717155456543,3.8459761142730713,4.0332989692687988,84834049
2022-03-15T00:00:00.000000Z,4.0328669548034668,4.0836009979248047,3.8927888870239258,4.0195279121398926,84525786
2022-03-16T00:00:00.000000Z,4.0192928314208984,4.1671261787414551,3.9777278900146484,4.1671261787414551,146158313
2022-03-17T00:00:00.000000Z,4.1669960021972656,4.172332763671875,4.0882959365844727,4.132317066192627,93385765
2022-03-18T00:00:00.000000Z,4.1318111419677734,4.4271230697631836,4.066166877746582,4.2951641082763672,191954826
2022-03-19T00:00:00.000000Z,4.2942371368408203,4.8365721702575684,4.2911138534545898,4.7042112350463867,419328927
2022-03-20T00:00:00.000000Z,4.7054181098937988,5.1778922080993652,4.7054181098937988,4.8527188301086426,471645129
2022-03-21T00:00:00.000000Z,4.8527851104736328,4.935391902923584,4.6646990776062012,4.8168330192565918,227401693
2022-03-22T00:00:00.000000Z,4.8164691925048828,4.9659209251403809,4.6839098930358887,4.8035202026367188,190132087
2022-03-23T00:00:00.000000Z,4.8045320510864258,5.3034420013427734,4.7982568740844727,5.2163858413696289,454727207
2022-03-24T00:00:00.000000Z,5.2149629592895508,5.2820382118225098,5.0287108421325684,5.2246489524841309,188817966
2022-03-25T00:00:00.000000Z,5.225520133972168,5.3839640617370605,4.9901108741760254,5.1417908668518066,187703318
2022-03-26T00:00:00.000000Z,5.1403079032897949,5.2053837776184082,5.04656982421875,5.2053837776184082,91904565
2022-03-27T00:00:00.000000Z,5.2103900909423828,5.4282479286193848,5.1026678085327148,5.425635814666748,144961522
2022-03-28T00:00:00.000000Z,5.4258828163146973,5.6048641204833984,5.3044447898864746,5.3320960998535156,217177479
2022-03-29T00:00:00.000000Z,5.3278298377990723,5.9699339866638184,5.3246088027954102,5.6497111320495605,371995653
2022-03-30T00:00:00.000000Z,5.6485891342163086,5.803469181060791,5.4905381202697754,5.6873989105224609,217431158
2022-03-31T00:00:00.000000Z,5.6873631477355957,6.0630178451538086,5.4534192085266113,5.4875321388244629,285161818
2022-04-01T00:00:00.000000Z,5.489778995513916,5.9822611808776855,5.483191967010498,5.8953390121459961,383009155
2022-04-02T00:00:00.000000Z,5.8951220512390137,6.0888671875,5.7965798377990723,6.0364432334899902,252504294
2022-04-03T00:00:00.000000Z,6.0333600044250488,6.1490278244018555,5.8399620056152344,6.012516975402832,226319287
2022-04-04T00:00:00.000000Z,6.0122132301330566,6.0324950218200684,5.5856032371520996,5.8004279136657715,212907082
2022-04-05T00:00:00.000000Z,5.8002419471740723,5.868494987487793,5.4800229072570801,5.4817137718200684,139864784
2022-04-06T00:00:00.000000Z,5.4813990592956543,5.4813990592956543,4.8018498420715332,4.8022961616516113,241304701
2022-04-07T00:00:00.000000Z,4.8027849197387695,5.0564742088317871,4.7200517654418945,4.9913959503173828,145299466
2022-04-08T00:00:00.000000Z,4.9922480583190918,5.0736432075500488,4.660365104675293,4.686431884765625,119510861
2022-04-09T00:00:00.000000Z,4.686366081237793,4.8896880149841309,4.686366081237793,4.8730001449584961,90320006
2022-04-10T00:00:00.000000Z,4.8729729652404785,4.9273619651794434,4.736055850982666,4.736055850982666,76142151
2022-04-11T00:00:00.000000Z,4.7346858978271484,4.7346858978271484,4.1861610412597656,4.2271909713745117,128565760
2022-04-12T00:00:00.000000Z,4.2283849716186523,4.5650181770324707,4.2103419303894043,4.4326958656311035,144928726
2022-04-13T00:00:00.000000Z,4.4323530197143555,4.6623659133911133,4.408998966217041,4.6432647705078125,102652132
2022-04-14T00:00:00.000000Z,4.6427140235900879,4.7481818199157715,4.4663882255554199,4.5163989067077637,90804904
2022-04-15T00:00:00.000000Z,4.5161042213439941,4.8387060165405273,4.5161042213439941,4.6352601051330566,144714034
2022-04-16T00:00:00.000000Z,4.6350221633911133,4.8696751594543457,4.6350221633911133,4.7852997779846191,134261363
2022-04-17T00:00:00.000000Z,4.7847161293029785,4.7847161293029785,4.5015521049499512,4.5145840644836426,65813892
2022-04-18T00:00:00.000000Z,4.5144038200378418,4.7099637985229492,4.3205089569091797,4.7002310752868652,91652772
2022-04-19T00:00:00.000000Z,4.700437068939209,4.7990269660949707,4.6475930213928223,4.7990269660949707,77357796
2022-04-20T00:00:00.000000Z,4.7992448806762695,4.9519028663635254,4.6471619606018066,4.7667078971862793,112759140
2022-04-21T00:00:00.000000Z,4.766477108001709,5.0245471000671387,4.5866589546203613,4.603795051574707,138084230
2022-04-22T00:00:00.000000Z,4.6037130355834961,4.7646040916442871,4.5427107810974121,4.6433978080749512,92450362
2022-04-23T00:00:00.000000Z,4.6415410041809082,4.6701521873474121,4.5531911849975586,4.5976018905639648,58945152
2022-04-24T00:00:00.000000Z,4.5971770286560059,4.8952770233154297,4.4905881881713867,4.5391130447387695,134198273
2022-04-25T00:00:00.000000Z,4.5395698547363281,4.5510058403015137,4.2246589660644531,4.5241727828979492,91213710
2022-04-26T00:00:00.000000Z,4.5239548683166504,4.5874447822570801,4.0702528953552246,4.0961790084838867,96632758
2022-04-27T00:00:00.000000Z,4.0965580940246582,4.2630300521850586,4.0946168899536133,4.1949491500854492,78039535
2022-04-28T00:00:00.000000Z,4.1950521469116211,4.3220381736755371,4.1283168792724609,4.1641750335693359,79844275
2022-04-29T00:00:00.000000Z,4.1642098426818848,4.1833438873291016,3.8666789531707764,3.9495289325714111,80971915
2022-04-30T00:00:00.000000Z,3.9493141174316406,4.0489401817321777,3.536391019821167,3.6122241020202637,103884857
2022-05-01T00:00:00.000000Z,3.6124770641326904,3.8643760681152344,3.5728709697723389,3.8593530654907227,90357220
2022-05-02T00:00:00.000000Z,3.8594191074371338,3.9004039764404297,3.6704249382019043,3.8408029079437256,92572124
2022-05-03T00:00:00.000000Z,3.8405830860137939,3.9300620555877686,3.6550829410552979,3.7385430335998535,82225749
2022-05-04T00:00:00.000000Z,3.738292932510376,4.2627701759338379,3.7240951061248779,4.2482490539550781,124838404
2022-05-05T00:00:00.000000Z,4.2475318908691406,4.2762660980224609,3.6806960105895996,3.7587349414825439,122530479
2022-05-06T00:00:00.000000Z,3.7584919929504395,3.7636160850524902,3.5725760459899902,3.6685900688171387,97171750
2022-05-07T00:00:00.000000Z,3.6684679985046387,3.7112510204315186,3.5156190395355225,3.6215450763702393,70920615
2022-05-08T00:00:00.000000Z,3.6216299533843994,3.7227089405059814,3.5319430828094482,3.5704538822174072,93948032
2022-05-09T00:00:00.000000Z,3.5707650184631348,3.6615540981292725,2.9754569530487061,2.9754569530487061,150594482
2022-05-10T00:00:00.000000Z,2.9698960781097412,3.3814859390258789,2.838421106338501,3.1028609275817871,224660995
2022-05-11T00:00:00.000000Z,3.1007859706878662,3.1979250907897949,2.2856500148773193,2.4820001125335693,290213730
2022-05-12T00:00:00.000000Z,2.4852890968322754,2.6159989833831787,1.9466520547866821,2.3643300533294678,225813753
2022-05-13T00:00:00.000000Z,2.3634119033813477,2.706963062286377,2.3279960155487061,2.4760479927062988,106404351
2022-05-14T00:00:00.000000Z,2.4764440059661865,2.6025989055633545,2.3127779960632324,2.5831480026245117,72354732
2022-05-15T00:00:00.000000Z,2.5833709239959717,2.6558389663696289,2.3778579235076904,2.6554579734802246,71850673
2022-05-16T00:00:00.000000Z,2.6557929515838623,2.6570870876312256,2.4116430282592773,2.4428219795227051,60713510
2022-05-17T00:00:00.000000Z,2.4423789978027344,2.611130952835083,2.417172908782959,2.573681116104126,63354988
2022-05-18T00:00:00.000000Z,2.573185920715332,2.6083760261535645,2.3444640636444092,2.3460609912872314,67789995
2022-05-19T00:00:00.000000Z,2.346545934677124,2.5246009826660156,2.2545459270477295,2.5079219341278076,72541651
2022-05-20T00:00:00.000000Z,2.5046389102935791,2.5460169315338135,2.354741096496582,2.4150679111480713,66034885
2022-05-21T00:00:00.000000Z,2.4144539833068848,2.5243480205535889,2.3623778820037842,2.5093200206756592,70007417
2022-05-22T00:00:00.000000Z,2.5102050304412842,2.6307559013366699,2.4785981178283691,2.6004369258880615,72726111
2022-05-23T00:00:00.000000Z,2.6000370979309082,2.7832200527191162,2.5208098888397217,2.5364100933074951,134167315
2022-05-24T00:00:00.000000Z,2.5357370376586914,2.6101870536804199,2.4205789566040039,2.5914280414581299,93866381
2022-05-25T00:00:00.000000Z,2.5910348892211914,2.6248979568481445,2.463284969329834,2.5317609310150146,102531097
2022-05-26T00:00:00.000000Z,2.5322930812835693,2.5892848968505859,2.3009769916534424,2.3621220588684082,107289940
2022-05-27T00:00:00.000000Z,2.3611769676208496,2.4423050880432129,2.2507810592651367,2.3491230010986328,122571827
2022-05-28T00:00:00.000000Z,2.389348030090332,2.4587230682373047,2.3477621078491211,2.4074139595031738,97461622
2022-05-29T00:00:00.000000Z,2.4074170589447021,2.5695099830627441,2.3650190830230713,2.5674350261688232,106222112
2022-05-30T00:00:00.000000Z,2.5683341026306152,2.7797648906707764,2.5607900619506836,2.7543549537658691,134693849
2022-05-31T00:00:00.000000Z,2.7541079521179199,2.8325231075286865,2.6343860626220703,2.7485880851745605,133413115
2022-06-01T00:00:00.000000Z,2.7487640380859375,2.8477909564971924,2.478646993637085,2.4951760768890381,123040422
2022-06-02T00:00:00.000000Z,2.49440598487854,2.5637619495391846,2.4186949729919434,2.5523860454559326,89169391
2022-06-03T00:00:00.000000Z,2.5523419380187988,2.5523419380187988,2.3861300945281982,2.4214498996734619,70258354
2022-06-04T00:00:00.000000Z,2.421983003616333,2.4486138820648193,2.3648009300231934,2.4304540157318115,61874306
2022-06-05T00:00:00.000000Z,2.4304320812225342,2.5029370784759521,2.3948280811309814,2.479140043258667,64252011
2022-06-06T00:00:00.000000Z,2.47953200340271,2.7056570053100586,2.4770689010620117,2.5709750652313232,94057002
2022-06-07T00:00:00.000000Z,2.571113109588623,2.7100510597229004,2.4137160778045654,2.6351718902587891,85391897
2022-06-08T00:00:00.000000Z,2.6349799633026123,2.7350039482116699,2.5726358890533447,2.635883092880249,97939063
2022-06-09T00:00:00.000000Z,2.6402308940887451,2.7964310646057129,2.588313102722168,2.7201719284057617,126513388
2022-06-10T00:00:00.000000Z,2.7206709384918213,2.7242019176483154,2.4881019592285156,2.4930589199066162,74378025
2022-06-11T00:00:00.000000Z,2.4927239418029785,2.5666279792785645,2.2678658962249756,2.2812399864196777,76284119
2022-06-12T00:00:00.000000Z,2.2817239761352539,2.3217489719390869,2.1430540084838867,2.1642050743103027,93449523
2022-06-13T00:00:00.000000Z,2.1625139713287354,2.1625139713287354,1.8692630529403687,1.9016749858856201,173966142
2022-06-14T00:00:00.000000Z,1.901432991027832,1.9547159671783447,1.7648990154266357,1.931615948677063,103003596
2022-06-15T00:00:00.000000Z,1.9303690195083618,2.0201880931854248,1.7412680387496948,2.020176887512207,102425178
2022-06-16T00:00:00.000000Z,2.0210530757904053,2.0507040023803711,1.7690459489822388,1.7984950542449951,65413762
2022-06-17T00:00:00.000000Z,1.7995179891586304,1.8952809572219849,1.7973730564117432,1.8573360443115234,59244939
2022-06-18T00:00:00.000000Z,1.8569649457931519,1.8895159959793091,1.6052459478378296,1.7213369607925415,76322701
2022-06-19T00:00:00.000000Z,1.7207130193710327,1.8434070348739624,1.6387410163879395,1.8145569562911987,65841201
2022-06-20T00:00:00.000000Z,1.8142910003662109,1.8928200006484985,1.7381399869918823,1.872967004776001,50863863
2022-06-21T00:00:00.000000Z,1.8728669881820679,1.9660660028457642,1.8330179452896118,1.8763259649276733,51669172
2022-06-22T00:00:00.000000Z,1.8779209852218628,1.8832730054855347,1.7833060026168823,1.8021650314331055,40092077
2022-06-23T00:00:00.000000Z,1.802219033241272,1.9144940376281738,1.8011829853057861,1.9092069864273071,39964727
2022-06-24T00:00:00.000000Z,1.9092639684677124,2.0414559841156006,1.9078819751739502,2.0136539936065674,47242923
2022-06-25T00:00:00.000000Z,2.0134880542755127,2.0913779735565186,1.9421490430831909,2.038661003112793,57792643
2022-06-26T00:00:00.000000Z,2.0377678871154785,2.079279899597168,1.8975909948348999,1.8975909948348999,42005286
2022-06-27T00:00:00.000000Z,1.8983319997787476,2.0375080108642578,1.898237943649292,1.9879029989242554,62161088
2022-06-28T00:00:00.000000Z,1.9875169992446899,2.0492360591888428,1.8508709669113159,1.8560450077056885,59056823
2022-06-29T00:00:00.000000Z,1.8559470176696777,1.8961559534072876,1.8206650018692017,1.8603899478912354,47347232
2022-06-30T00:00:00.000000Z,1.8611910343170166,1.8708139657974243,1.7005170583724976,1.8429839611053467,48939596
2022-07-01T00:00:00.000000Z,1.8462660312652588,1.8897130489349365,1.7472449541091919,1.7816640138626099,50191070
2022-07-02T00:00:00.000000Z,1.7818050384521484,1.8379319906234741,1.7605129480361938,1.8224149942398071,38793767
2022-07-03T00:00:00.000000Z,1.8222650289535522,1.8318270444869995,1.7588510513305664,1.8212319612503052,27626149
2022-07-04T00:00:00.000000Z,1.8212510347366333,1.8760839700698853,1.7738549709320068,1.8737280368804932,33301947
2022-07-05T00:00:00.000000Z,1.8732210397720337,1.8889199495315552,1.7666879892349243,1.8124279975891113,38121895
2022-07-06T00:00:00.000000Z,1.8125619888305664,1.848209023475647,1.7934169769287109,1.8355280160903931,31389621
2022-07-07T00:00:00.000000Z,1.8356039524078369,1.9274020195007324,1.8311779499053955,1.9168980121612549,34829160
2022-07-08T00:00:00.000000Z,1.9165350198745728,1.9639010429382324,1.8533389568328857,1.8976269960403442,40629380
2022-07-09T00:00:00.000000Z,1.8973230123519897,1.9624379873275757,1.8945529460906982,1.9336010217666626,39895520
2022-07-10T00:00:00.000000Z,1.9334980249404907,1.9337680339813232,1.8424930572509766,1.8700159788131714,33062767
2022-07-11T00:00:00.000000Z,1.8698879480361938,1.8698879480361938,1.6971559524536133,1.7022190093994141,39238928
2022-07-12T00:00:00.000000Z,1.7023489475250244,1.7330780029296875,1.6465970277786255,1.6465970277786255,41166293
2022-07-13T00:00:00.000000Z,1.6459239721298218,1.7483140230178833,1.6079989671707153,1.7435699701309204,46240271
2022-07-14T00:00:00.000000Z,1.7432169914245605,1.7929149866104126,1.6689469814300537,1.7666829824447632,40399222
2022-07-15T00:00:00.000000Z,1.7667980194091797,1.8163739442825317,1.7373319864273071,1.7701150178909302,41456829
2022-07-16T00:00:00.000000Z,1.7700430154800415,1.8394980430603027,1.7397400140762329,1.8353509902954102,36128484
2022-07-17T00:00:00.000000Z,1.8353439569473267,1.8838930130004883,1.8059580326080322,1.8059580326080322,35586915
2022-07-18T00:00:00.000000Z,1.8060779571533203,1.9551279544830322,1.8032360076904297,1.9427169561386108,50300580
2022-07-19T00:00:00.000000Z,1.9418729543685913,2.0449268817901611,1.8908849954605103,2.0061659812927246,61857680
2022-07-20T00:00:00.000000Z,2.0063738822937012,2.0522410869598389,1.8776450157165527,1.8872580528259277,51303389
2022-07-21T00:00:00.000000Z,1.8877379894256592,1.9377180337905884,1.8325639963150024,1.9268410205841064,33740067
2022-07-22T00:00:00.000000Z,1.9269579648971558,2.1896679401397705,1.9197709560394287,2.0241739749908447,123015433
2022-07-23T00:00:00.000000Z,2.0232551097869873,2.1577420234680176,2.0037980079650879,2.0872249603271484,77780346
2022-07-24T00:00:00.000000Z,2.0869710445404053,2.1029129028320312,2.0436019897460938,2.0557940006256104,42130558
2022-07-25T00:00:00.000000Z,2.0551109313964844,2.061837911605835,1.8493219614028931,1.8493219614028931,42056697
2022-07-26T00:00:00.000000Z,1.8493549823760986,1.8686280250549316,1.7882250547409058,1.8686280250549316,33326024
2022-07-27T00:00:00.000000Z,1.8693200349807739,2.0050029754638672,1.832306981086731,2.0050029754638672,42592465
2022-07-28T00:00:00.000000Z,2.0050671100616455,2.3651559352874756,1.9594500064849854,2.3148069381713867,174281829
2022-07-29T00:00:00.000000Z,2.3154740333557129,2.4204559326171875,2.2456340789794922,2.290895938873291,125652711
2022-07-30T00:00:00.000000Z,2.2906210422515869,2.4005749225616455,2.2479729652404785,2.2547829151153564,85403399
2022-07-31T00:00:00.000000Z,2.2551009654998779,2.3199889659881592,2.1913249492645264,2.2007908821105957,55156714
2022-08-01T00:00:00.000000Z,2.2006649971008301,2.3097329139709473,2.1861379146575928,2.2716920375823975,47569311
2022-08-02T00:00:00.000000Z,2.2713649272918701,2.2736968994140625,2.0892150402069092,2.1589570045471191,43709122
2022-08-03T00:00:00.000000Z,2.1587419509887695,2.2513670921325684,2.0951581001281738,2.156804084777832,36341760
2022-08-04T00:00:00.000000Z,2.1567480564117432,2.2391290664672852,2.1533451080322266,2.2002658843994141,37680636
2022-08-05T00:00:00.000000Z,2.1991829872131348,2.3888890743255615,2.1931009292602539,2.3558459281921387,51533589
2022-08-06T00:00:00.000000Z,2.3559789657592773,2.4333291053771973,2.3267800807952881,2.3370869159698486,46870693
2022-08-07T00:00:00.000000Z,2.3371269702911377,2.3716011047363281,2.2996718883514404,2.3328850269317627,39123080
2022-08-08T00:00:00.000000Z,2.3330619335174561,2.4490070343017578,2.3187830448150635,2.399730920791626,52780962
2022-08-09T00:00:00.000000Z,2.3998920917510986,2.505573034286499,2.2617619037628174,2.2889120578765869,57061210
2022-08-10T00:00:00.000000Z,2.2888100147247314,2.4056339263916016,2.2438991069793701,2.3975050449371338,49979224
2022-08-11T00:00:00.000000Z,2.3974471092224121,2.4319720268249512,2.3810560703277588,2.3950541019439697,47932999
2022-08-12T00:00:00.000000Z,2.3954770565032959,2.414107084274292,2.3394210338592529,2.4063971042633057,36800795
2022-08-13T00:00:00.000000Z,2.4066390991210938,2.4381198883056641,2.387537956237793,2.4063971042633057,30677777
2022-08-14T00:00:00.000000Z,2.4069728851318359,2.4494938850402832,2.3076169490814209,2.3319981098175049,38551077
2022-08-15T00:00:00.000000Z,2.3321030139923096,2.3928029537200928,2.2758650779724121,2.3323609828948975,37687961
2022-08-16T00:00:00.000000Z,2.3318390846252441,2.3400959968566895,2.2585039138793945,2.2735080718994141,31915296
2022-08-17T00:00:00.000000Z,2.2732870578765869,2.3906819820404053,2.2010359764099121,2.2089591026306152,48296808
2022-08-18T00:00:00.000000Z,2.2099170684814453,2.2516429424285889,2.120743989944458,2.1210041046142578,34351823
2022-08-19T00:00:00.000000Z,2.1208229064941406,2.1236989498138428,1.8717130422592163,1.8910479545593262,47791094
2022-08-20T00:00:00.000000Z,1.8907639980316162,1.9391109943389893,1.8332279920578003,1.8764920234680176,29151916
2022-08-21T00:00:00.000000Z,1.8759939670562744,1.9626959562301636,1.8718459606170654,1.9434820413589478,24681848
2022-08-22T00:00:00.000000Z,1.9431129693984985,1.9431129693984985,1.8289979696273804,1.9241830110549927,29353408
2022-08-23T00:00:00.000000Z,1.9243429899215698,1.9734389781951904,1.87751305103302,1.9689370393753052,62824916
2022-08-24T00:00:00.000000Z,1.9685570001602173,2.0085620880126953,1.916592001914978,1.9529759883880615,47244759
2022-08-25T00:00:00.000000Z,1.9530160427093506,2.0127079486846924,1.9502290487289429,1.9886150360107422,35922341
2022-08-26T00:00:00.000000Z,1.9881429672241211,1.993664026260376,1.7679189443588257,1.7760410308837891,50048967
2022-08-27T00:00:00.000000Z,1.77606201171875,1.8035739660263062,1.7526730298995972,1.7840429544448853,33079919
2022-08-28T00:00:00.000000Z,1.7839289903640747,1.8062000274658203,1.7203559875488281,1.720831036567688,20651890
2022-08-29T00:00:00.000000Z,1.72011399269104,1.8667999505996704,1.7044049501419067,1.8652130365371704,27731291
2022-08-30T00:00:00.000000Z,1.8653520345687866,1.8899869918823242,1.7738720178604126,1.8150980472564697,28325972
2022-08-31T00:00:00.000000Z,1.8153150081634521,1.8749129772186279,1.7982189655303955,1.8017909526824951,27412912
2022-09-01T00:00:00.000000Z,1.801800012588501,1.8102420568466187,1.7344210147857666,1.802603006362915,26403382
2022-09-02T00:00:00.000000Z,1.8025549650192261,1.8564109802246094,1.7696260213851929,1.7917740345001221,28108978
2022-09-03T00:00:00.000000Z,1.7917490005493164,1.8059370517730713,1.7741999626159668,1.7934950590133667,20316251
2022-09-04T00:00:00.000000Z,1.7931050062179565,1.9161779880523682,1.7824759483337402,1.9093220233917236,28378185
2022-09-05T00:00:00.000000Z,1.9093689918518066,1.9175490140914917,1.8085000514984131,1.8653930425643921,24544087
2022-09-06T00:00:00.000000Z,1.8656630516052246,1.9177349805831909,1.6968990564346313,1.6970440149307251,35506188
2022-09-07T00:00:00.000000Z,1.6963319778442383,1.8502910137176514,1.6708290576934814,1.8119000196456909,35929769
2022-09-08T00:00:00.000000Z,1.8115919828414917,1.8546080589294434,1.7709159851074219,1.8478330373764038,31987975
2022-09-09T00:00:00.000000Z,1.8477599620819092,1.943384051322937,1.8454270362854004,1.9335620403289795,34906476
2022-09-10T00:00:00.000000Z,1.9336340427398682,1.9574439525604248,1.9030989408493042,1.9298210144042969,35070244
2022-09-11T00:00:00.000000Z,1.9299850463867188,1.9663419723510742,1.9009989500045776,1.9354050159454346,32012725
2022-09-12T00:00:00.000000Z,1.9355100393295288,2.0868830680847168,1.9032399654388428,1.9741270542144775,63482810
2022-09-13T00:00:00.000000Z,1.9739639759063721,2.002626895904541,1.7766790390014648,1.801893949508667,56702231
2022-09-14T00:00:00.000000Z,1.7867300510406494,1.8192470073699951,1.7723269462585449,1.8118269443511963,35367307
2022-09-15T00:00:00.000000Z,1.8116509914398193,1.8474370241165161,1.7278460264205933,1.7344199419021606,43977373
2022-09-16T00:00:00.000000Z,1.735044002532959,1.7731859683990479,1.711542010307312,1.7626349925994873,30454495
2022-09-17T00:00:00.000000Z,1.7629350423812866,1.8311450481414795,1.7608000040054321,1.830955982208252,20115240
2022-09-18T00:00:00.000000Z,1.8306740522384644,1.833575963973999,1.6717809438705444,1.6756960153579712,31840090
2022-09-19T00:00:00.000000Z,1.675663948059082,1.7194919586181641,1.6411410570144653,1.7128709554672241,36832148
2022-09-20T00:00:00.000000Z,1.7127970457077026,1.7328920364379883,1.6752170324325562,1.6912480592727661,34197634
2022-09-21T00:00:00.000000Z,1.6912120580673218,1.7742069959640503,1.6287230253219604,1.6544619798660278,47891800
2022-09-22T00:00:00.000000Z,1.6534030437469482,1.7742099761962891,1.6438920497894287,1.7650140523910522,28150513
2022-09-23T00:00:00.000000Z,1.7646679878234863,1.8027009963989258,1.7028349637985229,1.7693699598312378,30181070
2022-09-24T00:00:00.000000Z,1.7694989442825317,1.7943769693374634,1.7296949625015259,1.732975959777832,19839400
2022-09-25T00:00:00.000000Z,1.7327929735183716,1.7646299600601196,1.6850149631500244,1.7021650075912476,20376309
2022-09-26T00:00:00.000000Z,1.7023080587387085,1.7187379598617554,1.6601120233535767,1.7133760452270508,25327227
2022-09-27T00:00:00.000000Z,1.7131689786911011,1.8440190553665161,1.6964850425720215,1.7161259651184082,42753389
2022-09-28T00:00:00.000000Z,1.71561598777771,1.7291330099105835,1.6517540216445923,1.7205259799957275,27708445
2022-09-29T00:00:00.000000Z,1.7207119464874268,1.7373059988021851,1.6833570003509521,1.7292259931564331,24604837
2022-09-30T00:00:00.000000Z,1.7291380167007446,1.7594449520111084,1.7058709859848022,1.7240699529647827,25145998
2022-10-01T00:00:00.000000Z,1.7241979837417603,1.7397129535675049,1.7112369537353516,1.7133580446243286,14869046
2022-10-02T00:00:00.000000Z,1.7135629653930664,1.7205339670181274,1.6412709951400757,1.643576979637146,22072233
2022-10-03T00:00:00.000000Z,1.6435650587081909,1.6997289657592773,1.6263550519943237,1.6956750154495239,22548521
2022-10-04T00:00:00.000000Z,1.6953669786453247,1.7514280080795288,1.6860059499740601,1.7372479438781738,20094821
2022-10-05T00:00:00.000000Z,1.7372219562530518,1.7398099899291992,1.6852719783782959,1.7151230573654175,19838352
2022-10-06T00:00:00.000000Z,1.7151540517807007,1.7394289970397949,1.6722179651260376,1.6774619817733765,21779259
2022-10-07T00:00:00.000000Z,1.6775380373001099,1.704010009765625,1.6658159494400024,1.6871969699859619,18850923
2022-10-08T00:00:00.000000Z,1.6871750354766846,1.7017199993133545,1.6690679788589478,1.6817389726638794,15677978
2022-10-09T00:00:00.000000Z,1.6821420192718506,1.7155879735946655,1.679779052734375,1.709663987159729,16405815
2022-10-10T00:00:00.000000Z,1.7096480131149292,1.7232049703598022,1.6326819658279419,1.6331429481506348,23874009
2022-10-11T00:00:00.000000Z,1.6331280469894409,1.6331280469894409,1.586933970451355,1.5979260206222534,25872809
2022-10-12T00:00:00.000000Z,1.5982940196990967,1.6233140230178833,1.5854350328445435,1.5916750431060791,26160802
2022-10-13T00:00:00.000000Z,1.591560959815979,1.5928200483322144,1.4472719430923462,1.5728329420089722,44554336
2022-10-14T00:00:00.000000Z,1.5727959871292114,1.6305210590362549,1.5425479412078857,1.560526967048645,25425875
2022-10-15T00:00:00.000000Z,1.5604779720306396,1.5854790210723877,1.5483189821243286,1.5667829513549805,23436733
2022-10-16T00:00:00.000000Z,1.5670739412307739,1.6135220527648926,1.5670739412307739,1.6012580394744873,23079949
2022-10-17T00:00:00.000000Z,1.6013330221176147,1.6451760530471802,1.5845010280609131,1.642441987991333,24678845
2022-10-18T00:00:00.000000Z,1.6424989700317383,1.6556700468063354,1.5695830583572388,1.5981069803237915,27590830
2022-10-19T00:00:00.000000Z,1.5981669425964355,1.6036620140075684,1.5279140472412109,1.5311520099639893,28879763
2022-10-20T00:00:00.000000Z,1.5311460494995117,1.5800060033798218,1.5183299779891968,1.5354759693145752,18953645
2022-10-21T00:00:00.000000Z,1.5354520082473755,1.5924060344696045,1.4971590042114258,1.5801349878311157,24678687
2022-10-22T00:00:00.000000Z,1.5802479982376099,1.5880529880523682,1.5467820167541504,1.5708960294723511,19217698
2022-10-23T00:00:00.000000Z,1.5708299875259399,1.6143219470977783,1.5405579805374146,1.6061259508132935,26742147
2022-10-24T00:00:00.000000Z,1.6062339544296265,1.6121569871902466,1.5467970371246338,1.5602699518203735,23115478
2022-10-25T00:00:00.000000Z,1.5596100091934204,1.6653339862823486,1.5588129758834839,1.6305569410324097,31251337
2022-10-26T00:00:00.000000Z,1.6299929618835449,1.6846209764480591,1.6271109580993652,1.6688179969787598,33981205
2022-10-27T00:00:00.000000Z,1.6692010164260864,1.7241649627685547,1.6384170055389404,1.6430720090866089,39689524
2022-10-28T00:00:00.000000Z,1.642846941947937,1.6848670244216919,1.6099419593811035,1.6709070205688477,29332804
2022-10-29T00:00:00.000000Z,1.6708270311355591,1.7267260551452637,1.6679999828338623,1.6961920261383057,33845616
2022-10-30T00:00:00.000000Z,1.6963609457015991,1.7404060363769531,1.6493129730224609,1.6655960083007812,28348471
2022-10-31T00:00:00.000000Z,1.6654230356216431,1.6921910047531128,1.6378899812698364,1.658979058265686,35033635
2022-11-01T00:00:00.000000Z,1.6587029695510864,1.6680799722671509,1.6171640157699585,1.619500994682312,29863718
2022-11-02T00:00:00.000000Z,1.6196049451828003,1.636078953742981,1.5602730512619019,1.5931529998779297,42966246
2022-11-03T00:00:00.000000Z,1.5931529998779297,1.6892950534820557,1.5912480354309082,1.6500060558319092,36122304
2022-11-04T00:00:00.000000Z,1.6501959562301636,1.7890100479125977,1.6426899433135986,1.7879530191421509,62109311
2022-11-05T00:00:00.000000Z,1.7878789901733398,1.8324229717254639,1.7750780582427979,1.7947709560394287,48179518
2022-11-06T00:00:00.000000Z,1.7948479652404785,1.807898998260498,1.672091007232666,1.672091007232666,32493781
2022-11-07T00:00:00.000000Z,1.6719139814376831,1.7081910371780396,1.6390039920806885,1.6712110042572021,27080731
2022-11-08T00:00:00.000000Z,1.6709729433059692,1.6902890205383301,1.2973810434341431,1.4049299955368042,56023487
2022-11-09T00:00:00.000000Z,1.4057910442352295,1.4161009788513184,1.0823630094528198,1.0982190370559692,53272514
2022-11-10T00:00:00.000000Z,1.0980099439620972,1.3361200094223022,1.0860060453414917,1.3201719522476196,49164753
2022-11-11T00:00:00.000000Z,1.3198779821395874,1.3382730484008789,1.2017060518264771,1.2284760475158691,31825364
2022-11-12T00:00:00.000000Z,1.2286310195922852,1.2396119832992554,1.1560139656066895,1.1589009761810303,16315221
2022-11-13T00:00:00.000000Z,1.1589709520339966,1.1887650489807129,1.1148109436035156,1.1291120052337646,19135261
2022-11-14T00:00:00.000000Z,1.1282479763031006,1.155940055847168,1.0579580068588257,1.1507140398025513,24210949
2022-11-15T00:00:00.000000Z,1.1506500244140625,1.1983489990234375,1.1375139951705933,1.1730320453643799,16586078
2022-11-16T00:00:00.000000Z,1.173253059387207,1.192829966545105,1.1273289918899536,1.1417419910430908,15992387
2022-11-17T00:00:00.000000Z,1.1420459747314453,1.1491420269012451,1.1100109815597534,1.1232329607009888,14323454
2022-11-18T00:00:00.000000Z,1.1232680082321167,1.1467909812927246,1.1216379404067993,1.1335920095443726,13183593
2022-11-19T00:00:00.000000Z,1.1335599422454834,1.1748189926147461,1.1193410158157349,1.1694109439849854,15362621
2022-11-20T00:00:00.000000Z,1.1694420576095581,1.1825070381164551,1.1127680540084839,1.1140669584274292,17790610
2022-11-21T00:00:00.000000Z,1.1138169765472412,1.1155060529708862,1.0567489862442017,1.0832619667053223,19606180
2022-11-22T00:00:00.000000Z,1.0834469795227051,1.1341769695281982,1.0380100011825562,1.1285020112991333,24175149
2022-11-23T00:00:00.000000Z,1.1288100481033325,1.2029010057449341,1.1288100481033325,1.1735299825668335,34199370
2022-11-24T00:00:00.000000Z,1.1735910177230835,1.1919300556182861,1.1565569639205933,1.174083948135376,19452569
2022-11-25T00:00:00.000000Z,1.1740419864654541,1.183243989944458,1.1455520391464233,1.1746900081634521,18614122
2022-11-26T00:00:00.000000Z,1.1746220588684082,1.2207319736480713,1.1746220588684082,1.1904710531234741,25846282
2022-11-27T00:00:00.000000Z,1.1904480457305908,1.2099770307540894,1.1686249971389771,1.170009970664978,21638976
2022-11-28T00:00:00.000000Z,1.1707750558853149,1.1803439855575562,1.1218600273132324,1.160491943359375,26248699
2022-11-29T00:00:00.000000Z,1.1604499816894531,1.1869319677352905,1.152953028678894,1.1726560592651367,25838186
2022-11-30T00:00:00.000000Z,1.1727429628372192,1.3197089433670044,1.1724870204925537,1.2606250047683716,104624010
2022-12-01T00:00:00.000000Z,1.2607760429382324,1.2607760429382324,1.2012979984283447,1.2052849531173706,40694873
2022-12-02T00:00:00.000000Z,1.2056349515914917,1.2272800207138062,1.1940319538116455,1.2175719738006592,34568329
2022-12-03T00:00:00.000000Z,1.2177070379257202,1.221871018409729,1.1800700426101685,1.1810359954833984,28056559
2022-12-04T00:00:00.000000Z,1.1810669898986816,1.2095799446105957,1.180556058883667,1.20859694480896,29565922
2022-12-05T00:00:00.000000Z,1.2077209949493408,1.2361049652099609,1.1950210332870483,1.2112109661102295,33077369
2022-12-06T00:00:00.000000Z,1.2112890481948853,1.2177289724349976,1.1981660127639771,1.2124619483947754,28980199
2022-12-07T00:00:00.000000Z,1.2124810218811035,1.2171250581741333,1.1442240476608276,1.1502649784088135,29131617
2022-12-08T00:00:00.000000Z,1.1501079797744751,1.1812479496002197,1.1405260562896729,1.1802010536193848,20624502
2022-12-09T00:00:00.000000Z,1.1801630258560181,1.1826419830322266,1.1634060144424438,1.1699119806289673,16961174
2022-12-10T00:00:00.000000Z,1.1699520349502563,1.199565052986145,1.1699520349502563,1.184033989906311,20155165
2022-12-11T00:00:00.000000Z,1.1841499805450439,1.2195520401000977,1.183724045753479,1.1881649494171143,57136954
2022-12-12T00:00:00.000000Z,1.187904953956604,1.187904953956604,1.1291639804840088,1.1591759920120239,19911887
2022-12-13T00:00:00.000000Z,1.159142017364502,1.1736810207366943,1.1087609529495239,1.1736810207366943,26007823
2022-12-14T00:00:00.000000Z,1.1740709543228149,1.1958580017089844,1.1653259992599487,1.1778229475021362,18258335
2022-12-15T00:00:00.000000Z,1.1777900457382202,1.1804900169372559,1.1287679672241211,1.133154034614563,15494847
2022-12-16T00:00:00.000000Z,1.1333030462265015,1.1398409605026245,1.0269639492034912,1.0350229740142822,19665694
2022-12-17T00:00:00.000000Z,1.034932017326355,1.034932017326355,0.99905401468276978,1.0286049842834473,17991478
2022-12-18T00:00:00.000000Z,1.0286060571670532,1.0286060571670532,1.0086690187454224,1.014922022819519,11787890
2022-12-19T00:00:00.000000Z,1.0150090456008911,1.0253089666366577,0.95862299203872681,0.96146297454833984,15590992
2022-12-20T00:00:00.000000Z,0.96153497695922852,1.0256479978561401,0.95932197570800781,1.0217759609222412,15127365
2022-12-21T00:00:00.000000Z,1.0217369794845581,1.0217369794845581,0.99606400728225708,1.0054420232772827,14527458
2022-12-22T00:00:00.000000Z,1.0057469606399536,1.0174750089645386,0.98223698139190674,1.0158339738845825,15858333
2022-12-23T00:00:00.000000Z,1.0159130096435547,1.0231839418411255,1.0136940479278564,1.0191580057144165,12850304
2022-12-24T00:00:00.000000Z,1.0192179679870605,1.0277479887008667,1.0178999900817871,1.0208859443664551,10726733
2022-12-25T00:00:00.000000Z,1.0211679935455322,1.0264149904251099,1.0121899843215942,1.024664044380188,11253244
2022-12-26T00:00:00.000000Z,1.0245800018310547,1.0282009840011597,1.0068420171737671,1.0217419862747192,16202321
2022-12-27T00:00:00.000000Z,1.0215920209884644,1.0332150459289551,1.0116579532623291,1.0302220582962036,16080215
2022-12-28T00:00:00.000000Z,1.0305720567703247,1.0403939485549927,0.99455302953720093,1.0139449834823608,28124857
2022-12-29T00:00:00.000000Z,1.0139449834823608,1.0341039896011353,0.98802000284194946,1.0053869485855103,22393369
2022-12-30T00:00:00.000000Z,1.0054290294647217,1.0272829532623291,0.9924970269203186,1.020535945892334,19375076
2022-12-31T00:00:00.000000Z,1.0206090211868286,1.0392539501190186,1.0186949968338013,1.0291399955749512,16656587
2023-01-01T00:00:00.000000Z,1.0293560028076172,1.0572459697723389,1.0156270265579224,1.0432790517807007,24837493
2023-01-02T00:00:00.000000Z,1.0433239936828613,1.055745005607605,1.0260339975357056,1.0493630170822144,18658098
2023-01-03T00:00:00.000000Z,1.0493830442428589,1.0664540529251099,1.0370019674301147,1.060291051864624,18215566
2023-01-04T00:00:00.000000Z,1.0602649450302124,1.1061749458312988,1.0562280416488647,1.080348014831543,21535263
2023-01-05T00:00:00.000000Z,1.080219030380249,1.0868769884109497,1.0548839569091797,1.0574359893798828,15465141
2023-01-06T00:00:00.000000Z,1.057405948638916,1.0656219720840454,1.0365309715270996,1.0630170106887817,13378579
2023-01-07T00:00:00.000000Z,1.0629570484161377,1.126505970954895,1.0609149932861328,1.0915449857711792,21839183
2023-01-08T00:00:00.000000Z,1.0916570425033569,1.1269559860229492,1.0691659450531006,1.1262029409408569,17426386
2023-01-09T00:00:00.000000Z,1.1264300346374512,1.1641989946365356,1.1246980428695679,1.1290880441665649,22119469
2023-01-10T00:00:00.000000Z,1.1290030479431152,1.1482189893722534,1.1158260107040405,1.1368420124053955,15996814
2023-01-11T00:00:00.000000Z,1.1368019580841064,1.1892980337142944,1.1323820352554321,1.1892960071563721,25299942
2023-01-12T00:00:00.000000Z,1.2155469655990601,1.2284649610519409,1.1728479862213135,1.212272047996521,25496369
2023-01-13T00:00:00.000000Z,1.2120720148086548,1.2606370449066162,1.1953029632568359,1.2552069425582886,19673773
2023-01-14T00:00:00.000000Z,1.2552299499511719,1.3485870361328125,1.253296971321106,1.3057830333709717,38852071
2023-01-15T00:00:00.000000Z,1.3055909872055054,1.333219051361084,1.284682035446167,1.3159359693527222,34012912
2023-01-16T00:00:00.000000Z,1.3160489797592163,1.3479130268096924,1.2631429433822632,1.2940349578857422,32353333
2023-01-17T00:00:00.000000Z,1.2940410375595093,1.3096970319747925,1.2690160274505615,1.2726579904556274,28517637
2023-01-18T00:00:00.000000Z,1.2726579904556274,1.3086190223693848,1.1934159994125366,1.2025959491729736,31022656
2023-01-19T00:00:00.000000Z,1.2024819850921631,1.2511169910430908,1.2013289928436279,1.2471799850463867,19794173
2023-01-20T00:00:00.000000Z,1.2471109628677368,1.3311840295791626,1.2327020168304443,1.3311840295791626,19619617
2023-01-21T00:00:00.000000Z,1.3313659429550171,1.3835949897766113,1.3259660005569458,1.3462510108947754,35179318
2023-01-22T00:00:00.000000Z,1.3461819887161255,1.4138760566711426,1.3405029773712158,1.3871099948883057,26688167
2023-01-23T00:00:00.000000Z,1.3870010375976562,1.4213800430297852,1.3861010074615479,1.4184869527816772,24958373
2023-01-24T00:00:00.000000Z,1.4180890321731567,1.5545469522476196,1.4043960571289062,1.4142069816589355,73472626
2023-01-25T00:00:00.000000Z,1.4142409563064575,1.4690730571746826,1.3651100397109985,1.4464629888534546,24983401
2023-01-26T00:00:00.000000Z,1.4461929798126221,1.4703409671783447,1.4301550388336182,1.4680550098419189,23091011
2023-01-27T00:00:00.000000Z,1.4680219888687134,1.5122679471969604,1.4350160360336304,1.5068639516830444,22966730
2023-01-28T00:00:00.000000Z,1.5071220397949219,1.5324369668960571,1.455333948135376,1.4620209932327271,20203374
2023-01-29T00:00:00.000000Z,1.4616630077362061,1.5351970195770264,1.4551210403442383,1.5298579931259155,27586851
2023-01-30T00:00:00.000000Z,1.5300359725952148,1.5332789421081543,1.3717399835586548,1.3790960311889648,26038028
2023-01-31T00:00:00.000000Z,1.37922203540802,1.4186910390853882,1.3638399839401245,1.3999290466308594,21964165
2023-02-01T00:00:00.000000Z,1.3997180461883545,1.4569569826126099,1.3441779613494873,1.4558819532394409,22298863
2023-02-02T00:00:00.000000Z,1.4557030200958252,1.5232230424880981,1.4531749486923218,1.4534790515899658,24922381
2023-02-03T00:00:00.000000Z,1.453402042388916,1.5858919620513916,1.453402042388916,1.5744730234146118,44663641
2023-02-04T00:00:00.000000Z,1.5744199752807617,1.5872039794921875,1.5392190217971802,1.5563340187072754,21034774
2023-02-05T00:00:00.000000Z,1.556399941444397,1.7298769950866699,1.5431360006332397,1.6108009815216064,107472516
2023-02-06T00:00:00.000000Z,1.6104819774627686,1.813228964805603,1.60834801197052,1.6690020561218262,147364132
2023-02-07T00:00:00.000000Z,1.6690009832382202,1.6963200569152832,1.6298569440841675,1.6938999891281128,35738361
2023-02-08T00:00:00.000000Z,1.6935319900512695,1.6942720413208008,1.5861200094223022,1.6901509761810303,32396798
2023-02-09T00:00:00.000000Z,1.6906900405883789,1.7413320541381836,1.482064962387085,1.4982270002365112,65935721
2023-02-10T00:00:00.000000Z,1.4984450340270996,1.5582079887390137,1.4751269817352295,1.5252339839935303,31799120
2023-02-11T00:00:00.000000Z,1.5253130197525024,1.5487149953842163,1.5096219778060913,1.5460209846496582,17024833
2023-02-12T00:00:00.000000Z,1.5461579561233521,1.5742789506912231,1.5086549520492554,1.5167249441146851,18320394
2023-02-13T00:00:00.000000Z,1.5165630578994751,1.5251649618148804,1.4220559597015381,1.4809880256652832,22759798
2023-02-14T00:00:00.000000Z,1.4807449579238892,1.5656750202178955,1.4799289703369141,1.563560962677002,23552641
2023-02-15T00:00:00.000000Z,1.5636090040206909,1.6531690359115601,1.5459589958190918,1.6531690359115601,20915867
2023-02-16T00:00:00.000000Z,1.6532859802246094,1.6756570339202881,1.5552819967269897,1.5585490465164185,25641400
2023-02-17T00:00:00.000000Z,1.5589059591293335,1.6769429445266724,1.5542880296707153,1.6651569604873657,24959730
2023-02-18T00:00:00.000000Z,1.6651459932327271,1.6919649839401245,1.6537729501724243,1.6729830503463745,19847942
2023-02-19T00:00:00.000000Z,1.6725800037384033,1.8159639835357666,1.6717489957809448,1.7575349807739258,62687287
2023-02-20T00:00:00.000000Z,1.7579619884490967,2.0599839687347412,1.6994940042495728,1.9418970346450806,79001685
2023-02-21T00:00:00.000000Z,1.9426130056381226,1.9572360515594482,1.8150670528411865,1.842864990234375,43390413
2023-02-22T00:00:00.000000Z,1.8428189754486084,1.8516050577163696,1.7445149421691895,1.8512680530548096,25626852
2023-02-23T00:00:00.000000Z,1.8514629602432251,1.8613109588623047,1.759194016456604,1.7870769500732422,23942219
2023-02-24T00:00:00.000000Z,1.786978006362915,1.7883830070495605,1.6763089895248413,1.7106649875640869,20658125
2023-02-25T00:00:00.000000Z,1.7113360166549683,1.7225359678268433,1.6482789516448975,1.6951789855957031,16601459
2023-02-26T00:00:00.000000Z,1.6950960159301758,1.7215110063552856,1.6714730262756348,1.7123609781265259,16124401
2023-02-27T00:00:00.000000Z,1.7122499942779541,1.879565954208374,1.7122499942779541,1.7899260520935059,77050596
2023-02-28T00:00:00.000000Z,1.7899500131607056,1.7908669710159302,1.6711879968643188,1.6744799613952637,22198965
2023-03-01T00:00:00.000000Z,1.6743539571762085,1.7308059930801392,1.6643439531326294,1.7304719686508179,17831809
2023-03-02T00:00:00.000000Z,1.7305140495300293,1.73471999168396,1.6422319412231445,1.6777340173721313,17763895
2023-03-03T00:00:00.000000Z,1.6778680086135864,1.6790510416030884,1.5204819440841675,1.566709041595459,23352314
2023-03-04T00:00:00.000000Z,1.566519021987915,1.6071629524230957,1.4925329685211182,1.5196529626846313,16397508
2023-03-05T00:00:00.000000Z,1.5197809934616089,1.5574860572814941,1.4924880266189575,1.4960360527038574,13210744
2023-03-06T00:00:00.000000Z,1.4960819482803345,1.5034259557723999,1.4520210027694702,1.5016789436340332,17369399
2023-03-07T00:00:00.000000Z,1.5017030239105225,1.5181879997253418,1.4274369478225708,1.4552639722824097,15210305
2023-03-08T00:00:00.000000Z,1.4552730321884155,1.4591879844665527,1.3441159725189209,1.3709269762039185,16845339
2023-03-09T00:00:00.000000Z,1.3712780475616455,1.3936259746551514,1.2522510290145874,1.2644460201263428,18702902
2023-03-10T00:00:00.000000Z,1.2645540237426758,1.2948900461196899,1.1992449760437012,1.2759640216827393,20727240
2023-03-11T00:00:00.000000Z,1.2759150266647339,1.3162080049514771,1.2058930397033691,1.2514810562133789,18115266
2023-03-12T00:00:00.000000Z,1.2517379522323608,1.3610440492630005,1.2349309921264648,1.3610179424285889,16640412
2023-03-13T00:00:00.000000Z,1.3611819744110107,1.4490950107574463,1.3279960155487061,1.4352940320968628,26463779
2023-03-14T00:00:00.000000Z,1.435575008392334,1.5559049844741821,1.4253040552139282,1.5093879699707031,26510953
2023-03-15T00:00:00.000000Z,1.5097910165786743,1.5372010469436646,1.3430650234222412,1.3530479669570923,34679822
2023-03-16T00:00:00.000000Z,1.3532470464706421,1.3787640333175659,1.3316240310668945,1.3712019920349121,25919553
2023-03-17T00:00:00.000000Z,1.3713209629058838,1.4913140535354614,1.3591439723968506,1.4913140535354614,27575433
2023-03-18T00:00:00.000000Z,1.4915080070495605,1.5387729406356812,1.451185941696167,1.4541300535202026,24557303
2023-03-19T00:00:00.000000Z,1.453935980796814,2.4315710067749023,1.453935980796814,2.2999451160430908,752670044
2023-03-20T00:00:00.000000Z,2.301163911819458,2.4325189590454102,2.0377509593963623,2.0377509593963623,641937819
2023-03-21T00:00:00.000000Z,2.0389490127563477,2.0836749076843262,1.814568042755127,1.8661539554595947,175910045
2023-03-22T00:00:00.000000Z,1.8658299446105957,1.8658299446105957,1.664639949798584,1.7099909782409668,71897257
2023-03-23T00:00:00.000000Z,1.7099519968032837,1.8221620321273804,1.7099519968032837,1.7921910285949707,98516281
2023-03-24T00:00:00.000000Z,1.7926019430160522,2.1402480602264404,1.7847479581832886,2.022568941116333,402840758
2023-03-25T00:00:00.000000Z,2.0238308906555176,2.0904879570007324,1.8303710222244263,1.83045494556427,122995526
2023-03-26T00:00:00.000000Z,1.8302589654922485,1.8771599531173706,1.7936619520187378,1.857450008392334,51698171
2023-03-27T00:00:00.000000Z,1.8575999736785889,1.8605489730834961,1.7007550001144409,1.7580389976501465,42483909
2023-03-28T00:00:00.000000Z,1.7578489780426025,1.8660140037536621,1.7377010583877563,1.8029270172119141,112676010
2023-03-29T00:00:00.000000Z,1.8029639720916748,1.9127709865570068,1.7002290487289429,1.7107930183410645,168915257
2023-03-30T00:00:00.000000Z,1.7109899520874023,1.7134219408035278,1.5602539777755737,1.5668989419937134,83278640
2023-03-31T00:00:00.000000Z,1.5670160055160522,1.6140530109405518,1.5347820520401001,1.5804979801177979,56445136
2023-04-01T00:00:00.000000Z,1.580441951751709,1.5903379917144775,1.5357569456100464,1.5357569456100464,30282278
2023-04-02T00:00:00.000000Z,1.5564130544662476,1.5766689777374268,1.4831310510635376,1.504673957824707,45976868
2023-04-03T00:00:00.000000Z,1.5045980215072632,1.5470039844512939,1.462986946105957,1.5145570039749146,42053489
2023-04-04T00:00:00.000000Z,1.5145080089569092,1.5408509969711304,1.4844039678573608,1.5298060178756714,27407117
2023-04-05T00:00:00.000000Z,1.529850959777832,1.5731120109558105,1.493927001953125,1.5125119686126709,50172431
2023-04-06T00:00:00.000000Z,1.512537956237793,1.5555820465087891,1.4568719863891602,1.4832750558853149,50217150
2023-04-07T00:00:00.000000Z,1.4838789701461792,1.4868839979171753,1.4589619636535645,1.4725339412689209,26699429
2023-04-08T00:00:00.000000Z,1.4722939729690552,1.4914389848709106,1.4568480253219604,1.462615966796875,19949114
2023-04-09T00:00:00.000000Z,1.4627079963684082,1.4786709547042847,1.4302940368652344,1.4578380584716797,24020207
2023-04-10T00:00:00.000000Z,1.4577679634094238,1.5242539644241333,1.4393839836120605,1.5206990242004395,165148659
2023-04-11T00:00:00.000000Z,1.5203260183334351,1.5879670381546021,1.5041739940643311,1.5289449691772461,144227204
2023-04-12T00:00:00.000000Z,1.5288790464401245,1.5290759801864624,1.3866590261459351,1.4373500347137451,88899419
2023-04-13T00:00:00.000000Z,1.424077033996582,1.4648400545120239,1.4206249713897705,1.443295955657959,62911161
2023-04-14T00:00:00.000000Z,1.4435210227966309,1.4766830205917358,1.4231710433959961,1.4552880525588989,39477671
2023-04-15T00:00:00.000000Z,1.4553329944610596,1.4553329944610596,1.428231954574585,1.4471780061721802,25063202
2023-04-16T00:00:00.000000Z,1.4471720457077026,1.4730370044708252,1.4318280220031738,1.4627670049667358,26160084
2023-04-17T00:00:00.000000Z,1.4629620313644409,1.5003139972686768,1.4322099685668945,1.4643340110778809,55257324
2023-04-18T00:00:00.000000Z,1.4644949436187744,1.4908159971237183,1.4464329481124878,1.4859369993209839,27087471
2023-04-19T00:00:00.000000Z,1.4858909845352173,1.4864250421524048,1.3256510496139526,1.3391040563583374,44359188
2023-04-20T00:00:00.000000Z,1.339074969291687,1.3452299833297729,1.2689650058746338,1.277135968208313,29588559
2023-04-21T00:00:00.000000Z,1.2770650386810303,1.2899500131607056,1.1825829744338989,1.1889790296554565,32154169
2023-04-22T00:00:00.000000Z,1.189007043838501,1.223986029624939,1.1806910037994385,1.2234309911727905,18190426
2023-04-23T00:00:00.000000Z,1.223209023475647,1.223209023475647,1.1696829795837402,1.1926610469818115,23372895
2023-04-24T00:00:00.000000Z,1.1926900148391724,1.2738200426101685,1.1558929681777954,1.1786619424819946,78708451
2023-04-25T00:00:00.000000Z,1.1788229942321777,1.1788229942321777,1.0854489803314209,1.1342200040817261,60757750
2023-04-26T00:00:00.000000Z,1.1342489719390869,1.1342489719390869,1.0156040191650391,1.0639519691467285,91459317
2023-04-27T00:00:00.000000Z,1.0639610290527344,1.0880969762802124,1.0412750244140625,1.0720109939575195,30948963
2023-04-28T00:00:00.000000Z,1.0720330476760864,1.0769959688186646,1.0233550071716309,1.0404820442199707,20140997
2023-04-29T00:00:00.000000Z,1.0403989553451538,1.0915919542312622,1.0333230495452881,1.0847879648208618,23653524
2023-04-30T00:00:00.000000Z,1.0850269794464111,1.0955530405044556,1.0409059524536133,1.0528949499130249,30052723
2023-05-01T00:00:00.000000Z,1.0513789653778076,1.0604770183563232,1.0116100311279297,1.0474870204925537,26475049
2023-05-02T00:00:00.000000Z,1.0474450588226318,1.1276470422744751,1.031838059425354,1.1128369569778442,54934007
2023-05-03T00:00:00.000000Z,1.1131050586700439,1.1155760288238525,1.0377810001373291,1.1130989789962769,32717608
2023-05-04T00:00:00.000000Z,1.1132489442825317,1.1153570413589478,1.0540410280227661,1.0603369474411011,15830228
2023-05-05T00:00:00.000000Z,1.0603690147399902,1.067999005317688,1.0358999967575073,1.0625879764556885,19058946
2023-05-06T00:00:00.000000Z,1.0625679492950439,1.0669319629669189,0.9834820032119751,0.99012100696563721,19345133
2023-05-07T00:00:00.000000Z,0.99006801843643188,1.0148290395736694,0.97565102577209473,1.0037139654159546,16434896
2023-05-08T00:00:00.000000Z,1.0034739971160889,1.0044159889221191,0.84601700305938721,0.85990297794342041,32180261
2023-05-09T00:00:00.000000Z,0.85991501808166504,0.90004700422286987,0.85918301343917847,0.88491302728652954,19026117
2023-05-10T00:00:00.000000Z,0.88492298126220703,0.88810098171234131,0.82872897386550903,0.86940199136734009,31805227
2023-05-11T00:00:00.000000Z,0.86943900585174561,0.86943900585174561,0.77634298801422119,0.79899102449417114,23013995
2023-05-12T00:00:00.000000Z,0.79891002178192139,0.79891002178192139,0.75143098831176758,0.78498297929763794,22846520
2023-05-13T00:00:00.000000Z,0.78504598140716553,0.78751397132873535,0.75847101211547852,0.76606100797653198,14182873
2023-05-14T00:00:00.000000Z,0.7660059928894043,0.85347902774810791,0.75779902935028076,0.83103197813034058,45593902
2023-05-15T00:00:00.000000Z,0.8311079740524292,0.83456599712371826,0.7994920015335083,0.7994920015335083,22048328
2023-05-16T00:00:00.000000Z,0.79950100183486938,0.82008200883865356,0.78498798608779907,0.79908698797225952,17377797
2023-05-17T00:00:00.000000Z,0.7990729808807373,0.83523201942443848,0.79350602626800537,0.83442002534866333,16133295
2023-05-18T00:00:00.000000Z,0.8344159722328186,0.83757799863815308,0.79225599765777588,0.80893599987030029,12887878
2023-05-19T00:00:00.000000Z,0.80898302793502808,0.81195998191833496,0.79142701625823975,0.80162900686264038,9986492
2023-05-20T00:00:00.000000Z,0.80164700746536255,0.80691802501678467,0.79652798175811768,0.80607700347900391,7869907
2023-05-21T00:00:00.000000Z,0.80608302354812622,0.84636002779006958,0.78565299510955811,0.79009199142456055,19695363
2023-05-22T00:00:00.000000Z,0.79014301300048828,0.79635101556777954,0.77866899967193604,0.794281005859375,9735609
2023-05-23T00:00:00.000000Z,0.79427701234817505,0.81190502643585205,0.78725600242614746,0.80395501852035522,9919789
2023-05-24T00:00:00.000000Z,0.80393898487091064,0.8041120171546936,0.74839001893997192,0.75837397575378418,12915510
2023-05-25T00:00:00.000000Z,0.75831598043441772,0.75970399379730225,0.73407101631164551,0.75436097383499146,10531639
2023-05-26T00:00:00.000000Z,0.75423800945281982,0.76589000225067139,0.74448502063751221,0.76100701093673706,9873855
2023-05-27T00:00:00.000000Z,0.76100099086761475,0.76160001754760742,0.74678301811218262,0.75835299491882324,7697053
2023-05-28T00:00:00.000000Z,0.75837397575378418,0.8053709864616394,0.75339102745056152,0.798583984375,12681995
2023-05-29T00:00:00.000000Z,0.79865002632141113,0.8251270055770874,0.78701800107955933,0.79827100038528442,16910505
2023-05-30T00:00:00.000000Z,0.79818302392959595,0.80480802059173584,0.78726798295974731,0.79846698045730591,10425505
2023-05-31T00:00:00.000000Z,0.79846298694610596,0.79913198947906494,0.74482697248458862,0.75012201070785522,11813702
2023-06-01T00:00:00.000000Z,0.75011098384857178,0.76089000701904297,0.74397498369216919,0.75296902656555176,8469849
2023-06-02T00:00:00.000000Z,0.75298500061035156,0.77932900190353394,0.74775302410125732,0.77591502666473389,7976075
2023-06-03T00:00:00.000000Z,0.77598398923873901,0.78164100646972656,0.76871401071548462,0.77294701337814331,7547604
2023-06-04T00:00:00.000000Z,0.77288597822189331,0.79721897840499878,0.76852399110794067,0.78395998477935791,8813230
2023-06-05T00:00:00.000000Z,0.7838360071182251,0.78599798679351807,0.66864597797393799,0.68344700336456299,24024481
2023-06-06T00:00:00.000000Z,0.68376600742340088,0.71560502052307129,0.67299902439117432,0.71190601587295532,14684372
2023-06-07T00:00:00.000000Z,0.71194100379943848,0.71194100379943848,0.65160101652145386,0.65513402223587036,10707765
2023-06-08T00:00:00.000000Z,0.6551240086555481,0.67201000452041626,0.64748698472976685,0.66457200050354004,8442636
2023-06-09T00:00:00.000000Z,0.66453999280929565,0.67252898216247559,0.65590900182723999,0.66332900524139404,7966359
2023-06-10T00:00:00.000000Z,0.66333997249603271,0.66379499435424805,0.50626099109649658,0.53865897655487061,21706687
2023-06-11T00:00:00.000000Z,0.53863197565078735,0.54370802640914917,0.5261160135269165,0.53354698419570923,8359269
2023-06-12T00:00:00.000000Z,0.53352701663970947,0.56754899024963379,0.52013397216796875,0.55004602670669556,13189323
2023-06-13T00:00:00.000000Z,0.55006402730941772,0.56484001874923706,0.54594200849533081,0.55303597450256348,9258561
2023-06-14T00:00:00.000000Z,0.55303400754928589,0.5564119815826416,0.5138779878616333,0.52572000026702881,9025374
2023-06-15T00:00:00.000000Z,0.52570599317550659,0.54678499698638916,0.51996201276779175,0.53719401359558105,7847772
2023-06-16T00:00:00.000000Z,0.53718298673629761,0.56081497669219971,0.52904301881790161,0.55303800106048584,9010692
2023-06-17T00:00:00.000000Z,0.55306100845336914,0.57376599311828613,0.54988998174667358,0.56792998313903809,8996222
2023-06-18T00:00:00.000000Z,0.56790602207183838,0.56832599639892578,0.54504001140594482,0.54555100202560425,7721350
2023-06-19T00:00:00.000000Z,0.54555100202560425,0.55885398387908936,0.54187202453613281,0.55369997024536133,6787360
2023-06-20T00:00:00.000000Z,0.55366599559783936,0.56194198131561279,0.52019298076629639,0.54855698347091675,15850301
2023-06-21T00:00:00.000000Z,0.54863697290420532,0.58732402324676514,0.54729199409484863,0.5831260085105896,18926113
2023-06-22T00:00:00.000000Z,0.58298999071121216,0.6006619930267334,0.55549097061157227,0.55549097061157227,15035968
2023-06-23T00:00:00.000000Z,0.55548298358917236,0.59468197822570801,0.55156898498535156,0.58540898561477661,14733343
2023-06-24T00:00:00.000000Z,0.58542901277542114,0.87796902656555176,0.58316802978515625,0.74917399883270264,180643950
2023-06-25T00:00:00.000000Z,0.74935901165008545,0.76110100746154785,0.69624799489974976,0.71223002672195435,46111342
2023-06-26T00:00:00.000000Z,0.71225398778915405,0.72545301914215088,0.64816302061080933,0.65695101022720337,28817558
2023-06-27T00:00:00.000000Z,0.6569250226020813,0.66910797357559204,0.65381002426147461,0.65901201963424683,13629709
2023-06-28T00:00:00.000000Z,0.65898597240447998,0.65898597240447998,0.60347998142242432,0.61264598369598389,19476203
2023-06-29T00:00:00.000000Z,0.61252498626708984,0.63305002450942993,0.60575699806213379,0.62349098920822144,14349922
2023-06-30T00:00:00.000000Z,0.62357699871063232,0.66225200891494751,0.60135501623153687,0.65877598524093628,27423356
2023-07-01T00:00:00.000000Z,0.65877401828765869,0.69798398017883301,0.65693497657775879,0.67362302541732788,30038892
2023-07-02T00:00:00.000000Z,0.67343199253082275,0.67479300498962402,0.65058398246765137,0.6649320125579834,14777529
2023-07-03T00:00:00.000000Z,0.66492199897766113,0.70256799459457397,0.66092002391815186,0.68926501274108887,20610311
2023-07-04T00:00:00.000000Z,0.6892780065536499,0.70182102918624878,0.67151498794555664,0.68103897571563721,13905155
2023-07-05T00:00:00.000000Z,0.68102699518203735,0.69054299592971802,0.63467597961425781,0.64058399200439453,16086364
2023-07-06T00:00:00.000000Z,0.64050602912902832,0.67065900564193726,0.61538600921630859,0.61538600921630859,15821379
2023-07-07T00:00:00.000000Z,0.61534398794174194,0.62727797031402588,0.60920697450637817,0.62517398595809937,10801732
2023-07-08T00:00:00.000000Z,0.62518602609634399,0.63830900192260742,0.62325602769851685,0.63590598106384277,8040489
2023-07-09T00:00:00.000000Z,0.63596600294113159,0.64053899049758911,0.62063801288604736,0.6225389838218689,7907626
2023-07-10T00:00:00.000000Z,0.62255597114562988,0.63390201330184937,0.59980499744415283,0.6193310022354126,12198508
2023-07-11T00:00:00.000000Z,0.61937397718429565,0.62564700841903687,0.6151919960975647,0.62462800741195679,9276101
2023-07-12T00:00:00.000000Z,0.62462598085403442,0.63728499412536621,0.6056249737739563,0.61503499746322632,10872075
2023-07-13T00:00:00.000000Z,0.615028977394104,0.68427801132202148,0.60421198606491089,0.68427801132202148,24277503
2023-07-14T00:00:00.000000Z,0.68430799245834351,0.70725399255752563,0.63454902172088623,0.65039300918579102,27794604
2023-07-15T00:00:00.000000Z,0.65032100677490234,0.66288399696350098,0.64200001955032349,0.65107297897338867,11540468
2023-07-16T00:00:00.000000Z,0.65108299255371094,0.65678399801254272,0.63251298666000366,0.6352810263633728,11196955
2023-07-17T00:00:00.000000Z,0.63531100749969482,0.66344302892684937,0.63266700506210327,0.65414398908615112,18343699
2023-07-18T00:00:00.000000Z,0.65419900417327881,0.65967702865600586,0.62421399354934692,0.62935000658035278,15239816
2023-07-19T00:00:00.000000Z,0.62942802906036377,0.63856500387191772,0.61932498216629028,0.62305200099945068,13822593
2023-07-20T00:00:00.000000Z,0.62302702665328979,0.63869702816009521,0.61932498216629028,0.62882500886917114,14490776
2023-07-21T00:00:00.000000Z,0.62878900766372681,0.63483297824859619,0.62189000844955444,0.62241500616073608,10116058
2023-07-22T00:00:00.000000Z,0.62242001295089722,0.63189601898193359,0.61339098215103149,0.61523497104644775,8977936
2023-07-23T00:00:00.000000Z,0.61527901887893677,0.63473999500274658,0.61521601676940918,0.62646102905273438,10285566
2023-07-24T00:00:00.000000Z,0.62640500068664551,0.62725198268890381,0.58737099170684814,0.59002500772476196,14862105
2023-07-25T00:00:00.000000Z,0.59014797210693359,0.59404301643371582,0.5861859917640686,0.58764898777008057,9239495
2023-07-26T00:00:00.000000Z,0.58765602111816406,0.59795701503753662,0.58192199468612671,0.59298402070999146,9187288
2023-07-27T00:00:00.000000Z,0.59317898750305176,0.60703897476196289,0.58812499046325684,0.59842598438262939,9252709
2023-07-28T00:00:00.000000Z,0.59844702482223511,0.61135798692703247,0.59585297107696533,0.60935801267623901,9732764
2023-07-29T00:00:00.000000Z,0.60934698581695557,0.61162900924682617,0.60055899620056152,0.60193902254104614,9140672
2023-07-30T00:00:00.000000Z,0.60186100006103516,0.60727798938751221,0.58459198474884033,0.59535801410675049,10530232
2023-07-31T00:00:00.000000Z,0.59535002708435059,0.60009098052978516,0.58144897222518921,0.58683997392654419,9384164
2023-08-01T00:00:00.000000Z,0.58689898252487183,0.58707600831985474,0.54595297574996948,0.56130498647689819,23861792
2023-08-02T00:00:00.000000Z,0.56133699417114258,0.56265801191329956,0.54587697982788086,0.55179899930953979,27858191
2023-08-03T00:00:00.000000Z,0.55180400609970093,0.55533897876739502,0.53777599334716797,0.5390629768371582,22902545
2023-08-04T00:00:00.000000Z,0.53901398181915283,0.55437600612640381,0.53619098663330078,0.54935997724533081,20350640
2023-08-05T00:00:00.000000Z,0.54935997724533081,0.55509799718856812,0.54355502128601074,0.55103302001953125,15110132
2023-08-06T00:00:00.000000Z,0.5510370135307312,0.56354200839996338,0.55023199319839478,0.5541350245475769,11812624
2023-08-07T00:00:00.000000Z,0.55412501096725464,0.56716597080230713,0.53618699312210083,0.54917001724243164,17720712
2023-08-08T00:00:00.000000Z,0.54916602373123169,0.59837597608566284,0.54521000385284424,0.56682997941970825,32900428
2023-08-09T00:00:00.000000Z,0.56694400310516357,0.56788802146911621,0.55469000339508057,0.55857002735137939,25108273
2023-08-10T00:00:00.000000Z,0.5585629940032959,0.56704801321029663,0.55746501684188843,0.56196898221969604,22814686
2023-08-11T00:00:00.000000Z,0.56197202205657959,0.57212001085281372,0.55991101264953613,0.56666499376296997,22013547
2023-08-12T00:00:00.000000Z,0.56667298078536987,0.57811200618743896,0.56634199619293213,0.57110899686813354,21089264
2023-08-13T00:00:00.000000Z,0.57110500335693359,0.58710998296737671,0.56891000270843506,0.57360899448394775,24498415
2023-08-14T00:00:00.000000Z,0.57360601425170898,0.58292502164840698,0.57004702091217041,0.5754389762878418,22216704
2023-08-15T00:00:00.000000Z,0.57517200708389282,0.57517200708389282,0.52883100509643555,0.53879302740097046,22132417
2023-08-16T00:00:00.000000Z,0.53878599405288696,0.53878599405288696,0.50937497615814209,0.51703202724456787,17192172
2023-08-17T00:00:00.000000Z,0.51690500974655151,0.52113801240921021,0.4277769923210144,0.44769600033760071,26396611
2023-08-18T00:00:00.000000Z,0.44779598712921143,0.47534701228141785,0.44712299108505249,0.47241899371147156,26073590
2023-08-19T00:00:00.000000Z,0.47244000434875488,0.49159699678421021,0.47204500436782837,0.48327898979187012,23046658
2023-08-20T00:00:00.000000Z,0.48328399658203125,0.49580401182174683,0.47982099652290344,0.49458000063896179,15727274
2023-08-21T00:00:00.000000Z,0.49457299709320068,0.49822500348091125,0.47432398796081543,0.47800898551940918,10292713
2023-08-22T00:00:00.000000Z,0.47799798846244812,0.48515701293945312,0.45799100399017334,0.4739300012588501,9138321
2023-08-23T00:00:00.000000Z,0.47391900420188904,0.49404600262641907,0.47334098815917969,0.48797100782394409,8145516
2023-08-24T00:00:00.000000Z,0.48798099160194397,0.48851901292800903,0.47303500771522522,0.47793999314308167,7006281
2023-08-25T00:00:00.000000Z,0.47797200083732605,0.47919699549674988,0.46535900235176086,0.46990799903869629,7382093
2023-08-26T00:00:00.000000Z,0.46990901231765747,0.47903099656105042,0.4680199921131134,0.47612398862838745,5396683
2023-08-27T00:00:00.000000Z,0.47611400485038757,0.4824489951133728,0.47563600540161133,0.47641101479530334,5316784
2023-08-28T00:00:00.000000Z,0.47643700242042542,0.49482300877571106,0.46572300791740417,0.48966598510742188,9304343
2023-08-29T00:00:00.000000Z,0.48968499898910522,0.51494598388671875,0.46644899249076843,0.50670301914215088,14338668
2023-08-30T00:00:00.000000Z,0.5067480206489563,0.50854301452636719,0.4925830066204071,0.50145101547241211,7679237
2023-08-31T00:00:00.000000Z,0.50146102905273438,0.5060189962387085,0.46884000301361084,0.4748460054397583,11036680
2023-09-01T00:00:00.000000Z,0.47482898831367493,0.47991698980331421,0.46189001202583313,0.4683539867401123,8573727
2023-09-02T00:00:00.000000Z,0.46834999322891235,0.46964401006698608,0.4590969979763031,0.46643298864364624,6048930
2023-09-03T00:00:00.000000Z,0.46631398797035217,0.46838998794555664,0.45266801118850708,0.45661899447441101,6950303
2023-09-04T00:00:00.000000Z,0.45679500699043274,0.46171900629997253,0.44600498676300049,0.45336100459098816,9875515
2023-09-05T00:00:00.000000Z,0.45334699749946594,0.4710719883441925,0.45096999406814575,0.46711799502372742,10632872
2023-09-06T00:00:00.000000Z,0.46712601184844971,0.48181399703025818,0.43650799989700317,0.44959801435470581,20552583
2023-09-07T00:00:00.000000Z,0.4496380090713501,0.46300798654556274,0.44063699245452881,0.46300798654556274,12579426
2023-09-08T00:00:00.000000Z,0.46320900321006775,0.47314900159835815,0.45359900593757629,0.45789098739624023,12865426
2023-09-09T00:00:00.000000Z,0.45793300867080688,0.46492299437522888,0.45679399371147156,0.46032500267028809,7165870
2023-09-10T00:00:00.000000Z,0.46022799611091614,0.46063399314880371,0.43124398589134216,0.44060701131820679,12446783
2023-09-11T00:00:00.000000Z,0.44060900807380676,0.44240298867225647,0.41674900054931641,0.42301398515701294,14649648
2023-09-12T00:00:00.000000Z,0.42305499315261841,0.44457599520683289,0.42305499315261841,0.42820298671722412,22647142
2023-09-13T00:00:00.000000Z,0.42823898792266846,0.44074401259422302,0.42568999528884888,0.43545898795127869,19952511
2023-09-14T00:00:00.000000Z,0.43566501140594482,0.44347798824310303,0.43119299411773682,0.43824601173400879,16091599
2023-09-15T00:00:00.000000Z,0.43836599588394165,0.45725798606872559,0.43638300895690918,0.45550501346588135,15732500
2023-09-16T00:00:00.000000Z,0.45545899868011475,0.4680429995059967,0.45248299837112427,0.45909601449966431,14072295
2023-09-17T00:00:00.000000Z,0.45910701155662537,0.45910701155662537,0.42770099639892578,0.43131700158119202,10424259
2023-09-18T00:00:00.000000Z,0.43137800693511963,0.45533600449562073,0.42824500799179077,0.44117900729179382,8925086
2023-09-19T00:00:00.000000Z,0.44117900729179382,0.46646600961685181,0.44060701131820679,0.45914798974990845,10504521
2023-09-20T00:00:00.000000Z,0.45914500951766968,0.46234101057052612,0.44622901082038879,0.45572400093078613,8120086
2023-09-21T00:00:00.000000Z,0.45567700266838074,0.46287700533866882,0.43575999140739441,0.43884900212287903,27653788
2023-09-22T00:00:00.000000Z,0.43885400891304016,0.44442498683929443,0.43781200051307678,0.44405600428581238,7249238
2023-09-23T00:00:00.000000Z,0.44405099749565125,0.45303499698638916,0.44127500057220459,0.44533398747444153,5580988
2023-09-24T00:00:00.000000Z,0.44534900784492493,0.45364999771118164,0.44105100631713867,0.44150599837303162,7711051
2023-09-25T00:00:00.000000Z,0.44151699542999268,0.45309200882911682,0.4360019862651825,0.44938799738883972,7478177
2023-09-26T00:00:00.000000Z,0.44936800003051758,0.4558899998664856,0.43946200609207153,0.4520379900932312,7514985
2023-09-27T00:00:00.000000Z,0.45198699831962585,0.46610000729560852,0.44590601325035095,0.46610000729560852,10861164
2023-09-28T00:00:00.000000Z,0.46613800525665283,0.53496801853179932,0.46613800525665283,0.49270400404930115,65000675
2023-09-29T00:00:00.000000Z,0.49275198578834534,0.50077599287033081,0.47725799679756165,0.50049901008605957,19742969
2023-09-30T00:00:00.000000Z,0.50061202049255371,0.52362698316574097,0.49716299772262573,0.50345999002456665,23048432
2023-10-01T00:00:00.000000Z,0.50339102745056152,0.52853399515151978,0.49974098801612854,0.5177990198135376,17332267
2023-10-02T00:00:00.000000Z,0.51783400774002075,0.51880300045013428,0.48511898517608643,0.48993399739265442,21014874
2023-10-03T00:00:00.000000Z,0.48994898796081543,0.49265700578689575,0.46653199195861816,0.46698799729347229,33174966
2023-10-04T00:00:00.000000Z,0.46694299578666687,0.46703699231147766,0.44788399338722229,0.46459499001502991,21029666
2023-10-05T00:00:00.000000Z,0.46458899974822998,0.46950200200080872,0.45516899228096008,0.45755898952484131,8328643
2023-10-06T00:00:00.000000Z,0.45761001110076904,0.46649900078773499,0.45686200261116028,0.46481999754905701,6830108
2023-10-07T00:00:00.000000Z,0.46483999490737915,0.46883401274681091,0.462583988904953,0.46793898940086365,10087063
2023-10-08T00:00:00.000000Z,0.4679349958896637,0.48020601272583008,0.46458399295806885,0.46800899505615234,11005264
2023-10-09T00:00:00.000000Z,0.46801000833511353,0.47282400727272034,0.43752899765968323,0.44781899452209473,12925798
2023-10-10T00:00:00.000000Z,0.44772699475288391,0.44813498854637146,0.436024010181427,0.43877899646759033,7821780
2023-10-11T00:00:00.000000Z,0.43879199028015137,0.44187700748443604,0.42809998989105225,0.43596601486206055,7476554
2023-10-12T00:00:00.000000Z,0.43601900339126587,0.43611401319503784,0.42425200343132019,0.43146601319313049,9053281
2023-10-13T00:00:00.000000Z,0.43146499991416931,0.44639700651168823,0.43141299486160278,0.44130200147628784,7037053
2023-10-14T00:00:00.000000Z,0.44132399559020996,0.44911101460456848,0.43732300400733948,0.44018501043319702,5338280
2023-10-15T00:00:00.000000Z,0.44017300009727478,0.47722700238227844,0.43844199180603027,0.47016200423240662,21615256
2023-10-16T00:00:00.000000Z,0.47018098831176758,0.49218198657035828,0.46076101064682007,0.47064000368118286,24600146
2023-10-17T00:00:00.000000Z,0.47053200006484985,0.47279098629951477,0.4458099901676178,0.44610598683357239,18438277
2023-10-18T00:00:00.000000Z,0.44610500335693359,0.44889900088310242,0.43768399953842163,0.44027701020240784,14071112
2023-10-19T00:00:00.000000Z,0.44031998515129089,0.44283899664878845,0.43233600258827209,0.43841800093650818,12543835
2023-10-20T00:00:00.000000Z,0.43846398591995239,0.46080198884010315,0.43771100044250488,0.45612400770187378,20548174
2023-10-21T00:00:00.000000Z,0.45612400770187378,0.46880999207496643,0.44872599840164185,0.46352198719978333,23161086
2023-10-22T00:00:00.000000Z,0.46353399753570557,0.47559800744056702,0.45718100666999817,0.47495400905609131,23449881
2023-10-23T00:00:00.000000Z,0.47814100980758667,0.50520098209381104,0.46917301416397095,0.50336301326751709,29842937
2023-10-24T00:00:00.000000Z,0.50343698263168335,0.54198998212814331,0.50116497278213501,0.52806097269058228,44085954
2023-10-25T00:00:00.000000Z,0.52811902761459351,0.54519301652908325,0.51331198215484619,0.53850400447845459,34297783
2023-10-26T00:00:00.000000Z,0.53849899768829346,0.56609499454498291,0.52217501401901245,0.54533898830413818,38037746
2023-10-27T00:00:00.000000Z,0.54530298709869385,0.54563397169113159,0.51794701814651489,0.53038102388381958,29868474
2023-10-28T00:00:00.000000Z,0.53038102388381958,0.57430100440979004,0.53004902601242065,0.55877202749252319,18789682
2023-10-29T00:00:00.000000Z,0.55879801511764526,0.56303197145462036,0.54710501432418823,0.55855202674865723,10828029
2023-10-30T00:00:00.000000Z,0.55848902463912964,0.57937002182006836,0.54866701364517212,0.57767802476882935,20097614
2023-10-31T00:00:00.000000Z,0.57768398523330688,0.58426398038864136,0.54785102605819702,0.56332701444625854,15005583
2023-11-01T00:00:00.000000Z,0.56330102682113647,0.58439701795578003,0.54041701555252075,0.58091902732849121,29932490
2023-11-02T00:00:00.000000Z,0.58085697889328003,0.59424299001693726,0.56651699542999268,0.57846397161483765,25354883
2023-11-03T00:00:00.000000Z,0.57846301794052124,0.57846301794052124,0.54570001363754272,0.56513398885726929,10512083
2023-11-04T00:00:00.000000Z,0.56505298614501953,0.62659299373626709,0.56499797105789185,0.62133502960205078,20702176
2023-11-05T00:00:00.000000Z,0.62134498357772827,0.64408999681472778,0.61285501718521118,0.62273198366165161,14404554
2023-11-06T00:00:00.000000Z,0.62270998954772949,0.64055901765823364,0.61399698257446289,0.63911497592926025,12887054
2023-11-07T00:00:00.000000Z,0.63915801048278809,0.64753800630569458,0.61071401834487915,0.63155901432037354,27711934
2023-11-08T00:00:00.000000Z,0.6315230131149292,0.64905697107315063,0.62833398580551147,0.64041900634765625,33256621
2023-11-09T00:00:00.000000Z,0.64036101102828979,0.66965502500534058,0.58516699075698853,0.61668097972869873,48801552
2023-11-10T00:00:00.000000Z,0.61670899391174316,0.67444097995758057,0.61419397592544556,0.6740260124206543,38342102
2023-11-11T00:00:00.000000Z,0.67391800880432129,0.67613697052001953,0.64576601982116699,0.66231399774551392,40906780
2023-11-12T00:00:00.000000Z,0.66269201040267944,0.69635999202728271,0.63927298784255981,0.68459701538085938,41633108
2023-11-13T00:00:00.000000Z,0.68467199802398682,0.70838701725006104,0.62834197282791138,0.62834197282791138,33779168
2023-11-14T00:00:00.000000Z,0.62826001644134521,0.79507702589035034,0.61174899339675903,0.68023002147674561,91145233
2023-11-15T00:00:00.000000Z,0.68025499582290649,0.7309110164642334,0.66508001089096069,0.71715497970581055,66258180
2023-11-16T00:00:00.000000Z,0.71699798107147217,0.74135297536849976,0.64285099506378174,0.66010600328445435,51054058
2023-11-17T00:00:00.000000Z,0.6601560115814209,0.67828798294067383,0.62981200218200684,0.65986400842666626,38694023
2023-11-18T00:00:00.000000Z,0.65987598896026611,0.66071498394012451,0.6270490288734436,0.64938700199127197,24006419
2023-11-19T00:00:00.000000Z,0.64944100379943848,0.65284699201583862,0.63655698299407959,0.65248697996139526,17878860
2023-11-20T00:00:00.000000Z,0.65245199203491211,0.66773998737335205,0.64172899723052979,0.64652502536773682,19742778
2023-11-21T00:00:00.000000Z,0.64653998613357544,0.65561401844024658,0.56914699077606201,0.56914699077606201,27404283
2023-11-22T00:00:00.000000Z,0.5687909722328186,0.61580401659011841,0.56630599498748779,0.607200026512146,17581132
2023-11-23T00:00:00.000000Z,0.60708898305892944,0.6205589771270752,0.60367798805236816,0.60823798179626465,14144884
2023-11-24T00:00:00.000000Z,0.60835200548171997,0.63883799314498901,0.60697400569915771,0.63411498069763184,17407252
2023-11-25T00:00:00.000000Z,0.63408297300338745,0.64567697048187256,0.629006028175354,0.6447100043296814,16035912
2023-11-26T00:00:00.000000Z,0.64480000734329224,0.65582197904586792,0.62484800815582275,0.64823901653289795,21093026
2023-11-27T00:00:00.000000Z,0.64815902709960938,0.65715497732162476,0.61223101615905762,0.62393498420715332,22562584
2023-11-28T00:00:00.000000Z,0.62391698360443115,0.64740997552871704,0.60631102323532104,0.64356398582458496,23419449
2023-11-29T00:00:00.000000Z,0.64356201887130737,0.64698702096939087,0.62782001495361328,0.6328589916229248,24385334
2023-11-30T00:00:00.000000Z,0.63289600610733032,0.64454197883605957,0.63104802370071411,0.6330609917640686,20722264
2023-12-01T00:00:00.000000Z,0.63305997848510742,0.65010398626327515,0.6304590106010437,0.64326602220535278,18980360
2023-12-02T00:00:00.000000Z,0.64319002628326416,0.66225099563598633,0.64157098531723022,0.6603119969367981,15325578
2023-12-03T00:00:00.000000Z,0.66031801700592041,0.66957497596740723,0.64311099052429199,0.65084797143936157,20633127
2023-12-04T00:00:00.000000Z,0.65088397264480591,0.69946897029876709,0.64541900157928467,0.67140400409698486,31583684
2023-12-05T00:00:00.000000Z,0.67141199111938477,0.68933999538421631,0.66058897972106934,0.68788397312164307,29006690
2023-12-06T00:00:00.000000Z,0.68785697221755981,0.70903199911117554,0.66466999053955078,0.68115699291229248,31058903
2023-12-07T00:00:00.000000Z,0.68125200271606445,0.69907599687576294,0.66838198900222778,0.69391298294067383,25561744
2023-12-08T00:00:00.000000Z,0.69396299123764038,0.73106902837753296,0.69266301393508911,0.7282789945602417,27927961
2023-12-09T00:00:00.000000Z,0.72823601961135864,0.75810599327087402,0.72763198614120483,0.73376601934432983,32509488
2023-12-10T00:00:00.000000Z,0.73374497890472412,0.76248401403427124,0.70534497499465942,0.75515800714492798,26941312
2023-12-11T00:00:00.000000Z,0.75521302223205566,0.75663101673126221,0.65805602073669434,0.67949497699737549,37206371
2023-12-12T00:00:00.000000Z,0.67960000038146973,0.75007402896881104,0.67797797918319702,0.72328197956085205,34316005
2023-12-13T00:00:00.000000Z,0.72323799133300781,0.72998899221420288,0.6788560152053833,0.72552698850631714,31831887
2023-12-14T00:00:00.000000Z,0.72558802366256714,1.0141420364379883,0.71488499641418457,0.93758702278137207,134762435
2023-12-15T00:00:00.000000Z,0.93672800064086914,0.93672800064086914,0.82568597793579102,0.82845699787139893,136861107
2023-12-16T00:00:00.000000Z,0.82847702503204346,0.84471601247787476,0.80006998777389526,0.83410000801086426,51094700
2023-12-17T00:00:00.000000Z,0.83413702249526978,0.85823297500610352,0.78837597370147705,0.79309701919555664,45140291
2023-12-18T00:00:00.000000Z,0.7930150032043457,0.82533800601959229,0.74255102872848511,0.81653302907943726,36732913
2023-12-19T00:00:00.000000Z,0.81657099723815918,0.84660899639129639,0.8055880069732666,0.80939000844955444,35622751
2023-12-20T00:00:00.000000Z,0.80934000015258789,0.83692097663879395,0.79551702737808228,0.80758202075958252,30682972
2023-12-21T00:00:00.000000Z,0.80761599540710449,0.82691001892089844,0.80435198545455933,0.82260602712631226,24765144
2023-12-22T00:00:00.000000Z,0.82252597808837891,0.87298202514648438,0.81371200084686279,0.86836600303649902,31848751
2023-12-23T00:00:00.000000Z,0.86853897571563721,0.87157100439071655,0.81611698865890503,0.86168599128723145,31556162
2023-12-24T00:00:00.000000Z,0.86162298917770386,0.95636600255966187,0.85686999559402466,0.88987302780151367,61816879
2023-12-25T00:00:00.000000Z,0.88970100879669189,0.94188499450683594,0.87490499019622803,0.92644500732421875,37764648
2023-12-26T00:00:00.000000Z,0.92619001865386963,0.93198901414871216,0.84597897529602051,0.86675000190734863,42460875
2023-12-27T00:00:00.000000Z,0.8667910099029541,0.93563097715377808,0.84152001142501831,0.92170298099517822,37673788
2023-12-28T00:00:00.000000Z,0.92184001207351685,0.93333899974822998,0.85876202583312988,0.86341798305511475,33715071
2023-12-29T00:00:00.000000Z,0.86334097385406494,0.88293498754501343,0.83695697784423828,0.84886598587036133,27743082
2023-12-30T00:00:00.000000Z,0.84892100095748901,0.86043697595596313,0.82758301496505737,0.83951300382614136,24617947
2023-12-31T00:00:00.000000Z,0.83941298723220825,0.86501097679138184,0.82657700777053833,0.83187699317932129,24404555
2024-01-01T00:00:00.000000Z,0.83182698488235474,0.8657039999961853,0.8128889799118042,0.86465400457382202,25412587
2024-01-02T00:00:00.000000Z,0.86485499143600464,0.88935399055480957,0.85693800449371338,0.86467999219894409,39464755
2024-01-03T00:00:00.000000Z,0.86465698480606079,0.89477401971817017,0.73018300533294678,0.75072699785232544,55516215
2024-01-04T00:00:00.000000Z,0.75082200765609741,0.78905099630355835,0.74459397792816162,0.77562499046325684,44368156
2024-01-05T00:00:00.000000Z,0.77560800313949585,0.78087401390075684,0.71970701217651367,0.74122899770736694,46840620
2024-01-06T00:00:00.000000Z,0.74124801158905029,0.7417910099029541,0.6910560131072998,0.70957797765731812,42585145
2024-01-07T00:00:00.000000Z,0.70960801839828491,0.72290301322937012,0.66112500429153442,0.66287600994110107,28688356
2024-01-08T00:00:00.000000Z,0.66379600763320923,0.7069699764251709,0.61001402139663696,0.70427900552749634,35287855
2024-01-09T00:00:00.000000Z,0.70432299375534058,0.71734702587127686,0.65034401416778564,0.6851620078086853,34220396
2024-01-10T00:00:00.000000Z,0.68521898984909058,0.7606469988822937,0.68120497465133667,0.74503898620605469,41123192
2024-01-11T00:00:00.000000Z,0.74553197622299194,0.78272002935409546,0.7341499924659729,0.76451200246810913,47288034
2024-01-12T00:00:00.000000Z,0.76421797275543213,0.77434498071670532,0.70111101865768433,0.72125798463821411,50045540
2024-01-13T00:00:00.000000Z,0.72125798463821411,0.73123902082443237,0.69456702470779419,0.72070199251174927,32169416
2024-01-14T00:00:00.000000Z,0.72071897983551025,0.72187799215316772,0.6854509711265564,0.68558198213577271,27658743
2024-01-15T00:00:00.000000Z,0.68546700477600098,0.71251600980758667,0.68498998880386353,0.69653797149658203,28472115
2024-01-16T00:00:00.000000Z,0.69642800092697144,0.74091202020645142,0.67953497171401978,0.69902002811431885,36762249
2024-01-17T00:00:00.000000Z,0.69898301362991333,0.7039719820022583,0.68454200029373169,0.69205701351165771,27978631
2024-01-18T00:00:00.000000Z,0.69211602210998535,0.69633501768112183,0.65224301815032959,0.65867799520492554,26113755
2024-01-19T00:00:00.000000Z,0.65852797031402588,0.70959299802780151,0.62375599145889282,0.68265700340270996,38179940
2024-01-20T00:00:00.000000Z,0.68266302347183228,0.72311800718307495,0.67106497287750244,0.69429701566696167,45276348
2024-01-21T00:00:00.000000Z,0.69432997703552246,0.8266180157661438,0.69064497947692871,0.74871200323104858,85993354
2024-01-22T00:00:00.000000Z,0.74880897998809814,0.76566702127456665,0.65020197629928589,0.66559302806854248,49030068
2024-01-23T00:00:00.000000Z,0.66558998823165894,0.68708902597427368,0.60773700475692749,0.64712399244308472,25087949
2024-01-24T00:00:00.000000Z,0.64722901582717896,0.65831398963928223,0.62805002927780151,0.64015698432922363,19785648
2024-01-25T00:00:00.000000Z,0.64011198282241821,0.6412389874458313,0.61643999814987183,0.62955302000045776,15295482
2024-01-26T00:00:00.000000Z,0.6294410228729248,0.66527998447418213,0.62328898906707764,0.66121000051498413,13242053
2024-01-27T00:00:00.000000Z,0.66130399703979492,0.67155802249908447,0.65630102157592773,0.66676700115203857,12937066
2024-01-28T00:00:00.000000Z,0.66676002740859985,0.67665600776672363,0.64882999658584595,0.65380799770355225,12851679
2024-01-29T00:00:00.000000Z,0.65373897552490234,0.67249399423599243,0.65024298429489136,0.6680300235748291,12165386
2024-01-30T00:00:00.000000Z,0.6680300235748291,0.67421597242355347,0.6503949761390686,0.65137100219726562,13678179
2024-01-31T00:00:00.000000Z,0.65134400129318237,0.65375798940658569,0.62265902757644653,0.62729799747467041,13068780
2024-02-01T00:00:00.000000Z,0.62735700607299805,0.63855797052383423,0.61592501401901245,0.63634997606277466,10856230
2024-02-02T00:00:00.000000Z,0.63636702299118042,0.64564800262451172,0.63107502460479736,0.64340400695800781,10835287
2024-02-03T00:00:00.000000Z,0.64354699850082397,0.64803498983383179,0.6326259970664978,0.63741600513458252,8677745
2024-02-04T00:00:00.000000Z,0.63742101192474365,0.63762402534484863,0.61448097229003906,0.61570101976394653,8765769
2024-02-05T00:00:00.000000Z,0.61566799879074097,0.6297680139541626,0.60164302587509155,0.61678099632263184,10221195
2024-02-06T00:00:00.000000Z,0.61681497097015381,0.62302899360656738,0.60494399070739746,0.60834997892379761,13246270
2024-02-07T00:00:00.000000Z,0.6082720160484314,0.62974601984024048,0.60138201713562012,0.62082099914550781,18938361
2024-02-08T00:00:00.000000Z,0.6207200288772583,0.63702702522277832,0.6207200288772583,0.62864202260971069,12092745
2024-02-09T00:00:00.000000Z,0.6286969780921936,0.65710198879241943,0.6286969780921936,0.65211498737335205,13177493
2024-02-10T00:00:00.000000Z,0.65213000774383545,0.65895998477935791,0.64095401763916016,0.65103000402450562,10729175
2024-02-11T00:00:00.000000Z,0.65104198455810547,0.65857398509979248,0.64133697748184204,0.64497500658035278,10687125
2024-02-12T00:00:00.000000Z,0.64505398273468018,0.67147397994995117,0.63604599237442017,0.66685599088668823,11221867
2024-02-13T00:00:00.000000Z,0.66680902242660522,0.67215597629547119,0.64578002691268921,0.66107100248336792,12254745
2024-02-14T00:00:00.000000Z,0.66106599569320679,0.68675899505615234,0.65459102392196655,0.68213498592376709,13931224
2024-02-15T00:00:00.000000Z,0.68213397264480591,0.71078002452850342,0.67639797925949097,0.69504702091217041,17821323
2024-02-16T00:00:00.000000Z,0.69531899690628052,0.71008497476577759,0.68078798055648804,0.69604998826980591,12290729
2024-02-17T00:00:00.000000Z,0.69605398178100586,0.6983870267868042,0.66836798191070557,0.68993300199508667,10809074
2024-02-18T00:00:00.000000Z,0.68996000289916992,0.71199101209640503,0.68783998489379883,0.70464897155761719,12634922
2024-02-19T00:00:00.000000Z,0.70469099283218384,0.73527300357818604,0.70469099283218384,0.72121000289916992,19734655
2024-02-20T00:00:00.000000Z,0.72123998403549194,0.72887998819351196,0.67934000492095947,0.72131198644638062,18970680
2024-02-21T00:00:00.000000Z,0.72128802537918091,0.72134798765182495,0.66414898633956909,0.69025099277496338,14704554
2024-02-22T00:00:00.000000Z,0.69026100635528564,0.71090799570083618,0.67350101470947266,0.69590300321578979,13394128
2024-02-23T00:00:00.000000Z,0.69592797756195068,0.72171998023986816,0.68351298570632935,0.71128302812576294,15550394
2024-02-24T00:00:00.000000Z,0.71127599477767944,0.83977699279785156,0.6978909969329834,0.75036799907684326,56962136
2024-02-25T00:00:00.000000Z,0.75037097930908203,0.77245402336120605,0.73718202114105225,0.77035701274871826,22256265
2024-02-26T00:00:00.000000Z,0.77040797472000122,0.7777789831161499,0.72817802429199219,0.76787799596786499,21667298
2024-02-27T00:00:00.000000Z,0.76787799596786499,0.80588299036026001,0.76099002361297607,0.7974429726600647,26656340
2024-02-28T00:00:00.000000Z,0.79758697748184204,0.93582797050476074,0.77561801671981812,0.89987397193908691,94838771
2024-02-29T00:00:00.000000Z,0.89965301752090454,0.94308501482009888,0.8520209789276123,0.87597799301147461,59222334
2024-03-01T00:00:00.000000Z,0.8758699893951416,1.0412629842758179,0.8758699893951416,0.97151297330856323,64017964
2024-03-02T00:00:00.000000Z,0.97198599576950073,1.0782860517501831,0.95994997024536133,1.0749449729919434,50114847
2024-03-03T00:00:00.000000Z,1.0745619535446167,1.3414510488510132,1.0689400434494019,1.1656060218811035,178138115
2024-03-04T00:00:00.000000Z,1.1655750274658203,1.2424650192260742,1.1187520027160645,1.184967041015625,73756833
2024-03-05T00:00:00.000000Z,1.1849440336227417,1.2410579919815063,0.90987002849578857,1.0414069890975952,74913041
2024-03-06T00:00:00.000000Z,1.0414259433746338,1.1991790533065796,1.0071220397949219,1.1888619661331177,44220278
2024-03-07T00:00:00.000000Z,1.1888619661331177,1.1910840272903442,1.135172963142395,1.1774610280990601,33824334
2024-03-08T00:00:00.000000Z,1.1774460077285767,1.2475470304489136,1.1363849639892578,1.1931079626083374,39717396
2024-03-09T00:00:00.000000Z,1.1931079626083374,1.2691999673843384,1.1821730136871338,1.2002769708633423,31489561
2024-03-10T00:00:00.000000Z,1.2002789974212646,1.2136449813842773,1.1348999738693237,1.1694819927215576,28805680
2024-03-11T00:00:00.000000Z,1.1694849729537964,1.3950719833374023,1.1265980005264282,1.2844300270080566,75259242
2024-03-12T00:00:00.000000Z,1.2844300270080566,1.2899290323257446,1.182360053062439,1.2773599624633789,43132063
2024-03-13T00:00:00.000000Z,1.2773599624633789,1.3459370136260986,1.2589950561523438,1.3196170330047607,36241782
2024-03-14T00:00:00.000000Z,1.3196120262145996,1.3303229808807373,1.2232840061187744,1.3121119737625122,37016325
2024-03-15T00:00:00.000000Z,1.3121089935302734,1.3220950365066528,1.1080700159072876,1.1921449899673462,58479659
2024-03-16T00:00:00.000000Z,1.1921449899673462,1.2140200138092041,1.0352669954299927,1.0595710277557373,30346128
2024-03-17T00:00:00.000000Z,1.0595719814300537,1.1435749530792236,1.0209009647369385,1.1291389465332031,26912085
2024-03-18T00:00:00.000000Z,1.1291389465332031,1.14677894115448,1.0640850067138672,1.0875420570373535,26870546
2024-03-19T00:00:00.000000Z,1.0875409841537476,1.0997769832611084,0.927590012550354,0.95605200529098511,33437022
2024-03-20T00:00:00.000000Z,0.95609402656555176,1.058722972869873,0.90784198045730591,1.0509649515151978,29007125
2024-03-21T00:00:00.000000Z,1.0509649515151978,1.0626590251922607,0.99532401561737061,1.0227099657058716,22912434
2024-03-22T00:00:00.000000Z,1.0227119922637939,1.048253059387207,0.96216398477554321,1.0059330463409424,21344596
2024-03-23T00:00:00.000000Z,1.0059330463409424,1.038748025894165,0.98579502105712891,1.0071680545806885,16782419
2024-03-24T00:00:00.000000Z,1.0071680545806885,1.0591789484024048,1.0011780261993408,1.0552140474319458,15532302
2024-03-25T00:00:00.000000Z,1.0552140474319458,1.1177669763565063,1.049314022064209,1.0970410108566284,24449750
2024-03-26T00:00:00.000000Z,1.0970410108566284,1.1425780057907104,1.0878100395202637,1.1304060220718384,29081804
2024-03-27T00:00:00.000000Z,1.1304060220718384,1.1460200548171997,1.0733469724655151,1.0957649946212769,24351320
2024-03-28T00:00:00.000000Z,1.0957649946212769,1.1107510328292847,1.0651619434356689,1.1016279458999634,18076028
2024-03-29T00:00:00.000000Z,1.1016279458999634,1.1578880548477173,1.0880919694900513,1.154803991317749,32210326
2024-03-30T00:00:00.000000Z,1.154803991317749,1.1691739559173584,1.0956610441207886,1.1045329570770264,22662458
2024-03-31T00:00:00.000000Z,1.1045329570770264,1.1228770017623901,1.099215030670166,1.1196399927139282,15537694
2024-04-01T00:00:00.000000Z,1.1196399927139282,1.1287620067596436,1.0185949802398682,1.0447770357131958,23352349
2024-04-02T00:00:00.000000Z,1.0447770357131958,1.0450040102005005,0.93484401702880859,0.96288400888442993,23217092
2024-04-03T00:00:00.000000Z,0.96288400888442993,1.0025509595870972,0.92005997896194458,0.93957501649856567,24485997
2024-04-04T00:00:00.000000Z,0.93957501649856567,1.0013120174407959,0.91715401411056519,0.9733089804649353,18093831
2024-04-05T00:00:00.000000Z,0.9733089804649353,0.97452998161315918,0.919514000415802,0.94868898391723633,19502594
2024-04-06T00:00:00.000000Z,0.94868898391723633,0.97139602899551392,0.94538998603820801,0.95633500814437866,15629506
2024-04-07T00:00:00.000000Z,0.95633500814437866,0.98340600728988647,0.95096498727798462,0.97189199924468994,13840158
2024-04-08T00:00:00.000000Z,0.97189199924468994,1.0387140512466431,0.94388502836227417,1.0341739654541016,19499602
2024-04-09T00:00:00.000000Z,1.0341739654541016,1.0359419584274292,0.9787750244140625,0.98993599414825439,19122270
2024-04-10T00:00:00.000000Z,0.98993599414825439,0.99504697322845459,0.92433500289916992,0.96493697166442871,19361135
2024-04-11T00:00:00.000000Z,0.96493697166442871,0.99340301752090454,0.94424402713775635,0.95564299821853638,16978869
2024-04-12T00:00:00.000000Z,0.95564299821853638,0.9709089994430542,0.69071602821350098,0.73650699853897095,35506444
2024-04-13T00:00:00.000000Z,0.73650699853897095,0.73945897817611694,0.52949297428131104,0.606253981590271,49149846
2024-04-14T00:00:00.000000Z,0.606253981590271,0.66326898336410522,0.58256500959396362,0.6550859808921814,30220380
2024-04-15T00:00:00.000000Z,0.6550859808921814,0.69983798265457153,0.60809600353240967,0.63830798864364624,20106729
2024-04-16T00:00:00.000000Z,0.63830798864364624,0.65318202972412109,0.61261701583862305,0.64128100872039795,16788385
2024-04-17T00:00:00.000000Z,0.64128100872039795,0.64846700429916382,0.59828001260757446,0.62227201461791992,19460860
2024-04-18T00:00:00.000000Z,0.62227201461791992,0.65305501222610474,0.60622000694274902,0.64806300401687622,14869447
2024-04-19T00:00:00.000000Z,0.64806300401687622,0.66962999105453491,0.59481501579284668,0.65818601846694946,19293040
2024-04-20T00:00:00.000000Z,0.65818601846694946,0.71546798944473267,0.64739298820495605,0.70909702777862549,14340060
2024-04-21T00:00:00.000000Z,0.70909702777862549,0.70978701114654541,0.67282998561859131,0.68817102909088135,15463053
2024-04-22T00:00:00.000000Z,0.68817102909088135,0.71748197078704834,0.68327099084854126,0.70978999137878418,14776002
2024-04-23T00:00:00.000000Z,0.70978999137878418,0.71764999628067017,0.69307202100753784,0.70535802841186523,13417408
2024-04-24T00:00:00.000000Z,0.70535802841186523,0.72400099039077759,0.65525299310684204,0.66514402627944946,17473345
2024-04-25T00:00:00.000000Z,0.66515201330184937,0.68326801061630249,0.64518797397613525,0.66864097118377686,15575704
2024-04-26T00:00:00.000000Z,0.66864097118377686,0.67444902658462524,0.64436197280883789,0.64502799510955811,13865170
2024-04-27T00:00:00.000000Z,0.64502799510955811,0.66580098867416382,0.62415599822998047,0.65997397899627686,13530803
2024-04-28T00:00:00.000000Z,0.65997397899627686,0.67311501502990723,0.64671897888183594,0.64881002902984619,12190489
2024-04-29T00:00:00.000000Z,0.64881002902984619,0.65752297639846802,0.62181097269058228,0.63815897703170776,13485887
2024-04-30T00:00:00.000000Z,0.63816297054290771,0.64774501323699951,0.57959401607513428,0.60388100147247314,16491787
2024-05-01T00:00:00.000000Z,0.60388100147247314,0.61952698230743408,0.56563401222229004,0.614205002784729,15472372
2024-05-02T00:00:00.000000Z,0.614205002784729,0.65977197885513306,0.59344702959060669,0.64791500568389893,13802713
2024-05-03T00:00:00.000000Z,0.64791500568389893,0.674934983253479,0.63105100393295288,0.66498500108718872,16441677
2024-05-04T00:00:00.000000Z,0.66498500108718872,0.67013198137283325,0.65371900796890259,0.65481597185134888,11407552
2024-05-05T00:00:00.000000Z,0.65481597185134888,0.67124098539352417,0.63749802112579346,0.66485697031021118,10781657
2024-05-06T00:00:00.000000Z,0.66485697031021118,0.69140398502349854,0.65307497978210449,0.6551859974861145,14629150
2024-05-07T00:00:00.000000Z,0.6551859974861145,0.67347002029418945,0.64431697130203247,0.64453297853469849,12028386
2024-05-08T00:00:00.000000Z,0.64453500509262085,0.66580498218536377,0.63145601749420166,0.65019100904464722,12175267
2024-05-09T00:00:00.000000Z,0.65019100904464722,0.67489397525787354,0.63398599624633789,0.67380601167678833,11170926
2024-05-10T00:00:00.000000Z,0.67381000518798828,0.68015599250793457,0.63172799348831177,0.64247298240661621,13039584
2024-05-11T00:00:00.000000Z,0.64247298240661621,0.65456497669219971,0.62940299510955811,0.62985998392105103,9163439
2024-05-12T00:00:00.000000Z,0.62985998392105103,0.63702398538589478,0.61138397455215454,0.61422598361968994,9544812
2024-05-13T00:00:00.000000Z,0.61422598361968994,0.63436198234558105,0.5885469913482666,0.61023497581481934,12831134
2024-05-14T00:00:00.000000Z,0.61023497581481934,0.61698001623153687,0.58993899822235107,0.59117501974105835,11483622
2024-05-15T00:00:00.000000Z,0.59118002653121948,0.64990800619125366,0.58892899751663208,0.64391899108886719,12038733
2024-05-16T00:00:00.000000Z,0.6439329981803894,0.66099900007247925,0.62907701730728149,0.64771902561187744,11533447
2024-05-17T00:00:00.000000Z,0.64771801233291626,0.67410701513290405,0.64184802770614624,0.66821199655532837,9775364
2024-05-18T00:00:00.000000Z,0.66821199655532837,0.67148399353027344,0.65484702587127686,0.66371500492095947,8540840
2024-05-19T00:00:00.000000Z,0.66371500492095947,0.67045599222183228,0.63511902093887329,0.63847297430038452,9865311
2024-05-20T00:00:00.000000Z,0.63847202062606812,0.717212975025177,0.63161599636077881,0.71266502141952515,15199917
2024-05-21T00:00:00.000000Z,0.71265602111816406,0.72947800159454346,0.70476001501083374,0.71983200311660767,18057745
2024-05-22T00:00:00.000000Z,0.71983098983764648,0.73020797967910767,0.70552700757980347,0.71507298946380615,13550722
2024-05-23T00:00:00.000000Z,0.71507298946380615,0.73036801815032959,0.67139202356338501,0.70503199100494385,17805607
2024-05-24T00:00:00.000000Z,0.70503199100494385,0.72942501306533813,0.69127601385116577,0.71974098682403564,16266392
2024-05-25T00:00:00.000000Z,0.71974200010299683,0.74879097938537598,0.71891498565673828,0.73732399940490723,13926318
2024-05-26T00:00:00.000000Z,0.73732399940490723,0.73736202716827393,0.71098101139068604,0.72423297166824341,11543323
2024-05-27T00:00:00.000000Z,0.72423297166824341,0.76989400386810303,0.71986997127532959,0.7528730034828186,13201719
2024-05-28T00:00:00.000000Z,0.7528730034828186,0.7559400200843811,0.7215380072593689,0.74088799953460693,17729620
2024-05-29T00:00:00.000000Z,0.74088799953460693,0.76330900192260742,0.72871100902557373,0.72906798124313354,13576257
2024-05-30T00:00:00.000000Z,0.72906798124313354,0.74890398979187012,0.71069800853729248,0.7212899923324585,14571165
2024-05-31T00:00:00.000000Z,0.7212899923324585,0.72345197200775146,0.69596397876739502,0.71730601787567139,13156411
2024-06-01T00:00:00.000000Z,0.71730601787567139,0.71732199192047119,0.7031559944152832,0.70580798387527466,10264918
2024-06-02T00:00:00.000000Z,0.70580798387527466,0.71701198816299438,0.69348198175430298,0.69517701864242554,13230307
2024-06-03T00:00:00.000000Z,0.69517797231674194,0.71293801069259644,0.49543601274490356,0.50182801485061646,117252726
2024-06-04T00:00:00.000000Z,0.50183099508285522,0.50186699628829956,0.44176200032234192,0.46804699301719666,48864349
2024-06-05T00:00:00.000000Z,0.46802100539207458,0.48149499297142029,0.439628005027771,0.44518700242042542,36156067
2024-06-06T00:00:00.000000Z,0.44514000415802002,0.45100700855255127,0.43029698729515076,0.44228199124336243,23223182
2024-06-07T00:00:00.000000Z,0.44222399592399597,0.46114400029182434,0.38324499130249023,0.42890700697898865,33408252
2024-06-08T00:00:00.000000Z,0.42891299724578857,0.51256000995635986,0.42534700036048889,0.43164199590682983,55620541
2024-06-09T00:00:00.000000Z,0.43163600564002991,0.45876699686050415,0.42301398515701294,0.44017699360847473,21132071
2024-06-10T00:00:00.000000Z,0.44011899828910828,0.45633900165557861,0.42748099565505981,0.43522000312805176,20479720
2024-06-11T00:00:00.000000Z,0.43521600961685181,0.44847899675369263,0.40847599506378174,0.4163379967212677,23194759
2024-06-12T00:00:00.000000Z,0.41624599695205688,0.43189001083374023,0.40244799852371216,0.41771098971366882,17812033
2024-06-13T00:00:00.000000Z,0.41780701279640198,0.41894000768661499,0.3923180103302002,0.39554899930953979,11705408
2024-06-14T00:00:00.000000Z,0.39554899930953979,0.39843600988388062,0.36263999342918396,0.37236699461936951,13982646
2024-06-15T00:00:00.000000Z,0.37242799997329712,0.39934301376342773,0.36982598900794983,0.39563900232315063,13267318
2024-06-16T00:00:00.000000Z,0.39568200707435608,0.39568200707435608,0.37930399179458618,0.38537201285362244,11908795
2024-06-17T00:00:00.000000Z,0.38540801405906677,0.39928698539733887,0.37358999252319336,0.37664398550987244,16524756
2024-06-18T00:00:00.000000Z,0.37664899230003357,0.37716999650001526,0.32651799917221069,0.34114199876785278,14774906
2024-06-19T00:00:00.000000Z,0.34110701084136963,0.34689000248908997,0.32806599140167236,0.33732300996780396,10968198
2024-06-20T00:00:00.000000Z,0.33732300996780396,0.35074698925018311,0.32925799489021301,0.33180499076843262,11510700
2024-06-21T00:00:00.000000Z,0.33180299401283264,0.34787198901176453,0.32329699397087097,0.33341801166534424,10704665
2024-06-22T00:00:00.000000Z,0.33341500163078308,0.33550199866294861,0.32703098654747009,0.3287850022315979,7883457
2024-06-23T00:00:00.000000Z,0.3287850022315979,0.33413600921630859,0.30858901143074036,0.3096579909324646,6240598
2024-06-24T00:00:00.000000Z,0.30967000126838684,0.34133899211883545,0.30803400278091431,0.34049099683761597,12524575
2024-06-25T00:00:00.000000Z,0.34045499563217163,0.34782901406288147,0.33866000175476074,0.34494701027870178,10041613
2024-06-26T00:00:00.000000Z,0.34494701027870178,0.353659987449646,0.33619400858879089,0.34101700782775879,8876958
2024-06-27T00:00:00.000000Z,0.34101700782775879,0.35317400097846985,0.33428901433944702,0.34670400619506836,9274706
2024-06-28T00:00:00.000000Z,0.34669399261474609,0.34775999188423157,0.33867400884628296,0.33869799971580505,8925020
2024-06-29T00:00:00.000000Z,0.33873099088668823,0.35143101215362549,0.32615599036216736,0.32615599036216736,8506467
2024-06-30T00:00:00.000000Z,0.32616499066352844,0.35459199547767639,0.32543098926544189,0.34716999530792236,9682429
2024-07-01T00:00:00.000000Z,0.34714400768280029,0.34930101037025452,0.33860000967979431,0.33886399865150452,9301495
2024-07-02T00:00:00.000000Z,0.33886098861694336,0.34746900200843811,0.33612200617790222,0.34642601013183594,9204714
2024-07-03T00:00:00.000000Z,0.34632900357246399,0.34655898809432983,0.32501900196075439,0.3314329981803894,8685469
2024-07-04T00:00:00.000000Z,0.33140701055526733,0.33278700709342957,0.28330901265144348,0.28354600071907043,8954893
2024-07-05T00:00:00.000000Z,0.28327399492263794,0.28391599655151367,0.24532100558280945,0.26999801397323608,13126626
2024-07-06T00:00:00.000000Z,0.26995798945426941,0.2975119948387146,0.26958701014518738,0.29452899098396301,7708837
2024-07-07T00:00:00.000000Z,0.29453998804092407,0.29681700468063354,0.27428299188613892,0.27484101057052612,7276035
2024-07-08T00:00:00.000000Z,0.27487701177597046,0.29206499457359314,0.26797500252723694,0.28173500299453735,8912941
2024-07-09T00:00:00.000000Z,0.28172999620437622,0.28603300452232361,0.26941600441932678,0.27868300676345825,14002120
2024-07-10T00:00:00.000000Z,0.27874499559402466,0.29046899080276489,0.27401599287986755,0.28392300009727478,12448909
2024-07-11T00:00:00.000000Z,0.2839210033416748,0.28691700100898743,0.27459099888801575,0.27533501386642456,10892398
2024-07-12T00:00:00.000000Z,0.2753329873085022,0.28430300951004028,0.27143898606300354,0.28140100836753845,9235702
2024-07-13T00:00:00.000000Z,0.28132900595664978,0.29106301069259644,0.27717098593711853,0.28797298669815063,8491042
2024-07-14T00:00:00.000000Z,0.28797999024391174,0.30654600262641907,0.28658199310302734,0.30253499746322632,8565228
2024-07-15T00:00:00.000000Z,0.30256900191307068,0.30921798944473267,0.28692001104354858,0.30916500091552734,16808753
2024-07-16T00:00:00.000000Z,0.30912700295448303,0.31340900063514709,0.29533299803733826,0.30557200312614441,11313991
2024-07-17T00:00:00.000000Z,0.30558699369430542,0.31053000688552856,0.27208098769187927,0.28023400902748108,22802961
2024-07-18T00:00:00.000000Z,0.28024798631668091,0.2898469865322113,0.27484801411628723,0.28146401047706604,15044487
2024-07-19T00:00:00.000000Z,0.28149899840354919,0.28946799039840698,0.27862098813056946,0.28738498687744141,12858774
2024-07-20T00:00:00.000000Z,0.28740501403808594,0.29226800799369812,0.28248301148414612,0.28530299663543701,12203968
2024-07-21T00:00:00.000000Z,0.28527000546455383,0.28852999210357666,0.27671399712562561,0.28714600205421448,10153743
2024-07-22T00:00:00.000000Z,0.28729701042175293,0.29306301474571228,0.2767220139503479,0.27699199318885803,10660765
2024-07-23T00:00:00.000000Z,0.27699199318885803,0.28496798872947693,0.27220699191093445,0.27862399816513062,16778498
2024-07-24T00:00:00.000000Z,0.27862000465393066,0.28837299346923828,0.26696100831031799,0.26947999000549316,14256574
2024-07-25T00:00:00.000000Z,0.26948601007461548,0.26972600817680359,0.2389959990978241,0.24833300709724426,16444391
2024-07-26T00:00:00.000000Z,0.24833899736404419,0.26844701170921326,0.24816599488258362,0.26675200462341309,12880691
2024-07-27T00:00:00.000000Z,0.26675900816917419,0.27062299847602844,0.26028499007225037,0.26705801486968994,10408439
2024-07-28T00:00:00.000000Z,0.26706001162528992,0.26867198944091797,0.25944700837135315,0.26272198557853699,8225916
2024-07-29T00:00:00.000000Z,0.26272198557853699,0.27339398860931396,0.26070800423622131,0.26188799738883972,10492023
2024-07-30T00:00:00.000000Z,0.26188799738883972,0.26513299345970154,0.25064200162887573,0.25128999352455139,9644304
2024-07-31T00:00:00.000000Z,0.25128600001335144,0.26044899225234985,0.24679900705814362,0.24957600235939026,8897467
2024-08-01T00:00:00.000000Z,0.24954700469970703,0.25127699971199036,0.22771400213241577,0.24370899796485901,11464895
2024-08-02T00:00:00.000000Z,0.24369800090789795,0.2466139942407608,0.22885400056838989,0.22937899827957153,11132941
2024-08-03T00:00:00.000000Z,0.22937700152397156,0.23609499633312225,0.2154729962348938,0.21941199898719788,7990524
2024-08-04T00:00:00.000000Z,0.21946600079536438,0.22246800363063812,0.20013700425624847,0.20673100650310516,7943950
2024-08-05T00:00:00.000000Z,0.20671400427818298,0.21820199489593506,0.17390100657939911,0.2105100005865097,17817236
2024-08-06T00:00:00.000000Z,0.21049599349498749,0.23056699335575104,0.21048000454902649,0.22892600297927856,7379172
2024-08-07T00:00:00.000000Z,0.22891399264335632,0.25463399291038513,0.21992599964141846,0.22125199437141418,8167637
2024-08-08T00:00:00.000000Z,0.2212429940700531,0.2415509968996048,0.21684800088405609,0.23952899873256683,6794584
2024-08-09T00:00:00.000000Z,0.23952199518680573,0.24337400496006012,0.23251700401306152,0.23484300076961517,4832716
2024-08-10T00:00:00.000000Z,0.23485000431537628,0.23714600503444672,0.23249299824237823,0.23417100310325623,3669556
2024-08-11T00:00:00.000000Z,0.23417399823665619,0.24276000261306763,0.21774399280548096,0.21901099383831024,4798249
2024-08-12T00:00:00.000000Z,0.21901899576187134,0.24279899895191193,0.21785500645637512,0.23867599666118622,6408012
2024-08-13T00:00:00.000000Z,0.23867599666118622,0.23923300206661224,0.22878499329090118,0.23315100371837616,5208901
2024-08-14T00:00:00.000000Z,0.23315200209617615,0.23329299688339233,0.2202019989490509,0.22265900671482086,5147514
2024-08-15T00:00:00.000000Z,0.22265799343585968,0.223580002784729,0.2087090015411377,0.21318300068378448,5257238
2024-08-16T00:00:00.000000Z,0.21318300068378448,0.21730600297451019,0.20666900277137756,0.21038900315761566,4605490
2024-08-17T00:00:00.000000Z,0.21039700508117676,0.21414999663829803,0.20845800638198853,0.21376599371433258,3254718
2024-08-18T00:00:00.000000Z,0.21376599371433258,0.24838900566101074,0.21221600472927094,0.23822399973869324,8396825
2024-08-19T00:00:00.000000Z,0.23820999264717102,0.24448199570178986,0.22442600131034851,0.23296500742435455,7622980
2024-08-20T00:00:00.000000Z,0.23296399414539337,0.24174399673938751,0.22988699376583099,0.24117499589920044,5594047
2024-08-21T00:00:00.000000Z,0.24123400449752808,0.25044000148773193,0.2337149977684021,0.24619600176811218,6387638
2024-08-22T00:00:00.000000Z,0.24619600176811218,0.24896299839019775,0.2420089989900589,0.24526999890804291,4665618
2024-08-23T00:00:00.000000Z,0.24526999890804291,0.2602820098400116,0.2442999929189682,0.25875699520111084,5832069
2024-08-24T00:00:00.000000Z,0.258760005235672,0.27145999670028687,0.25274300575256348,0.26149201393127441,5278903
2024-08-25T00:00:00.000000Z,0.26149299740791321,0.26222801208496094,0.24606899917125702,0.25233599543571472,5672471
2024-08-26T00:00:00.000000Z,0.25233599543571472,0.25948700308799744,0.23971100151538849,0.23987999558448792,6169746
2024-08-27T00:00:00.000000Z,0.23987199366092682,0.2482060045003891,0.22419199347496033,0.22846899926662445,6556716
2024-08-28T00:00:00.000000Z,0.22847899794578552,0.23389899730682373,0.21821999549865723,0.22282400727272034,5632785
2024-08-29T00:00:00.000000Z,0.22282400727272034,0.23460400104522705,0.2194100022315979,0.22207300364971161,6069595
2024-08-30T00:00:00.000000Z,0.22207300364971161,0.22369599342346191,0.20526599884033203,0.21483699977397919,5540517
2024-08-31T00:00:00.000000Z,0.21498799324035645,0.21844099462032318,0.20902399718761444,0.21175499260425568,3583561
2024-09-01T00:00:00.000000Z,0.21175499260425568,0.21180899441242218,0.1976580023765564,0.19920900464057922,4269951
2024-09-02T00:00:00.000000Z,0.19920900464057922,0.21394200623035431,0.19797800481319427,0.21232900023460388,5407521
2024-09-03T00:00:00.000000Z,0.21232800185680389,0.22060899436473846,0.20431600511074066,0.2043209969997406,4756992
2024-09-04T00:00:00.000000Z,0.20428800582885742,0.21234199404716492,0.19700199365615845,0.21043400466442108,4809116
2024-09-05T00:00:00.000000Z,0.21041199564933777,0.21145699918270111,0.20115500688552856,0.20364299416542053,4341043
2024-09-06T00:00:00.000000Z,0.20359699428081512,0.21002000570297241,0.19092799723148346,0.19950400292873383,5542210
2024-09-07T00:00:00.000000Z,0.19950400292873383,0.21403999626636505,0.19784599542617798,0.20818400382995605,5956156
2024-09-08T00:00:00.000000Z,0.20818400382995605,0.21717299520969391,0.20660999417304993,0.21515800058841705,5356777
2024-09-09T00:00:00.000000Z,0.21515800058841705,0.22795799374580383,0.21470800042152405,0.22503399848937988,5632187
2024-09-10T00:00:00.000000Z,0.22503399848937988,0.22885499894618988,0.22147700190544128,0.22613899409770966,4823854
2024-09-11T00:00:00.000000Z,0.22609399259090424,0.22622400522232056,0.21223600208759308,0.21541200578212738,5184807
2024-09-12T00:00:00.000000Z,0.21541200578212738,0.2209399938583374,0.21534700691699982,0.21961799263954163,4900633
2024-09-13T00:00:00.000000Z,0.21962599456310272,0.22461099922657013,0.21625199913978577,0.22239500284194946,4561746
2024-09-14T00:00:00.000000Z,0.22238600254058838,0.22420400381088257,0.21956300735473633,0.22088700532913208,4117303
2024-09-15T00:00:00.000000Z,0.22088700532913208,0.31855800747871399,0.21785600483417511,0.31834200024604797,34876876
2024-09-16T00:00:00.000000Z,0.31820198893547058,0.31843599677085876,0.28249400854110718,0.30728399753570557,28892473
2024-09-17T00:00:00.000000Z,0.30737999081611633,0.34165799617767334,0.29502600431442261,0.31548500061035156,24399732
2024-09-18T00:00:00.000000Z,0.31558999419212341,0.33479499816894531,0.29710200428962708,0.30226200819015503,19330566
2024-09-19T00:00:00.000000Z,0.30226200819015503,0.33808699250221252,0.30040600895881653,0.32705599069595337,24212624
2024-09-20T00:00:00.000000Z,0.32705599069595337,0.33759400248527527,0.3101080060005188,0.32134199142456055,14367122
2024-09-21T00:00:00.000000Z,0.32137298583984375,0.3215009868144989,0.30746099352836609,0.31533700227737427,7951640
2024-09-22T00:00:00.000000Z,0.31533700227737427,0.31563499569892883,0.28929200768470764,0.29587000608444214,7799957
2024-09-23T00:00:00.000000Z,0.29594999551773071,0.3072420060634613,0.29171600937843323,0.29992800951004028,8539895
2024-09-24T00:00:00.000000Z,0.29965201020240784,0.30742698907852173,0.2953299880027771,0.30664101243019104,8561835
2024-09-25T00:00:00.000000Z,0.30664101243019104,0.31046399474143982,0.29978498816490173,0.3020089864730835,8092845
2024-09-26T00:00:00.000000Z,0.30199900269508362,0.30852699279785156,0.29250800609588623,0.30660399794578552,8890285
2024-09-27T00:00:00.000000Z,0.30660399794578552,0.31589901447296143,0.30300098657608032,0.31117498874664307,8894890
2024-09-28T00:00:00.000000Z,0.31119099259376526,0.32149899005889893,0.29633799195289612,0.29709300398826599,7014952
2024-09-29T00:00:00.000000Z,0.29709300398826599,0.30609700083732605,0.29437500238418579,0.30255299806594849,6363784
2024-09-30T00:00:00.000000Z,0.30255299806594849,0.30294400453567505,0.27750799059867859,0.27903500199317932,7595420
2024-10-01T00:00:00.000000Z,0.27958101034164429,0.28834900259971619,0.24786999821662903,0.25378099083900452,8434820
2024-10-02T00:00:00.000000Z,0.25377500057220459,0.2621769905090332,0.24153199791908264,0.24812500178813934,7019431
2024-10-03T00:00:00.000000Z,0.24812300503253937,0.25268998742103577,0.23711100220680237,0.2454410046339035,6551537
2024-10-04T00:00:00.000000Z,0.24543200433254242,0.25609201192855835,0.24460799992084503,0.25608798861503601,6075429
2024-10-05T00:00:00.000000Z,0.25608798861503601,0.30006599426269531,0.25537401437759399,0.2872920036315918,13243473
2024-10-06T00:00:00.000000Z,0.28727200627326965,0.29529300332069397,0.28053399920463562,0.28797999024391174,8901272
2024-10-07T00:00:00.000000Z,0.28795498609542847,0.32206299901008606,0.28290998935699463,0.29588699340820312,12189975
2024-10-08T00:00:00.000000Z,0.29589301347732544,0.29592201113700867,0.26584801077842712,0.26639598608016968,7554996
2024-10-09T00:00:00.000000Z,0.26641899347305298,0.27178001403808594,0.25997599959373474,0.26972699165344238,7003199
2024-10-10T00:00:00.000000Z,0.26982900500297546,0.27080699801445007,0.25758099555969238,0.26310199499130249,6192932
2024-10-11T00:00:00.000000Z,0.26309400796890259,0.27341198921203613,0.26213699579238892,0.27206701040267944,5658337
2024-10-12T00:00:00.000000Z,0.27206799387931824,0.28241801261901855,0.270579993724823,0.273142009973526,5259020
2024-10-13T00:00:00.000000Z,0.273142009973526,0.27343600988388062,0.25857999920845032,0.26451799273490906,7428953
2024-10-14T00:00:00.000000Z,0.26451799273490906,0.27857100963592529,0.2624489963054657,0.27724099159240723,7811818
2024-10-15T00:00:00.000000Z,0.2772350013256073,0.27854800224304199,0.25956499576568604,0.26567599177360535,7593935
2024-10-16T00:00:00.000000Z,0.26569598913192749,0.2698340117931366,0.2587369978427887,0.26696699857711792,6624743
2024-10-17T00:00:00.000000Z,0.26698300242424011,0.27966099977493286,0.25503900647163391,0.26037400960922241,10574104
2024-10-18T00:00:00.000000Z,0.26041498780250549,0.26638999581336975,0.25889098644256592,0.26224499940872192,6089661
2024-10-19T00:00:00.000000Z,0.26224499940872192,0.26699000597000122,0.26144799590110779,0.26590999960899353,5041685
2024-10-20T00:00:00.000000Z,0.26590099930763245,0.2790369987487793,0.26419898867607117,0.27856200933456421,6963044
2024-10-21T00:00:00.000000Z,0.27856901288032532,0.28097501397132874,0.26457899808883667,0.26780501008033752,5963496
2024-10-22T00:00:00.000000Z,0.26780501008033752,0.26893100142478943,0.26020398736000061,0.26543200016021729,4367019
2024-10-23T00:00:00.000000Z,0.26543200016021729,0.26563099026679993,0.25150600075721741,0.25956198573112488,5204115
2024-10-24T00:00:00.000000Z,0.26016798615455627,0.26406800746917725,0.25889399647712708,0.26287299394607544,4555718
2024-10-25T00:00:00.000000Z,0.26287299394607544,0.26331800222396851,0.22933900356292725,0.23332199454307556,5252273
2024-10-26T00:00:00.000000Z,0.23330999910831451,0.24232800304889679,0.22997799515724182,0.23903200030326843,4558558
2024-10-27T00:00:00.000000Z,0.23903800547122955,0.24246500432491302,0.23764699697494507,0.2413250058889389,4015789
2024-10-28T00:00:00.000000Z,0.2413250058889389,0.24455499649047852,0.23384599387645721,0.24089400470256805,5239183
2024-10-29T00:00:00.000000Z,0.24089500308036804,0.25234299898147583,0.24000400304794312,0.24856199324131012,5261736
2024-10-30T00:00:00.000000Z,0.24856199324131012,0.2504270076751709,0.24436800181865692,0.24607899785041809,4373512
2024-10-31T00:00:00.000000Z,0.24607700109481812,0.24612900614738464,0.23250399529933929,0.23467299342155457,4585860
2024-11-01T00:00:00.000000Z,0.23466500639915466,0.23828800022602081,0.22757600247859955,0.23126600682735443,4684822
2024-11-02T00:00:00.000000Z,0.23126600682735443,0.23325300216674805,0.22281700372695923,0.22431099414825439,4524807
2024-11-03T00:00:00.000000Z,0.22431099414825439,0.23163400590419769,0.20730000734329224,0.21920500695705414,6069639
2024-11-04T00:00:00.000000Z,0.21921199560165405,0.22192199528217316,0.20660999417304993,0.2133370041847229,4864338
2024-11-05T00:00:00.000000Z,0.21333399415016174,0.22471499443054199,0.21310600638389587,0.22381499409675598,4668526
2024-11-06T00:00:00.000000Z,0.22382399439811707,0.25046899914741516,0.22381499409675598,0.25018298625946045,6990736
2024-11-07T00:00:00.000000Z,0.25020098686218262,0.25537499785423279,0.24598899483680725,0.25424098968505859,6042442
2024-11-08T00:00:00.000000Z,0.2542479932308197,0.25523599982261658,0.24723300337791443,0.25479200482368469,5776897
2024-11-09T00:00:00.000000Z,0.25478500127792358,0.25999298691749573,0.25114300847053528,0.25952500104904175,5470078
2024-11-10T00:00:00.000000Z,0.2595289945602417,0.29778200387954712,0.2566559910774231,0.27267599105834961,11444217
2024-11-11T00:00:00.000000Z,0.27286401391029358,0.29050898551940918,0.27006301283836365,0.28937599062919617,10035785
2024-11-12T00:00:00.000000Z,0.28933700919151306,0.29915100336074829,0.26565399765968323,0.28017899394035339,10309826
2024-11-13T00:00:00.000000Z,0.28011700510978699,0.28240099549293518,0.25542798638343811,0.26956799626350403,9603755
2024-11-14T00:00:00.000000Z,0.26967298984527588,0.2759850025177002,0.25272700190544128,0.25486001372337341,8130758
2024-11-15T00:00:00.000000Z,0.25486001372337341,0.32267901301383972,0.24681000411510468,0.27788001298904419,18732517
2024-11-16T00:00:00.000000Z,0.27788200974464417,0.30554598569869995,0.27047500014305115,0.29932400584220886,14912153
2024-11-17T00:00:00.000000Z,0.29931598901748657,0.30035701394081116,0.28241199254989624,0.28642299771308899,8893170
2024-11-18T00:00:00.000000Z,0.28637799620628357,0.31150698661804199,0.28569099307060242,0.30922499299049377,9259269
2024-11-19T00:00:00.000000Z,0.30926001071929932,0.32695600390434265,0.2970849871635437,0.3001599907875061,10371520
2024-11-20T00:00:00.000000Z,0.3001599907875061,0.30221599340438843,0.28187501430511475,0.29089298844337463,6965428
2024-11-21T00:00:00.000000Z,0.29089298844337463,0.31050598621368408,0.28438100218772888,0.30785900354385376,7283256
2024-11-22T00:00:00.000000Z,0.30787000060081482,0.32336199283599854,0.30300700664520264,0.32336199283599854,8677170
2024-11-23T00:00:00.000000Z,0.3233950138092041,0.41769099235534668,0.31911098957061768,0.37747201323509216,17738768
2024-11-24T00:00:00.000000Z,0.37735399603843689,0.42982900142669678,0.36781600117683411,0.39589801430702209,14720961
2024-11-25T00:00:00.000000Z,0.39591199159622192,0.4146139919757843,0.37065601348876953,0.37925300002098083,10197024
2024-11-26T00:00:00.000000Z,0.37925699353218079,0.4215950071811676,0.35747098922729492,0.37095099687576294,10386784
2024-11-27T00:00:00.000000Z,0.37098899483680725,0.46415498852729797,0.3670940101146698,0.44848001003265381,12174637
2024-11-28T00:00:00.000000Z,0.44873800873756409,0.48548701405525208,0.42339599132537842,0.47661599516868591,19669929
2024-11-29T00:00:00.000000Z,0.47667399048805237,0.50868302583694458,0.47125899791717529,0.47712698578834534,17677867
2024-11-30T00:00:00.000000Z,0.47708699107170105,0.5038909912109375,0.47115901112556458,0.48795300722122192,10685233
2024-12-01T00:00:00.000000Z,0.48783800005912781,0.51043701171875,0.48129498958587646,0.49013799428939819,11206270
2024-12-02T00:00:00.000000Z,0.49014401435852051,0.51155102252960205,0.46594598889350891,0.50552397966384888,16419118
2024-12-03T00:00:00.000000Z,0.50576502084732056,0.59539902210235596,0.4939810037612915,0.57726097106933594,22536406
2024-12-04T00:00:00.000000Z,0.57725298404693604,0.65334999561309814,0.54575598239898682,0.59490501880645752,23597753
2024-12-05T00:00:00.000000Z,0.59497100114822388,0.6178240180015564,0.5756639838218689,0.59094202518463135,16491405
2024-12-06T00:00:00.000000Z,0.58494901657104492,0.61640602350234985,0.55224800109863281,0.59844297170639038,19240363
2024-12-07T00:00:00.000000Z,0.59837198257446289,0.60980397462844849,0.56397902965545654,0.56461602449417114,10495338
2024-12-08T00:00:00.000000Z,0.56591099500656128,0.59678500890731812,0.54852402210235596,0.58991599082946777,13204721
2024-12-09T00:00:00.000000Z,0.58992397785186768,0.59065800905227661,0.42755401134490967,0.45707899332046509,15514603
2024-12-10T00:00:00.000000Z,0.45697599649429321,0.47949099540710449,0.40234899520874023,0.45325601100921631,15386032
2024-12-11T00:00:00.000000Z,0.45323300361633301,0.50120502710342407,0.43725100159645081,0.49347901344299316,9366981
2024-12-12T00:00:00.000000Z,0.49348801374435425,0.52569097280502319,0.48574399948120117,0.49545401334762573,13524965
2024-12-13T00:00:00.000000Z,0.49545198678970337,0.49998998641967773,0.46540400385856628,0.47952800989151001,10907360
2024-12-14T00:00:00.000000Z,0.47971299290657043,0.50997602939605713,0.42693498730659485,0.43710801005363464,22045151
2024-12-15T00:00:00.000000Z,0.43699899315834045,0.4557659924030304,0.41172000765800476,0.45372000336647034,12784325
2024-12-16T00:00:00.000000Z,0.45385599136352539,0.46492001414299011,0.42729398608207703,0.43600499629974365,14012353
2024-12-17T00:00:00.000000Z,0.43575999140739441,0.44342800974845886,0.4145050048828125,0.4197709858417511,11232819
2024-12-18T00:00:00.000000Z,0.41962599754333496,0.43313300609588623,0.3836199939250946,0.38473799824714661,12126379
2024-12-19T00:00:00.000000Z,0.38474899530410767,0.39563700556755066,0.32879900932312012,0.34321799874305725,13179764
2024-12-20T00:00:00.000000Z,0.34331101179122925,0.36301100254058838,0.30305799841880798,0.35888499021530151,15947253
2024-12-21T00:00:00.000000Z,0.35886400938034058,0.37776198983192444,0.3320080041885376,0.33660298585891724,9247268
2024-12-22T00:00:00.000000Z,0.3366129994392395,0.34458300471305847,0.32294300198554993,0.33033901453018188,8757862
2024-12-23T00:00:00.000000Z,0.330361008644104,0.35813099145889282,0.32259699702262878,0.35488298535346985,8161719
2024-12-24T00:00:00.000000Z,0.35489100217819214,0.37575000524520874,0.34552699327468872,0.37444901466369629,7293160
2024-12-25T00:00:00.000000Z,0.37440198659896851,0.37648200988769531,0.35965600609779358,0.36484101414680481,6097291
2024-12-26T00:00:00.000000Z,0.36479899287223816,0.36901500821113586,0.32685300707817078,0.33329999446868896,7110422
2024-12-27T00:00:00.000000Z,0.33058801293373108,0.34988901019096375,0.32909798622131348,0.33664500713348389,7340554
2024-12-28T00:00:00.000000Z,0.33665299415588379,0.35561400651931763,0.33184000849723816,0.34898799657821655,6179098
2024-12-29T00:00:00.000000Z,0.34902700781822205,0.35159501433372498,0.32326400279998779,0.32569000124931335,6647031
2024-12-30T00:00:00.000000Z,0.3256089985370636,0.34030100703239441,0.31340700387954712,0.33107998967170715,7842981
2024-12-31T00:00:00.000000Z,0.33113300800323486,0.33974999189376831,0.31730198860168457,0.32287201285362244,6480097
2025-01-01T00:00:00.000000Z,0.32279199361801147,0.3379490077495575,0.31963500380516052,0.33466899394989014,5475007
2025-01-02T00:00:00.000000Z,0.33478400111198425,0.34557899832725525,0.33269599080085754,0.33697101473808289,7900680
2025-01-03T00:00:00.000000Z,0.33697101473808289,0.36298298835754395,0.33169600367546082,0.36094799637794495,7852961
2025-01-04T00:00:00.000000Z,0.3609980046749115,0.36595699191093445,0.35398998856544495,0.35914799571037292,5975105
2025-01-05T00:00:00.000000Z,0.35914799571037292,0.36176601052284241,0.34650200605392456,0.35817098617553711,5629412
2025-01-06T00:00:00.000000Z,0.35813701152801514,0.37086299061775208,0.35092100501060486,0.36499199271202087,7791271
2025-01-07T00:00:00.000000Z,0.36495798826217651,0.3650130033493042,0.31982699036598206,0.32013100385665894,6769101
2025-01-08T00:00:00.000000Z,0.32013100385665894,0.32467201352119446,0.30282899737358093,0.31588900089263916,7029819
2025-01-09T00:00:00.000000Z,0.31588301062583923,0.31918299198150635,0.29862898588180542,0.30854400992393494,6043589
2025-01-10T00:00:00.000000Z,0.30854201316833496,0.32401299476623535,0.30699300765991211,0.32130900025367737,5636735
2025-01-11T00:00:00.000000Z,0.32131800055503845,0.32254999876022339,0.30835199356079102,0.31652000546455383,4002967
2025-01-12T00:00:00.000000Z,0.31650999188423157,0.31910601258277893,0.30402800440788269,0.3080500066280365,4304595
2025-01-13T00:00:00.000000Z,0.30803999304771423,0.31785300374031067,0.28097999095916748,0.30024001002311707,7887944
2025-01-14T00:00:00.000000Z,0.30041599273681641,0.31478199362754822,0.29554399847984314,0.31474599242210388,5430905
2025-01-15T00:00:00.000000Z,0.31474700570106506,0.33313998579978943,0.30436500906944275,0.33295899629592896,6552224
2025-01-16T00:00:00.000000Z,0.33298298716545105,0.36668300628662109,0.32154500484466553,0.35458698868751526,11199243
2025-01-17T00:00:00.000000Z,0.35447201132774353,0.51681500673294067,0.35362601280212402,0.43654400110244751,39243253
2025-01-18T00:00:00.000000Z,0.43613401055335999,0.46516400575637817,0.38933500647544861,0.4045569896697998,23515264
2025-01-19T00:00:00.000000Z,0.40454098582267761,0.40454098582267761,0.3448370099067688,0.34657800197601318,12571870
2025-01-20T00:00:00.000000Z,0.34655299782752991,0.3734230101108551,0.32620599865913391,0.32759600877761841,13993853
2025-01-21T00:00:00.000000Z,0.32751300930976868,0.35197499394416809,0.31671100854873657,0.34640699625015259,9834533
2025-01-22T00:00:00.000000Z,0.34640699625015259,0.36094900965690613,0.32857999205589294,0.3305320143699646,8985805
2025-01-23T00:00:00.000000Z,0.33052799105644226,0.33835899829864502,0.31941398978233337,0.32813000679016113,10510408
2025-01-24T00:00:00.000000Z,0.32811099290847778,0.35712599754333496,0.31751701235771179,0.32629698514938354,9145082
2025-01-25T00:00:00.000000Z,0.32644000649452209,0.33488699793815613,0.3215939998626709,0.32316100597381592,5449460
2025-01-26T00:00:00.000000Z,0.32316699624061584,0.33564600348472595,0.31470599770545959,0.31481000781059265,5872799
2025-01-27T00:00:00.000000Z,0.31481701135635376,0.31485000252723694,0.28763499855995178,0.30861601233482361,9554964
2025-01-28T00:00:00.000000Z,0.30860099196434021,0.3147830069065094,0.28343498706817627,0.28651699423789978,7179671
2025-01-29T00:00:00.000000Z,0.28670799732208252,0.30316901206970215,0.28567299246788025,0.29406499862670898,7731911
2025-01-30T00:00:00.000000Z,0.29410898685455322,0.30366700887680054,0.28904899954795837,0.29504400491714478,8244760
2025-01-31T00:00:00.000000Z,0.29557999968528748,0.30013799667358398,0.27641499042510986,0.2886900007724762,9944666
2025-02-01T00:00:00.000000Z,0.28868499398231506,0.29350599646568298,0.26864999532699585,0.26923000812530518,5682015
2025-02-02T00:00:00.000000Z,0.26932600140571594,0.27573400735855103,0.23952199518680573,0.24485799670219421,10293506
2025-02-03T00:00:00.000000Z,0.24490000307559967,0.25261801481246948,0.19134800136089325,0.25162601470947266,10348116
2025-02-04T00:00:00.000000Z,0.25162601470947266,0.25610300898551941,0.23123599588871002,0.23576399683952332,5800489
2025-02-05T00:00:00.000000Z,0.23576399683952332,0.31380799412727356,0.23418599367141724,0.27311500906944275,13395343
2025-02-06T00:00:00.000000Z,0.27306801080703735,0.31482300162315369,0.25892099738121033,0.28739899396896362,19732158
2025-02-07T00:00:00.000000Z,0.28965699672698975,0.29683199524879456,0.25882300734519958,0.26448199152946472,11210619
2025-02-08T00:00:00.000000Z,0.26448199152946472,0.26964899897575378,0.2589460015296936,0.26456201076507568,7718994
2025-02-09T00:00:00.000000Z,0.26456201076507568,0.27156901359558105,0.24829800426959991,0.25566801428794861,7274864
2025-02-10T00:00:00.000000Z,0.25565800070762634,0.26761698722839355,0.2511259913444519,0.25819998979568481,8538760
2025-02-11T00:00:00.000000Z,0.25820198655128479,0.26807299256324768,0.25032201409339905,0.26006099581718445,8621838
2025-02-12T00:00:00.000000Z,0.26031500101089478,0.26809701323509216,0.2498060017824173,0.26583400368690491,7860286
2025-02-13T00:00:00.000000Z,0.26580899953842163,0.26641100645065308,0.25386199355125427,0.25700798630714417,6457090
2025-02-14T00:00:00.000000Z,0.25701600313186646,0.26825699210166931,0.25504899024963379,0.26482200622558594,6881494
2025-02-15T00:00:00.000000Z,0.26480698585510254,0.26698198914527893,0.25565099716186523,0.25719800591468811,5579173
2025-02-16T00:00:00.000000Z,0.25717198848724365,0.28956198692321777,0.25667300820350647,0.26208099722862244,9248056
2025-02-17T00:00:00.000000Z,0.26208099722862244,0.26910099387168884,0.25336799025535583,0.25597301125526428,6959449
2025-02-18T00:00:00.000000Z,0.25596499443054199,0.2577970027923584,0.24424999952316284,0.25209701061248779,6896576
2025-02-19T00:00:00.000000Z,0.25209701061248779,0.25465399026870728,0.24771599471569061,0.25203898549079895,5655800
2025-02-20T00:00:00.000000Z,0.25194200873374939,0.25882700085639954,0.25161400437355042,0.25756898522377014,5650257
2025-02-21T00:00:00.000000Z,0.25756999850273132,0.26634100079536438,0.24553300440311432,0.2456510066986084,6739873
2025-02-22T00:00:00.000000Z,0.24576500058174133,0.26006299257278442,0.2452549934387207,0.25502499938011169,6081255
2025-02-23T00:00:00.000000Z,0.25531700253486633,0.27885898947715759,0.25143301486968994,0.25735500454902649,7437240
2025-02-24T00:00:00.000000Z,0.25736901164054871,0.25842300057411194,0.23074699938297272,0.23077699542045593,5760997
2025-02-25T00:00:00.000000Z,0.23077300190925598,0.24377299845218658,0.22430500388145447,0.23648899793624878,7212929
2025-02-26T00:00:00.000000Z,0.23648899793624878,0.24236199259757996,0.22817300260066986,0.23329299688339233,6099679
2025-02-27T00:00:00.000000Z,0.23330199718475342,0.24291899800300598,0.23283199965953827,0.23659299314022064,6184234
2025-02-28T00:00:00.000000Z,0.23659299314022064,0.2372719943523407,0.20746399462223053,0.23147599399089813,6273350
2025-03-01T00:00:00.000000Z,0.2312919944524765,0.23322600126266479,0.22744899988174438,0.23115700483322144,4822607
2025-03-02T00:00:00.000000Z,0.23115700483322144,0.24973300099372864,0.22769799828529358,0.24660199880599976,6263084
2025-03-03T00:00:00.000000Z,0.24660199880599976,0.24740399420261383,0.21698600053787231,0.22019299864768982,5870663
2025-03-04T00:00:00.000000Z,0.22019299864768982,0.2204120010137558,0.20907500386238098,0.21641199290752411,5070858
2025-03-05T00:00:00.000000Z,0.21641199290752411,0.2256930023431778,0.21553300321102142,0.2210099995136261,4452749
2025-03-06T00:00:00.000000Z,0.2210099995136261,0.22821499407291412,0.21875399351119995,0.22048400342464447,4487567
2025-03-07T00:00:00.000000Z,0.22048400342464447,0.26911801099777222,0.21205000579357147,0.2361380010843277,13221056
2025-03-08T00:00:00.000000Z,0.2361380010843277,0.24109899997711182,0.22196699678897858,0.22267100214958191,5835532
2025-03-09T00:00:00.000000Z,0.22267000377178192,0.22442899644374847,0.2051980048418045,0.20863999426364899,4494955
2025-03-10T00:00:00.000000Z,0.20863999426364899,0.21323899924755096,0.19016900658607483,0.197161003947258,10163106
2025-03-11T00:00:00.000000Z,0.19697999954223633,0.20645600557327271,0.19165100157260895,0.20283299684524536,11478003
2025-03-12T00:00:00.000000Z,0.20283299684524536,0.20463599264621735,0.19625699520111084,0.20381300151348114,8212068
2025-03-13T00:00:00.000000Z,0.20381300151348114,0.2049109935760498,0.19617900252342224,0.19855600595474243,17163300
2025-03-14T00:00:00.000000Z,0.19855600595474243,0.20760899782180786,0.19855600595474243,0.20325200259685516,11406910
2025-03-15T00:00:00.000000Z,0.20319899916648865,0.26181799173355103,0.20304100215435028,0.24865899980068207,13927725
2025-03-16T00:00:00.000000Z,0.24866899847984314,0.25682801008224487,0.22154699265956879,0.22647799551486969,14801753
2025-03-17T00:00:00.000000Z,0.22647599875926971,0.23059199750423431,0.22298699617385864,0.22570599615573883,12167591
2025-03-18T00:00:00.000000Z,0.22570599615573883,0.24594999849796295,0.21440699696540833,0.22535000741481781,15877426
2025-03-19T00:00:00.000000Z,0.22535000741481781,0.24219299852848053,0.22008399665355682,0.22969900071620941,17238128
2025-03-20T00:00:00.000000Z,0.22969900071620941,0.23055499792098999,0.2188510000705719,0.22023400664329529,14143169
2025-03-21T00:00:00.000000Z,0.22026300430297852,0.22325700521469116,0.21166500449180603,0.21531300246715546,6215429
2025-03-22T00:00:00.000000Z,0.21531300246715546,0.2210640013217926,0.21531200408935547,0.21605199575424194,4456432
2025-03-23T00:00:00.000000Z,0.21605199575424194,0.22853800654411316,0.21386699378490448,0.224932000041008,17153886
2025-03-24T00:00:00.000000Z,0.22483499348163605,0.22948199510574341,0.22278200089931488,0.22415700554847717,12962781
2025-03-25T00:00:00.000000Z,0.22416000068187714,0.22767999768257141,0.22309400141239166,0.22458499670028687,8105844
2025-03-26T00:00:00.000000Z,0.22456899285316467,0.22893700003623962,0.22193700075149536,0.22485899925231934,7905574
2025-03-27T00:00:00.000000Z,0.22484900057315826,0.22634300589561462,0.21979500353336334,0.22214199602603912,11313688
2025-03-28T00:00:00.000000Z,0.22207799553871155,0.22460399568080902,0.21078400313854218,0.21255600452423096,7604263
2025-03-29T00:00:00.000000Z,0.21254800260066986,0.22304500639438629,0.20809000730514526,0.21001200377941132,5318360
2025-03-30T00:00:00.000000Z,0.21003800630569458,0.21374200284481049,0.20923900604248047,0.21014299988746643,4273574
2025-03-31T00:00:00.000000Z,0.21014599502086639,0.21248699724674225,0.20727400481700897,0.21023200452327728,5830679
2025-04-01T00:00:00.000000Z,0.21022599935531616,0.21978700160980225,0.20878000557422638,0.20960600674152374,6828041
2025-04-02T00:00:00.000000Z,0.20951299369335175,0.20981599390506744,0.19942300021648407,0.20054499804973602,7505751
2025-04-03T00:00:00.000000Z,0.20054300129413605,0.20302300155162811,0.19623999297618866,0.20095300674438477,6237425
2025-04-04T00:00:00.000000Z,0.20095300674438477,0.20507000386714935,0.19855399429798126,0.20399799942970276,7085616
2025-04-05T00:00:00.000000Z,0.20399799942970276,0.20484800636768341,0.2005160003900528,0.20171500742435455,3846294
2025-04-06T00:00:00.000000Z,0.20174099504947662,0.20208899676799774,0.1862500011920929,0.18908500671386719,5780982
2025-04-07T00:00:00.000000Z,0.18908500671386719,0.19485999643802643,0.17023800313472748,0.18431100249290466,12081182
2025-04-08T00:00:00.000000Z,0.18434099853038788,0.19376400113105774,0.17888100445270538,0.18230000138282776,7850700
2025-04-09T00:00:00.000000Z,0.18228299915790558,0.19731900095939636,0.17796699702739716,0.19674099981784821,9512594
2025-04-10T00:00:00.000000Z,0.19673900306224823,0.19706200063228607,0.18820300698280334,0.19159199297428131,7539409
2025-04-11T00:00:00.000000Z,0.19159199297428131,0.19746400415897369,0.19063200056552887,0.19576899707317352,6620246
2025-04-12T00:00:00.000000Z,0.19576899707317352,0.20611099898815155,0.19358000159263611,0.20441199839115143,5328958
2025-04-13T00:00:00.000000Z,0.20441199839115143,0.20442299544811249,0.19157999753952026,0.19372199475765228,4456179
2025-04-14T00:00:00.000000Z,0.19372299313545227,0.19443400204181671,0.18561799824237823,0.18832799792289734,2978137
2025-04-15T00:00:00.000000Z,0.18832799792289734,0.20464999973773956,0.1864050030708313,0.1864050030708313,4620518
2025-04-16T00:00:00.000000Z,0.18639500439167023,0.18693099915981293,0.17992700636386871,0.18020699918270111,3457675
2025-04-17T00:00:00.000000Z,0.18020699918270111,0.18413500487804413,0.17864499986171722,0.18198700249195099,2746989
2025-04-18T00:00:00.000000Z,0.18198700249195099,0.19948099553585052,0.18187999725341797,0.18466700613498688,4090192
2025-04-19T00:00:00.000000Z,0.18465599417686462,0.20539900660514832,0.18429100513458252,0.19069699943065643,5242567
2025-04-20T00:00:00.000000Z,0.19069699943065643,0.19351600110530853,0.18867599964141846,0.18937499821186066,3782880
2025-04-21T00:00:00.000000Z,0.18938499689102173,0.19402499496936798,0.18869900703430176,0.18964700400829315,2988974
2025-04-22T00:00:00.000000Z,0.18964600563049316,0.2017969936132431,0.1875469982624054,0.20143599808216095,3715142
2025-04-23T00:00:00.000000Z,0.20143599808216095,0.20535899698734283,0.19857899844646454,0.20278400182723999,3372011
2025-04-24T00:00:00.000000Z,0.20278400182723999,0.20410899817943573,0.19681400060653687,0.20201000571250916,3035389
2025-04-25T00:00:00.000000Z,0.20201000571250916,0.21155999600887299,0.20063899457454681,0.20686100423336029,3501785
2025-04-26T00:00:00.000000Z,0.20687000453472137,0.22131699323654175,0.20588499307632446,0.21209500730037689,4316670
2025-04-27T00:00:00.000000Z,0.21209500730037689,0.22337000072002411,0.20356699824333191,0.20572400093078613,5383588
2025-04-28T00:00:00.000000Z,0.20574000477790833,0.22118699550628662,0.20270499587059021,0.21098800003528595,5359867
2025-04-29T00:00:00.000000Z,0.21098700165748596,0.21252000331878662,0.20343700051307678,0.20489899814128876,3011658
2025-04-30T00:00:00.000000Z,0.20489899814128876,0.20848999917507172,0.20183199644088745,0.20400099456310272,2782984
2025-05-01T00:00:00.000000Z,0.20400500297546387,0.21239300072193146,0.20394200086593628,0.20537599921226501,2792460
2025-05-02T00:00:00.000000Z,0.20543000102043152,0.20944699645042419,0.20541499555110931,0.20852500200271606,2345158
2025-05-03T00:00:00.000000Z,0.20856599509716034,0.20898300409317017,0.20101200044155121,0.20135000348091125,2202101
2025-05-04T00:00:00.000000Z,0.20135000348091125,0.20158299803733826,0.19202299416065216,0.19243800640106201,2935874
2025-05-05T00:00:00.000000Z,0.19243800640106201,0.19697199761867523,0.19223800301551819,0.19373300671577454,2283306
2025-05-06T00:00:00.000000Z,0.19373300671577454,0.19585099816322327,0.19089099764823914,0.19464500248432159,2303612
2025-05-07T00:00:00.000000Z,0.19463899731636047,0.19492000341415405,0.19075100123882294,0.19254100322723389,2683446
2025-05-08T00:00:00.000000Z,0.19253900647163391,0.20676800608634949,0.19239099323749542,0.20653599500656128,3305790
2025-05-09T00:00:00.000000Z,0.2065339982509613,0.21226899325847626,0.20645099878311157,0.21038700640201569,2868700
2025-05-10T00:00:00.000000Z,0.21038700640201569,0.22165399789810181,0.21007099747657776,0.22106100618839264,3530112
2025-05-11T00:00:00.000000Z,0.22106100618839264,0.22144199907779694,0.21374599635601044,0.21542200446128845,3236224
2025-05-12T00:00:00.000000Z,0.21542200446128845,0.22100900113582611,0.20743300020694733,0.21369799971580505,3452824
2025-05-13T00:00:00.000000Z,0.21369799971580505,0.21825900673866272,0.20769600570201874,0.21629500389099121,2517862
2025-05-14T00:00:00.000000Z,0.21629500389099121,0.22470399737358093,0.2118069976568222,0.21535000205039978,3737152
2025-05-15T00:00:00.000000Z,0.21545000374317169,0.21904100477695465,0.20126199722290039,0.20239399373531342,2958142
2025-05-16T00:00:00.000000Z,0.20239600539207458,0.21366700530052185,0.20226900279521942,0.20499399304389954,2834799
2025-05-17T00:00:00.000000Z,0.20499399304389954,0.21171200275421143,0.20001399517059326,0.20100399851799011,3402904
2025-05-18T00:00:00.000000Z,0.20100399851799011,0.20931300520896912,0.20081900060176849,0.20649400353431702,2445736
2025-05-19T00:00:00.000000Z,0.20650100708007812,0.20723600685596466,0.20034000277519226,0.20423400402069092,2168819
2025-05-20T00:00:00.000000Z,0.20423400402069092,0.21257099509239197,0.20112599432468414,0.20647299289703369,2763441
2025-05-21T00:00:00.000000Z,0.20646700263023376,0.21029399335384369,0.20379500091075897,0.20957900583744049,2738249
2025-05-22T00:00:00.000000Z,0.20957900583744049,0.21276000142097473,0.20936599373817444,0.21094299852848053,2611477
2025-05-23T00:00:00.000000Z,0.21094299852848053,0.21404500305652618,0.20143599808216095,0.20143599808216095,3310451
2025-05-24T00:00:00.000000Z,0.20160000026226044,0.20315100252628326,0.20131300389766693,0.20208999514579773,2117466
2025-05-25T00:00:00.000000Z,0.20208999514579773,0.20219999551773071,0.19318999350070953,0.19843499362468719,3019105
2025-05-26T00:00:00.000000Z,0.19843800365924835,0.20175899565219879,0.19831700623035431,0.19848799705505371,2499107
2025-05-27T00:00:00.000000Z,0.19848799705505371,0.20412999391555786,0.19667500257492065,0.20233799517154694,2733562
2025-05-28T00:00:00.000000Z,0.20233799517154694,0.20260599255561829,0.19545300304889679,0.19808700680732727,2713793
2025-05-29T00:00:00.000000Z,0.19808800518512726,0.20089900493621826,0.19707499444484711,0.19709500670433044,2543243
2025-05-30T00:00:00.000000Z,0.19709500670433044,0.19709999859333038,0.17580600082874298,0.18023499846458435,3667170
2025-05-31T00:00:00.000000Z,0.18015100061893463,0.30890598893165588,0.17044200003147125,0.20924699306488037,40345186
2025-06-01T00:00:00.000000Z,0.20917700231075287,0.25587698817253113,0.20538899302482605,0.23106899857521057,21210301
2025-06-02T00:00:00.000000Z,0.23106899857521057,0.25632798671722412,0.21414199471473694,0.23202799260616302,17969406
2025-06-03T00:00:00.000000Z,0.23202799260616302,0.24838399887084961,0.23006600141525269,0.2335129976272583,10759190
2025-06-04T00:00:00.000000Z,0.2335129976272583,0.23737999796867371,0.21414299309253693,0.21599100530147552,6310685
2025-06-05T00:00:00.000000Z,0.21599100530147552,0.21624700725078583,0.19584000110626221,0.19990000128746033,4958359
2025-06-06T00:00:00.000000Z,0.19990000128746033,0.23335899412631989,0.19807499647140503,0.20500999689102173,8415038
2025-06-07T00:00:00.000000Z,0.20500800013542175,0.21619799733161926,0.20070700347423553,0.20828400552272797,7924000
2025-06-08T00:00:00.000000Z,0.20828400552272797,0.21768000721931458,0.20403400063514709,0.20799000561237335,8028033
2025-06-09T00:00:00.000000Z,0.20799000561237335,0.212444007396698,0.20537500083446503,0.2092290073633194,5231781
2025-06-10T00:00:00.000000Z,0.20921100676059723,0.21401800215244293,0.20593500137329102,0.20897999405860901,5793303
2025-06-11T00:00:00.000000Z,0.20897999405860901,0.21194300055503845,0.20518599450588226,0.20602500438690186,4091639
2025-06-12T00:00:00.000000Z,0.20602500438690186,0.21737499535083771,0.18376000225543976,0.19250799715518951,6843344
2025-06-13T00:00:00.000000Z,0.19250799715518951,0.19383299350738525,0.17543900012969971,0.17945000529289246,5431456
2025-06-14T00:00:00.000000Z,0.17945399880409241,0.21870799362659454,0.17893700301647186,0.19792799651622772,11699764
2025-06-15T00:00:00.000000Z,0.19793300330638885,0.20719799399375916,0.18780699372291565,0.18974900245666504,9081441
2025-06-16T00:00:00.000000Z,0.18974900245666504,0.19747400283813477,0.18857400119304657,0.1885869950056076,5426040
2025-06-17T00:00:00.000000Z,0.18856699764728546,0.18868200480937958,0.17606599628925323,0.17633900046348572,4005920
2025-06-18T00:00:00.000000Z,0.17628200352191925,0.19979999959468842,0.17587199807167053,0.18501299619674683,8699175
2025-06-19T00:00:00.000000Z,0.18501299619674683,0.18878799676895142,0.18178300559520721,0.18465100228786469,4041357
2025-06-20T00:00:00.000000Z,0.18465100228786469,0.18619599938392639,0.18011200428009033,0.18396799266338348,3822465
2025-06-21T00:00:00.000000Z,0.18398100137710571,0.18474699556827545,0.17605699598789215,0.17808400094509125,3260441
2025-06-22T00:00:00.000000Z,0.17809900641441345,0.19062399864196777,0.17325399816036224,0.18053799867630005,4873524
2025-06-23T00:00:00.000000Z,0.18042400479316711,0.19060400128364563,0.17759400606155396,0.18781299889087677,5943495
2025-06-24T00:00:00.000000Z,0.18781299889087677,0.19276399910449982,0.18587100505828857,0.18618999421596527,3819523
2025-06-25T00:00:00.000000Z,0.18624499440193176,0.18838499486446381,0.18447500467300415,0.1846340000629425,3152955
2025-06-26T00:00:00.000000Z,0.1846340000629425,0.20215399563312531,0.18350400030612946,0.18381400406360626,6046952
2025-06-27T00:00:00.000000Z,0.18382400274276733,0.19258899986743927,0.18259400129318237,0.18401700258255005,4385783
2025-06-28T00:00:00.000000Z,0.18402700126171112,0.18580999970436096,0.1833920031785965,0.1850849986076355,3041642
2025-06-29T00:00:00.000000Z,0.18507599830627441,0.18756100535392761,0.184347003698349,0.18741500377655029,3452903
2025-06-30T00:00:00.000000Z,0.18747100234031677,0.18818099796772003,0.18369099497795105,0.18566800653934479,3379066
2025-07-01T00:00:00.000000Z,0.18566800653934479,0.19044999778270721,0.1826930046081543,0.18309000134468079,5266153
2025-07-02T00:00:00.000000Z,0.18309000134468079,0.18801400065422058,0.18233299255371094,0.18594099581241608,5697685
2025-07-03T00:00:00.000000Z,0.18593199551105499,0.18738600611686707,0.18464000523090363,0.18631100654602051,3916687
2025-07-04T00:00:00.000000Z,0.18630999326705933,0.18633800745010376,0.1788180023431778,0.18043600022792816,3399958
2025-07-05T00:00:00.000000Z,0.18043600022792816,0.18401700258255005,0.17902000248432159,0.18199799954891205,3564794
2025-07-06T00:00:00.000000Z,0.18199799954891205,0.184906005859375,0.17843499779701233,0.18156200647354126,3872988
2025-07-07T00:00:00.000000Z,0.18157699704170227,0.1841219961643219,0.17768199741840363,0.17851200699806213,3771628
2025-07-08T00:00:00.000000Z,0.17852999269962311,0.18259499967098236,0.17354500293731689,0.17961800098419189,4612403
2025-07-09T00:00:00.000000Z,0.17982399463653564,0.18266299366950989,0.17758800089359283,0.18218499422073364,3782196
2025-07-10T00:00:00.000000Z,0.18229900300502777,0.18636800348758698,0.17810200154781342,0.18511000275611877,5506734
2025-07-11T00:00:00.000000Z,0.18511000275611877,0.19414100050926208,0.18382799625396729,0.1875540018081665,7260763
2025-07-12T00:00:00.000000Z,0.1875540018081665,0.18991400301456451,0.18261599540710449,0.18404300510883331,4849769
2025-07-13T00:00:00.000000Z,0.1840520054101944,0.18759900331497192,0.18297399580478668,0.1840129941701889,5167782
2025-07-14T00:00:00.000000Z,0.18389399349689484,0.19473199546337128,0.18341100215911865,0.18738700449466705,6027555
2025-07-15T00:00:00.000000Z,0.18739800155162811,0.18861599266529083,0.18176199495792389,0.18614600598812103,4837764
2025-07-16T00:00:00.000000Z,0.18613199889659882,0.18821999430656433,0.17889299988746643,0.18515700101852417,8911107
2025-07-17T00:00:00.000000Z,0.18515700101852417,0.18696500360965729,0.18306499719619751,0.18393300473690033,4557974
2025-07-18T00:00:00.000000Z,0.18395200371742249,0.18913699686527252,0.18359200656414032,0.18452300131320953,4895019
2025-07-19T00:00:00.000000Z,0.18454800546169281,0.1858769953250885,0.18297700583934784,0.18446700274944305,3845836
2025-07-20T00:00:00.000000Z,0.18449200689792633,0.18937699496746063,0.18358500301837921,0.18649999797344208,4971519
2025-07-21T00:00:00.000000Z,0.18651099503040314,0.19516099989414215,0.18495500087738037,0.18780000507831573,5597778
2025-07-22T00:00:00.000000Z,0.18780000507831573,0.19924500584602356,0.18308000266551971,0.18839199841022491,7335324
2025-07-23T00:00:00.000000Z,0.18834500014781952,0.22795100510120392,0.18473200500011444,0.19350400567054749,23491016
2025-07-24T00:00:00.000000Z,0.19350400567054749,0.22134900093078613,0.18998700380325317,0.19160400331020355,13046447
2025-07-25T00:00:00.000000Z,0.19161300361156464,0.19245399534702301,0.1833759993314743,0.18700100481510162,5677807
2025-07-26T00:00:00.000000Z,0.18700100481510162,0.19032099843025208,0.18486699461936951,0.18555900454521179,4711075
2025-07-27T00:00:00.000000Z,0.18553300201892853,0.18697899580001831,0.18372699618339539,0.18504500389099121,4154734
2025-07-28T00:00:00.000000Z,0.18506099283695221,0.20329199731349945,0.18143300712108612,0.18759900331497192,10883215
2025-07-29T00:00:00.000000Z,0.18763700127601624,0.20260299742221832,0.18407399952411652,0.18927900493144989,11327780
2025-07-30T00:00:00.000000Z,0.18927699327468872,0.19528700411319733,0.18207600712776184,0.18357999622821808,5269661
2025-07-31T00:00:00.000000Z,0.18357999622821808,0.191538006067276,0.18292200565338135,0.1832440048456192,4781918
2025-08-01T00:00:00.000000Z,0.1832440048456192,0.19043399393558502,0.17767100036144257,0.1798350065946579,7185262
2025-08-02T00:00:00.000000Z,0.17983199656009674,0.18593999743461609,0.17842899262905121,0.18025000393390656,5705592
2025-08-03T00:00:00.000000Z,0.18026800453662872,0.18252100050449371,0.17874200642108917,0.17984400689601898,4209674
2025-08-04T00:00:00.000000Z,0.17985799908638,0.18342000246047974,0.17985600233078003,0.18156500160694122,3972211
2025-08-05T00:00:00.000000Z,0.18156500160694122,0.19003200531005859,0.17907699942588806,0.18062999844551086,5857186
2025-08-06T00:00:00.000000Z,0.18062999844551086,0.18271200358867645,0.17955699563026428,0.18129299581050873,4301028
2025-08-07T00:00:00.000000Z,0.18129299581050873,0.18468199670314789,0.18106399476528168,0.18213100731372833,4321202
2025-08-08T00:00:00.000000Z,0.18213100731372833,0.18573099374771118,0.18117600679397583,0.18387299776077271,4268057
2025-08-09T00:00:00.000000Z,0.18387800455093384,0.18646599352359772,0.18302300572395325,0.18615299463272095,3919406
2025-08-10T00:00:00.000000Z,0.18622599542140961,0.18679100275039673,0.18275000154972076,0.18407100439071655,3286076
2025-08-11T00:00:00.000000Z,0.18407100439071655,0.19433200359344482,0.18239399790763855,0.18464300036430359,5250690
2025-08-12T00:00:00.000000Z,0.18464300036430359,0.1886260062456131,0.18084199726581573,0.18594400584697723,4470021
2025-08-13T00:00:00.000000Z,0.18588000535964966,0.18849800527095795,0.18400099873542786,0.18671999871730804,3576536
2025-08-14T00:00:00.000000Z,0.18671999871730804,0.18799799680709839,0.1616470068693161,0.16917599737644196,7379364
2025-08-15T00:00:00.000000Z,0.16917599737644196,0.17385800182819366,0.16543200612068176,0.16759400069713593,3536217
2025-08-16T00:00:00.000000Z,0.16757099330425262,0.18256400525569916,0.16666799783706665,0.18091599643230438,5982796
2025-08-17T00:00:00.000000Z,0.18061499297618866,0.18106800317764282,0.17863200604915619,0.17927999794483185,3156646
2025-08-18T00:00:00.000000Z,0.17928600311279297,0.17962099611759186,0.17618900537490845,0.17712700366973877,4078994
2025-08-19T00:00:00.000000Z,0.17711800336837769,0.17855900526046753,0.17555199563503265,0.17660999298095703,3948165
2025-08-20T00:00:00.000000Z,0.17659999430179596,0.17968399822711945,0.17586800456047058,0.17942099273204803,3824893
2025-08-21T00:00:00.000000Z,0.17944499850273132,0.18179899454116821,0.17580999433994293,0.17673499882221222,3890420
2025-08-22T00:00:00.000000Z,0.17673400044441223,0.18379400670528412,0.17488299310207367,0.18277299404144287,3856276
2025-08-23T00:00:00.000000Z,0.18277299404144287,0.18436099588871002,0.18025699257850647,0.18174700438976288,2934569
2025-08-24T00:00:00.000000Z,0.18174800276756287,0.18211199343204498,0.17782899737358093,0.17918099462985992,3176486
2025-08-25T00:00:00.000000Z,0.17917799949645996,0.18849299848079681,0.16874499619007111,0.17028699815273285,4831919
2025-08-26T00:00:00.000000Z,0.17032800614833832,0.17420099675655365,0.16989399492740631,0.17326000332832336,2892326
2025-08-27T00:00:00.000000Z,0.17326000332832336,0.17792600393295288,0.17179499566555023,0.17337100207805634,1916437
2025-08-28T00:00:00.000000Z,0.17337000370025635,0.17802900075912476,0.17259100079536438,0.17320199310779572,2965131
2025-08-29T00:00:00.000000Z,0.1732030063867569,0.18539300560951233,0.17015400528907776,0.17191299796104431,6044375
2025-08-30T00:00:00.000000Z,0.17191299796104431,0.1819320023059845,0.17111900448799133,0.17449800670146942,4066504
2025-08-31T00:00:00.000000Z,0.17449800670146942,0.17705400288105011,0.17226000130176544,0.17255899310112,2533845
2025-09-01T00:00:00.000000Z,0.17255899310112,0.1785610020160675,0.16808399558067322,0.16948799788951874,3581316
2025-09-02T00:00:00.000000Z,0.16948799788951874,0.1743990033864975,0.16852399706840515,0.17124299705028534,2428745
2025-09-03T00:00:00.000000Z,0.17124900221824646,0.17696599662303925,0.170305997133255,0.17156800627708435,2828740
2025-09-04T00:00:00.000000Z,0.17155799269676208,0.17716799676418304,0.16810399293899536,0.16917499899864197,3275378
2025-09-05T00:00:00.000000Z,0.16917699575424194,0.1736609935760498,0.16861599683761597,0.17099699378013611,2460494
2025-09-06T00:00:00.000000Z,0.17100000381469727,0.17429399490356445,0.16855999827384949,0.16904200613498688,2198191
2025-09-07T00:00:00.000000Z,0.16904200613498688,0.17465700209140778,0.16904200613498688,0.17112299799919128,2383192
2025-09-08T00:00:00.000000Z,0.17112299799919128,0.17668800055980682,0.17039200663566589,0.17299899458885193,2894750
2025-09-09T00:00:00.000000Z,0.17299899458885193,0.17602400481700897,0.17029200494289398,0.17079000174999237,2996727
2025-09-10T00:00:00.000000Z,0.17079000174999237,0.17334100604057312,0.17075300216674805,0.17146299779415131,2715267
2025-09-11T00:00:00.000000Z,0.17177200317382812,0.17577099800109863,0.17040200531482697,0.17182700335979462,2591912
2025-09-12T00:00:00.000000Z,0.17182700335979462,0.17665299773216248,0.17133699357509613,0.17300300300121307,2723418
2025-09-13T00:00:00.000000Z,0.17300300300121307,0.1781190037727356,0.17270100116729736,0.17431500554084778,2913467
2025-09-14T00:00:00.000000Z,0.17431500554084778,0.17831799387931824,0.1720770001411438,0.17539800703525543,3511602
2025-09-15T00:00:00.000000Z,0.17538599669933319,0.17617100477218628,0.16958199441432953,0.17054000496864319,2883961
2025-09-16T00:00:00.000000Z,0.17054000496864319,0.17632099986076355,0.17019100487232208,0.17562800645828247,2682048
2025-09-17T00:00:00.000000Z,0.17562800645828247,0.17754900455474854,0.17061300575733185,0.17454700171947479,4052903
2025-09-18T00:00:00.000000Z,0.17454700171947479,0.17611600458621979,0.17230099439620972,0.17375899851322174,2937176
2025-09-19T00:00:00.000000Z,0.17375899851322174,0.17666199803352356,0.17162099480628967,0.17630399763584137,2853364
2025-09-20T00:00:00.000000Z,0.17630299925804138,0.17658199369907379,0.171984001994133,0.17281700670719147,2909918
2025-09-21T00:00:00.000000Z,0.17281700670719147,0.17588700354099274,0.1712850034236908,0.17136499285697937,2682784
2025-09-22T00:00:00.000000Z,0.17143400013446808,0.1719290018081665,0.15928100049495697,0.16694299876689911,3002627
2025-09-23T00:00:00.000000Z,0.16694700717926025,0.17155499756336212,0.16033400595188141,0.16246700286865234,2420227
2025-09-24T00:00:00.000000Z,0.16247099637985229,0.16909599304199219,0.16050399839878082,0.16250599920749664,2359158
2025-09-25T00:00:00.000000Z,0.16266900300979614,0.16773000359535217,0.15276800096035004,0.15428699553012848,2897350
2025-09-26T00:00:00.000000Z,0.15428699553012848,0.16278199851512909,0.14622700214385986,0.15526899695396423,2566974
2025-09-27T00:00:00.000000Z,0.15553100407123566,0.16452600061893463,0.15202100574970245,0.15559899806976318,2877750
2025-09-28T00:00:00.000000Z,0.15559299290180206,0.16334599256515503,0.14931899309158325,0.15419000387191772,2461840
2025-09-29T00:00:00.000000Z,0.15419000387191772,0.16310299932956696,0.15149399638175964,0.1528870016336441,2420083
2025-09-30T00:00:00.000000Z,0.1528870016336441,0.16449299454689026,0.14734800159931183,0.15042300522327423,2867878
2025-10-01T00:00:00.000000Z,0.15040400624275208,0.1637749969959259,0.1482899934053421,0.15380500257015228,2526503
2025-10-02T00:00:00.000000Z,0.15380500257015228,0.16517500579357147,0.1529570072889328,0.15700399875640869,2580551
2025-10-03T00:00:00.000000Z,0.15700100362300873,0.16537399590015411,0.15498200058937073,0.15697899460792542,2324984
2025-10-04T00:00:00.000000Z,0.15697899460792542,0.16814699769020081,0.15162999927997589,0.16190299391746521,2639601
2025-10-05T00:00:00.000000Z,0.16190299391746521,0.16802999377250671,0.15236100554466248,0.15304100513458252,3902712
2025-10-06T00:00:00.000000Z,0.15297600626945496,0.16128699481487274,0.15278199315071106,0.15511299669742584,3006702
2025-10-07T00:00:00.000000Z,0.15508100390434265,0.16268600523471832,0.14840100705623627,0.14876000583171844,2689649
2025-10-08T00:00:00.000000Z,0.14876000583171844,0.16118299961090088,0.14767700433731079,0.15992400050163269,2377304
2025-10-09T00:00:00.000000Z,0.15173199772834778,0.1608860045671463,0.14591999351978302,0.14801199734210968,2136176
2025-10-10T00:00:00.000000Z,0.14801199734210968,0.15859299898147583,0.12245500087738037,0.15830099582672119,2862766
2025-10-11T00:00:00.000000Z,0.15830099582672119,0.16028599441051483,0.11552499979734421,0.13178299367427826,2730064
2025-10-12T00:00:00.000000Z,0.1317870020866394,0.15199300646781921,0.11619800329208374,0.12591800093650818,4146979
2025-10-13T00:00:00.000000Z,0.12592799961566925,0.14736400544643402,0.12548400461673737,0.13095399737358093,2605261
2025-10-14T00:00:00.000000Z,0.13095399737358093,0.15674600005149841,0.12467599660158157,0.13654899597167969,3195192
2025-10-15T00:00:00.000000Z,0.13654899597167969,0.15353299677371979,0.12392599880695343,0.1374180018901825,5821363
2025-10-16T00:00:00.000000Z,0.1376740038394928,0.14379799365997314,0.12451300024986267,0.12562200427055359,5212212
2025-10-17T00:00:00.000000Z,0.12562200427055359,0.14318899810314178,0.12017499655485153,0.13390299677848816,2775049
2025-10-18T00:00:00.000000Z,0.13385500013828278,0.14324299991130829,0.12088499963283539,0.13705800473690033,2798710
2025-10-19T00:00:00.000000Z,0.13705800473690033,0.14603699743747711,0.11987599730491638,0.12607899308204651,2514026
2025-10-20T00:00:00.000000Z,0.12607899308204651,0.1479949951171875,0.12408900260925293,0.12435899674892426,2373788
2025-10-21T00:00:00.000000Z,0.12440399825572968,0.12980000674724579,0.12175200134515762,0.12337999790906906,2975177
2025-10-22T00:00:00.000000Z,0.12336499989032745,0.13027499616146088,0.11872900277376175,0.11974400281906128,3117125
2025-10-23T00:00:00.000000Z,0.11974400281906128,0.12386000156402588,0.11907000094652176,0.12147500365972519,2685219
2025-10-24T00:00:00.000000Z,0.12147500365972519,0.13762100040912628,0.12072700262069702,0.12341699749231339,2420448
2025-10-25T00:00:00.000000Z,0.12341699749231339,0.12542399764060974,0.12235700339078903,0.12326300144195557,2335054
2025-10-26T00:00:00.000000Z,0.12326300144195557,0.12484800070524216,0.12223900109529495,0.12392999976873398,2116829
2025-10-27T00:00:00.000000Z,0.12392999976873398,0.12763799726963043,0.12206300348043442,0.12339399755001068,2801177
2025-10-28T00:00:00.000000Z,0.12339399755001068,0.13568300008773804,0.12010800093412399,0.12141399830579758,558016244
2025-10-29T00:00:00.000000Z,0.12141399830579758,0.12558099627494812,0.11965899914503098,0.12292800098657608,77284719
2025-10-30T00:00:00.000000Z,0.12314499914646149,0.13416600227355957,0.10554300248622894,0.10830000042915344,2638321
2025-10-31T00:00:00.000000Z,0.10830000042915344,0.1133200004696846,0.10815300047397614,0.11212799698114395,2195917
2025-11-01T00:00:00.000000Z,0.11212799698114395,0.11526399850845337,0.11124099791049957,0.11349800229072571,2181171
2025-11-02T00:00:00.000000Z,0.11349800229072571,0.1183449998497963,0.1106019988656044,0.11215899884700775,2759922
2025-11-03T00:00:00.000000Z,0.11216100305318832,0.11279699951410294,0.10185900330543518,0.10368800163269043,2683985
2025-11-04T00:00:00.000000Z,0.10368800163269043,0.13873699307441711,0.10030599683523178,0.12183099985122681,10552618
2025-11-05T00:00:00.000000Z,0.12181100249290466,0.13542300462722778,0.11228399723768234,0.12126199901103973,13150997
2025-11-06T00:00:00.000000Z,0.12126100063323975,0.12274199724197388,0.11111699789762497,0.11130599677562714,4390787
2025-11-07T00:00:00.000000Z,0.11130599677562714,0.1214200034737587,0.10972599685192108,0.11908899992704391,3641067
2025-11-08T00:00:00.000000Z,0.11911500245332718,0.12451300024986267,0.11319100111722946,0.11747299879789352,4307972
2025-11-09T00:00:00.000000Z,0.11747299879789352,0.118367999792099,0.11488199979066849,0.11738999933004379,3054278
2025-11-10T00:00:00.000000Z,0.11738999933004379,0.12322399765253067,0.11704400181770325,0.1179099977016449,2620216
2025-11-11T00:00:00.000000Z,0.11791799962520599,0.12137699872255325,0.11235199868679047,0.11310900002717972,3186536
2025-11-12T00:00:00.000000Z,0.11310900002717972,0.11620599776506424,0.11136200278997421,0.11262699961662292,2508806
2025-11-13T00:00:00.000000Z,0.11241400241851807,0.11298900097608566,0.10565999895334244,0.10697200149297714,2261162
2025-11-14T00:00:00.000000Z,0.10697200149297714,0.1086530014872551,0.10414800047874451,0.10498899966478348,2238889
2025-11-15T00:00:00.000000Z,0.10498999804258347,0.11391299962997437,0.10399500280618668,0.10487599670886993,2731841
2025-11-16T00:00:00.000000Z,0.10488399863243103,0.10817699879407883,0.10175000131130219,0.10207100212574005,2307695
2025-11-17T00:00:00.000000Z,0.10207100212574005,0.1068509966135025,0.099606998264789581,0.099964998662471771,2285579
2025-11-18T00:00:00.000000Z,0.099964998662471771,0.10084500163793564,0.094415001571178436,0.097254998981952667,3502807
2025-11-19T00:00:00.000000Z,0.097254998981952667,0.099463000893592834,0.092809997498989105,0.094801001250743866,2174638
2025-11-20T00:00:00.000000Z,0.094801999628543854,0.097859002649784088,0.091064997017383575,0.093367002904415131,1967689
2025-11-21T00:00:00.000000Z,0.093367002904415131,0.099244996905326843,0.089350998401641846,0.090637996792793274,2790115
2025-11-22T00:00:00.000000Z,0.090636998414993286,0.094412997364997864,0.090127997100353241,0.091609001159667969,2277489
2025-11-23T00:00:00.000000Z,0.091637998819351196,0.092586003243923187,0.090177997946739197,0.091715000569820404,1739894
2025-11-24T00:00:00.000000Z,0.091715000569820404,0.094114996492862701,0.089027002453804016,0.093055002391338348,1757393
2025-11-25T00:00:00.000000Z,0.093055002391338348,0.096427001059055328,0.091567002236843109,0.092448003590106964,2093273
2025-11-26T00:00:00.000000Z,0.092448003590106964,0.09475400298833847,0.092200003564357758,0.094746001064777374,1983815
2025-11-27T00:00:00.000000Z,0.094742000102996826,0.095284000039100647,0.092782996594905853,0.092918001115322113,1841301
2025-11-28T00:00:00.000000Z,0.092918001115322113,0.093235999345779419,0.09072200208902359,0.091471999883651733,1727287
2025-11-29T00:00:00.000000Z,0.091476999223232269,0.092885002493858337,0.08943600207567215,0.090063996613025665,1719750
2025-11-30T00:00:00.000000Z,0.090063996613025665,0.093245998024940491,0.088336996734142303,0.089583002030849457,2079914
2025-12-01T00:00:00.000000Z,0.089584000408649445,0.089683003723621368,0.079568997025489807,0.081037998199462891,1793807
2025-12-02T00:00:00.000000Z,0.081050001084804535,0.08600199967622757,0.080693997442722321,0.084324002265930176,1758698
2025-12-03T00:00:00.000000Z,0.084324002265930176,0.090887002646923065,0.083949998021125793,0.085665002465248108,2134191
2025-12-04T00:00:00.000000Z,0.085665002465248108,0.088731996715068817,0.084671996533870697,0.085514001548290253,1816186
2025-12-05T00:00:00.000000Z,0.085514001548290253,0.089803002774715424,0.08291199803352356,0.085427001118659973,3285173
2025-12-06T00:00:00.000000Z,0.085427001118659973,0.087366998195648193,0.084362000226974487,0.08554299920797348,2062370
2025-12-07T00:00:00.000000Z,0.08554299920797348,0.086626000702381134,0.084137998521327972,0.08567500114440918,1723048
2025-12-08T00:00:00.000000Z,0.085671000182628632,0.086140997707843781,0.083778001368045807,0.085051000118255615,1772796
2025-12-09T00:00:00.000000Z,0.085054002702236176,0.087943002581596375,0.084646999835968018,0.08724600076675415,2154036
2025-12-10T00:00:00.000000Z,0.08724600076675415,0.10481099784374237,0.08531700074672699,0.091151997447013855,6204191
2025-12-11T00:00:00.000000Z,0.091502003371715546,0.10111399739980698,0.087598003447055817,0.088912002742290497,4296332
2025-12-12T00:00:00.000000Z,0.088912002742290497,0.091486997902393341,0.08279699832201004,0.084585003554821014,2360092
2025-12-13T00:00:00.000000Z,0.084585003554821014,0.087067998945713043,0.083517000079154968,0.086035996675491333,1954499
2025-12-14T00:00:00.000000Z,0.086035996675491333,0.086773000657558441,0.081855997443199158,0.082126997411251068,2256211
2025-12-15T00:00:00.000000Z,0.082126997411251068,0.085196003317832947,0.079351000487804413,0.080762997269630432,2140905
2025-12-16T00:00:00.000000Z,0.080762997269630432,0.087348997592926025,0.079426996409893036,0.081502996385097504,2390185
2025-12-17T00:00:00.000000Z,0.081502996385097504,0.09137900173664093,0.08119799941778183,0.087131001055240631,3713551
2025-12-18T00:00:00.000000Z,0.087131001055240631,0.087707996368408203,0.078690998256206512,0.079034000635147095,2914659
2025-12-19T00:00:00.000000Z,0.07903599739074707,0.081955999135971069,0.078363999724388123,0.081444002687931061,1831218
2025-12-20T00:00:00.000000Z,0.081446997821331024,0.081716999411582947,0.079931996762752533,0.080044001340866089,1800030
2025-12-21T00:00:00.000000Z,0.080044001340866089,0.082282997667789459,0.079566001892089844,0.080338001251220703,2067987
2025-12-22T00:00:00.000000Z,0.080335997045040131,0.080968998372554779,0.079738996922969818,0.080429002642631531,1824863
2025-12-23T00:00:00.000000Z,0.080426998436450958,0.081626996397972107,0.078023001551628113,0.07887200266122818,1956769
2025-12-24T00:00:00.000000Z,0.07887200266122818,0.079897001385688782,0.078386001288890839,0.079268001019954681,1769284
2025-12-25T00:00:00.000000Z,0.079268001019954681,0.080668002367019653,0.078847996890544891,0.079594999551773071,1761069
2025-12-26T00:00:00.000000Z,0.079603001475334167,0.080636002123355865,0.079392999410629272,0.079884998500347137,1755836
2025-12-27T00:00:00.000000Z,0.079884998500347137,0.080606997013092041,0.079549998044967651,0.080325998365879059,1761788
2025-12-28T00:00:00.000000Z,0.080325998365879059,0.092421002686023712,0.079861998558044434,0.083587996661663055,3744062
2025-12-29T00:00:00.000000Z,0.083587996661663055,0.086421996355056763,0.080187998712062836,0.080206997692584991,2319033
2025-12-30T00:00:00.000000Z,0.080206997692584991,0.080647997558116913,0.079176999628543854,0.079783998429775238,1884205
2025-12-31T00:00:00.000000Z,0.079774998128414154,0.081706002354621887,0.07782900333404541,0.07847999781370163,2005431
2026-01-01T00:00:00.000000Z,0.07847200334072113,0.081504002213478088,0.078206002712249756,0.081058003008365631,1902140
2026-01-02T00:00:00.000000Z,0.081058003008365631,0.083040997385978699,0.080945998430252075,0.082360997796058655,1986833
2026-01-03T00:00:00.000000Z,0.082451000809669495,0.083861999213695526,0.081716999411582947,0.083186998963356018,1895815
2026-01-04T00:00:00.000000Z,0.083150997757911682,0.085718996822834015,0.082785002887248993,0.08466300368309021,2414807
2026-01-05T00:00:00.000000Z,0.08466000109910965,0.087517999112606049,0.083999998867511749,0.087260998785495758,2075963
2026-01-06T00:00:00.000000Z,0.087260998785495758,0.088595002889633179,0.084445998072624207,0.085607998073101044,2091009
2026-01-07T00:00:00.000000Z,0.085607998073101044,0.089247003197669983,0.084320999681949615,0.084818996489048004,2675496
2026-01-08T00:00:00.000000Z,0.084818996489048004,0.086474001407623291,0.08358299732208252,0.084096997976303101,2057997
2026-01-09T00:00:00.000000Z,0.084096997976303101,0.085280001163482666,0.083429001271724701,0.083980001509189606,1912501
2026-01-10T00:00:00.000000Z,0.083980001509189606,0.084930002689361572,0.0835689976811409,0.083745002746582031,1850533
2026-01-11T00:00:00.000000Z,0.083745002746582031,0.085235998034477234,0.083382003009319305,0.083642996847629547,1937031
2026-01-12T00:00:00.000000Z,0.083642996847629547,0.084536001086235046,0.082497000694274902,0.082709997892379761,1897587
2026-01-13T00:00:00.000000Z,0.082700997591018677,0.085863001644611359,0.082166001200675964,0.085529997944831848,1990208
2026-01-14T00:00:00.000000Z,0.085529997944831848,0.08621399849653244,0.084186002612113953,0.085248000919818878,2049965
2026-01-15T00:00:00.000000Z,0.085249997675418854,0.085556000471115112,0.081923000514507294,0.082677997648715973,1993057
2026-01-16T00:00:00.000000Z,0.082677997648715973,0.086551003158092499,0.082331001758575439,0.083460003137588501,2240391
2026-01-17T00:00:00.000000Z,0.083437003195285797,0.086237996816635132,0.082979999482631683,0.084178999066352844,1990129
2026-01-18T00:00:00.000000Z,0.084164999425411224,0.084820002317428589,0.083031997084617615,0.083057999610900879,1857553
2026-01-19T00:00:00.000000Z,0.083057999610900879,0.083162002265453339,0.078873001039028168,0.080302000045776367,2159607
2026-01-20T00:00:00.000000Z,0.080302000045776367,0.080591998994350433,0.078116998076438904,0.078644998371601105,1898890
2026-01-21T00:00:00.000000Z,0.078651003539562225,0.080444000661373138,0.078382000327110291,0.079939998686313629,1849405
2026-01-22T00:00:00.000000Z,0.079939998686313629,0.084275998175144196,0.078504003584384918,0.078879997134208679,1791282
2026-01-23T00:00:00.000000Z,0.078879997134208679,0.083746999502182007,0.078422002494335175,0.079922996461391449,2180779
2026-01-24T00:00:00.000000Z,0.079922996461391449,0.080265998840332031,0.078060999512672424,0.078592002391815186,1889618
2026-01-25T00:00:00.000000Z,0.078592002391815186,0.079002000391483307,0.074849002063274384,0.076044999063014984,1906535
2026-01-26T00:00:00.000000Z,0.076044999063014984,0.078651003539562225,0.075387001037597656,0.078146003186702728,1949744
2026-01-27T00:00:00.000000Z,0.078147001564502716,0.078492000699043274,0.07651200145483017,0.078385002911090851,1830871
2026-01-28T00:00:00.000000Z,0.078385002911090851,0.07840699702501297,0.076939001679420471,0.077009998261928558,1752818
2026-01-29T00:00:00.000000Z,0.077009998261928558,0.080619998276233673,0.074775002896785736,0.074987001717090607,2467064
2026-01-30T00:00:00.000000Z,0.074987001717090607,0.075304999947547913,0.073559999465942383,0.0748089998960495,1751936
2026-01-31T00:00:00.000000Z,0.0748089998960495,0.075158998370170593,0.068250998854637146,0.06966099888086319,1797274
2026-02-01T00:00:00.000000Z,0.06966099888086319,0.070610001683235168,0.067287996411323547,0.068917997181415558,1791713
2026-02-02T00:00:00.000000Z,0.068917997181415558,0.069989003241062164,0.067252002656459808,0.069408997893333435,1740116
2026-02-03T00:00:00.000000Z,0.069408997893333435,0.070288002490997314,0.065219998359680176,0.068710997700691223,1947365
2026-02-04T00:00:00.000000Z,0.068710997700691223,0.069115996360778809,0.065127000212669373,0.066039003431797028,1685438
2026-02-05T00:00:00.000000Z,0.066039003431797028,0.066449999809265137,0.057071000337600708,0.057890001684427261,1762181
2026-02-06T00:00:00.000000Z,0.057890001684427261,0.063190996646881104,0.05541900172829628,0.061129000037908554,1869664
2026-02-07T00:00:00.000000Z,0.061183001846075058,0.061225000768899918,0.059282999485731125,0.060348000377416611,1747287
2026-02-08T00:00:00.000000Z,0.060348000377416611,0.061326999217271805,0.058929998427629471,0.059337001293897629,1708643
2026-02-09T00:00:00.000000Z,0.059337001293897629,0.11241500079631805,0.057050000876188278,0.058432001620531082,2499038
2026-02-10T00:00:00.000000Z,0.058432001620531082,0.060832999646663666,0.056829001754522324,0.058079000562429428,1829759
2026-02-11T00:00:00.000000Z,0.058079000562429428,0.14472199976444244,0.055571999400854111,0.057484999299049377,1790541
2026-02-12T00:00:00.000000Z,0.057484999299049377,0.059259999543428421,0.056733999401330948,0.057838000357151031,1729037
2026-02-13T00:00:00.000000Z,0.057838000357151031,0.058954998850822449,0.055272001773118973,0.05876699835062027,1935533
2026-02-14T00:00:00.000000Z,0.05876699835062027,0.060591999441385269,0.056841000914573669,0.059321001172065735,2054812
2026-02-15T00:00:00.000000Z,0.059321001172065735,0.1008400022983551,0.05810299888253212,0.065438002347946167,5133283
2026-02-16T00:00:00.000000Z,0.065438002347946167,0.077574998140335083,0.060483001172542572,0.062453001737594604,3231516
2026-02-17T00:00:00.000000Z,0.062453001737594604,0.062959998846054077,0.060405999422073364,0.060536999255418777,2071960
2026-02-18T00:00:00.000000Z,0.060536999255418777,0.070087000727653503,0.058122001588344574,0.062332998961210251,3600564
2026-02-19T00:00:00.000000Z,0.062332998961210251,0.063937000930309296,0.058425001800060272,0.05972599983215332,2613254
2026-02-20T00:00:00.000000Z,0.05972599983215332,0.094881996512413025,0.05748400092124939,0.060401000082492828,1841954
2026-02-21T00:00:00.000000Z,0.060401000082492828,0.06188800185918808,0.058230001479387283,0.059709999710321426,1310711
2026-02-22T00:00:00.000000Z,0.059709999710321426,0.10763200372457504,0.055647999048233032,0.056751001626253128,1461765
2026-02-23T00:00:00.000000Z,0.056751001626253128,0.059664998203516006,0.054726000875234604,0.056258998811244965,1378313
2026-02-24T00:00:00.000000Z,0.056258998811244965,0.12556299567222595,0.054544001817703247,0.055459000170230865,1189024
2026-02-25T00:00:00.000000Z,0.055459000170230865,0.13468599319458008,0.055291999131441116,0.058070000261068344,1201023
2026-02-26T00:00:00.000000Z,0.058070000261068344,0.11095099896192551,0.056001000106334686,0.061397001147270203,2109338
2026-02-27T00:00:00.000000Z,0.061397001147270203,0.087794996798038483,0.056494001299142838,0.057433001697063446,1751392
2026-02-28T00:00:00.000000Z,0.057433001697063446,0.058168999850749969,0.054846998304128647,0.056912999600172043,1311334
2026-03-01T00:00:00.000000Z,0.056912999600172043,0.11300300061702728,0.056108001619577408,0.057431001216173172,1257958
2026-03-02T00:00:00.000000Z,0.057431001216173172,0.058118999004364014,0.05565899983048439,0.05742499977350235,1276300
2026-03-03T00:00:00.000000Z,0.057427000254392624,0.058187000453472137,0.056586001068353653,0.057038001716136932,1074531
2026-03-04T00:00:00.000000Z,0.057038001716136932,0.060215998440980911,0.056853998452425003,0.058802001178264618,1016200
2026-03-05T00:00:00.000000Z,0.058802001178264618,0.06244099885225296,0.057519000023603439,0.057624001055955887,1504650
2026-03-06T00:00:00.000000Z,0.057824000716209412,0.060166001319885254,0.055759001523256302,0.056924000382423401,1232707
2026-03-07T00:00:00.000000Z,0.056924000382423401,0.059344001114368439,0.056435000151395798,0.057128001004457474,1440030
2026-03-08T00:00:00.000000Z,0.057128001004457474,0.058047998696565628,0.056129001080989838,0.056492000818252563,1057090
2026-03-09T00:00:00.000000Z,0.056492000818252563,0.057737000286579132,0.056251998990774155,0.057369999587535858,963011
2026-03-10T00:00:00.000000Z,0.057369999587535858,0.058178998529911041,0.057202000170946121,0.05767500028014183,950458
2026-03-11T00:00:00.000000Z,0.05767500028014183,0.05871099978685379,0.057151000946760178,0.058180999010801315,1112685
2026-03-12T00:00:00.000000Z,0.058180999010801315,0.058637000620365143,0.057503998279571533,0.057842999696731567,991642
2026-03-13T00:00:00.000000Z,0.057842999696731567,0.059082001447677612,0.057656999677419662,0.058414001017808914,1051724
2026-03-14T00:00:00.000000Z,0.058340001851320267,0.059797998517751694,0.057443000376224518,0.057443000376224518,1321634
2026-03-15T00:00:00.000000Z,0.057443000376224518,0.058357998728752136,0.057316999882459641,0.058044999837875366,1328509
2026-03-16T00:00:00.000000Z,0.058044999837875366,0.059714000672101974,0.057799000293016434,0.059383001178503036,1073326
2026-03-17T00:00:00.000000Z,0.059383001178503036,0.059806998819112778,0.058426998555660248,0.059043001383543015,953911
2026-03-18T00:00:00.000000Z,0.059043001383543015,0.088827997446060181,0.0566289983689785,0.057156000286340714,1770640
2026-03-19T00:00:00.000000Z,0.057156000286340714,0.057374000549316406,0.056063000112771988,0.056859001517295837,1086084
2026-03-20T00:00:00.000000Z,0.056859001517295837,0.057273998856544495,0.056405998766422272,0.056632999330759048,941819
2026-03-21T00:00:00.000000Z,0.056632999330759048,0.057378001511096954,0.056485999375581741,0.057029999792575836,996047
2026-03-22T00:00:00.000000Z,0.057029999792575836,0.11976800113916397,0.053527001291513443,0.054464001208543777,1331111
2026-03-23T00:00:00.000000Z,0.054464001208543777,0.056056998670101166,0.052939001470804214,0.055663999170064926,1019617
2026-03-24T00:00:00.000000Z,0.055663999170064926,0.055973999202251434,0.054866999387741089,0.055411998182535172,963807
2026-03-25T00:00:00.000000Z,0.055411998182535172,0.056501001119613647,0.055404998362064362,0.055962998420000076,932862
2026-03-26T00:00:00.000000Z,0.055962998420000076,0.057252999395132065,0.054586999118328094,0.055289998650550842,1143284
2026-03-27T00:00:00.000000Z,0.055289998650550842,0.056152999401092529,0.054708000272512436,0.054949000477790833,928366
2026-03-28T00:00:00.000000Z,0.054949000477790833,0.055612001568078995,0.05437299981713295,0.055364999920129776,857917
2026-03-29T00:00:00.000000Z,0.055364999920129776,0.12330099940299988,0.05473100021481514,0.055339999496936798,1017609
2026-03-30T00:00:00.000000Z,0.055339999496936798,0.055957000702619553,0.054940000176429749,0.055534999817609787,889936
2026-03-31T00:00:00.000000Z,0.055534999817609787,0.055612999945878983,0.054214999079704285,0.054768998175859451,867442
2026-04-01T00:00:00.000000Z,0.054768998175859451,0.056086000055074692,0.05461600050330162,0.055447999387979507,954701
2026-04-02T00:00:00.000000Z,0.055447999387979507,0.055727001279592514,0.052386999130249023,0.053399000316858292,972401
2026-04-03T00:00:00.000000Z,0.053399000316858292,0.054542999714612961,0.053210999816656113,0.054019998759031296,888998
2026-04-04T00:00:00.000000Z,0.054019998759031296,0.054115001112222672,0.053171001374721527,0.053654000163078308,880167
2026-04-05T00:00:00.000000Z,0.053654000163078308,0.053902000188827515,0.052623998373746872,0.053465001285076141,897937
2026-04-06T00:00:00.000000Z,0.053465001285076141,0.054122999310493469,0.053190998733043671,0.053732000291347504,869794
2026-04-07T00:00:00.000000Z,0.053732000291347504,0.054416000843048096,0.052609998732805252,0.054046999663114548,981510
2026-04-08T00:00:00.000000Z,0.054046999663114548,0.055107001215219498,0.053909998387098312,0.0543069988489151,856484
2026-04-09T00:00:00.000000Z,0.0543069988489151,0.055291000753641129,0.05392799898982048,0.05459199845790863,1090879
2026-04-10T00:00:00.000000Z,0.05459199845790863,0.055128000676631927,0.053096998482942581,0.053879998624324799,1068189
2026-04-11T00:00:00.000000Z,0.053879998624324799,0.054634001106023788,0.053279999643564224,0.054090999066829681,1095517
2026-04-12T00:00:00.000000Z,0.054090999066829681,0.091793999075889587,0.053132001310586929,0.054203998297452927,2434158
2026-04-13T00:00:00.000000Z,0.054203998297452927,0.055488999933004379,0.053118001669645309,0.05432099848985672,1066913
2026-04-14T00:00:00.000000Z,0.05432099848985672,0.057225998491048813,0.053699001669883728,0.054352998733520508,1311754
2026-04-15T00:00:00.000000Z,0.054352998733520508,0.055388998240232468,0.05375400185585022,0.054990001022815704,928082
2026-04-16T00:00:00.000000Z,0.054990001022815704,0.056515999138355255,0.05457799881696701,0.05580500140786171,1013696
2026-04-17T00:00:00.000000Z,0.05580500140786171,0.080911003053188324,0.055466998368501663,0.058634001761674881,2692113
2026-04-18T00:00:00.000000Z,0.058634001761674881,0.089256003499031067,0.058469001203775406,0.061372999101877213,6066625
2026-04-19T00:00:00.000000Z,0.061372999101877213,0.06666100025177002,0.058525998145341873,0.060012999922037125,1862044
2026-04-20T00:00:00.000000Z,0.060012999922037125,0.061841998249292374,0.058132000267505646,0.060718998312950134,1195331
2026-04-21T00:00:00.000000Z,0.060718998312950134,0.11759400367736816,0.059342999011278152,0.060610998421907425,1451039
2026-04-22T00:00:00.000000Z,0.060610998421907425,0.061932999640703201,0.059588000178337097,0.060532998293638229,984252
2026-04-23T00:00:00.000000Z,0.060532998293638229,0.13961499929428101,0.058660998940467834,0.061230998486280441,1170181
2026-04-24T00:00:00.000000Z,0.061230998486280441,0.062084000557661057,0.059383001178503036,0.060910001397132874,1105673
2026-04-25T00:00:00.000000Z,0.060910001397132874,0.09440699964761734,0.059266000986099243,0.066344000399112701,2318273
2026-04-26T00:00:00.000000Z,0.066344000399112701,0.088852003216743469,0.060681998729705811,0.06124500185251236,1364153
2026-04-27T00:00:00.000000Z,0.06124500185251236,0.062327001243829727,0.0605430006980896,0.060745999217033386,1055909
2026-04-28T00:00:00.000000Z,0.060745999217033386,0.061781998723745346,0.06015700101852417,0.061020001769065857,909256
2026-04-29T00:00:00.000000Z,0.061020001769065857,0.11376599967479706,0.060426000505685806,0.060786999762058258,1622472
2026-04-30T00:00:00.000000Z,0.060786999762058258,0.062279999256134033,0.0601469986140728,0.061517998576164246,1093708
2026-05-01T00:00:00.000000Z,0.061517998576164246,0.062490001320838928,0.06080000102519989,0.061654001474380493,992527
2026-05-02T00:00:00.000000Z,0.061654001474380493,0.13347500562667847,0.061018999665975571,0.062675997614860535,1054743
2026-05-03T00:00:00.000000Z,0.062675997614860535,0.062755003571510315,0.060998000204563141,0.062242001295089722,952682
2026-05-04T00:00:00.000000Z,0.062242001295089722,0.06257300078868866,0.061700001358985901,0.06220800057053566,905036
2026-05-05T00:00:00.000000Z,0.06220800057053566,0.063192002475261688,0.061647001653909683,0.062563002109527588,883175
2026-05-06T00:00:00.000000Z,0.062563002109527588,0.064490996301174164,0.062325000762939453,0.063683003187179565,927114
2026-05-07T00:00:00.000000Z,0.063683003187179565,0.064492002129554749,0.062772996723651886,0.063202999532222748,916764
2026-05-08T00:00:00.000000Z,0.063202999532222748,0.06453300267457962,0.062776997685432434,0.064133003354072571,880552
2026-05-09T00:00:00.000000Z,0.064133003354072571,0.066331997513771057,0.064121998846530914,0.065353997051715851,903989
2026-05-10T00:00:00.000000Z,0.065353997051715851,0.15138299763202667,0.065027996897697449,0.065632998943328857,1001032
2026-05-11T00:00:00.000000Z,0.065632998943328857,0.070702001452445984,0.06455499678850174,0.066490001976490021,1819316
2026-05-12T00:00:00.000000Z,0.066490001976490021,0.066913999617099762,0.062853001058101654,0.063158996403217316,1274148
2026-05-13T00:00:00.000000Z,0.063158996403217316,0.11209899932146072,0.061360001564025879,0.062015000730752945,934580
2026-05-14T00:00:00.000000Z,0.062015000730752945,0.063300997018814087,0.061121001839637756,0.06321600079536438,902278
2026-05-15T00:00:00.000000Z,0.06321600079536438,0.06834699958562851,0.061225999146699905,0.06221500039100647,2194466
2026-05-16T00:00:00.000000Z,0.06221500039100647,0.062325999140739441,0.059693999588489532,0.061322998255491257,1088572
2026-05-17T00:00:00.000000Z,0.061322998255491257,0.062568001449108124,0.059257000684738159,0.059948999434709549,1127504
2026-05-18T00:00:00.000000Z,0.059948999434709549,0.12470000237226486,0.057904001325368881,0.059592001140117645,1188262
2026-05-19T00:00:00.000000Z,0.059592001140117645,0.12262500077486038,0.05883299931883812,0.058981999754905701,1060936
2026-05-20T00:00:00.000000Z,0.058981999754905701,0.11771599948406219,0.058834999799728394,0.060006000101566315,879166
2026-05-21T00:00:00.000000Z,0.060006000101566315,0.060715001076459885,0.059335999190807343,0.060612998902797699,196822
2026-05-22T00:00:00.000000Z,0.060612998902797699,0.074004001915454865,0.059317998588085175,0.066304996609687805,3024780
2026-05-23T00:00:00.000000Z,0.066304996609687805,0.0719899982213974,0.061854999512434006,0.064319998025894165,3186118
2026-05-24T00:00:00.000000Z,0.064319998025894165,0.065123997628688812,0.060145001858472824,0.060299001634120941,571479
2026-05-25T00:00:00.000000Z,0.060299001634120941,0.061864998191595078,0.059471998363733292,0.060885999351739883,586997
2026-05-26T00:00:00.000000Z,0.060885999351739883,0.060885999351739883,0.058853000402450562,0.059121999889612198,335162
2026-05-27T00:00:00.000000Z,0.059121999889612198,0.059588000178337097,0.058605000376701355,0.058683998882770538,229318
2026-05-28T00:00:00.000000Z,0.058683998882770538,0.059115000069141388,0.056253999471664429,0.056988999247550964,211212
2026-05-29T00:00:00.000000Z,0.056988999247550964,0.057900998741388321,0.056492999196052551,0.056529000401496887,196630
2026-05-30T00:00:00.000000Z,0.056529000401496887,0.057362999767065048,0.056471001356840134,0.056970998644828796,227204
2026-05-31T00:00:00.000000Z,0.056970998644828796,0.057849999517202377,0.055261999368667603,0.055612001568078995,419039
2026-06-01T00:00:00.000000Z,0.055612001568078995,0.059376999735832214,0.055052001029253006,0.056092001497745514,1968825
2026-06-02T00:00:00.000000Z,0.056092001497745514,0.056648999452590942,0.05265200138092041,0.054127998650074005,2279819
2026-06-03T00:00:00.000000Z,0.054127998650074005,0.05564500018954277,0.052974998950958252,0.054579999297857285,2497816
2026-06-04T00:00:00.000000Z,0.054579999297857285,0.054976999759674072,0.048386998474597931,0.05031299963593483,813169
2026-06-05T00:00:00.000000Z,0.05031299963593483,0.054770998656749725,0.046999998390674591,0.049157999455928802,1743097
2026-06-06T00:00:00.000000Z,0.049157999455928802,0.05098000168800354,0.047554999589920044,0.04884599894285202,1272647
2026-06-07T00:00:00.000000Z,0.04884599894285202,0.05091400071978569,0.04884599894285202,0.049913998693227768,2380744
2026-06-08T00:00:00.000000Z,0.049913998693227768,0.051800999790430069,0.049035001546144485,0.049412000924348831,2394571
2026-06-09T00:00:00.000000Z,0.049412000924348831,0.0502609983086586,0.047972001135349274,0.049398999661207199,1143750
2026-06-10T00:00:00.000000Z,0.049398999661207199,0.050005000084638596,0.048186998814344406,0.048712000250816345,1237278
2026-06-11T00:00:00.000000Z,0.048712000250816345,0.050627000629901886,0.048340998589992523,0.050138000398874283,537776
2026-06-12T00:00:00.000000Z,0.050138000398874283,0.050535000860691071,0.049106001853942871,0.049725998193025589,1057732
2026-06-13T00:00:00.000000Z,0.049725998193025589,0.050239000469446182,0.049162998795509338,0.050055000931024551,296356
2026-06-14T00:00:00.000000Z,0.050055000931024551,0.052753999829292297,0.048923999071121216,0.050565999001264572,1227648
2026-06-15T00:00:00.000000Z,0.050565999001264572,0.052414000034332275,0.050136998295783997,0.051187001168727875,1770243
2026-06-16T00:00:00.000000Z,0.051187001168727875,0.051794998347759247,0.050170000642538071,0.050537001341581345,1066499
2026-06-17T00:00:00.000000Z,0.050537001341581345,0.056637000292539597,0.050119999796152115,0.051167000085115433,2294466
2026-06-18T00:00:00.000000Z,0.051167000085115433,0.051530998200178146,0.048018999397754669,0.048291999846696854,1017518
2026-06-19T00:00:00.000000Z,0.048291999846696854,0.048755001276731491,0.046737000346183777,0.047614999115467072,220112
2026-06-20T00:00:00.000000Z,0.047614999115467072,0.048611000180244446,0.04756300151348114,0.047770999372005463,192541
2026-06-21T00:00:00.000000Z,0.047770999372005463,0.048420999199151993,0.047582998871803284,0.04794599860906601,183874
2026-06-22T00:00:00.000000Z,0.04794599860906601,0.048790000379085541,0.047474000602960587,0.048030000180006027,229780
2026-06-23T00:00:00.000000Z,0.048030000180006027,0.048466999083757401,0.046503998339176178,0.046548999845981598,175869
2026-06-24T00:00:00.000000Z,0.046548999845981598,0.046999998390674591,0.044231001287698746,0.045497000217437744,209166
2026-06-25T00:00:00.000000Z,0.045497000217437744,0.045690998435020447,0.043639000505208969,0.044020999222993851,167632
2026-06-26T00:00:00.000000Z,0.044020999222993851,0.045364998281002045,0.043657001107931137,0.04514399915933609,183785
2026-06-27T00:00:00.000000Z,0.04514399915933609,0.045189999043941498,0.04424700140953064,0.044511999934911728,161440
2026-06-28T00:00:00.000000Z,0.044511999934911728,0.044991001486778259,0.042893998324871063,0.042954001575708389,162744
2026-06-29T00:00:00.000000Z,0.042954001575708389,0.044759001582860947,0.042916998267173767,0.044110000133514404,170970
2026-06-30T00:00:00.000000Z,0.044110000133514404,0.047940000891685486,0.043593998998403549,0.044775001704692841,592039
2026-07-01T00:00:00.000000Z,0.044775001704692841,0.045072000473737717,0.043712999671697617,0.044491998851299286,268595
2026-07-02T00:00:00.000000Z,0.044491998851299286,0.045951001346111298,0.044442001730203629,0.045570999383926392,160631
2026-07-03T00:00:00.000000Z,0.045570999383926392,0.046188998967409134,0.045014001429080963,0.046153001487255096,181943
2026-07-04T00:00:00.000000Z,0.046153001487255096,0.046346001327037811,0.045453999191522598,0.045598998665809631,244415
2026-07-05T00:00:00.000000Z,0.045598998665809631,0.046441998332738876,0.045106001198291779,0.046139001846313477,202790
2026-07-06T00:00:00.000000Z,0.046146001666784286,0.04617999866604805,0.044672001153230667,0.045513000339269638,166878
2026-07-07T00:00:00.000000Z,0.045510001480579376,0.047339998185634613,0.045044001191854477,0.045377999544143677,381346
2026-07-08T00:00:00.000000Z,0.045377999544143677,0.046939000487327576,0.045097999274730682,0.04513699933886528,366546
2026-07-09T00:00:00.000000Z,0.045136000961065292,0.045993000268936157,0.045111998915672302,0.045951001346111298,153119
2026-07-10T00:00:00.000000Z,0.045951001346111298,0.046000000089406967,0.045037999749183655,0.045403998345136642,145728
2026-07-11T00:00:00.000000Z,0.045407999306917191,0.045956000685691833,0.04482400044798851,0.045279998332262039,152061
2026-07-12T00:00:00.000000Z,0.045279998332262039,0.045836001634597778,0.045201998203992844,0.045370001345872879,163107
2026-07-13T00:00:00.000000Z,0.045370001345872879,0.045370001345872879,0.04444500058889389,0.044587001204490662,146453
2026-07-14T00:00:00.000000Z,0.044583998620510101,0.045561999082565308,0.044367998838424683,0.045258000493049622,164240
2026-07-15T00:00:00.000000Z,0.045258000493049622,0.045694999396800995,0.04507799819111824,0.045446000993251801,137782
2026-07-16T00:00:00.000000Z,0.045446000993251801,0.046312998980283737,0.044881999492645264,0.045464001595973969,188938
2026-07-17T00:00:00.000000Z,0.045464001595973969,0.051803000271320343,0.044704001396894455,0.044959999620914459,1350682
2026-07-18T00:00:00.000000Z,0.044973999261856079,0.065856002271175385,0.044481001794338226,0.052763998508453369,6393972
2026-07-19T00:00:00.000000Z,0.052763998508453369,0.063141003251075745,0.046440001577138901,0.047371000051498413,2757847
2026-07-20T00:00:00.000000Z,0.047371000051498413,0.050124000757932663,0.046055998653173447,0.047086000442504883,1246557
2026-07-21T00:00:00.000000Z,0.047086000442504883,0.054228998720645905,0.046468999236822128,0.047795999795198441,1655969
2026-07-22T00:00:00.000000Z,0.047795999795198441,0.057020001113414764,0.047338001430034637,0.051220998167991638,3513072
2026-07-23T00:00:00.000000Z,0.051220998167991638,0.056223001331090927,0.049589000642299652,0.051077999174594879,2916473
2026-07-24T00:00:00.000000Z,0.051077999174594879,0.051575001329183578,0.047463998198509216,0.048007998615503311,1581694
2026-07-25T00:00:00.000000Z,0.048007998615503311,0.050181001424789429,0.047596998512744904,0.047984998673200607,1600851
2026-07-26T00:00:00.000000Z,0.047984998673200607,0.049757998436689377,0.046560000628232956,0.047862999141216278,1629991
2026-07-27T00:00:00.000000Z,0.047862999141216278,0.048294000327587128,0.045407999306917191,0.045784000307321548,1171719
2026-07-28T00:00:00.000000Z,0.045784000307321548,0.046838998794555664,0.043937999755144119,0.045786000788211823,953392
2026-07-29T00:00:00.000000Z,0.045786000788211823,0.04579399898648262,0.044225998222827911,0.045033000409603119,513878
2026-07-30T00:00:00.000000Z,0.045033000409603119,0.04510200023651123,0.043028999119997025,0.043621998280286789,607796
2026-07-31T00:00:00.000000Z,0.043621998280286789,0.044555999338626862,0.042986001819372177,0.043329000473022461,431509
2026-08-01T00:00:00.000000Z,0.043329000473022461,0.045986000448465347,0.042964998632669449,0.043853998184204102,626397
2026-08-02T00:00:00.000000Z,0.043853998184204102,0.045559000223875046,0.043487999588251114,0.044241998344659805,427209
2026-08-03T00:00:00.000000Z,0.044241998344659805,0.044792000204324722,0.043304998427629471,0.043919999152421951,325811
2026-08-04T00:00:00.000000Z,0.043919999152421951,0.044835001230239868,0.04386499896645546,0.044153999537229538,202411
2026-08-05T00:00:00.000000Z,0.044153999537229538,0.044833999127149582,0.043885998427867889,0.044523999094963074,215444
2026-08-06T00:00:00.000000Z,0.044523999094963074,0.045069999992847443,0.043933000415563583,0.044854000210762024,393223
2026-08-07T00:00:00.000000Z,0.044854000210762024,0.045331999659538269,0.043625999242067337,0.044243998825550079,259979
2026-08-08T00:00:00.000000Z,0.044243998825550079,0.045035000890493393,0.043754000216722488,0.044528000056743622,147418
2026-08-09T00:00:00.000000Z,0.044528000056743622,0.045742001384496689,0.044334001839160919,0.044922001659870148,368163
2026-08-10T00:00:00.000000Z,0.044922001659870148,0.045031998306512833,0.044084999710321426,0.044394999742507935,413010
2026-08-11T00:00:00.000000Z,0.044394999742507935,0.050771001726388931,0.043641999363899231,0.044126998633146286,1959735
2026-08-12T00:00:00.000000Z,0.044126998633146286,0.047660000622272491,0.04387500137090683,0.044280000030994415,1131997
2026-08-13T00:00:00.000000Z,0.044280000030994415,0.044939000159502029,0.042723998427391052,0.043641999363899231,404820
2026-08-14T00:00:00.000000Z,0.043641999363899231,0.045738998800516129,0.043294999748468399,0.044314000755548477,753059
2026-08-15T00:00:00.000000Z,0.044314000755548477,0.044893000274896622,0.044013001024723053,0.044658001512289047,203714
2026-08-16T00:00:00.000000Z,0.044658001512289047,0.044743999838829041,0.044087998569011688,0.044484999030828476,237581
2026-08-17T00:00:00.000000Z,0.044484999030828476,0.044723000377416611,0.044038001447916031,0.044507000595331192,225184
2026-08-18T00:00:00.000000Z,0.044507000595331192,0.044663000851869583,0.043953999876976013,0.043988000601530075,175324
2026-08-19T00:00:00.000000Z,0.043988000601530075,0.04483800008893013,0.043954998254776001,0.04480300098657608,189664
2026-08-20T00:00:00.000000Z,0.04480300098657608,0.04720199853181839,0.044456001371145248,0.045848000794649124,464248
2026-08-21T00:00:00.000000Z,0.045848000794649124,0.048153001815080643,0.04558899998664856,0.047366000711917877,658670
2026-08-22T00:00:00.000000Z,0.047366000711917877,0.048349000513553619,0.046762999147176743,0.047586999833583832,367668
2026-08-23T00:00:00.000000Z,0.047586999833583832,0.04826200008392334,0.046491000801324844,0.047690000385046005,234190
2026-08-24T00:00:00.000000Z,0.047690000385046005,0.049205999821424484,0.047148000448942184,0.04831400141119957,670703
2026-08-25T00:00:00.000000Z,0.04831400141119957,0.049123000353574753,0.047315999865531921,0.047828000038862228,421140
2026-08-26T00:00:00.000000Z,0.047828000038862228,0.049205999821424484,0.046803001314401627,0.047102998942136765,518062
2026-08-27T00:00:00.000000Z,0.047102998942136765,0.048172000795602798,0.047026999294757843,0.048050999641418457,168269
2026-08-28T00:00:00.000000Z,0.048050999641418457,0.048147998750209808,0.046611998230218887,0.046709001064300537,185729
2026-08-29T00:00:00.000000Z,0.046709001064300537,0.047433998435735703,0.046622000634670258,0.046916000545024872,171080
2026-08-30T00:00:00.000000Z,0.046916000545024872,0.047354999929666519,0.046330999583005905,0.046447999775409698,236932
2026-08-31T00:00:00.000000Z,0.046447999775409698,0.046668000519275665,0.045786000788211823,0.046346001327037811,263120
2026-09-01T00:00:00.000000Z,0.046346001327037811,0.047072999179363251,0.045729998499155045,0.046089999377727509,359379
2026-09-02T00:00:00.000000Z,0.046091001480817795,0.046746000647544861,0.045281000435352325,0.046383999288082123,407109
2026-09-03T00:00:00.000000Z,0.046383999288082123,0.048080999404191971,0.045832999050617218,0.047233998775482178,769934
2026-09-04T00:00:00.000000Z,0.047233998775482178,0.047952998429536819,0.046502001583576202,0.047444999217987061,559335
2026-09-05T00:00:00.000000Z,0.047444999217987061,0.047543998807668686,0.046369001269340515,0.047035999596118927,458696
2026-09-06T00:00:00.000000Z,0.047035999596118927,0.048450000584125519,0.046457000076770782,0.047455001622438431,528485
2026-09-07T00:00:00.000000Z,0.047455001622438431,0.047715000808238983,0.046881001442670822,0.047272998839616776,361547
2026-09-08T00:00:00.000000Z,0.047272998839616776,0.047821000218391418,0.047045998275279999,0.047393999993801117,236244
2026-09-09T00:00:00.000000Z,0.047393999993801117,0.048748999834060669,0.046718001365661621,0.046858999878168106,411027
2026-09-10T00:00:00.000000Z,0.046858999878168106,0.05272199958562851,0.04549499973654747,0.045756001025438309,1162249
2026-09-11T00:00:00.000000Z,0.045756001025438309,0.046771999448537827,0.045706998556852341,0.046087000519037247,282244
2026-09-12T00:00:00.000000Z,0.046087000519037247,0.046840999275445938,0.046087000519037247,0.04619700089097023,250840
2026-09-13T00:00:00.000000Z,0.04619700089097023,0.047191999852657318,0.045781001448631287,0.046718999743461609,322976
2026-09-14T00:00:00.000000Z,0.046718999743461609,0.046939000487327576,0.043937999755144119,0.045917998999357224,673754
2026-09-15T00:00:00.000000Z,0.045917998999357224,0.047602001577615738,0.044089000672101974,0.044821999967098236,770399
2026-09-16T00:00:00.000000Z,0.044821999967098236,0.044936001300811768,0.04288800060749054,0.043609000742435455,530004
2026-09-17T00:00:00.000000Z,0.043609000742435455,0.045683000236749649,0.043559998273849487,0.044709999114274979,404862
2026-09-18T00:00:00.000000Z,0.044709999114274979,0.046746999025344849,0.044709999114274979,0.046418000012636185,663685
2026-09-19T00:00:00.000000Z,0.046425998210906982,0.048191998153924942,0.046105001121759415,0.046656999737024307,318330
2026-09-20T00:00:00.000000Z,0.046656999737024307,0.047967001795768738,0.045669000595808029,0.046891000121831894,599842
2026-09-21T00:00:00.000000Z,0.046891000121831894,0.048742000013589859,0.04664900153875351,0.048379998654127121,460064
2026-09-22T00:00:00.000000Z,0.048379998654127121,0.048973999917507172,0.047958999872207642,0.048670001327991486,200129
2026-09-23T00:00:00.000000Z,0.048670001327991486,0.049679998308420181,0.046535000205039978,0.046728000044822693,508966
2026-09-24T00:00:00.000000Z,0.046728000044822693,0.049074001610279083,0.046379998326301575,0.048739999532699585,416768
2026-09-25T00:00:00.000000Z,0.048739999532699585,0.050285998731851578,0.048333998769521713,0.048604998737573624,387207
2026-09-26T00:00:00.000000Z,0.048604998737573624,0.055199000984430313,0.048585999757051468,0.05095599964261055,1763018
2026-09-27T00:00:00.000000Z,0.05095599964261055,0.056253001093864441,0.049490999430418015,0.051153000444173813,1512978
2026-09-28T00:00:00.000000Z,0.051153000444173813,0.053040001541376114,0.050020001828670502,0.050122000277042389,525491
2026-09-30T00:00:00.000000Z,0.050934240221977234,0.051201589405536652,0.05088178813457489,0.051194995641708374,632068
